question_index,qa_id,retriever,condition,question,beir_query_id,gold_doc_ids,retrieved_doc_ids,recall_at_k,mrr,retrieval_diversity,faithfulness_nli,llm_model,prediction,exact_match,f1,rouge_l,row_status,row_error
0,0,dpr,mmr_0.25,Which piece did Ludwig van Beethoven publish in 1801 that was dedicated to Count Moritz von Fries?,5a70f1685542994082a3e40f,"[13379, 7304]","[13379, 22041, 1531, 6294, 25308]",0.5,1.0,0.6260471940040588,0.9944441914558411,qwen3.5-122b,"Based on the provided context, the piece Ludwig van Beethoven published in 1801 that was dedicated to Count Moritz von Fries is the **Violin Sonata No. 5 in F major, Opus 24** (often known as the ""Spring Sonata"").

The text also notes that Beethoven dedicated two other works to Count Moritz von Fries in the same year: the **C major string quintet** and the **fourth violin sonata**.",0.0,0.0,0.0,OK,
1,1,dpr,mmr_0.25,"Which of these men, Scott Treleaven and Edmund Mortimer, is credited with working in both films and photography?",5a710a915542994082a3e504,"[2917, 2219]","[98, 3539, 9086, 17813, 8329]",0.0,0.0,0.7602882981300354,0.046331986784935,qwen3.5-122b,I cannot answer this based on the provided context.,0.0,0.0,0.0,OK,
2,2,dpr,mmr_0.25,Albanians in Montenegro which make up 4.91 of the county's total population could be members of the Albanian Coalation Perspect which is a what?,5a711c535542994082a3e59b,"[5958, 20848]","[20848, 11616, 6288, 12696, 415]",0.5,1.0,0.7142208814620972,0.03656259551644325,qwen3.5-122b,I cannot answer this based on the provided context.,0.0,0.0,0.0,OK,
3,3,dpr,mmr_0.25,Alvaro Mexia had a diplomatic mission with which tribe of indigenous people?,5a713ea95542994082a3e6e4,"[12797, 7948]","[12797, 8952, 21957, 5755, 15783]",0.5,1.0,0.7479788661003113,0.9996500611305237,qwen3.5-122b,"Based on the provided context, Alvaro Mexia had a diplomatic mission with the **Ais** native population.",0.0,0.0,0.0,OK,
4,4,dpr,mmr_0.25,"Riema Juhani Karppinen won the silver medal at what event held outside of Munich, Germany?",5a71419f5542994082a3e70d,"[17083, 12115]","[18264, 19463, 15197, 20325, 14118]",0.0,0.0,0.6694557070732117,0.022126780822873116,qwen3.5-122b,I cannot answer this based on the provided context.,0.0,0.0,0.0,OK,
5,5,dpr,mmr_0.25,When was the king that started coin production in Copenhagen born?,5a7147fd5542994082a3e758,"[15673, 4375]","[15673, 24492, 4375, 24713, 24403]",1.0,1.0,0.6983240842819214,0.41598066687583923,qwen3.5-122b,"Based on the provided context, the first king to start a production of coins in Copenhagen was King Hans (Document 1). Document 3 identifies this monarch as John (Danish: ""Hans"") and states that he was born on **2 February 1455**.",0.0,0.0,0.0,OK,
6,6,dpr,mmr_0.25,"Which Istanbul mosque is unique for retaining a Baroque style of architecture, the Bayezid II Mosque or the Nusretiye Mosque?",5a7153d05542994082a3e7dc,"[4824, 2753]","[2753, 13038, 2764, 17288, 4824]",1.0,1.0,0.6537930965423584,0.38504430651664734,qwen3.5-122b,"Based on the provided context, the **Nusretiye Mosque** is the one unique for retaining a Baroque style of architecture.

Document 1 states that the Nusretiye Mosque ""retains a Baroque style, making it unique to the city,"" whereas Document 5 describes the Bayezid II Mosque as an Ottoman imperial mosque but does not mention a Baroque style.",0.0,0.0,0.0,OK,
7,7,dpr,mmr_0.25,"Which publication still relies on paper printing, Human Events or Texas Highways?",5a7199725542994082a3e88f,"[24161, 19285]","[19285, 23852, 24117, 16147, 12706]",0.5,1.0,0.7491922378540039,0.0934913158416748,qwen3.5-122b,I cannot answer this based on the provided context.,0.0,0.0,0.0,OK,
8,8,dpr,mmr_0.25,"Where is the University of North Carolina at Wilmington, population 112,067 located?",5a7243915542990c210a4086,"[16868, 1698]","[16868, 1698, 11594, 2544, 11589]",1.0,1.0,0.5790385007858276,0.9653346538543701,qwen3.5-122b,"The University of North Carolina at Wilmington (UNCW) is located in Wilmington, North Carolina, United States. Wilmington is a port city and the county seat of New Hanover County in coastal southeastern North Carolina, with a population of 112,067 according to the 2010 Census.",0.0,0.0,0.0,OK,
9,9,dpr,mmr_0.25,"Gail Matthius co-anchored the Weekend Update segment of ""Saturday Night Live"" with the actor who played the villain Nicholas Andre in what movie?",5a728f505542992359bc30f5,"[4902, 21750]","[10537, 4902, 18923, 17856, 1886]",0.5,0.5,0.6936781406402588,0.0948939174413681,qwen3.5-122b,I cannot answer this based on the provided context.,0.0,0.0,0.0,OK,
10,10,dpr,mmr_0.25,Which author wrote about a woman captured by the Symbionese Liberation Army?,5a729cc25542991f9a20c532,"[25934, 23926]","[23926, 18973, 14967, 19224, 6782]",0.5,1.0,0.6906143426895142,0.2652449309825897,qwen3.5-122b,"Based on the provided context, I cannot answer this based on the provided context.

While Document 1 describes Patricia Hearst being captured by the Symbionese Liberation Army, it does not mention an author who wrote about this event. The other documents mention authors (Judith Ortiz Cofer, Carmen de Burgos, and Hélène Vitivilia Leune), but none of them are linked to writing about Patricia Hearst or the Symbionese Liberation Army in the text provided.",0.0,0.0,0.0,OK,
11,11,dpr,mmr_0.25,What is the name of the pop artist that belongs on the Pledis Entertainment label and has 13 members?,5a72d7b35542991f9a20c5be,"[12748, 19460]","[12748, 12316, 24458, 13642, 12410]",0.5,1.0,0.7284375429153442,0.4479435980319977,qwen3.5-122b,"Based on the provided context, I cannot answer this question.

While Document 1 lists the artists under Pledis Entertainment (After School, Orange Caramel, NU'EST, Han Dong Geun, Kye Bumzu, Seventeen, and Pristin), it does not specify which of these groups has 13 members.",0.0,0.0,0.0,OK,
12,12,dpr,mmr_0.25,"Gaia is a space observatory of the European Space Agency, what is Astrosat?",5a7300b85542994cef4bc41a,"[24876, 25491]","[24876, 9889, 11903, 5411, 6340]",0.5,1.0,0.7080251574516296,0.021769238635897636,qwen3.5-122b,I cannot answer this based on the provided context.,0.0,0.0,0.0,OK,
13,13,dpr,mmr_0.25,"In the television series Green Hornet, which actor played the role of Kato?",5a7326cd5542991f29ee2d11,"[9131, 23227]","[9131, 3718, 3015, 18479, 16842]",0.5,1.0,0.7140316963195801,0.9763154983520508,qwen3.5-122b,"Based on the provided context, the actor who played the role of Kato in the television series *The Green Hornet* is **Bruce Lee**.",0.0,0.0,0.0,OK,
14,14,dpr,mmr_0.25,"Lady Elizabeth Delmé and Her Children (1779) is a portrait given to the National Gallery of Art in 1937, which is located in which state?",5a7336d05542992359bc3293,"[13264, 13967]","[13264, 6353, 18961, 11235, 23253]",0.5,1.0,0.6960046291351318,0.1027086079120636,qwen3.5-122b,I cannot answer this based on the provided context.,0.0,0.0,0.0,OK,
15,15,dpr,mmr_0.25,"Which movie is loosley based off the Brother Grimm's ""Iron Henry""?",5a733b835542991f9a20c6b2,"[23633, 4545]","[4545, 11199, 25829, 24993, 1492]",0.5,1.0,0.728177547454834,0.09213098883628845,qwen3.5-122b,I cannot answer this based on the provided context.,0.0,0.0,0.0,OK,
16,16,dpr,mmr_0.25,which board game has been around longer Obsession or Battle Sheep ?,5a733caa5542992359bc32a3,"[15389, 19341]","[19341, 11189, 22737, 25947, 1281]",0.5,1.0,0.7180827856063843,0.07440757751464844,qwen3.5-122b,I cannot answer this based on the provided context.,0.0,0.0,0.0,OK,
17,17,dpr,mmr_0.25,"Which famous mine was in service first, the Salmita Mine or the Kanichee Mine?",5a739323554299623ed4abff,"[4244, 25216]","[4244, 12634, 9008, 16330, 25108]",0.5,1.0,0.6498911380767822,0.033238839358091354,qwen3.5-122b,I cannot answer this based on the provided context.,0.0,0.0,0.0,OK,
18,18,dpr,mmr_0.25,"What was the lead single from Boys Like Girls album on which frontman, Martin Johnson co-wrote a song with Taylor Swift? A: Love Drunk",5a74122f55429929fddd83da,"[7716, 8612]","[7716, 4870, 25402, 690, 3637]",0.5,1.0,0.7439120411872864,0.8759310245513916,qwen3.5-122b,"Based on the provided context, the album is **Love Drunk**, and its lead single is titled **""Love Drunk""**.

Document 1 states that ""Love Drunk"" is the second studio album by Boys Like Girls, fronted by Martin Johnson. It mentions that the album's lead single, titled ""Love Drunk,"" was released on July 7, 2009, and lists ""Two Is Better Than One"" (featuring Taylor Swift) as a subsequent single. While the text does not explicitly state that Martin Johnson *co-wrote* the song with Taylor Swift, it confirms that ""Two Is Better Than One"" features Taylor Swift on the album *Love Drunk*, and the lead single of that album is ""Love Drunk.""

Answer: **Love Drunk**",0.0,0.0,0.0,OK,
19,19,dpr,mmr_0.25,"Who wrote the music for Billy Elliot the Musical and had at least one song on the ""Billboard"" Hot 100 for 31 consecutive years?",5a74629255429929fddd8402,"[10804, 21082]","[3468, 21600, 10804, 4070, 21082]",1.0,0.3333333333333333,0.6657302975654602,0.18449251353740692,qwen3.5-122b,"Based on the provided context, **Sir Elton Hercules John** (also known as Elton John) wrote the music for *Billy Elliot the Musical* (Document 3) and had at least one song on the ""Billboard"" Hot 100 for 31 consecutive years from 1970 to 2000 (Document 5).",0.0,0.0,0.0,OK,
20,20,dpr,mmr_0.25,Which American main title designer designed sequences for the founder of the Sundance Film Festival?,5a7471f655429979e2882955,"[4890, 23681]","[4890, 23681, 21379, 10746, 19814]",1.0,1.0,0.7414716482162476,0.10173916071653366,qwen3.5-122b,"Based on the provided context, the founder of the Sundance Film Festival is **Robert Redford** (Document 2). The American main title designer who designed sequences for him is **Wayne Fitzgerald** (Document 1).",0.0,0.0,0.0,OK,
21,21,dpr,mmr_0.25,What is served shaken with ice and should not be mistaken with the name Margarita?,5a74be7a55429929fddd84e4,"[7079, 4039]","[4039, 1778, 10840, 965, 3851]",0.5,1.0,0.6458516120910645,0.41866159439086914,qwen3.5-122b,"Based on the provided context, I cannot answer this question.

The text in Document 1 states that a **margarita** is served shaken with ice, but it does not mention any other drink that should not be mistaken for the name ""Margarita.""",0.0,0.0,0.0,OK,
22,22,dpr,mmr_0.25,What product by FLEXcon represents data by geometric patterns?,5a74c3f455429979e2882a0a,"[7688, 23564]","[7688, 14720, 1041, 20421, 15918]",0.5,1.0,0.7327791452407837,0.9442775845527649,qwen3.5-122b,"Based on the provided context, I cannot answer this question. While Document 1 states that FLEXcon manufactures ""bar coded labels"" (which represent data by geometric patterns), the text does not explicitly name a specific product by FLEXcon that fits this description, nor does it define ""bar coded labels"" as a specific product name representing data by geometric patterns within the provided text.",0.0,0.0,0.0,OK,
23,23,dpr,mmr_0.25,Connetquot High School  is a public high school in what city in New York?,5a7506f455429916b0164240,"[2573, 1640]","[2573, 1172, 15549, 13591, 4392]",0.5,1.0,0.6364035606384277,0.9921084046363831,qwen3.5-122b,"Based on the provided context, Connetquot High School is located in **Bohemia**, New York.",0.0,0.0,0.0,OK,
24,24,dpr,mmr_0.25,What year did the movement that Tess Asplund protested in the viral image of her with her fist in the air disband?,5a7526945542993748c897d2,"[21889, 8074]","[21889, 21931, 23653, 14435, 3509]",0.5,1.0,0.7559708952903748,0.2484375536441803,qwen3.5-122b,"I cannot answer this based on the provided context.

The provided text states that Tess Asplund protested against members of the ""Swedish Nordic Resistance Movement,"" but it does not mention when this movement disbanded.",0.0,0.0,0.0,OK,
25,25,dpr,mmr_0.25,"What song from the fourth studio album made by The Who reached No.4 on the UK charts and No. 19 o nthe U.S. ""Billboard"" Hot 100?",5a753c8c55429916b01642ab,"[5767, 3370]","[25402, 15264, 20747, 3370, 25127]",0.5,0.25,0.7227131724357605,0.128518208861351,qwen3.5-122b,I cannot answer this based on the provided context.,0.0,0.0,0.0,OK,
26,26,dpr,mmr_0.25,"Who was born first, Karen Joy Fowler or Bruce Chatwin?",5a7542425542996c70cfaecc,"[7681, 18798]","[2490, 11970, 14643, 7471, 4960]",0.0,0.0,0.760053277015686,0.05557650700211525,qwen3.5-122b,I cannot answer this based on the provided context.,0.0,0.0,0.0,OK,
27,27,dpr,mmr_0.25,"Michael Mark Brodsky is known for his translation of what Irish avant-garde novelist, playwright, theatre director, and poet?",5a7545605542993748c89807,"[15201, 10071]","[10071, 3211, 15201, 24493, 15806]",1.0,1.0,0.6669853925704956,0.20037752389907837,qwen3.5-122b,"Based on the provided context, Michael Mark Brodsky is known for his translation of **Samuel Barclay Beckett** (specifically his work ""Eleuthéria"").

Document 3 states that Brodsky is best known for ""his translation of Samuel Beckett's 'Eleuthéria'."" Document 1 confirms that Samuel Barclay Beckett was an ""Irish avant-garde novelist, playwright, theatre director, and poet.""",0.0,0.0,0.0,OK,
28,28,dpr,mmr_0.25,"Which came to market first, ""Hey Pa! There's a Goat on the Roof"" or ""Poleconomy""",5a7555215542996c70cfaee1,"[9446, 2847]","[9446, 9830, 2287, 7592, 128]",0.5,1.0,0.7742788195610046,0.13908787071704865,qwen3.5-122b,I cannot answer this based on the provided context.,0.0,0.0,0.0,OK,
29,29,dpr,mmr_0.25,"Which ""Roseanne"" star is in Scream 2?",5a7557d75542992d0ec05f68,"[23512, 11186]","[23512, 19971, 23502, 18366, 3975]",0.5,1.0,0.7147344946861267,0.06704868376255035,qwen3.5-122b,I cannot answer this based on the provided context.,0.0,0.0,0.0,OK,
30,30,dpr,mmr_0.25,What show was Elena Shaddow in that was written by a relative of Richard Rodgers?,5a755f0a5542996c70cfaee7,"[25709, 9440]","[25085, 128, 23502, 5908, 2226]",0.0,0.0,0.7616009712219238,0.06950429081916809,qwen3.5-122b,I cannot answer this based on the provided context.,0.0,0.0,0.0,OK,
31,31,dpr,mmr_0.25,"Which ""Mirrors"" actress made her film debut in the 2005 comedy film ""Hitch""?",5a7571095542992d0ec05f97,"[5780, 24053]","[5780, 20012, 3713, 14342, 19662]",0.5,1.0,0.680299699306488,0.052934251725673676,qwen3.5-122b,I cannot answer this based on the provided context.,0.0,0.0,0.0,OK,
32,32,dpr,mmr_0.25,Who was born first Mahbub ul Haq or Ibn Arabi?,5a7574e25542996c70cfaf01,"[24250, 5838]","[9870, 19335, 15551, 10382, 19944]",0.0,0.0,0.6312879323959351,0.3643431067466736,qwen3.5-122b,I cannot answer this based on the provided context.,0.0,0.0,0.0,OK,
33,33,dpr,mmr_0.25,Andrea Camplone is a football coach in which 22-team competition?,5a75d8dc5542992db94736f0,"[18063, 21614]","[12505, 21614, 20122, 6501, 18302]",0.5,0.5,0.6926797032356262,0.030044829472899437,qwen3.5-122b,I cannot answer this based on the provided context.,0.0,0.0,0.0,OK,
34,34,dpr,mmr_0.25,"The Declaration of Montreal was the founding document of which world event, lasting from July 26-August 5, 2006?",5a75da6d5542992db94736fa,"[23670, 20385]","[20385, 8293, 23670, 9231, 22042]",1.0,1.0,0.649114727973938,0.9962403774261475,qwen3.5-122b,"Based on the provided context, the Declaration of Montreal was adopted as part of the **first World Outgames**, which took place in Montreal, Quebec, Canada, from July 26 to August 5, 2006.",0.0,0.0,0.0,OK,
35,35,dpr,mmr_0.25,"Who is younger, Pelle Almqvist or Steve Winwood?",5a75f0bf5542994ccc91866b,"[4900, 6621]","[11248, 7510, 24278, 2162, 11218]",0.0,0.0,0.7497953176498413,0.1684214472770691,qwen3.5-122b,I cannot answer this based on the provided context.,0.0,0.0,0.0,OK,
36,36,dpr,mmr_0.25,"What actress and and writer starred with Jennifer Saunders in bothe ""The Supergrass"" and ""French and Saunders""?",5a7602d8554299109176e5fb,"[10750, 12015]","[10750, 4643, 5623, 14326, 7175]",0.5,1.0,0.7093527913093567,0.13628563284873962,qwen3.5-122b,I cannot answer this based on the provided context.,0.0,0.0,0.0,OK,
37,37,dpr,mmr_0.25,Alfred Balk served as the secretary of the Committee on the Employment of Minority Groups in the News Media under which United States Vice President?,5a760ab65542994ccc918697,"[7215, 5425]","[7215, 3431, 5425, 22279, 6779]",1.0,1.0,0.7074415683746338,0.4219883382320404,qwen3.5-122b,"Based on the provided context, Alfred Balk served as secretary of New York Governor **Nelson Rockefeller's** Committee on the Employment of Minority Groups in the News Media.

According to Document 3, Nelson Rockefeller served as the **41st Vice President of the United States** from 1974 to 1977. Therefore, the committee was under the administration of the individual who later became Vice President, Nelson Rockefeller.

Answer: Nelson Rockefeller",0.0,0.0,0.0,OK,
38,38,dpr,mmr_0.25,Was the famous opera comique that was based on a Prosper Merimee novella a comedy or a tragedy?,5a7615fb5542992db9473727,"[1460, 15091]","[25308, 128, 2605, 1155, 23788]",0.0,0.0,0.7499343156814575,0.5498284697532654,qwen3.5-122b,I cannot answer this based on the provided context.,0.0,0.0,0.0,OK,
39,39,dpr,mmr_0.25,Who served as the head coach for the Grizzlies in the 2004-05 season and as head coach for the Brooklyn Nets?,5a7618d85542994ccc9186cf,"[11963, 14818]","[14818, 6038, 11963, 25268, 17439]",1.0,1.0,0.7133566737174988,0.6621485352516174,qwen3.5-122b,"Based on the provided context, **Lionel Hollins** served as the head coach for the Brooklyn Nets and also served as the head coach for the Grizzlies during the 2004–05 season (specifically taking over after Hubie Brown's retirement and before Mike Fratello was hired).",0.0,0.0,0.0,OK,
40,40,dpr,mmr_0.25,"Which album did the band Kraftwerk release after their successful album which reached number 25 on the US ""Billboard"" Hot 100 chart?",5a7621bb554299109176e650,"[23154, 4227]","[4227, 19835, 23204, 5736, 535]",0.5,1.0,0.7088127732276917,0.40806710720062256,qwen3.5-122b,"Based on the provided context, I cannot answer this question.

Document 1 states that Kraftwerk's album *Autobahn* reached number 25 on the US ""Billboard"" Hot 100 chart and mentions that it was their fourth studio album, released after three experimental albums. However, the document does not provide information about any album released *after* *Autobahn*.",0.0,0.0,0.0,OK,
41,41,dpr,mmr_0.25,When was the plaintiff in the 1892 Barbed Wire Patent Case born?,5a7624b85542992db947372c,"[16274, 24579]","[16274, 10920, 11970, 5333, 8776]",0.5,1.0,0.7300542593002319,0.05918332561850548,qwen3.5-122b,I cannot answer this based on the provided context.,0.0,0.0,0.0,OK,
42,42,dpr,mmr_0.25,"Which was fought earlier in our nation's history, the Seven Days Battles or the Battle of Manila?",5a7633ad5542992db9473741,"[25986, 8549]","[8549, 25986, 7256, 25783, 23963]",1.0,1.0,0.6540728807449341,0.931773841381073,qwen3.5-122b,"Based on the provided context, the **Seven Days Battles** were fought earlier.

According to Document 2, the Seven Days Battles took place from **June 25 to July 1, 1862**. In contrast, Document 1 states that the Battle of Manila occurred from **February 3, 1945, to March 3, 1945**. Therefore, the Seven Days Battles happened 83 years before the Battle of Manila.",0.0,0.0,0.0,OK,
43,43,dpr,mmr_0.25,"When was the Chief Aerodynamicist for the British supersonic land vehicle, whose goal is to match or exceed 1000 mph achieving a new world land speed record, born?",5a7633ff5542994ccc918712,"[23901, 5723]","[5723, 3379, 6900, 23901, 11052]",1.0,1.0,0.6213945150375366,0.7679736018180847,qwen3.5-122b,"Based on the provided context, the British supersonic land vehicle with a goal to match or exceed 1000 mph is the **Bloodhound SSC** (Document 1). The Chief Aerodynamicist for the Bloodhound SSC is **Ronald Ayers** (Document 4), who was **born in 1932**.",0.0,0.0,0.0,OK,
44,44,dpr,mmr_0.25,Who was the wife of the president when William Bainbridge started his career?,5a7636fb55429976ec32bd79,"[2587, 202]","[11095, 24964, 2592, 24430, 2587]",0.5,0.2,0.7595456838607788,0.360282301902771,qwen3.5-122b,I cannot answer this based on the provided context.,0.0,0.0,0.0,OK,
45,45,dpr,mmr_0.25,"Which university has more schools, Ateneo de Davao University or University of Rochester?",5a7651825542992d0ec060a3,"[163, 12131]","[163, 12131, 17807, 24769, 16570]",1.0,1.0,0.6831711530685425,0.4180504381656647,qwen3.5-122b,"Based on the provided context, the **University of Rochester** has more schools.

*   **Ateneo de Davao University** has **five** undergraduate schools (School of Arts and Sciences, School of Business and Governance, School of Engineering and Architecture, School of Education, and the School of Nursing), with the College of Law noted as a separate unit.
*   **The University of Rochester** has **six** schools.",0.0,0.0,0.0,OK,
46,46,dpr,mmr_0.25,Who founded the collective which released the album Messe I.X-VI.X?,5a7662745542992db9473786,"[16502, 23431]","[16502, 24458, 18378, 3418, 6309]",0.5,1.0,0.701872706413269,0.023954931646585464,qwen3.5-122b,"Based on the provided context, the album *Messe I.X-VI.X* was released by the Norwegian experimental collective **Ulver** (in collaboration with the Tromsø Chamber Orchestra). The text states that the album was ""Written and produced by Ulver,"" but it does not explicitly name the specific individuals who founded the collective.

Therefore, I cannot answer this based on the provided context.",0.0,0.0,0.0,OK,
47,47,dpr,mmr_0.25,When did the first bank come into existence that is part of an organization that serves rural areas of India with basic banking and financial services?,5a76db3555429972597f13e7,"[16835, 6646]","[6646, 16217, 7235, 25184, 17319]",0.5,1.0,0.6972042918205261,0.023939643055200577,qwen3.5-122b,I cannot answer this based on the provided context.,0.0,0.0,0.0,OK,
48,48,dpr,mmr_0.25,"Who is older, Ivan Foster or Ian Paisley?",5a77253455429972597f1449,"[18224, 25837]","[11248, 25084, 18224, 5357, 7721]",0.5,0.3333333333333333,0.7228842973709106,0.48465240001678467,qwen3.5-122b,I cannot answer this based on the provided context.,0.0,0.0,0.0,OK,
49,49,dpr,mmr_0.25,Which software application was originally made for the company that acquired RadioShack in 1963?,5a77322055429972597f1494,"[645, 11956]","[11278, 11956, 11542, 22265, 1471]",0.5,0.5,0.6533511281013489,0.9958702921867371,qwen3.5-122b,"Based on the provided context, I cannot answer this question.

While Document 2 states that **Tandy Corporation** acquired RadioShack in 1963, and Document 4 mentions **TELON** (later CA-TELON) as a commercially successful application generator, the text does not establish a connection between TELON and Tandy Corporation. Therefore, it is not possible to determine which software application was originally made for Tandy based solely on the provided documents.",0.0,0.0,0.0,OK,
50,50,dpr,mmr_0.25,"Who won Miss America 2013, which was the 86th Miss America pageant held at the PH Live in Las Vegas?",5a7735f55542994aec3b7226,"[15216, 13103]","[13103, 10821, 18772, 5191, 4050]",0.5,1.0,0.7179981470108032,0.9997450709342957,qwen3.5-122b,"Based on the provided context, **Mallory Hagan** (Miss New York 2012) won Miss America 2013. She was crowned by Miss America 2012, Laura Kaeppeler, at the 86th Miss America pageant held at the PH Live in Las Vegas on January 12, 2013.",0.0,0.0,0.0,OK,
51,51,dpr,mmr_0.25,Who starred in Umm-e-Kulsoom whose mother was Afshan Qureshi?,5a77414155429972597f14d7,"[19527, 4872]","[19527, 14954, 23987, 19678, 16714]",0.5,1.0,0.671768844127655,0.1548837423324585,qwen3.5-122b,I cannot answer this based on the provided context.,0.0,0.0,0.0,OK,
52,52,dpr,mmr_0.25,"What actress is known for a starring role in Robert Bresson's ""Pickpocket"" and has also been directed by Just Jaeckin, a former photographer?",5a77626b5542993569682d77,"[12786, 5419]","[12786, 25392, 20012, 2965, 2721]",0.5,1.0,0.7270985841751099,0.1708916276693344,qwen3.5-122b,"Based on the provided context, the actress known for a starring role in Robert Bresson's ""Pickpocket"" is **Marika Nicolette Green**.

The context states she is ""mostly famous for playing a starring role in Robert Bresson's 'Pickpocket' (1959)"" and also appeared in ""Emmanuelle"" (1974). While the provided text does not explicitly mention that she was directed by Just Jaeckin or that he was a former photographer, she is the only actress in the documents linked to ""Pickpocket.""",0.0,0.0,0.0,OK,
53,53,dpr,mmr_0.25,What is the official currency in the country that hosts the Asahi-Ryokuken Yomiuri Memorial tournament?,5a776b82554299373536026f,"[2849, 13370]","[13370, 2849, 167, 4148, 8943]",1.0,1.0,0.6497057676315308,0.626455545425415,qwen3.5-122b,"Based on the provided context, the Asahi-Ryokuken Yomiuri Memorial tournament was played in Fukuoka, Japan (Document 2). Document 1 states that the official currency of Japan is the **yen** (symbol: ¥; code: JPY).",0.0,0.0,0.0,OK,
54,54,dpr,mmr_0.25,"Who was born first, Susan Oliver or W. S. Van Dyke?",5a778b345542992a6e59decf,"[4583, 24476]","[15476, 11970, 24193, 9062, 24964]",0.0,0.0,0.7266801595687866,0.360282301902771,qwen3.5-122b,I cannot answer this based on the provided context.,0.0,0.0,0.0,OK,
55,55,dpr,mmr_0.25,In what year were the European Athletics Junior Championships held in the capital of Slovenia?,5a779fd95542997042120ab5,"[10126, 17449]","[10126, 23556, 4996, 16043, 6240]",0.5,1.0,0.5143253207206726,0.9707709550857544,qwen3.5-122b,"Based on the provided context, the European Athletics Junior Championships were held in Ljubljana, Slovenia, in **1997**.

(Note: While the context confirms the event was held in Ljubljana in 1997, it does not explicitly state that Ljubljana is the capital of Slovenia. However, based strictly on the location and event name provided in Document 1, this is the matching year.)",0.0,0.0,0.0,OK,
56,56,dpr,mmr_0.25,What year did Christopher Nolan's magic-themed drama come out?,5a77a41a5542997042120ab9,"[11314, 10290]","[7363, 4705, 14151, 5718, 6187]",0.0,0.0,0.6589860916137695,0.0927119106054306,qwen3.5-122b,I cannot answer this based on the provided context.,0.0,0.0,0.0,OK,
57,57,dpr,mmr_0.25,"when was the album that includes the song by Dustin Lynch released to country radio on February 17, 2017?",5a77a65b5542992a6e59df57,"[22947, 22198]","[22947, 9982, 23405, 15244, 16849]",0.5,1.0,0.7222388386726379,0.04275534674525261,qwen3.5-122b,I cannot answer this based on the provided context.,0.0,0.0,0.0,OK,
58,58,dpr,mmr_0.25,What British novelist born in November 1898 wrote Surprised by Joy: The Shape of My Early Life?,5a77a9df55429967ab10521c,"[2490, 23359]","[2490, 25534, 18796, 23052, 3950]",0.5,1.0,0.6996676325798035,0.11816532164812088,qwen3.5-122b,I cannot answer this based on the provided context.,0.0,0.0,0.0,OK,
59,59,dpr,mmr_0.25,"What is the species of animal which the town of Antelope, Kansas was named after?",5a77c09555429967ab105262,"[10221, 5206]","[5206, 10221, 577, 4493, 2854]",1.0,1.0,0.7150973081588745,0.6321603059768677,qwen3.5-122b,"Based on the provided context, the town of Antelope, Kansas, was named after **antelope** (specifically, antelope grazing near where the first school was being built).

*Note: While Document 1 clarifies that the pronghorn is often colloquially called the ""American antelope"" but is not a true antelope, Document 2 does not specify whether the animals that inspired the town's name were true antelopes or pronghorns, only stating they were ""antelope.""*",0.0,0.0,0.0,OK,
60,60,dpr,mmr_0.25,"Which song was behind the third single on the album  ""A Lot About Livin' (And a Little 'bout Love)"" for two weeks on the country charts?",5a77c1505542997042120b1b,"[4167, 1573]","[5234, 269, 11006, 1807, 7716]",0.0,0.0,0.7029444575309753,0.026732943952083588,qwen3.5-122b,I cannot answer this based on the provided context.,0.0,0.0,0.0,OK,
61,61,dpr,mmr_0.25,"Which band formed in England, Of Montreal or Vib Gyor?",5a77c74155429967ab105291,"[23850, 24150]","[23850, 10886, 25927, 5277, 23300]",0.5,1.0,0.6920885443687439,0.02927791140973568,qwen3.5-122b,I cannot answer this based on the provided context.,0.0,0.0,0.0,OK,
62,62,dpr,mmr_0.25,"The voice of Homer Simpson also voices what alien character in the television series ""The Simpsons""?",5a77cb5e55429967ab1052a7,"[18801, 23611]","[18801, 23611, 24318, 22342, 23906]",1.0,1.0,0.7138839960098267,0.024556593969464302,qwen3.5-122b,"Based on the provided context, the voice of Homer Simpson is Dan Castellaneta (Document 2). Document 1 states that Dan Castellaneta voices the alien character **Kodos** in ""The Simpsons"".",0.0,0.0,0.0,OK,
63,63,dpr,mmr_0.25,"The True Colors World Tour was by what artist whose debut album was ""She's So Unusual""?",5a77ddb855429967ab1052d8,"[15195, 25141]","[15195, 5638, 11995, 24502, 8682]",0.5,1.0,0.7136256694793701,0.6778638362884521,qwen3.5-122b,I cannot answer this based on the provided context.,0.0,0.0,0.0,OK,
64,64,dpr,mmr_0.25,"What scientist as well as a practising Roman Cathloic described the electronic voice phenomena as typically brief, usually the length of a work or short phrase?",5a77f4755542992a6e59e01f,"[23394, 24534]","[24534, 9830, 1337, 11786, 128]",0.5,1.0,0.7933911085128784,0.20565937459468842,qwen3.5-122b,"I cannot answer this based on the provided context.

While Document 1 mentions that Parapsychologist Konstantīns Raudive described electronic voice phenomena (EVP) as ""typically brief, usually the length of a word or short phrase,"" the provided text does not state that he was a scientist (it refers to him as a ""Parapsychologist"") nor does it mention that he was a practising Roman Catholic.",0.0,0.0,0.0,OK,
65,65,dpr,mmr_0.25,"Spawn, a fictional character who Mustafa Shakir has expressed interest in playing, was created by?",5a78b5f7554299148911f95b,"[22840, 10815]","[10815, 15350, 14512, 8752, 6119]",0.5,1.0,0.7154912352561951,0.49529239535331726,qwen3.5-122b,"Based on the provided context, Spawn was created by **Todd McFarlane**.

(Note: The provided text confirms Todd McFarlane as the creator but does not mention Mustafa Shakir.)",0.0,0.0,0.0,OK,
66,66,dpr,mmr_0.25,The show featuring a young boy named Gerald Bald Z premiered on what TV channel?,5a78bd515542990784727749,"[10604, 6450]","[6450, 25725, 7848, 16576, 24930]",0.5,1.0,0.6853879690170288,0.9990626573562622,qwen3.5-122b,"Based on the provided context, the show featuring a young boy named Gerald Bald Z is *Perfect Hair Forever*, which premiered on **Cartoon Network's** late night programming block, **Adult Swim**.",0.0,0.0,0.0,OK,
67,67,dpr,mmr_0.25,The southernmost administrative region of Denmark is well-known for creating what products?,5a78ce5d55429974737f78ac,"[8051, 8866]","[9865, 8889, 8051, 2825, 17490]",0.5,0.3333333333333333,0.7032480239868164,0.041700731962919235,qwen3.5-122b,I cannot answer this based on the provided context.,0.0,0.0,0.0,OK,
68,68,dpr,mmr_0.25,"Orange is the New Black, starring Annie Golden as Norma Romano, takes place in which minimum-security federal prison?",5a78f18855429974737f7915,"[24525, 13229]","[24525, 7568, 24811, 13229, 12663]",1.0,1.0,0.7080807685852051,0.9837024807929993,qwen3.5-122b,"Based on the provided context, the series *Orange Is the New Black* is based on Piper Kerman's memoir about her experiences at **FCI Danbury**, a minimum-security federal prison.",0.0,0.0,0.0,OK,
69,69,dpr,mmr_0.25,Mick Carter is the landlord of a public house located at what address?,5a78f59755429970f5fffdf7,"[16943, 5839]","[16943, 2854, 3142, 8376, 25229]",0.5,1.0,0.7499468326568604,0.13638895750045776,qwen3.5-122b,I cannot answer this based on the provided context.,0.0,0.0,0.0,OK,
70,70,dpr,mmr_0.25,What is the birthday of the oldest among Vicente García and Ximena Sariñana?,5a7914e155429974737f7973,"[18678, 4272]","[9660, 10994, 13350, 19833, 18457]",0.0,0.0,0.6608290076255798,0.019732056185603142,qwen3.5-122b,I cannot answer this based on the provided context.,0.0,0.0,0.0,OK,
71,71,dpr,mmr_0.25,"Which Netflix series ""Unbreakable"" character is Elizabeth Claire Kemper known for playing?",5a791a97554299148911f9f2,"[7040, 19925]","[19925, 23175, 53, 5191, 18366]",0.5,1.0,0.7396798133850098,0.13570815324783325,qwen3.5-122b,I cannot answer this based on the provided context.,0.0,0.0,0.0,OK,
72,72,dpr,mmr_0.25,"Who was born first, Brooklyn Decker or Andy Roddick?",5a793bc95542994bb9456fc3,"[25392, 13425]","[24193, 22394, 12700, 252, 23926]",0.0,0.0,0.7200708389282227,0.03497966006398201,qwen3.5-122b,I cannot answer this based on the provided context.,0.0,0.0,0.0,OK,
73,73,dpr,mmr_0.25,Amil Grove appeared in what  British tabloid published by News UK?,5a793d335542994bb9456fca,"[1497, 9333]","[9333, 17210, 7459, 1412, 7524]",0.5,1.0,0.7010756731033325,0.11472105979919434,qwen3.5-122b,I cannot answer this based on the provided context.,0.0,0.0,0.0,OK,
74,74,dpr,mmr_0.25,"Who was born first, Nellee Hooper or Baz Luhrmann?",5a794119554299029c4b5f3c,"[4565, 3093]","[3231, 9701, 3010, 24964, 20692]",0.0,0.0,0.7506470084190369,0.360282301902771,qwen3.5-122b,I cannot answer this based on the provided context.,0.0,0.0,0.0,OK,
75,75,dpr,mmr_0.25,Eric Ambler and Carol Shields are both best Known for what profession?,5a79c1335542994bb9457066,"[20299, 23672]","[25591, 8469, 8596, 13743, 12206]",0.0,0.0,0.7624150514602661,0.08181287348270416,qwen3.5-122b,I cannot answer this based on the provided context.,0.0,0.0,0.0,OK,
76,76,dpr,mmr_0.25,Which two occupations does Ronnie Dunn and Annie Lennox have in common?,5a79c9395542994bb94570a2,"[23665, 8341]","[10303, 969, 21048, 15786, 11738]",0.0,0.0,0.7214495539665222,0.12578843533992767,qwen3.5-122b,I cannot answer this based on the provided context.,0.0,0.0,0.0,OK,
77,77,dpr,mmr_0.25,Special K is a slang word for a medication whose main effects last how long?,5a7a05485542990198eaf04c,"[25402, 4011]","[4011, 9119, 4469, 24684, 1128]",0.5,1.0,0.7030150294303894,0.9919772148132324,qwen3.5-122b,"Based on the provided context, the main effects of the medication (Ketamine, which is associated with the slang term ""Special K"" though the slang term itself is not explicitly mentioned in the text) last up to 25 minutes.

Answer: up to 25 minutes",0.0,0.0,0.0,OK,
78,78,dpr,mmr_0.25,When did Henrietta Ponsonby's father die?,5a7a0e745542990783324e1d,"[5058, 9931]","[11970, 12247, 24385, 5058, 10271]",0.5,0.25,0.706156849861145,0.051175884902477264,qwen3.5-122b,I cannot answer this based on the provided context.,0.0,0.0,0.0,OK,
79,79,dpr,mmr_0.25,The Swallow Bluff Island Mounds is a Mississippian culture archaeological site that is located in this river which was once known by what name?,5a7a3d435542996a35c17154,"[11628, 11499]","[11628, 11059, 7743, 3305, 19200]",0.5,1.0,0.7240133881568909,0.02227702923119068,qwen3.5-122b,I cannot answer this based on the provided context.,0.0,0.0,0.0,OK,
80,80,dpr,mmr_0.25,Near the banks of what river is the city in Romania with a partner Aspen Institute located?,5a7a47be5542994f819ef1b2,"[3254, 14619]","[14619, 3254, 19202, 5146, 1738]",1.0,1.0,0.709625780582428,0.17160281538963318,qwen3.5-122b,"Based on the provided context, the city in Romania with a partner Aspen Institute is **Bucharest** (mentioned in Document 2 as having a partner Aspen Institute). According to Document 1, Bucharest is located on the banks of the **Dâmbovița River**.",0.0,0.0,0.0,OK,
81,81,dpr,mmr_0.25,"Who was born first, Lecrae Devaughn Moore or Gawvi?",5a7a650355429941d65f2615,"[20545, 12316]","[3287, 2341, 12130, 9709, 16182]",0.0,0.0,0.7359693646430969,0.09609018266201019,qwen3.5-122b,I cannot answer this based on the provided context.,0.0,0.0,0.0,OK,
82,82,dpr,mmr_0.25,What is the altitude of the town in England that has Leadgate between it and Garrigill?,5a7a94f155429941d65f26ca,"[25349, 15612]","[25349, 4292, 4564, 12741, 4279]",0.5,1.0,0.6659193634986877,0.060257453471422195,qwen3.5-122b,I cannot answer this based on the provided context.,0.0,0.0,0.0,OK,
83,83,dpr,mmr_0.25,"Who was born first, Chester Bennington or Mikael Stanne?",5a7aa2a255429941d65f270e,"[2563, 3708]","[19857, 15561, 13324, 24193, 5755]",0.0,0.0,0.7543649077415466,0.03111136704683304,qwen3.5-122b,I cannot answer this based on the provided context.,0.0,0.0,0.0,OK,
84,84,dpr,mmr_0.25,Who passed away first Robert Graves or Dino Buzzati ?,5a7aa9425542992d025e66e4,"[15806, 24994]","[8334, 24964, 23085, 15436, 24405]",0.0,0.0,0.7095853090286255,0.360282301902771,qwen3.5-122b,I cannot answer this based on the provided context.,0.0,0.0,0.0,OK,
85,85,dpr,mmr_0.25,Beena Sarwar is the editor of a peace initiative sponsored by a newpaper based in what city?,5a7af4cd55429931da12c9a6,"[13627, 25508]","[13627, 19675, 18350, 6596, 6023]",0.5,1.0,0.698466956615448,0.9541743993759155,qwen3.5-122b,"Based on the provided context, I cannot answer this question.

**Reasoning:**
Document 1 states that Beena Sarwar is the Pakistan Editor of the *Aman ki Asha* initiative, which is jointly sponsored by the **Jang group** in Pakistan and the **Times of India**. However, the provided text does not mention the specific city where the *Times of India* (or the Jang group) is based. While Document 5 mentions a newspaper in Chicago (*Newcity*), it is unrelated to the initiative mentioned in Document 1. Therefore, the city cannot be identified from the given documents.",0.0,0.0,0.0,OK,
86,86,dpr,mmr_0.25,Who is the older brother of the king that was overthrown in the Henriad?,5a7b3b4f5542992d025e67ac,"[9541, 19384]","[23712, 11248, 24774, 9541, 17087]",0.5,0.25,0.7456879615783691,0.1684214472770691,qwen3.5-122b,I cannot answer this based on the provided context.,0.0,0.0,0.0,OK,
87,87,dpr,mmr_0.25,"Who was the director behind the Cirque du Soleil show in Las Vegas that was first performed on December 25, 1993?",5a7b443c5542992d025e67ce,"[24681, 1590]","[1590, 8414, 7330, 18119, 15350]",0.5,1.0,0.7595884203910828,0.0906076654791832,qwen3.5-122b,I cannot answer this based on the provided context.,0.0,0.0,0.0,OK,
88,88,dpr,mmr_0.25,"What country does Eric A. Sykes and Eccles, Greater Manchester have ion common?",5a7b4bc35542992d025e67e0,"[13861, 4279]","[25700, 25386, 4279, 20303, 20742]",0.5,0.3333333333333333,0.7348553538322449,0.02216028794646263,qwen3.5-122b,I cannot answer this based on the provided context.,0.0,0.0,0.0,OK,
89,89,dpr,mmr_0.25,The Motion Picture Soundtrack The Woman in Red featured this American Singer who became a United Nations Ambassador for what organization?,5a7b72e15542997c3ec97187,"[23155, 3897]","[23155, 3897, 11520, 14540, 21558]",1.0,1.0,0.7773796319961548,0.8641875982284546,qwen3.5-122b,"Based on the provided context, the American singer featured on *The Woman in Red* soundtrack who became a United Nations Ambassador is **Dionne Warwick**. According to Document 2, she became a United Nations Global Ambassador for the **Food and Agriculture Organization**.",0.0,0.0,0.0,OK,
90,90,dpr,mmr_0.25,"Who was born first, Ana Kasparian or Andre Agassi?",5a7c34905542996dd594b8d5,"[6559, 23466]","[4828, 2341, 6908, 25387, 2314]",0.0,0.0,0.6641104221343994,0.03893089294433594,qwen3.5-122b,I cannot answer this based on the provided context.,0.0,0.0,0.0,OK,
91,91,dpr,mmr_0.25,"Who is older, Simon Neil or Michael McKean?",5a7c64bc5542996dd594b913,"[25306, 25985]","[2696, 11248, 22408, 20145, 16960]",0.0,0.0,0.7196410894393921,0.1684214472770691,qwen3.5-122b,I cannot answer this based on the provided context.,0.0,0.0,0.0,OK,
92,92,dpr,mmr_0.25,What was the sequel of the game that e was published by U.S. Gold in 1992?,5a7c68575542996dd594b91c,"[1860, 25874]","[7848, 1276, 18858, 7542, 11451]",0.0,0.0,0.6088700890541077,0.42054876685142517,qwen3.5-122b,I cannot answer this based on the provided context.,0.0,0.0,0.0,OK,
93,93,dpr,mmr_0.25,What was the population in 2016 of the city that Norman Foote is originally from?,5a7c78c955429935c91b51d2,"[644, 12503]","[12878, 18520, 303, 127, 65]",0.0,0.0,0.7145794630050659,0.05858885124325752,qwen3.5-122b,I cannot answer this based on the provided context.,0.0,0.0,0.0,OK,
94,94,dpr,mmr_0.25,The 2011 Tennessee Tech Golden Eagles football team competed in a conference with how many members competing in football?,5a7c827e55429907fabeefa7,"[12219, 24831]","[12219, 24769, 17192, 2788, 11846]",0.5,1.0,0.6717437505722046,0.6663355231285095,qwen3.5-122b,"I cannot answer this based on the provided context.

The provided text states that the 2011 Tennessee Tech Golden Eagles were members of the Ohio Valley Conference (OVC), but it does not specify the number of members in that conference competing in football. Document 2 mentions the number of members for the Big Ten Conference, but not for the OVC.",0.0,0.0,0.0,OK,
95,95,dpr,mmr_0.25,Focus is a 2015 American romantic crime comedy-drama film starring an Australian actress who was also cast in what soap opera?,5a7c8cea55429935c91b5214,"[15934, 5796]","[15934, 20000, 1116, 24376, 4001]",0.5,1.0,0.714292049407959,0.10260249674320221,qwen3.5-122b,I cannot answer this based on the provided context.,0.0,0.0,0.0,OK,
96,96,dpr,mmr_0.25,"As of 2010, what was the population of the county that was named after the 13th Speaker of the House of Representatives?",5a7c9ead5542990527d554e4,"[25549, 3547]","[25564, 3547, 8493, 20633, 23284]",0.5,0.5,0.701195478439331,0.0015239114873111248,qwen3.5-122b,"I cannot answer this based on the provided context.

**Reasoning:**
1.  **Document 2** states that James Knox Polk was the 13th Speaker of the House of Representatives.
2.  The question asks for the 2010 population of the county named after him.
3.  **Document 1** discusses York County (named for the Duke of York or York, England).
4.  **Document 5** discusses Adams County (named for John Adams, the 2nd President).
5.  None of the provided documents mention a county named after James Knox Polk or provide population data for such a county.",0.0,0.0,0.0,OK,
97,97,dpr,mmr_0.25,"Which restaurant chain is based further south, Pizza Fusion or Imo's Pizza?",5a7ca33f5542990527d554ee,"[4533, 5392]","[5392, 19280, 7373, 8422, 768]",0.5,1.0,0.6681016087532043,0.03076789528131485,qwen3.5-122b,I cannot answer this based on the provided context.,0.0,0.0,0.0,OK,
98,98,dpr,mmr_0.25,How much change in elevation is there at the site of the 1999 FIA GT Hockenheim 500km?,5a7cb993554299452d57b9c2,"[2797, 25741]","[25741, 21930, 8784, 664, 13715]",0.5,1.0,0.6649825572967529,0.04268476739525795,qwen3.5-122b,I cannot answer this based on the provided context.,0.0,0.0,0.0,OK,
99,99,dpr,mmr_0.25,How many times has the national team Joseph Raich Garriga played for in 1941 participated in FIFA World Cups?,5a7cc58f554299452d57ba45,"[4128, 23594]","[23651, 17454, 9806, 25870, 11158]",0.0,0.0,0.7428514361381531,0.03246904909610748,qwen3.5-122b,I cannot answer this based on the provided context.,0.0,0.0,0.0,OK,
100,100,dpr,mmr_0.25,On what UHF channel is the station that Cindy Williams is on broadcast?,5a7ccc1e55429909bec7680e,"[2958, 264]","[2958, 19972, 10689, 17154, 25429]",0.5,1.0,0.633358895778656,0.13317814469337463,qwen3.5-122b,I cannot answer this based on the provided context.,0.0,0.0,0.0,OK,
101,101,dpr,mmr_0.25,Getting Married in Buffalo Jump stars an actor who was born in what city?,5a7cdc1b55429907fabef04d,"[10012, 24485]","[10012, 20290, 15350, 21505, 2734]",0.5,1.0,0.7550910115242004,0.06757885962724686,qwen3.5-122b,I cannot answer this based on the provided context.,0.0,0.0,0.0,OK,
102,102,dpr,mmr_0.25,"Which band formed earlier, Edward Sharpe and the Magnetic Zeros or Louis XIV?",5a7cdd6b55429909bec76858,"[3440, 3418]","[3440, 3418, 21525, 24458, 3948]",1.0,1.0,0.7382937669754028,0.0093731340020895,qwen3.5-122b,"Based on the provided context, **Louis XIV** formed earlier.

*   **Louis XIV** released EPs and albums starting in **2003** (Document 2).
*   **Edward Sharpe and the Magnetic Zeros** was formed in **2007** (Document 1).",0.0,0.0,0.0,OK,
103,103,dpr,mmr_0.25,"Which was released first, Gasland or To Shoot an Elephant?",5a7ced4355429909bec76895,"[9661, 9151]","[9151, 9661, 25276, 11454, 6600]",1.0,1.0,0.7185991406440735,0.014329775236546993,qwen3.5-122b,"Based on the provided context, **To Shoot an Elephant** was released first.

*   **To Shoot an Elephant** is described as a 2009 documentary film.
*   **Gasland** is described as a 2010 documentary film.",0.0,0.0,0.0,OK,
104,104,dpr,mmr_0.25,"Who is older, Steven Tyler, or Elizabeth Fraser?",5a7d2c8d5542995ed0d16624,"[17973, 17299]","[11248, 8175, 22266, 459, 16877]",0.0,0.0,0.7578115463256836,0.1684214472770691,qwen3.5-122b,I cannot answer this based on the provided context.,0.0,0.0,0.0,OK,
105,105,dpr,mmr_0.25,"In what year was the Moldavian, later Romanian writer, known for his work ""The Goat and Her Three Kids"" born?",5a7dedb55542995f4f402317,"[8170, 25534]","[8170, 24555, 2899, 25534, 679]",1.0,1.0,0.7537338733673096,0.9924075603485107,qwen3.5-122b,"Based on the provided context, the Moldavian, later Romanian writer known for ""The Goat and Her Three Kids"" is Ion Creangă. According to Document 4, he was born on **March 1, 1837**.",0.0,0.0,0.0,OK,
106,106,dpr,mmr_0.25,What is the population of the birth city of Daniela Scalia?,5a7e279d5542995ed0d166b5,"[14020, 9457]","[6427, 23202, 25698, 7518, 2660]",0.0,0.0,0.6868987083435059,0.04432780668139458,qwen3.5-122b,I cannot answer this based on the provided context.,0.0,0.0,0.0,OK,
107,107,dpr,mmr_0.25,"Who has held more positions in the film industry, Donald Cammell or Justin David Swibel?",5a7e59c855429934daa2fc0f,"[6208, 10322]","[17949, 11248, 4018, 4584, 12654]",0.0,0.0,0.793679416179657,0.1684214472770691,qwen3.5-122b,I cannot answer this based on the provided context.,0.0,0.0,0.0,OK,
108,108,dpr,mmr_0.25,The Hindmarsh Stadium is sponsored by a brewery that sold how many liters of beer in 2013 ?,5a7eec6f55429934daa2fc7c,"[10554, 24630]","[24630, 21869, 15359, 965, 18059]",0.5,1.0,0.6688032150268555,0.041623804718256,qwen3.5-122b,I cannot answer this based on the provided context.,0.0,0.0,0.0,OK,
109,109,dpr,mmr_0.25,What region of Italy was Giorgio Pini born in?,5a7ef6b35542994959419a94,"[8550, 6427]","[23085, 6427, 24598, 5532, 25387]",0.5,0.5,0.6561048626899719,0.04086637124419212,qwen3.5-122b,I cannot answer this based on the provided context.,0.0,0.0,0.0,OK,
110,110,dpr,mmr_0.25,How did the prominent member of the Astor family who was a lieutenant colonel in the Spanish-American War die?,5a7efa7a55429930675135ea,"[12667, 11180]","[11180, 17087, 13242, 2531, 12130]",0.5,1.0,0.6952401399612427,0.09609018266201019,qwen3.5-122b,I cannot answer this based on the provided context.,0.0,0.0,0.0,OK,
111,111,dpr,mmr_0.25,"Which band originated from the United States, Milky Chance or Stone Temple Pilots?",5a7f19eb55429934daa2fcdb,"[16719, 24908]","[16719, 24908, 8809, 24458, 4096]",1.0,1.0,0.7139118313789368,0.020018253475427628,qwen3.5-122b,"Based on the provided context, **Stone Temple Pilots** is the band that originated from the United States.

*   **Document 1** states that Milky Chance is a ""German folk group.""
*   **Document 2** states that Stone Temple Pilots is an ""American rock band from San Diego, California.""",0.0,0.0,0.0,OK,
112,112,dpr,mmr_0.25,"The album that contains the song ""Get Together"" by Madonna was mainly recorded in whose home studio?",5a7f22005542993067513657,"[17942, 6805]","[17942, 24463, 24355, 18037, 544]",0.5,1.0,0.7300281524658203,0.05016648769378662,qwen3.5-122b,I cannot answer this based on the provided context.,0.0,0.0,0.0,OK,
113,113,dpr,mmr_0.25,A man known as one of the most brutal pro-Confederate guerrilla leaders in the American Civil War had a following that included a bank and train robber from western Missouri raised in what area?,5a7f79155542995d8a8dde86,"[9662, 681]","[9662, 17710, 9336, 14433, 20163]",0.5,1.0,0.743660032749176,0.9993306398391724,qwen3.5-122b,"Based on the provided context, the man known as a pro-Confederate guerrilla leader is Jesse Woodson James (who followed William Quantrill and ""Bloody Bill"" Anderson). The text states that James, a bank and train robber, was raised in the **""Little Dixie"" area of western Missouri**.",0.0,0.0,0.0,OK,
114,114,dpr,mmr_0.25,Did the Beaulieu Mine or the McIntyre Mines yield gold and copper?,5a7f7b365542992097ad2f80,"[4191, 23965]","[4191, 23965, 272, 7743, 8847]",1.0,1.0,0.6523169279098511,0.09372156858444214,qwen3.5-122b,"Based on the provided context, the **McIntyre mine** yielded both gold and copper. Document 2 states it is a ""gold mine"" and that it ""yielded a considerable amount of copper over its life.""

The **Beaulieu Mine** yielded only gold. Document 1 mentions it was a ""gold mining operation"" that recovered ""rough gold"" and ""fine gold,"" but it does not mention the recovery of copper.",0.0,0.0,0.0,OK,
115,115,dpr,mmr_0.25,IN what year were both Franz Ferdinand and Sunrise Avenue formed?,5a7f9cb55542995d8a8ddec1,"[20134, 24566]","[24566, 10937, 23480, 4227, 3541]",0.5,1.0,0.8010945320129395,0.08449715375900269,qwen3.5-122b,I cannot answer this based on the provided context.,0.0,0.0,0.0,OK,
116,116,dpr,mmr_0.25,Ali Eren Balıkel started a restaurant which hosted a number of famous figures including an English actor who won three consecutive what?,5a7fb6625542994857a767cc,"[22297, 7620]","[22297, 10050, 3142, 8832, 25345]",0.5,1.0,0.758554995059967,0.6509167551994324,qwen3.5-122b,"I cannot answer this based on the provided context.

The provided text mentions that Ali Eren Balıkel's restaurant hosted ""American actor Robert De Niro"" and ""Oscar award-winning actress Helen Mirren,"" but it does not mention an English actor who won three consecutive awards, nor does it specify what those awards were.",0.0,0.0,0.0,OK,
117,117,dpr,mmr_0.25,What Theo Avgerinos movie did the actor known for the role as Matt McNamara appear in?,5a7fc5875542992e7d278d67,"[25913, 10575]","[25913, 17157, 13962, 25829, 16805]",0.5,1.0,0.7335413694381714,0.09213098883628845,qwen3.5-122b,I cannot answer this based on the provided context.,0.0,0.0,0.0,OK,
118,118,dpr,mmr_0.25,"Which magazine has more issues per month, Club or Pro Football Weekly",5a804f01554299485f5985bf,"[20124, 10672]","[10672, 18350, 23819, 853, 20124]",1.0,1.0,0.6361997723579407,0.07443857938051224,qwen3.5-122b,"Based on the provided context, **Club** has more issues per month.

*   **Document 5** states that *Club* is a ""monthly"" magazine, meaning it publishes 1 issue per month.
*   **Document 1** describes *Pro Football Weekly* as a magazine that ""covers the National Football League (NFL)."" While the name implies a weekly schedule (which would be approximately 4 issues per month), the text does not explicitly state its publication frequency. However, the name ""Weekly"" strongly suggests it publishes more frequently than a ""monthly"" publication.

Wait, let me re-evaluate based strictly on the text provided.
*   **Document 5** explicitly says *Club* is a ""monthly"" magazine.
*   **Document 1** says *Pro Football Weekly* is a ""sports magazine"" and includes ""Weekly"" in its name, but it does not explicitly state ""weekly"" as its frequency in the text, only that it covers the NFL. However, the name ""Pro Football Weekly"" implies a weekly schedule.

Actually, looking strictly at the text:
*   Document 5: ""Club is a **monthly** American pornographic magazine"".
*   Document 1: ""Pro Football Weekly... is an American sports magazine"". It does not explicitly say ""weekly"" in the description of frequency, though the name implies it.

If I must answer based *only* on the provided text:
The text explicitly defines *Club* as ""monthly"". The text for *Pro Football Weekly* does not explicitly state its frequency (e.g., ""weekly""), only that it is a magazine and the name contains ""Weekly"".

However, usually, in these tasks, the name is taken as a descriptor. But if I am being extremely strict:
*   Club: 1 issue/month.
*   Pro Football Weekly: The text doesn't say.

Let's look at the name again. ""Pro Football Weekly"". If the name is part of the context, it implies a weekly schedule. A weekly magazine has ~4 issues per month. A monthly has 1. Therefore, Pro Football Weekly has more.

But let's look at the constraint: ""Answer the question based ONLY on the provided context.""
Does the context explicitly state the frequency of PFW? No. It just says ""Pro Football Weekly... is an American sports magazine"".
Does the context explicitly state the frequency of Club? Yes, ""monthly"".",0.0,0.0,0.0,OK,
119,119,dpr,mmr_0.25,"Bob Edwards was the host of what show, that later was hosted by Renee Montagne?",5a807181554299485f5985ec,"[10537, 14470]","[10537, 7326, 25173, 4902, 14470]",1.0,1.0,0.6658591032028198,0.9346134066581726,qwen3.5-122b,"Based on the provided context, Bob Edwards was the host of National Public Radio's weekday morning news program, **""Morning Edition""**. Renée Montagne succeeded him as a co-host of this show.",0.0,0.0,0.0,OK,
120,120,dpr,mmr_0.25,What location under Charing Cross railway station did G-A-Y move to?,5a80735b554299485f5985f3,"[2951, 19280]","[2951, 25723, 12264, 2271, 15152]",0.5,1.0,0.6723364591598511,0.050967928022146225,qwen3.5-122b,I cannot answer this based on the provided context.,0.0,0.0,0.0,OK,
121,121,dpr,mmr_0.25,Who conceived the rapid transit system that Klemzig Interchange is a part of?,5a807b44554299485f59860a,"[5865, 781]","[781, 7373, 11077, 24503, 14809]",0.5,1.0,0.6716557741165161,0.037080053240060806,qwen3.5-122b,I cannot answer this based on the provided context.,0.0,0.0,0.0,OK,
122,122,dpr,mmr_0.25,"A vehicle that uses hydrogen as its onboard fuel for motive power is cosidered which, Flex-fuel or Bi-fuel?",5a8080365542992097ad2fed,"[5296, 5135]","[5296, 5135, 24978, 18785, 13690]",1.0,1.0,0.6415886878967285,0.9988373517990112,qwen3.5-122b,"Based on the provided context, a vehicle that uses hydrogen as its onboard fuel for motive power is considered a **hydrogen vehicle**.

The text does not classify hydrogen vehicles as either ""flex-fuel"" or ""bi-fuel."" Instead, it defines:
*   **Flex-fuel vehicles** as those running on gasoline blended with ethanol or methanol stored in a common tank.
*   **Bi-fuel vehicles** as those where two fuels are stored in separate tanks and the engine runs on one fuel at a time, citing compressed natural gas (CNG), liquefied petroleum gas (LPG), or hydrogen as examples of fuels used in bi-fuel vehicles.

However, Document 2 specifically defines a ""hydrogen vehicle"" as a distinct category that uses hydrogen as its onboard fuel, converting its chemical energy via an internal combustion engine or a fuel cell. While Document 1 mentions hydrogen in the context of bi-fuel vehicles, it does not state that a vehicle using *only* hydrogen is considered a bi-fuel vehicle, nor does it fit the definition of a flex-fuel vehicle. Therefore, the provided context does not support classifying it strictly as one or the other based on the definitions given for those specific terms.

**I cannot answer this based on the provided context.** (The context defines a ""hydrogen vehicle"" separately and mentions hydrogen only as an example of a fuel used in bi-fuel vehicles, but does not explicitly state that a hydrogen-only vehicle is classified as ""bi-fuel"" or ""flex-fuel"".)

*Correction based on strict adherence to the prompt's instruction to answer based ONLY on the context:*
The context states in Document 1 that bi-fuel vehicles run on one fuel at a time from separate tanks, giving ""hydrogen"" as an example. However, Document 2 defines a ""hydrogen vehicle"" as a specific type of vehicle. The text does not explicitly state that a hydrogen vehicle *is* a bi-fuel vehicle, only that hydrogen is an example of a fuel used in bi-fuel vehicles. Since the question asks what a vehicle using hydrogen is *considered* (implying a classification), and the text provides a specific name ""hydrogen vehicle"" while only listing hydrogen as an *example* for bi-fuel, the most accurate answer derived strictly from the text is that it is a **hydrogen vehicle**. The text does not confirm it is considered ""Flex-fuel"" or ""Bi-fuel"" as its",0.0,0.0,0.0,OK,
123,123,dpr,mmr_0.25,Shaqtin' a Fool has included which television personality who worked for 8 yearst at ESPN?,5a80870d5542992bc0c4a752,"[17856, 24380]","[17856, 25591, 25268, 7514, 11690]",0.5,1.0,0.7493516206741333,0.16089487075805664,qwen3.5-122b,I cannot answer this based on the provided context.,0.0,0.0,0.0,OK,
124,124,dpr,mmr_0.25,Who's fifth album and debut single are Startin' Fires and Austin respectively?,5a808c215542995d8a8ddf90,"[5696, 568]","[5696, 22947, 20232, 23665, 568]",1.0,1.0,0.6509832143783569,0.056879933923482895,qwen3.5-122b,"Based on the provided context, the artist is **Blake Shelton**.

*   **Document 1** states that *Startin' Fires* is the ""fifth studio album"" released by Blake Shelton.
*   **Document 5** states that Blake Shelton made his debut with the single ""Austin"".",0.0,0.0,0.0,OK,
125,125,dpr,mmr_0.25,Were Sound Team and Dead by Sunrise both formed before 2010?,5a8091515542996402f6a563,"[10691, 284]","[284, 10691, 21361, 8358, 22983]",1.0,1.0,0.6910616159439087,0.02569306083023548,qwen3.5-122b,"Yes, both Sound Team and Dead by Sunrise were formed before 2010.

*   **Sound Team** formed in **2000** (Document 2).
*   **Dead by Sunrise** formed in **2005** (Document 1).",0.0,0.0,0.0,OK,
126,126,dpr,mmr_0.25,What is the name of the vocalist who collaborated with the rap duo who won the 2002 Grammy Award for Best Rap Performance by a Duo or Group?,5a80a25d5542995d8a8ddfb7,"[21558, 3114]","[25206, 17671, 8354, 10886, 12316]",0.0,0.0,0.7341758608818054,0.02927791140973568,qwen3.5-122b,I cannot answer this based on the provided context.,0.0,0.0,0.0,OK,
127,127,dpr,mmr_0.25,What prominent director worked with Orion Pictures and was born in December of 1935?,5a80b52f554299485f5986d6,"[6920, 12613]","[6920, 24399, 6208, 4890, 15755]",0.5,1.0,0.660350501537323,0.09858915209770203,qwen3.5-122b,I cannot answer this based on the provided context.,0.0,0.0,0.0,OK,
128,128,dpr,mmr_0.25,"How many seasons has a popular tv show had, in which one of the episodes is called Moho House?",5a80c79155429938b61421da,"[22517, 19429]","[24562, 19127, 13394, 17486, 12938]",0.0,0.0,0.6811279654502869,0.08912404626607895,qwen3.5-122b,I cannot answer this based on the provided context.,0.0,0.0,0.0,OK,
129,129,dpr,mmr_0.25,British Airways and EasyJet are both based out of where?,5a80d2c6554299260e20a17c,"[8537, 4606]","[4606, 25676, 10243, 2288, 5608]",0.5,1.0,0.6280232667922974,0.3276517987251282,qwen3.5-122b,I cannot answer this based on the provided context.,0.0,0.0,0.0,OK,
130,130,dpr,mmr_0.25,The American actor Chip Zien is best known for this Broadway production by which American composer and lyricist who received an Academy Award and Tony Awards?,5a80ddc555429938b6142224,"[25865, 10847]","[10847, 24966, 5741, 10804, 21600]",0.5,1.0,0.6398138999938965,0.04380923882126808,qwen3.5-122b,I cannot answer this based on the provided context.,0.0,0.0,0.0,OK,
131,131,dpr,mmr_0.25,"""Prostitute"" is a song written by Axl Rose and Paul Tobias with additional work by an American guitarist has played in two different bands on a list of what?",5a80e4b255429938b6142239,"[14206, 25391]","[14206, 6701, 22698, 12622, 19260]",0.5,1.0,0.7936009168624878,0.12339172512292862,qwen3.5-122b,I cannot answer this based on the provided context.,0.0,0.0,0.0,OK,
132,132,dpr,mmr_0.25,How many of the 12 million immigrants to the United States through Ellis Island were Italian immigrants?,5a80e5f5554299260e20a1ae,"[21537, 25908]","[21537, 25908, 23588, 2734, 22006]",1.0,1.0,0.7240207195281982,0.21634070575237274,qwen3.5-122b,I cannot answer this based on the provided context.,0.0,0.0,0.0,OK,
133,133,dpr,mmr_0.25,"Which breed of dog came first, the Norrbottenspets or the Blue Lacy?",5a812d0555429938b61422e1,"[11627, 22223]","[11627, 14654, 22688, 4667, 24617]",0.5,1.0,0.6774066090583801,0.08110176771879196,qwen3.5-122b,I cannot answer this based on the provided context.,0.0,0.0,0.0,OK,
134,134,dpr,mmr_0.25,The Rhymers' Club met at Ye Olde Cheshire Cheese listed as what type of house?,5a81549055429938b6142338,"[24850, 1616]","[24850, 128, 15152, 12038, 23945]",0.5,1.0,0.7396385073661804,0.1237003281712532,qwen3.5-122b,I cannot answer this based on the provided context.,0.0,0.0,0.0,OK,
135,135,dpr,mmr_0.25,Where is the closest relative to the whale located?,5a81a4615542995ce29dcc1e,"[13057, 15000]","[11260, 20455, 7609, 13057, 18680]",0.5,0.25,0.6765942573547363,0.9257163405418396,qwen3.5-122b,"Based on the provided context, the closest living relatives to whales are the **hippopotamuses**. However, the text does not specify the geographic location where hippopotamuses are found.

Therefore, I cannot answer this based on the provided context.",0.0,0.0,0.0,OK,
136,136,dpr,mmr_0.25,How long did the king who created the coins of the hawaiian dollar rule?,5a81b7205542990a1d231e79,"[24397, 24201]","[24397, 1101, 15068, 24706, 8423]",0.5,1.0,0.7022461295127869,0.03853767365217209,qwen3.5-122b,I cannot answer this based on the provided context.,0.0,0.0,0.0,OK,
137,137,dpr,mmr_0.25,"Which college is located in the United States, University of Delaware of University of Debrecen?",5a81b92a5542995ce29dcc52,"[11594, 11762]","[11762, 11594, 6833, 24977, 13387]",1.0,1.0,0.6274629831314087,0.0032994835637509823,qwen3.5-122b,"Based on the provided context, the **University of Delaware** is located in the United States.

*   **Document 2** states that the University of Delaware is the largest university in **Delaware** (a U.S. state), with its main campus in Newark.
*   **Document 1** states that the University of Debrecen is located in **Debrecen, Hungary**.",0.0,0.0,0.0,OK,
138,138,dpr,mmr_0.25,"Tryon D. Lewis is a lawyer from Odessa, Texas which is located in what county?",5a81d19b55429926c1cdad90,"[10254, 3031]","[10254, 17290, 22702, 6844, 1686]",0.5,1.0,0.6893889904022217,0.9992982149124146,qwen3.5-122b,"Based on the provided context, Tryon Dexter Lewis is an attorney in Odessa, Texas, and served as a member of the Texas House of Representatives from District 81, which includes **Ector, Andrews, and Winkler counties**. The text does not explicitly state which of these counties Odessa is located in, only that the district covers them.

However, since the question asks for the county based *only* on the provided context, and the context lists the counties associated with his district (Ector, Andrews, and Winkler) but does not explicitly link Odessa to a specific single county within that list, the strict answer based *only* on the text is that the context does not specify the exact county for Odessa, only the counties in his district.

*Self-correction*: The prompt asks ""Odessa, Texas which is located in what county?"". Document 1 states he is an attorney in Odessa and represents District 81 (Ector, Andrews, and Winkler counties). It does not explicitly say ""Odessa is in Ector County."" Therefore, strictly adhering to the constraint ""Answer the question based ONLY on the provided context,"" the text does not contain the specific information linking Odessa to a single county, only the counties in the district he represented.

Wait, let me re-read carefully. ""District 81 (Ector, Andrews, and Winkler counties)."" It does not say Odessa is in one of them specifically, though it is implied by the district composition. If I must be strict: The context mentions Odessa and lists the counties in District 81, but does not explicitly state ""Odessa is in [County Name].""

However, often in these tasks, if the district is defined by those counties and the person is from the city in that district, the user might expect the list. But the question asks ""what county"" (singular). The text does not provide the specific mapping of Odessa to one of those counties.

Let's look at the constraint again: ""If the context doesn't contain enough information, say 'I cannot answer this based on the provided context.'""

Does Document 1 say Odessa is in Ector, Andrews, or Winkler? No. It says he represents District 81 which *is* those counties. It does not say Odessa is in District 81 (though it implies it by saying he is an attorney in Odessa and a member from District",0.0,0.0,0.0,OK,
139,139,dpr,mmr_0.25,Who played the role of Nettie Harris in the 1985 film directed by Steven Spielberg?,5a81e8ea5542995ce29dcc73,"[25839, 12103]","[25839, 2965, 8448, 6208, 2929]",0.5,1.0,0.6926227807998657,0.3711467385292053,qwen3.5-122b,"I cannot answer this based on the provided context.

(Note: While Document 1 states that Akosua Gyamama Busia played Nettie Harris in the 1985 film ""The Color Purple,"" the provided text does not mention who directed the film, nor does it confirm that Steven Spielberg was the director.)",0.0,0.0,0.0,OK,
140,140,dpr,mmr_0.25,What kind of movie directed by F. Javier gutierrez did an Italian model and actress star in?,5a81ebee554299676cceb16d,"[20162, 19196]","[21949, 324, 17780, 5315, 22002]",0.0,0.0,0.7427646517753601,0.067331962287426,qwen3.5-122b,I cannot answer this based on the provided context.,0.0,0.0,0.0,OK,
141,141,dpr,mmr_0.25,What award did the actor in Tales from the Crypt win?,5a8210f355429926c1cdae24,"[360, 3539]","[360, 1841, 21753, 14963, 10027]",0.5,1.0,0.703165590763092,0.07884536683559418,qwen3.5-122b,I cannot answer this based on the provided context.,0.0,0.0,0.0,OK,
142,142,dpr,mmr_0.25,Which physicist known for his work on parity violation has a son who became an American chemist teaching at Cornell University?,5a823b0c55429940e5e1a804,"[22771, 8863]","[22771, 1054, 22225, 2654, 19592]",0.5,1.0,0.6783286333084106,0.8234435319900513,qwen3.5-122b,"Based on the provided context, the physicist is **Tsung-Dao Lee**.

Document 1 states that Stephen Lee is an American chemist and a professor at Cornell University, and that he is the son of **Tsung-Dao Lee**, who is identified as the winner of the 1957 Nobel Prize in Physics. (Note: While the provided text does not explicitly mention ""parity violation,"" Tsung-Dao Lee is the only physicist mentioned in the context who has a son fitting the description of an American chemist at Cornell).",0.0,0.0,0.0,OK,
143,143,dpr,mmr_0.25,Folie à Deux is a studio album by the American rock band formed in which city?,5a825bb455429940e5e1a874,"[5277, 2683]","[5277, 14194, 15244, 22383, 15264]",0.5,1.0,0.7446966171264648,0.9437845945358276,qwen3.5-122b,"I cannot answer this based on the provided context.

The provided text states that *Folie à Deux* is an album by the American rock band Fall Out Boy and mentions recording locations in Hollywood, California, but it does not specify the city where the band was formed.",0.0,0.0,0.0,OK,
144,144,dpr,mmr_0.25,Hugo Rodríguez Romero is a Spanish footballer who plays for a team in the autonomous community of what?,5a8268aa55429940e5e1a8aa,"[18995, 20295]","[12238, 19026, 5193, 21924, 849]",0.0,0.0,0.6557806730270386,0.05079752579331398,qwen3.5-122b,I cannot answer this based on the provided context.,0.0,0.0,0.0,OK,
145,145,dpr,mmr_0.25,How many rooms does the Tropicana Hotel have where the 7th annual Adult Video News awards ceremony were held in 1980?,5a8284b555429954d2e2eb5f,"[22471, 24289]","[22471, 13234, 24463, 4425, 8414]",0.5,1.0,0.7558701038360596,0.08525621891021729,qwen3.5-122b,"I cannot answer this based on the provided context.

(Note: The provided context states the 7th AVN Awards took place in 1990, not 1980, and does not mention the number of rooms in the Tropicana Hotel.)",0.0,0.0,0.0,OK,
146,146,dpr,mmr_0.25,Are the Barton Mine and Hermiston-McCauley Mine located in The United States of America?,5a82accd55429966c78a6a78,"[8158, 11498]","[8158, 3305, 16330, 10031, 16186]",0.5,1.0,0.6808770895004272,0.039283767342567444,qwen3.5-122b,I cannot answer this based on the provided context.,0.0,0.0,0.0,OK,
147,147,dpr,mmr_0.25,The Plymouth fury produced from 1955 to 1989  was replaced by what for police and fleet applications?,5a8303c255429954d2e2ec01,"[25198, 1050]","[1050, 6900, 2631, 6084, 13690]",0.5,1.0,0.6771353483200073,0.035180941224098206,qwen3.5-122b,I cannot answer this based on the provided context.,0.0,0.0,0.0,OK,
148,148,dpr,mmr_0.25,How many Grammy awards were won by an album named after the Joni Mitchell song from Love Actually?,5a8318955542990548d0b177,"[4544, 23978]","[23978, 11866, 7716, 24566, 24387]",0.5,1.0,0.721088171005249,0.019600719213485718,qwen3.5-122b,I cannot answer this based on the provided context.,0.0,0.0,0.0,OK,
149,149,dpr,mmr_0.25,Are the 1908 Ex parte Young and 1948 McCollum v. Board of Education United States Supreme Court cases related to each other in any way?,5a831af855429954d2e2ec1e,"[3747, 18694]","[18694, 3747, 10793, 20378, 9402]",1.0,1.0,0.6504950523376465,0.8644670248031616,qwen3.5-122b,"Based on the provided context, there is no information indicating that the 1908 *Ex parte Young* case and the 1948 *McCollum v. Board of Education* case are related to each other.

*   **Ex parte Young** (Document 2) is described as a case allowing suits against state officials for unconstitutional actions despite sovereign immunity.
*   **McCollum v. Board of Education** (Document 1) is described as a case regarding the use of tax-supported public schools to aid religious instruction and the separation of church and state.

The documents do not mention any connection between these two specific cases.",0.0,0.0,0.0,OK,
150,150,dpr,mmr_0.25,What city is the most populous city in Australia and Oceania and the birthplace of a silver and bronze medalist from the 1992 Barcelona Paralympics?,5a831fc955429954d2e2ec28,"[12693, 10170]","[14118, 12693, 10170, 21338, 18107]",1.0,0.5,0.6994664669036865,0.314302921295166,qwen3.5-122b,"Based on the provided context, the city is **Sydney**.

*   **Document 3** states that ""Sydney... is the most populous city in Australia and Oceania.""
*   **Document 2** states that Marsha Green, an Australian Paralympic athlete who ""won a silver medal and bronze medal at the 1992 Barcelona Paralympics,"" was ""born 26 July 1975) in Sydney, New South Wales.""",0.0,0.0,0.0,OK,
151,151,dpr,mmr_0.25,In which U.S. state are MedStar Georgetown University Hospital and Providence Hospital?,5a83305d55429966c78a6b4a,"[21829, 1214]","[1214, 24977, 205, 12837, 777]",0.5,1.0,0.6305543780326843,0.9857098460197449,qwen3.5-122b,"Based on the provided context:

*   **MedStar Georgetown University Hospital** is located in the Georgetown neighborhood of the Northwest Quadrant of **Washington, D.C.** (Note: Washington, D.C. is a federal district, not a U.S. state, though it is often grouped with states in general location queries).
*   **Providence St. Peter Hospital** (referred to as Providence Hospital in the question) is located in Olympia, **Washington**.

Therefore, MedStar Georgetown University Hospital is in Washington, D.C., and Providence Hospital is in the state of Washington.",0.0,0.0,0.0,OK,
152,152,dpr,mmr_0.25,What summit is located in the county who's county seat is Helena?,5a8333115542993344745feb,"[18612, 25717]","[25717, 25671, 1615, 11505, 25545]",0.5,1.0,0.6711001396179199,0.10130447149276733,qwen3.5-122b,"Based on the provided context, I cannot answer this based on the provided context.

**Reasoning:**
*   **Document 1** states that the county seat of **Lewis and Clark County** is **Helena**.
*   **Document 2** mentions **Deseret Peak** as the highest peak in the Stansbury Mountains, but it is located in **Utah** (west of Grantsville, Utah), not in Lewis and Clark County, Montana.
*   **Document 3** discusses the Uwharrie Mountains in North Carolina.
*   **Document 4** discusses a high school in Arkansas.
*   **Document 5** discusses Brazos County in Texas.

None of the documents mention a summit located in Lewis and Clark County (Montana).",0.0,0.0,0.0,OK,
153,153,dpr,mmr_0.25,"Which tower is taller, 712 Fifth Avenue or Manhattan Life Insurance Building?",5a834ed95542990548d0b1ca,"[4368, 25509]","[4368, 25509, 3033, 13071, 25731]",1.0,1.0,0.6135759353637695,0.9868258833885193,qwen3.5-122b,"Based on the provided context, **712 Fifth Avenue** is taller.

*   **712 Fifth Avenue** is described in Document 1 as a **650 ft** skyscraper.
*   The **Manhattan Life Insurance Building** is described in Document 2 as a **348 ft** tower.

Therefore, 712 Fifth Avenue (650 ft) is taller than the Manhattan Life Insurance Building (348 ft).",0.0,0.0,0.0,OK,
154,154,dpr,mmr_0.25,"The publication of which magazine ended first, Right On! or Castle of Frankenstein?",5a835a7b554299123d8c20fc,"[2583, 8980]","[8980, 1345, 19517, 13725, 11402]",0.5,1.0,0.7264202237129211,0.05419258773326874,qwen3.5-122b,I cannot answer this based on the provided context.,0.0,0.0,0.0,OK,
155,155,dpr,mmr_0.25,are Mikhail Glinka and Jean-Baptiste Lully both composers ?,5a836a765542996488c2e446,"[8998, 7856]","[8998, 24941, 20857, 12162, 11501]",0.5,1.0,0.7399141788482666,0.030018791556358337,qwen3.5-122b,"Yes, Mikhail Glinka is a composer, as stated in Document 1. However, the provided context does not contain any information about Jean-Baptiste Lully, so I cannot confirm based on the text whether he is also a composer.",0.0,0.0,0.0,OK,
156,156,dpr,mmr_0.25,What is the date of the reissue of one of Rhihanna's album that features three newly recorded songs and a DVD showing exclusive behind-the-scenes footage of Rihanna's worldwide tour that was the second overall and first world concert tour by Rihanna?,5a83938c5542993344746049,"[15652, 4702]","[15652, 16788, 18353, 23079, 23485]",0.5,1.0,0.6582088470458984,0.07052009552717209,qwen3.5-122b,"Based on the provided context, the reissue of Rihanna's album that features three newly recorded songs and a DVD showing exclusive behind-the-scenes footage of her worldwide tour is **Good Girl Gone Bad: Reloaded**.

According to Document 1, it was first released digitally in selected countries on **June 2, 2008**.

*(Note: While the question describes the tour as the ""second overall and first world concert tour,"" the provided text only identifies it as the ""Good Girl Gone Bad Tour (2007–2009)"" without specifying its order in her career. However, the description of the album features matches Document 1 exactly.)*",0.0,0.0,0.0,OK,
157,157,dpr,mmr_0.25,"Who was the brother of the architect of Hook and Ladder No. 4 located in Albany, NY?",5a8485fa5542992a431d1a41,"[10116, 12352]","[10116, 23667, 11470, 12700, 3782]",0.5,1.0,0.7123198509216309,0.20009441673755646,qwen3.5-122b,I cannot answer this based on the provided context.,0.0,0.0,0.0,OK,
158,158,dpr,mmr_0.25,"Does Jimmy Barnes have more hits, both solo and in a group, than Yang Seung-ho has with his group?",5a84a4e35542992a431d1a81,"[755, 15530]","[12840, 463, 13849, 8354, 20541]",0.0,0.0,0.6857274770736694,0.04684776812791824,qwen3.5-122b,I cannot answer this based on the provided context.,0.0,0.0,0.0,OK,
159,159,dpr,mmr_0.25,Who was the First Prophert to the sixth Pharaoh of the Eighteenth Dynasty?,5a84a8ce5542997175ce1f1c,"[4427, 3287]","[3287, 12008, 9709, 4427, 1669]",1.0,1.0,0.6250321865081787,0.045136839151382446,qwen3.5-122b,"Based on the provided context, the First Prophet to the sixth Pharaoh of the Eighteenth Dynasty (Thutmose III) was **Khonsu**.

Document 1 identifies Thutmose III as the sixth Pharaoh of the Eighteenth Dynasty. Document 4 states that the Theban Tomb TT31 is the burial place of Khonsu, who was the ""First Prophet of Menkheperre (Thutmose III).""",0.0,0.0,0.0,OK,
160,160,dpr,mmr_0.25,What notable work from French music video director Yoann Lemoine features an apology and plea for forgiveness?,5a84ad3a5542992a431d1a8b,"[11957, 10715]","[6353, 98, 18636, 11957, 22701]",0.5,0.25,0.7204503417015076,0.08740799129009247,qwen3.5-122b,I cannot answer this based on the provided context.,0.0,0.0,0.0,OK,
161,161,dpr,mmr_0.25,What movies has Juno Temple starred in?,5a84b2995542994c784dda11,"[22906, 53]","[22976, 10042, 20697, 18119, 11454]",0.0,0.0,0.7129241824150085,0.0906076654791832,qwen3.5-122b,I cannot answer this based on the provided context.,0.0,0.0,0.0,OK,
162,162,dpr,mmr_0.25,"Which Bulldog includes breeds such as ""Standard"" and ""Classic,"" the French Bulldog or the American Bulldog?",5a84b5ac5542991dd0999da4,"[24617, 23869]","[23869, 14496, 5957, 4667, 15004]",0.5,1.0,0.6426566243171692,0.29974108934402466,qwen3.5-122b,"Based on the provided context, the **American Bulldog** includes breeds such as ""Standard"" and ""Classic.""

Document 1 states: ""There are two specific types of American Bulldog, Standard and Classic."" The context does not mention the French Bulldog.",0.0,0.0,0.0,OK,
163,163,dpr,mmr_0.25,Both Mulled wine and Blue Lagoon are considered primarily alcoholic or non-alcoholic?,5a84b6e15542991dd0999daa,"[3851, 157]","[3851, 157, 4039, 965, 24630]",1.0,1.0,0.6244139671325684,0.9968547224998474,qwen3.5-122b,"Based on the provided context, **Mulled wine** is considered primarily **alcoholic**, as the text states it is ""alcoholic, although there are non-alcoholic versions.""

Regarding the **Blue Lagoon**, the provided context describes it as a ""popular summer cocktail featuring blue Curaçao"" but does not explicitly state whether it is alcoholic or non-alcoholic. Therefore, the text does not contain enough information to determine the primary status of the Blue Lagoon.",0.0,0.0,0.0,OK,
164,164,dpr,mmr_0.25,Is Awolnation an American alternative rock band and This Mortal Coil was a music collective,5a84b6ed5542994c784dda18,"[11544, 22983]","[22983, 11544, 24981, 3440, 4832]",1.0,1.0,0.7266993522644043,0.9985405206680298,qwen3.5-122b,"Yes, based on the provided context:

- **Awolnation** is described as an ""American alternative rock band"" (Document 2).
- **This Mortal Coil** is described as a ""music collective"" led by Ivo Watts-Russell (Document 1).

Therefore, the statement is accurate according to the given documents.",0.0,0.0,0.0,OK,
165,165,dpr,mmr_0.25,What is  Cyaxares relationship to the man that governed for 53 years?,5a84b9c95542997b5ce3ff35,"[17543, 17487]","[17487, 2660, 17543, 2605, 10030]",1.0,1.0,0.6407639980316162,0.36916038393974304,qwen3.5-122b,"Based on the provided context, Cyaxares is the grandson of the man who governed for 53 years.

*   **Document 1** states that **Deioces** governed for 53 years.
*   **Document 3** states that **Cyaxares** was the grandson of **Deioces**.",0.0,0.0,0.0,OK,
166,166,dpr,mmr_0.25,Are Yingkou and Fuding the same level of city?,5a84c4135542994c784dda31,"[2059, 23960]","[4343, 4296, 22444, 8633, 2059]",0.5,0.2,0.595392107963562,0.0398886539041996,qwen3.5-122b,I cannot answer this based on the provided context.,0.0,0.0,0.0,OK,
167,167,dpr,mmr_0.25,Who was involved in observing the natural progression of untreated syphilis in rural African-American men in Alabama?,5a84c4bb5542991dd0999dec,"[10764, 5668]","[5668, 25186, 14433, 22279, 7674]",0.5,1.0,0.7471492886543274,0.9989327788352966,qwen3.5-122b,"Based on the provided context, the **U.S. Public Health Service** conducted the study (known as the Tuskegee Syphilis Study) between 1932 and 1972 to observe the natural progression of untreated syphilis in rural African-American men in Alabama.",0.0,0.0,0.0,OK,
168,168,dpr,mmr_0.25,Which singer of the Bee Gees sung a middle part of a song in which the majority was sung by Barry Gibb?,5a84cb255542991dd0999dfa,"[14245, 2955]","[2955, 24135, 17992, 1006, 3370]",0.5,1.0,0.7106912732124329,0.07024870067834854,qwen3.5-122b,I cannot answer this based on the provided context.,0.0,0.0,0.0,OK,
169,169,dpr,mmr_0.25,"WHich college is located in the United States, Grand Valley State University or Carleton University?",5a84ee4c5542997175ce1f2b,"[10040, 6317]","[10040, 6317, 24769, 22390, 8453]",1.0,1.0,0.6321638822555542,0.7086442112922668,qwen3.5-122b,"Based on the provided context, **Grand Valley State University** is located in the United States.

Document 1 states that Grand Valley State University is ""located in Allendale, Michigan, United States."" In contrast, Document 2 states that Carleton University is ""located in Ottawa, Ontario, Canada.""",0.0,0.0,0.0,OK,
170,170,dpr,mmr_0.25,The birthplace of George McCall Theal is a port city of what bay?,5a852cd05542997b5ce3ffb0,"[551, 10682]","[23207, 24846, 10682, 933, 7143]",0.5,0.3333333333333333,0.6737165451049805,0.026171544566750526,qwen3.5-122b,I cannot answer this based on the provided context.,0.0,0.0,0.0,OK,
171,171,dpr,mmr_0.25,"The Azad Hind Dal was created by an Indian nationalist whose defiant patriotism made him a hero in India, but whose attempt to rid India of British rule during what war left a troubled legacy?",5a85a3005542991dd0999e72,"[2667, 6042]","[6042, 2667, 18726, 7350, 22511]",1.0,1.0,0.6688404679298401,0.6866481304168701,qwen3.5-122b,"Based on the provided context, the Azad Hind Dal was created by Subhas Chandra Bose, whose attempt to rid India of British rule during **World War II** left a troubled legacy.

**Source:**
*   **Document 1** states: ""Subhas Chandra Bose... was an Indian nationalist whose defiant patriotism made him a hero in India, but whose attempt during **World War II** to rid India of British rule... left a troubled legacy.""
*   **Document 2** states: ""The branch [Azad Hind Dal] was created by Subhas Chandra Bose...""",0.0,0.0,0.0,OK,
172,172,dpr,mmr_0.25,Are Hoodoo Gurus and Pierre Bouvier of the same nationality?,5a85e24a5542994775f6067f,"[25104, 2028]","[20232, 25104, 24455, 21048, 21619]",0.5,0.5,0.7404981851577759,0.11735670268535614,qwen3.5-122b,I cannot answer this based on the provided context.,0.0,0.0,0.0,OK,
173,173,dpr,mmr_0.25,"Just Before I Go stars an actress who plays what character in the series ""24""?",5a85e2775542994775f60680,"[16208, 6157]","[10388, 16208, 10433, 10379, 23175]",0.5,0.5,0.7542747259140015,0.5994082689285278,qwen3.5-122b,"Based on the provided context, I cannot answer this question.

While Document 2 lists the cast of *Just Before I Go* (including Kate Walsh) and Document 1 mentions an actor named Thomas Vincent Kelly who played Dr. Marc Besson in *24*, the provided text does not state which actress from *Just Before I Go* played a character in the series *24*.",0.0,0.0,0.0,OK,
174,174,dpr,mmr_0.25,Which mechanical device which engages and disengages power transmission  uses brake fluid?,5a85e5345542991dd0999ebb,"[2093, 23925]","[2093, 4461, 24416, 25652, 23925]",1.0,1.0,0.5819789171218872,0.9997687935829163,qwen3.5-122b,"I cannot answer this based on the provided context.

While Document 5 defines a clutch as a device that engages and disengages power transmission, and Document 1 mentions that brake fluid is used in ""hydraulic clutch applications,"" the provided text does not explicitly state that a clutch *uses* brake fluid as its primary operating mechanism in the same way it describes brake fluid's role in braking systems. More importantly, the text does not confirm that the specific mechanical device defined in Document 5 (the clutch) is the one that uses brake fluid, as it only mentions ""hydraulic clutch applications"" without detailing the fluid used or confirming it is brake fluid in all cases. The context is insufficient to definitively link the general definition of a clutch to the use of brake fluid without external knowledge.",0.0,0.0,0.0,OK,
175,175,dpr,mmr_0.25,Are both Ride a Wild Pony and Frozen 2 computer-animated films?,5a85ebe75542996432c5712a,"[9305, 18606]","[18606, 6645, 4548, 4705, 9009]",0.5,1.0,0.7446691989898682,0.04525034502148628,qwen3.5-122b,I cannot answer this based on the provided context.,0.0,0.0,0.0,OK,
176,176,dpr,mmr_0.25,Were Robert Holdstock and H. L. Mencken both known for being satirists?,5a861ea85542994775f60700,"[18049, 22681]","[22681, 9830, 23788, 8668, 3211]",0.5,1.0,0.7079329490661621,0.09824035316705704,qwen3.5-122b,I cannot answer this based on the provided context.,0.0,0.0,0.0,OK,
177,177,dpr,mmr_0.25,When was the publisher of Traveller Supplement 4: Citizens of the Imperium in business?,5a86481b5542996432c571b5,"[23140, 427]","[23140, 2899, 10813, 19517, 3677]",0.5,1.0,0.7005710005760193,0.5731824636459351,qwen3.5-122b,"Based on the provided context, I cannot answer this question. The text states that *Traveller Supplement 4: Citizens of the Imperium* was published by Game Designers' Workshop in 1979, but it does not provide the dates when Game Designers' Workshop was in business.",0.0,0.0,0.0,OK,
178,178,dpr,mmr_0.25,"Yoann Lemoine, a French video director, has created music videos for Lana Del Rey, Katy Perry, and an orchestral country pop ballad by which top pop artist?",5a864ff7554299211dda2af2,"[11957, 10715]","[11957, 8354, 23563, 6851, 5277]",0.5,1.0,0.7510406374931335,0.7886227369308472,qwen3.5-122b,"Based on the provided context, Yoann Lemoine created music videos for Lana Del Rey and Katy Perry. The context also states that he directed Taylor Swift's single ""Back to December."" While the text does not explicitly describe ""Back to December"" as an ""orchestral country pop ballad,"" Taylor Swift is the top pop artist mentioned in the context for whom Lemoine created a music video, alongside the other two artists listed in your question.

Answer: Taylor Swift",0.0,0.0,0.0,OK,
179,179,dpr,mmr_0.25,Does Erodium or Cymbidium include more species?,5a86ec9f55429960ec39b6d7,"[24018, 21915]","[10198, 5564, 3341, 9340, 24018]",0.5,0.2,0.6697677969932556,0.009688736870884895,qwen3.5-122b,I cannot answer this based on the provided context.,0.0,0.0,0.0,OK,
180,180,dpr,mmr_0.25,What is the birthplace of the Senator who represents the first of 62 districts in the State Senate?,5a8739a05542994775f607ab,"[12497, 24340]","[16967, 7960, 11095, 11988, 18696]",0.0,0.0,0.6968520879745483,0.08705268055200577,qwen3.5-122b,I cannot answer this based on the provided context.,0.0,0.0,0.0,OK,
181,181,dpr,mmr_0.25,Which KaBoom! Entertainment Inc. film is based on a story by Rudyard Kipling?,5a8740ee5542994846c1cd35,"[13551, 5824]","[13551, 10804, 13573, 6070, 8032]",0.5,1.0,0.7445225119590759,0.49923020601272583,qwen3.5-122b,"Based on the provided context, the Kaboom! Entertainment label curates feature film content that includes ""The Jungle Book"". While the context does not explicitly name Rudyard Kipling as the author, ""The Jungle Book"" is the only title listed that is based on a story by him.

Answer: The Jungle Book",0.0,0.0,0.0,OK,
182,182,dpr,mmr_0.25,"Who is affiliated with more countries as a director, Robert Florey and R. G. Springsteen?",5a8765ad5542996e4f3087cf,"[3409, 5215]","[25913, 17678, 21379, 24585, 8354]",0.0,0.0,0.7057099938392639,0.07592063397169113,qwen3.5-122b,I cannot answer this based on the provided context.,0.0,0.0,0.0,OK,
183,183,dpr,mmr_0.25,"Which occurred first, Phillips v. Martin Marietta Corp. or Roth v. United States?",5a8782a25542993e715abf95,"[8907, 23565]","[8907, 23565, 9402, 2719, 20529]",1.0,1.0,0.6772304773330688,0.8852130770683289,qwen3.5-122b,"Based on the provided context, **Roth v. United States** occurred first.

*   **Roth v. United States** is cited as **354 U.S. 476 (1957)**.
*   **Phillips v. Martin Marietta Corp.** is cited as **400 U.S. 542 (1971)**.

Since 1957 is earlier than 1971, Roth v. United States happened first.",0.0,0.0,0.0,OK,
184,184,dpr,mmr_0.25,"Which genus has more species, Bactris and Epigaea?",5a87954f5542996e4f308856,"[6868, 4383]","[12872, 6868, 4383, 23526, 9510]",1.0,0.5,0.6669878959655762,0.8349108695983887,qwen3.5-122b,"Based on the provided context, **Bactris** has more species than **Epigaea**.

*   **Document 2** states that *Bactris* is a genus of spiny palms and mentions ""several species"" (including *B. gasipaes*), but does not give a specific total count. However, it implies a larger group by listing multiple related genera and noting that ""several species"" have edible fruit.
*   **Document 3** explicitly states that *Epigaea* is a genus ""comprising **three** species.""

While the exact number of *Bactris* species is not given in the text, the description of *Epigaea* as having only three species, contrasted with the general description of *Bactris* as a genus with ""several species"" (implying more than three in a botanical context where ""several"" often denotes a larger, unspecified number compared to a small fixed number like three), suggests *Bactris* is the larger genus. However, strictly adhering to the text:

*   **Epigaea**: 3 species (explicitly stated).
*   **Bactris**: ""Several species"" (implied to be more than a few, but no exact number).

Since ""several"" generally means more than two or three, and *Epigaea* has exactly three, **Bactris** is the genus with more species based on the textual implication.

**Answer:** Bactris",0.0,0.0,0.0,OK,
185,185,dpr,mmr_0.25,What other political position did the person who introduced the DISCLOSE Act hold?,5a879adb5542996e4f30887f,"[10692, 16977]","[1198, 7215, 12304, 10692, 6735]",0.5,0.25,0.7009034752845764,0.3150950074195862,qwen3.5-122b,I cannot answer this based on the provided context.,0.0,0.0,0.0,OK,
186,186,dpr,mmr_0.25,What is the weight limit of the weight class that Takeyasu Hirono fights in?,5a87c7dc5542996e4f30891b,"[18551, 23748]","[13781, 23748, 6608, 11871, 4152]",0.5,0.5,0.692503035068512,0.02710225060582161,qwen3.5-122b,I cannot answer this based on the provided context.,0.0,0.0,0.0,OK,
187,187,dpr,mmr_0.25,Were the films Tonka and 101 Dalmatians released in the same decade?,5a886211554299206df2b24a,"[11268, 4548]","[4548, 24993, 543, 893, 4018]",0.5,1.0,0.7675920724868774,0.0676509290933609,qwen3.5-122b,I cannot answer this based on the provided context.,0.0,0.0,0.0,OK,
188,188,dpr,mmr_0.25,What literary style describes the 1968 book that features a 1939 international Harvester school bus?,5a88a42f554299206df2b317,"[12448, 11245]","[16147, 16906, 11245, 23707, 24260]",0.5,0.3333333333333333,0.7386040687561035,0.9966951012611389,qwen3.5-122b,"Based on the provided context, I cannot answer this question.

While Document 3 describes the 1968 book *The Electric Kool-Aid Acid Test* and identifies its literary style as **New Journalism**, the text states that the bus used by Ken Kesey and the Merry Pranksters was a ""colorfully painted school bus named 'Further'."" The context does not mention that the bus was a ""1939 international Harvester school bus."" Therefore, the specific detail required to confirm the match is missing from the provided documents.",0.0,0.0,0.0,OK,
189,189,dpr,mmr_0.25,E! Hollywood Hold'em was hosted by a poker player of what nationality?,5a88c68d55429938390d3fba,"[111, 3616]","[111, 626, 23938, 12743, 23551]",0.5,1.0,0.7001396417617798,0.7563018202781677,qwen3.5-122b,"Based on the provided context, I cannot answer this question.

Document 1 states that ""Professional poker player Phil Laak served as host and dealer"" for *E! Hollywood Hold'em*, but it does not mention his nationality. The other documents discuss Frank Sinatra, the ""Battle of the Sexes"" tennis match, the World Series of Poker, and David Carruthers, none of which provide information about Phil Laak's nationality.",0.0,0.0,0.0,OK,
190,190,dpr,mmr_0.25,Who directed a 2005 supernatural horror film starring an actress who appeared in The Patriot and Kill Your Darlings,5a88cf7e5542993b751ca85b,"[2814, 7002]","[23907, 7002, 18366, 19662, 14011]",0.5,0.5,0.7246042490005493,0.949690043926239,qwen3.5-122b,"Based on the provided context, the actress who appeared in *The Patriot* and *Kill Your Darlings* is **Skye McCole Bartusiak** (Document 2). She also appeared in the 2005 film **Boogeyman** (Document 2), which fits the description of a supernatural horror film.

However, the provided documents do not state who directed *Boogeyman*. Document 1 lists the director for *Daughter of Darkness*, Document 3 for *The Dressmaker*, and Document 4 for *The Rendezvous*, but none of these are *Boogeyman*.

Therefore, I cannot answer this based on the provided context.",0.0,0.0,0.0,OK,
191,191,dpr,mmr_0.25,Futbolita has interviewed what Spanish Professional footballer who plays as a striker for New York City FC?,5a88d7fc5542993b751ca879,"[11340, 12238]","[11340, 12238, 13962, 21949, 9806]",1.0,1.0,0.7791452407836914,0.5019057393074036,qwen3.5-122b,"Based on the provided context, **Futbolita** (Ash Hashim) has interviewed **David Villa**.

Document 1 states that Futbolita's website features exclusive interviews with world-renowned sports personalities, including **David Villa**. Document 2 confirms that **David Villa Sánchez** is a **Spanish professional footballer** who plays as a **striker for New York City FC**.",0.0,0.0,0.0,OK,
192,192,dpr,mmr_0.25,Which of the following buildings was designed by SHoP Architects: 247 Cherry or General Motors Building?,5a88e75c5542993b751ca8c7,"[21257, 3033]","[21257, 20233, 3033, 12648, 9808]",1.0,1.0,0.6885517835617065,0.28780505061149597,qwen3.5-122b,"Based on the provided context, **247 Cherry** was designed by SHoP Architects.

Document 1 states: ""The building [247 Cherry] was designed by SHoP Architects."" Document 3 states that the General Motors Building was designed by ""Edward Durell Stone & Associates with Emery Roth & Sons.""",0.0,0.0,0.0,OK,
193,193,dpr,mmr_0.25,What movie did Chris Duesterdiek work on that was directed by Seth Rogen and Evan Goldberg?,5a88f7bf5542997e5c09a6dd,"[20552, 16976]","[344, 24718, 1934, 19180, 8490]",0.0,0.0,0.6698933839797974,0.10315645486116409,qwen3.5-122b,I cannot answer this based on the provided context.,0.0,0.0,0.0,OK,
194,194,dpr,mmr_0.25,The Jeep Cherokee was originally sold as a variant of a Jeep model produced during what years?,5a88f9555542995153361214,"[21632, 897]","[21632, 11133, 24411, 897, 2631]",1.0,1.0,0.612375020980835,0.7561433911323547,qwen3.5-122b,"Based on the provided context, the Jeep Cherokee was originally sold as a variant of the **Jeep Wagoneer**. According to Document 4, the Jeep Wagoneer was produced from **1963 to 1991**.",0.0,0.0,0.0,OK,
195,195,dpr,mmr_0.25,What philosophical system did the author of a novel about Howard Roark develop?,5a89e0ec5542992e4fca8427,"[4605, 13115]","[4605, 25534, 19078, 4643, 25154]",0.5,1.0,0.737694501876831,0.6034486889839172,qwen3.5-122b,"Based on the provided context, the author of the novel about Howard Roark is Ayn Rand (author of *The Fountainhead*). However, the text only states that the novel reflects her belief that ""individualism is superior to collectivism"" and that Roark embodies her ""ideal man."" The context does not mention the name of a specific philosophical system she developed.

Therefore, I cannot answer this based on the provided context.",0.0,0.0,0.0,OK,
196,196,dpr,mmr_0.25,The United States Senate election in Hawaii that took place in 1992 ended with the winning of which Japanese-American politician?,5a89e1bf5542992e4fca8433,"[9199, 15240]","[15240, 3544, 9844, 9199, 3431]",1.0,1.0,0.6709686517715454,0.1500406563282013,qwen3.5-122b,"Based on the provided context, the United States Senate election in Hawaii that took place in 1992 ended with the winning of **Daniel Inouye** (also known as Daniel Ken ""Dan"" Inouye).

Document 4 states that ""Incumbent Democrat U.S. Senator Daniel Inouye won re-election to a sixth term"" in the 1992 election. Document 1 confirms that he was a ""Japanese American politician"" and served as a United States Senator from Hawaii.",0.0,0.0,0.0,OK,
197,197,dpr,mmr_0.25,"Between Frederick King Keller and Ian Schneider, which filmmaker had more diverse job experiences?",5a8a265b5542992d82986ecc,"[25208, 18473]","[18210, 4018, 13311, 6229, 25208]",0.5,0.2,0.7419118881225586,0.04730797931551933,qwen3.5-122b,I cannot answer this based on the provided context.,0.0,0.0,0.0,OK,
198,198,dpr,mmr_0.25,What dance academy did the starring actress from The Glory of Tang Dynasty graduate from?,5a8aa1685542992d82986f32,"[22540, 20079]","[20079, 7647, 6196, 12001, 22540]",1.0,1.0,0.6548688411712646,0.8837418556213379,qwen3.5-122b,"Based on the provided context, the starring actress from *The Glory of Tang Dynasty* is Jing Tian. According to Document 1, she graduated from the **Beijing Dance Academy** (as well as the Beijing Film Academy).",0.0,0.0,0.0,OK,
199,199,dpr,mmr_0.25,"In 2001, Hampton Pirates men's basketball defeated a second seed team that was coached by who ?",5a8ac5595542992d82986f77,"[10004, 7110]","[10004, 2788, 21646, 7274, 11690]",0.5,1.0,0.7183873653411865,0.09421280026435852,qwen3.5-122b,I cannot answer this based on the provided context.,0.0,0.0,0.0,OK,
200,200,dpr,mmr_0.25,"Which is headquarter farther south, Jet's Pizza or Chuck E. Cheese's?",5a8adc935542992d82986fb0,"[15744, 6028]","[15744, 23675, 7774, 6028, 22769]",1.0,1.0,0.6744604110717773,0.995989978313446,qwen3.5-122b,"Based on the provided context, Chuck E. Cheese's is headquartered farther south.

*   **Jet's Pizza** is stated to have been founded in **Sterling Heights, Michigan**.
*   **Chuck E. Cheese's** is stated to be headquartered in **Irving, Texas**.

Geographically, Texas is located south of Michigan.",0.0,0.0,0.0,OK,
201,201,dpr,mmr_0.25,How many beer brands are in the portfolio of the company that hired Leonardus (Leo) Petrus Beukeboom to decorate cafes?,5a8aecff55429950cd6afbef,"[21745, 2109]","[9406, 21745, 23222, 8119, 19199]",0.5,0.5,0.7198376655578613,0.05287938937544823,qwen3.5-122b,I cannot answer this based on the provided context.,0.0,0.0,0.0,OK,
202,202,dpr,mmr_0.25,"What vehicle, made by UROVESA, is most like the four-wheel drive military light truck produced by AM General?",5a8aed1555429970aeb70334,"[4994, 2632]","[2632, 4994, 23158, 8565, 8194]",1.0,1.0,0.6854392886161804,0.44245731830596924,qwen3.5-122b,"Based on the provided context, the vehicle made by UROVESA that is most like the four-wheel drive military light truck produced by AM General (the Humvee) is the **URO VAMTAC**.

Document 2 states that UROVESA is best known for the production of the ""URO VAMTAC, a Humvee-like four-wheel drive motor vehicle,"" and Document 1 identifies the Humvee as the four-wheel drive military light truck produced by AM General.",0.0,0.0,0.0,OK,
203,203,dpr,mmr_0.25,Pluto was the debut album of this artist who also performed on this live music venue that reopened in March 2015.,5a8b04df55429950cd6afc49,"[21132, 13553]","[8414, 15718, 18673, 13255, 20747]",0.0,0.0,0.7625194191932678,0.06479844450950623,qwen3.5-122b,I cannot answer this based on the provided context.,0.0,0.0,0.0,OK,
204,204,dpr,mmr_0.25,"The actor known for his role as ""Freddie""  in The Deep Blue Sea won the Laurence Olivier Award for his role in which play?",5a8b1a925542997f31a41c6e,"[25815, 2970]","[2970, 25815, 12279, 3093, 6223]",1.0,1.0,0.6728047132492065,0.007312977686524391,qwen3.5-122b,"Based on the provided context, the actor known for his role as ""Freddie"" in *The Deep Blue Sea* is Tom Hiddleston (Document 2). According to Document 1, Tom Hiddleston won the Laurence Olivier Award for Best Newcomer in a Play for his role in **Cymbeline**.",0.0,0.0,0.0,OK,
205,205,dpr,mmr_0.25,Where is the 1999 British comedy-drama film starring Jimi Mistry set?,5a8b5c8155429949d91db56d,"[23205, 1595]","[1595, 8874, 2474, 24586, 21657]",0.5,1.0,0.6520636677742004,0.06690952926874161,qwen3.5-122b,I cannot answer this based on the provided context.,0.0,0.0,0.0,OK,
206,206,dpr,mmr_0.25,A writer for The Kenyon Review won a Pulitzer Prize in what year?,5a8ba0855542995d1e6f1427,"[1102, 9424]","[1102, 3437, 8387, 1550, 9663]",0.5,1.0,0.7063125371932983,0.16182291507720947,qwen3.5-122b,I cannot answer this based on the provided context.,0.0,0.0,0.0,OK,
207,207,dpr,mmr_0.25,Camp Courtney was named after the Major killed in action at the battle codenamed what?,5a8ba9d255429971feec4759,"[6487, 20841]","[6487, 8397, 21398, 8695, 14666]",0.5,1.0,0.7241304516792297,0.999576985836029,qwen3.5-122b,"Based on the provided context, Camp Courtney was named after Major Henry A. Courtney, Jr., who was killed in action in the **Battle of Okinawa**.",0.0,0.0,0.0,OK,
208,208,dpr,mmr_0.25,What variety of mockingbird is the mascot of the University of Tennessee at Chattanooga?,5a8bf0835542995d1e6f146b,"[17971, 15681]","[17971, 21418, 15681, 17299, 5206]",1.0,1.0,0.7128474116325378,0.9778712391853333,qwen3.5-122b,"Based on the provided context, the mascot of the University of Tennessee at Chattanooga is a **mockingbird** (specifically identified as the state bird of Tennessee in Document 1). Document 3 notes that the **northern mockingbird** (""Mimus polyglottos"") is the only mockingbird commonly found in North America.

Therefore, the variety is the **northern mockingbird**.",0.0,0.0,0.0,OK,
209,209,dpr,mmr_0.25,How many members exist in the conference represented by the Michigan State Spartans in the 1993 Liberty Bowl?,5a8c5bff554299240d9c2139,"[6381, 24769]","[11846, 6381, 24769, 17192, 19492]",1.0,0.5,0.6449006199836731,0.9541575312614441,qwen3.5-122b,"Based on the provided context, the Michigan State Spartans are part of the Big Ten Conference (Document 2). According to Document 3, the Big Ten Conference consists of **14 members** (as of 2016).

*Note: The context only provides the member count as of 2016, not specifically for the year 1993.*",0.0,0.0,0.0,OK,
210,210,dpr,mmr_0.25,What are the anchor stores for the shopping mall constructed by C.J. Segerstrom & Sons in California?,5a8c5eca554299240d9c213d,"[5548, 22212]","[22212, 5548, 3033, 7176, 20118]",1.0,1.0,0.6485828161239624,0.9962476491928101,qwen3.5-122b,"Based on the provided context, the shopping mall constructed by C.J. Segerstrom & Sons is South Coast Plaza. Its anchor stores are three Macy's stores, Sears, Nordstrom, Bloomingdale's, and Saks Fifth Avenue.",0.0,0.0,0.0,OK,
211,211,dpr,mmr_0.25,"jean Sagbo, considered ""Russia's Obama"" is considered to belong to what ethnic group based on his having African heritage or dark skin?",5a8c6bd55542995e66a475ea,"[10326, 9394]","[10326, 9394, 11248, 12353, 1452]",1.0,1.0,0.7133402228355408,0.984937310218811,qwen3.5-122b,"Based on the provided context, Jean Gregoire Sagbo is considered to belong to the **Afro-Russian** ethnic group. Document 1 identifies him as the first Russian of African descent, or ""Afro-Russian,"" to be elected in the Russian Federation, and notes that he has been referred to as ""Russia's Obama."" Document 2 defines Afro-Russians as people of recent African descent or those perceived to be dark-skinned who have migrated to and settled in Russia.",0.0,0.0,0.0,OK,
212,212,dpr,mmr_0.25,"Who was appointed to the board of supervisors first, Jeff Sheehy or Ed Lee?",5a8c8502554299585d9e36d0,"[22017, 11355]","[11355, 12526, 6038, 24433, 5105]",0.5,1.0,0.7009443044662476,0.14904706180095673,qwen3.5-122b,I cannot answer this based on the provided context.,0.0,0.0,0.0,OK,
213,213,dpr,mmr_0.25,John Seasock was a professional monster truck driver that last drove a truck sponsored by a company headquartered in what city?,5a8ceb7a554299441c6b9f7b,"[11213, 25686]","[11213, 3516, 23906, 6606, 18341]",0.5,1.0,0.6895090341567993,0.03424734249711037,qwen3.5-122b,I cannot answer this based on the provided context.,0.0,0.0,0.0,OK,
214,214,dpr,mmr_0.25,What is the english translation of the name of style of novel of which The Company is an example?,5a8cefc155429941ae14df55,"[1980, 3971]","[3971, 9830, 24593, 4643, 5792]",0.5,1.0,0.7631803154945374,0.03139198198914528,qwen3.5-122b,I cannot answer this based on the provided context.,0.0,0.0,0.0,OK,
215,215,dpr,mmr_0.25,What color was the dog that Socks had conflicts with?,5a8d51355542994ba4e3dc6b,"[12447, 20180]","[12447, 5110, 15157, 8170, 15672]",0.5,1.0,0.715584933757782,0.525668740272522,qwen3.5-122b,"Based on the provided context, the text states that Socks had conflicts with Clinton's dog named **Buddy**, but it does not specify the color of the dog.

I cannot answer this based on the provided context.",0.0,0.0,0.0,OK,
216,216,dpr,mmr_0.25,"What Province in Sicily, founded in the eighth century B.C., was the birthplace of the famous historical mathematician Archimedes?",5a8d64305542994ba4e3dc80,"[2748, 10491]","[10491, 2341, 7518, 17141, 7871]",0.5,1.0,0.7344771027565002,0.9648852348327637,qwen3.5-122b,"Based on the provided context, the city is **Syracuse** (Italian: ""Siracusa""), which is the capital of the **province of Syracuse**. The text states that Syracuse is a historic city in Sicily, is 2,700 years old (which aligns with a founding in the eighth century B.C.), and is the birthplace of the mathematician and engineer Archimedes.

Answer: Syracuse (or the province of Syracuse)",0.0,0.0,0.0,OK,
217,217,dpr,mmr_0.25,"Which male singer performed together with a female American singer, who was born in 1954 and whose third studio album was named Through His Eyes, have a hit duet with in 1985?",5a8db788554299653c1aa145,"[16151, 25249]","[16151, 8354, 7716, 23485, 23155]",0.5,1.0,0.7055301070213318,0.057066045701503754,qwen3.5-122b,I cannot answer this based on the provided context.,0.0,0.0,0.0,OK,
218,218,dpr,mmr_0.25,"Many right wing WNP were  connected to a clandestine operation ran by a ""stay-behind""  operation ran by what organization?",5a8dcbc0554299068b959df4,"[10519, 1185]","[20809, 14949, 19602, 2667, 7771]",0.0,0.0,0.6120626330375671,0.04561464115977287,qwen3.5-122b,I cannot answer this based on the provided context.,0.0,0.0,0.0,OK,
219,219,dpr,mmr_0.25,What political party is the current Attorney General of Missouri associated with?,5a8dd5b855429917b4a5bcc6,"[10020, 20296]","[20296, 16967, 6844, 6426, 23137]",0.5,1.0,0.6431437730789185,0.08028203994035721,qwen3.5-122b,I cannot answer this based on the provided context.,0.0,0.0,0.0,OK,
220,220,dpr,mmr_0.25,What team did Robbie Keane play for after Inter Milan?,5a8de02b554299068b959e13,"[9806, 23728]","[23728, 19760, 9806, 20483, 12238]",1.0,1.0,0.6975858807563782,0.213825523853302,qwen3.5-122b,"Based on the provided context, I cannot answer this based on the provided context.

While Document 3 mentions Robbie Keane playing for Inter, and Document 1 states he plays for the Indian club ATK, the documents do not explicitly state that ATK is the team he played for *after* Inter Milan, nor do they provide a chronological list of his career moves to confirm the sequence.",0.0,0.0,0.0,OK,
221,221,dpr,mmr_0.25,What is the prefix given to the end of the name to avoid confusion for the winner of the 1996 Record of the Year Grammy?,5a8de4595542995085b37348,"[6562, 7698]","[20138, 23180, 15903, 3590, 5667]",0.0,0.0,0.6845881342887878,0.025497373193502426,qwen3.5-122b,I cannot answer this based on the provided context.,0.0,0.0,0.0,OK,
222,222,dpr,mmr_0.25,Are Ferocactus and Silene both types of plant?,5a8e068b5542995085b37384,"[3470, 24631]","[24631, 10198, 3470, 24018, 9510]",1.0,1.0,0.6134517788887024,0.9242907762527466,qwen3.5-122b,"Yes, both Ferocactus and Silene are types of plants. According to the provided context, Silene is a genus of flowering plants in the family Caryophyllaceae, and Ferocactus is a genus of large barrel-shaped cacti.",0.0,0.0,0.0,OK,
223,223,dpr,mmr_0.25,In which county of New York was Circumstantial Productions founded?,5a8e3e9b5542995085b37402,"[14603, 1623]","[14603, 2185, 15593, 10245, 21629]",0.5,1.0,0.6890579462051392,0.957258403301239,qwen3.5-122b,"I cannot answer this based on the provided context.

The provided text states that Circumstantial Productions was founded in ""Nyack, New York,"" but it does not specify which county Nyack is located in.",0.0,0.0,0.0,OK,
224,224,dpr,mmr_0.25,Olivia DeJonge starred in an American horror film directed by Shyamalan called what,5a8ed10b5542995085b374a0,"[20000, 18119]","[18119, 16662, 16711, 23907, 4001]",0.5,1.0,0.6765767335891724,0.7272678017616272,qwen3.5-122b,"Based on the provided context, Olivia DeJonge starred in the American horror film called **The Visit**.

Document 1 states: ""The Visit is a 2015 American found footage horror film written and directed by M. Night Shyamalan, and starring Olivia DeJonge...""",0.0,0.0,0.0,OK,
225,225,dpr,mmr_0.25,What city is between Normanby le Wold and the A46 Junction between Lincoln and Grimsby?,5a8f18d555429918e830d189,"[12378, 25386]","[3166, 25240, 5788, 2969, 555]",0.0,0.0,0.6841880679130554,0.037737034261226654,qwen3.5-122b,I cannot answer this based on the provided context.,0.0,0.0,0.0,OK,
226,226,dpr,mmr_0.25,John DiMaggio voices the character Shnitzel on Cartoon Network series created by who?,5a8f1adc554299458435d577,"[15705, 25405]","[15705, 11144, 19445, 16072, 17075]",0.5,1.0,0.66187983751297,0.1926685869693756,qwen3.5-122b,"Based on the provided context, John DiMaggio voices the character Shnitzel on the series ""Chowder."" However, the text does not mention who created ""Chowder.""

I cannot answer this based on the provided context.",0.0,0.0,0.0,OK,
227,227,dpr,mmr_0.25,Bill Bryson grew up in a city that is the seat of which county ?,5a8f5273554299458435d5b1,"[24172, 25542]","[24172, 17161, 20742, 24117, 16700]",0.5,1.0,0.7742725610733032,0.05458036810159683,qwen3.5-122b,I cannot answer this based on the provided context.,0.0,0.0,0.0,OK,
228,228,dpr,mmr_0.25,"What year did the infantry regiment featured in the 2006 film ""Only the Brave"" begin?",5a8f53ad5542992414482a50,"[24880, 2658]","[24880, 782, 891, 2901, 665]",0.5,1.0,0.692630410194397,0.32297423481941223,qwen3.5-122b,"Based on the provided context, the 2006 film ""Only the Brave"" features the 100th Infantry Battalion/442nd Regimental Combat Team. However, the text does not state the year this regiment or battalion was formed or began.

I cannot answer this based on the provided context.",0.0,0.0,0.0,OK,
229,229,dpr,mmr_0.25,"What member of the South Korean-Chinese boy group EXO stars in the upcoming movie ""The Underdog""?",5a8f68795542992414482ab5,"[22255, 13849]","[22255, 17649, 7268, 13848, 13092]",0.5,1.0,0.6732099652290344,0.03447173908352852,qwen3.5-122b,I cannot answer this based on the provided context.,0.0,0.0,0.0,OK,
230,230,dpr,mmr_0.25,"What national historic district is located near a village in the town of Philipstown, New York?",5a8f69b55542997ba9cb324f,"[20402, 1612]","[7529, 1623, 4418, 6804, 22424]",0.0,0.0,0.6678045988082886,0.03321462869644165,qwen3.5-122b,I cannot answer this based on the provided context.,0.0,0.0,0.0,OK,
231,231,dpr,mmr_0.25,Which NFL team did both Don Looney and DeSean Jackson play for?,5a8f7c9a55429918e830d239,"[5540, 25260]","[25260, 19497, 23997, 5540, 11690]",1.0,1.0,0.6756191849708557,0.2646808326244354,qwen3.5-122b,"Based on the provided context, both Don Looney and DeSean Jackson played for the **Philadelphia Eagles**.

*   **Document 4** states that John Don Looney ""played three seasons for the Philadelphia Eagles (1940).""
*   **Document 1** states that DeSean Jackson ""was drafted by the Philadelphia Eagles"" and **Document 4** notes that Looney's feat was equaled in 2008 by ""another Eagles wide receiver, DeSean Jackson.""",0.0,0.0,0.0,OK,
232,232,dpr,mmr_0.25,"The name od the Jason Hook album ""Safety Dunce"" is a play on the words of a song released in what year?",5a8f93f5554299458435d67e,"[3996, 5962]","[3996, 9221, 19336, 9237, 11544]",0.5,1.0,0.7453362941741943,0.05224323272705078,qwen3.5-122b,"Based on the provided context, the album title ""Safety Dunce"" is a play on the words of the song ""The Safety Dance"" by Men Without Hats. However, the text does not state the year in which ""The Safety Dance"" was released.

I cannot answer this based on the provided context.",0.0,0.0,0.0,OK,
233,233,dpr,mmr_0.25,"Which feature film was released earlier, One Magic Christmas or Muppet Treasure Island?",5a8fd9ac5542990a98493570,"[7363, 2743]","[7363, 2743, 24476, 6668, 22008]",1.0,1.0,0.6498632431030273,0.17051799595355988,qwen3.5-122b,"Based on the provided context, **One Magic Christmas** was released earlier.

*   **One Magic Christmas** was released in **1985** (Document 1).
*   **Muppet Treasure Island** was released in **1996** (Document 2).",0.0,0.0,0.0,OK,
234,234,dpr,mmr_0.25,"Who co-starred in an episode of The ABC Comedy Hour with the man who played Duke Slater in ""Gomer Pyle, U.S.M.C.""?",5a8ff69655429916514e73f1,"[7326, 25678]","[25678, 7326, 5951, 25985, 23906]",1.0,1.0,0.7102786302566528,0.3312598168849945,qwen3.5-122b,"Based on the provided context, the man who played Duke Slater in ""Gomer Pyle, U.S.M.C."" is **Ronnie Schell** (Document 1).

According to Document 2, Ronnie Schell starred in a revival of the musical ""Hellzapoppin'"" on *The ABC Comedy Hour* alongside **Jack Cassidy**.

Therefore, the person who co-starred with him in that episode is **Jack Cassidy**.",0.0,0.0,0.0,OK,
235,235,dpr,mmr_0.25,What are the names of the members of the Detroit-based hip hop duo who has worked with Jason Gilbert?,5a90605d5542995651fb514d,"[12263, 5918]","[12263, 20232, 12316, 17671, 21505]",0.5,1.0,0.6671905517578125,0.0659080520272255,qwen3.5-122b,I cannot answer this based on the provided context.,0.0,0.0,0.0,OK,
236,236,dpr,mmr_0.25,Which of the three worst hotel fires in modern US History occurred most recently?,5ab1e76c554299449642c800,"[16361, 13234]","[13234, 19526, 1116, 3360, 10271]",0.5,1.0,0.770825207233429,0.9677836298942566,qwen3.5-122b,"Based on the provided context, the three hotel fires mentioned are:

1.  **Winecoff Hotel fire**: December 7, 1946 (119 fatalities)
2.  **La Salle Hotel fire**: June 5, 1946 (61 fatalities)
3.  **Canfield Hotel fire**: June 19, 1946 (19 fatalities)

The Winecoff Hotel fire occurred most recently among these three.",0.0,0.0,0.0,OK,
237,237,dpr,mmr_0.25,which is larger Asante Traditional Buildings or Gulangyu?,5ab1e984554299340b525428,"[9719, 8420]","[8420, 11267, 3880, 10768, 3179]",0.5,1.0,0.7481890916824341,0.10361697524785995,qwen3.5-122b,I cannot answer this based on the provided context.,0.0,0.0,0.0,OK,
238,238,dpr,mmr_0.25,August R. Lindt served as chairman of a UN program from 1956 to 1960 that won how many noble prizes ?,5ab236645542993be8fa98c9,"[21485, 12156]","[21485, 8837, 15166, 18108, 12433]",0.5,1.0,0.73039311170578,0.9222925305366516,qwen3.5-122b,"I cannot answer this based on the provided context.

The provided text states that August R. Lindt served as United Nations High Commissioner for Refugees from 1956 to 1960, but it does not mention any Nobel Prizes won by that program. Additionally, the text notes he served as Chairman of UNICEF from 1953 to 1954, not 1956 to 1960.",0.0,0.0,0.0,OK,
239,239,dpr,mmr_0.25,Which City in the Miami metropolitan area is home to the Primetime Race Group?,5ab23d8a55429970612095c9,"[7539, 471]","[7539, 20742, 24458, 3923, 13229]",0.5,1.0,0.7575730085372925,0.47611311078071594,qwen3.5-122b,"Based on the provided context, the Primetime Race Group is from **Hollywood, Florida**.

(Note: While Document 1 states the team is from Hollywood, Florida, it does not explicitly state that Hollywood is part of the Miami metropolitan area, though it is geographically located there. The answer is derived strictly from the location mentioned in Document 1.)",0.0,0.0,0.0,OK,
240,240,dpr,mmr_0.25,What word or phrase is found in both the history of Belgium and cockfighting?,5ab259b25542993be8fa98de,"[17447, 22977]","[22977, 17447, 20607, 24597, 14480]",1.0,1.0,0.7312318086624146,0.6570574641227722,qwen3.5-122b,"Based on the provided context, the word or phrase found in both the history of Belgium and cockfighting is **""cockpit""**.

*   **Document 1** states that a cockfight is held in a ring called a **cockpit**.
*   **Document 2** states that Belgium has often been called the ""**cockpit** of Europe"" due to its strategic location and the many armies fighting on its soil.",0.0,0.0,0.0,OK,
241,241,dpr,mmr_0.25,"From March 631 to April 631, Farrukhzad Khosrau V was the king of an empire that succeeded which empire?",5ab2659e554299340b5254b2,"[16861, 23420]","[16861, 8880, 22696, 23420, 24492]",1.0,1.0,0.6129436492919922,0.034964919090270996,qwen3.5-122b,"Based on the provided context, Farrukhzad Khosrau V was the king of the Sasanian Empire (Document 1). According to Document 4, the Sasanian Empire succeeded the **Parthian Empire**.",0.0,0.0,0.0,OK,
242,242,dpr,mmr_0.25,The term Moneybomb was coined by Trevor Lyman to describe a massive online donation drive on behalf of a presidential candidate that was the first chairman of what PAC?,5ab266b5554299340b5254b4,"[2736, 3970]","[2736, 12304, 23051, 21028, 23203]",0.5,1.0,0.7638927698135376,0.18740026652812958,qwen3.5-122b,I cannot answer this based on the provided context.,0.0,0.0,0.0,OK,
243,243,dpr,mmr_0.25,Do The Importance of Being Icelandic and The Five Obstructions belong to different film genres ?,5ab271fe554299449642c8a6,"[863, 15854]","[863, 9830, 12361, 15854, 18890]",1.0,1.0,0.7791082859039307,0.9825107455253601,qwen3.5-122b,"Yes, based on the provided context, they belong to the same film genre.

*   **Document 1** describes *The Importance of Being Icelandic* as a ""1998 **documentary film**.""
*   **Document 4** describes *The Five Obstructions* as a ""2003 Danish **documentary film**.""

Since both are identified as documentary films, they do not belong to different genres.",0.0,0.0,0.0,OK,
244,244,dpr,mmr_0.25,Which tendencies does a group like Uyoku dantai fall under?,5ab29bdc554299545a2cf9d1,"[7963, 7054]","[7963, 6608, 207, 8958, 244]",0.5,1.0,0.7226670384407043,0.9997996687889099,qwen3.5-122b,"Based on the provided context, a group like Uyoku dantai falls under the tendencies of being **Japanese ultranationalist far-right groups**.",0.0,0.0,0.0,OK,
245,245,dpr,mmr_0.25,"Who married a man who starred in Marcus Welby, M.D.?",5ab2b666554299194fa934ca,"[25085, 13771]","[25085, 11970, 15786, 10648, 23502]",0.5,1.0,0.7869819402694702,0.08700544387102127,qwen3.5-122b,I cannot answer this based on the provided context.,0.0,0.0,0.0,OK,
246,246,dpr,mmr_0.25,"The author of ""The New American Story "" served three terms as a US Senator from what state?",5ab2e3a15542992953946893,"[178, 10649]","[178, 11095, 3547, 15240, 7215]",0.5,1.0,0.7296662926673889,0.448870450258255,qwen3.5-122b,"Based on the provided context, I cannot answer this question.

Document 1 identifies Bill Bradley as the author of ""The New American Story"" and states he is a ""former United States Senator,"" but it does not specify which state he represented or how many terms he served.",0.0,0.0,0.0,OK,
247,247,dpr,mmr_0.25,"Which type of character is featured by the P.L. Travers's third book and last novel in the ""Mary Poppins"" series?",5ab322b1554299194fa93570,"[75, 24937]","[75, 16147, 24676, 1365, 5596]",0.5,1.0,0.7312028408050537,0.9994562864303589,qwen3.5-122b,"Based on the provided context, the character featured in P.L. Travers's third book and last novel in the ""Mary Poppins"" series is a **magical English nanny** named Mary Poppins.",0.0,0.0,0.0,OK,
248,248,dpr,mmr_0.25,"What boy band formed in Orlando, Florida in 1993 performed at the 2001 Kids Choice Awards?",5ab3244c554299233954ff29,"[4050, 986]","[4050, 13791, 2813, 24566, 5649]",0.5,1.0,0.7561200261116028,0.05029429495334625,qwen3.5-122b,"Based on the provided context, I cannot answer this based on the provided context.

While Document 1 mentions that the boy band *NSYNC performed at the 2001 Kids' Choice Awards, it does not state that they formed in Orlando, Florida in 1993.",0.0,0.0,0.0,OK,
249,249,dpr,mmr_0.25,How do the Peter Laufer books Forbidden Creatures and No Animals Were Harmed differ in their focus on animals?,5ab3cecd5542992ade7c6eae,"[14697, 14692]","[14692, 23290, 8170, 114, 6906]",0.5,1.0,0.7218036651611328,0.9289939403533936,qwen3.5-122b,"I cannot answer this based on the provided context.

While the context mentions that *No Animals Were Harmed* explores the line between using animals for entertainment and abusing them, and that *Forbidden Creatures* is the preceding book in the same trilogy, it does not provide specific details about the focus of *Forbidden Creatures* or how the two books differ from one another.",0.0,0.0,0.0,OK,
250,250,dpr,mmr_0.25,Who was the team president of the 2012 Cleveland Browns?,5ab42d6055429942dd415eb0,"[13279, 1484]","[1484, 23137, 3842, 22614, 13279]",1.0,1.0,0.6894839406013489,0.7737779021263123,qwen3.5-122b,"Based on the provided context, the team president of the 2012 Cleveland Browns was **Mike Holmgren** (also referred to as Michael George Holmgren).

Document 5 states: ""The 2012 season was the third season under the leadership of team president Mike Holmgren..."" and Document 1 confirms that Holmgren served as president of the Cleveland Browns.",0.0,0.0,0.0,OK,
251,251,dpr,mmr_0.25,To where did the war criminal who is the fictional defendant in the film After the Truth flee in real life ?,5ab4304a55429942dd415ec5,"[16694, 25092]","[16694, 24811, 11570, 16976, 5382]",0.5,1.0,0.7194923162460327,0.20959001779556274,qwen3.5-122b,I cannot answer this based on the provided context.,0.0,0.0,0.0,OK,
252,252,dpr,mmr_0.25,Do Lush and P.O.D. both consist of four band members?,5ab4428c5542990594ba9bda,"[4103, 6701]","[4103, 24458, 3440, 15718, 21391]",0.5,1.0,0.7552541494369507,0.06491176038980484,qwen3.5-122b,I cannot answer this based on the provided context.,0.0,0.0,0.0,OK,
253,253,dpr,mmr_0.25,Who provided the source material for the 2015 Australian revenge comedy-drama film in which Rebecca Gibney featured?,5ab46f4e5542991751b4d770,"[14935, 18366]","[18366, 10433, 1543, 4109, 16511]",0.5,1.0,0.7019572854042053,0.06704868376255035,qwen3.5-122b,I cannot answer this based on the provided context.,0.0,0.0,0.0,OK,
254,254,dpr,mmr_0.25,"At the 46th Grammy Awards, which award did the album by The White Stripes, which included the song Seven Nation Army, win?",5ab474135542991751b4d77b,"[8564, 10963]","[8564, 12942, 21313, 13255, 23511]",0.5,1.0,0.7602158784866333,0.16844841837882996,qwen3.5-122b,"Based on the provided context, I cannot answer this question.

While Document 1 states that the song ""Seven Nation Army"" won the Grammy Award for Best Rock Song, it does not specify that this occurred at the 46th Grammy Awards, nor does it mention any awards won by the album ""Elephant"" itself.",0.0,0.0,0.0,OK,
255,255,dpr,mmr_0.25,"Which facility was founded in Missouri, Discovery Zone or Valentino's?",5ab484415542990594ba9c44,"[25725, 10636]","[25725, 11092, 14883, 10636, 21132]",1.0,1.0,0.6879018545150757,0.11666638404130936,qwen3.5-122b,"Based on the provided context, **Discovery Zone** was founded in Missouri.

Document 1 states that the first Discovery Zone location was opened in Kansas City, Missouri, in October 1989. In contrast, Document 4 indicates that Valentino's is based in Lincoln, Nebraska, and was founded there in 1957.",0.0,0.0,0.0,OK,
256,256,dpr,mmr_0.25,Both Truth in Science and Discovery embrace what campaign?,5ab4e3065542990594ba9cb4,"[25109, 17812]","[25109, 12304, 23034, 14019, 17842]",0.5,1.0,0.6984478235244751,0.9213175773620605,qwen3.5-122b,"Based on the provided context, Truth in Science promotes the Discovery Institute's ""Teach the Controversy"" campaign. The text does not mention an organization called ""Discovery"" embracing a campaign, but it does state that Truth in Science is affiliated with the Discovery Institute and follows its strategy regarding this campaign.

Answer: The ""Teach the Controversy"" campaign.",0.0,0.0,0.0,OK,
257,257,dpr,mmr_0.25,What is the nationality of the most successful female ski racer ever?,5ab503db5542990594ba9cc8,"[191, 15876]","[191, 10821, 2815, 15876, 11340]",1.0,1.0,0.689731240272522,0.8790690898895264,qwen3.5-122b,"Based on the provided context, I cannot answer this question.

Document 1 states that Verena Schneider is the ""third most successful female ski racer ever"" and identifies her as being from **Switzerland**. Document 4 mentions Lindsey Vonn and Annemarie Moser-Pröll as the two skiers ahead of her, but the text does not explicitly state who holds the title of the ""most successful female ski racer ever"" (i.e., whether it is Vonn or Moser-Pröll), nor does it provide the nationality of the person ranked first.",0.0,0.0,0.0,OK,
258,258,dpr,mmr_0.25,What was the budget of the film in which Kodi Smit-McPhee voiced Norman Babcock?,5ab5062f55429942dd415fd1,"[854, 12076]","[10750, 24476, 16530, 4018, 14963]",0.0,0.0,0.7153197526931763,0.13628563284873962,qwen3.5-122b,I cannot answer this based on the provided context.,0.0,0.0,0.0,OK,
259,259,dpr,mmr_0.25,"Who won the 2007 Copa America Final, with help from Julio Baptista?",5ab514dc5542990594ba9cfa,"[10234, 6555]","[10234, 2232, 812, 10994, 17586]",0.5,1.0,0.7066704034805298,0.9988824725151062,qwen3.5-122b,"Based on the provided context, **Brazil** won the 2007 Copa América Final. The document states that Brazil defeated Argentina 3–0, with goals from Júlio Baptista, a Roberto Ayala own goal, and Dani Alves.",0.0,0.0,0.0,OK,
260,260,dpr,mmr_0.25,God Is Not Great is by a journalist which due to his actions made him what?,5ab53bee554299637185c526,"[611, 7524]","[611, 24555, 2121, 9830, 778]",0.5,1.0,0.7695478200912476,0.9544935822486877,qwen3.5-122b,I cannot answer this based on the provided context.,0.0,0.0,0.0,OK,
261,261,dpr,mmr_0.25,"The producer of ""Live By NIght"" began his film career playing what role in ""Critters 3""?",5ab545d3554299494045ef5c,"[13962, 21971]","[24794, 23681, 22337, 17423, 6208]",0.0,0.0,0.6715837717056274,0.12111447006464005,qwen3.5-122b,I cannot answer this based on the provided context.,0.0,0.0,0.0,OK,
262,262,dpr,mmr_0.25,"What is the birthdate of this American actor, director, and producer, who starred in Not Another B Movie?",5ab58ee6554299488d4d99d6,"[13066, 6018]","[13066, 21971, 20290, 7977, 21505]",0.5,1.0,0.7472798824310303,0.6885409355163574,qwen3.5-122b,"I cannot answer this based on the provided context.

The provided text states that *Not Another B Movie* was written and directed by John Wesley Norton and lists several actors (Byron Thames, Larry Thomas, James Vallo, David Faustino, Joe Estevez, and Ed Asner), but it does not provide the birthdate for John Wesley Norton or any of the actors listed.",0.0,0.0,0.0,OK,
263,263,dpr,mmr_0.25,Prominent Danish Tibetologist Per Kjeld Sørensen is a professor of Central Asian Studies at Leipzig University that was founded by who?,5ab5ac345542992aa134a37f,"[20323, 13198]","[20323, 12638, 11045, 4647, 4966]",0.5,1.0,0.6960986256599426,0.037734344601631165,qwen3.5-122b,I cannot answer this based on the provided context.,0.0,0.0,0.0,OK,
264,264,dpr,mmr_0.25,"Who is Bruce Spizer an expert on, known as the most influential act of the rock era?",5ab5ed505542997d4ad1f255,"[8469, 11122]","[8469, 20415, 11122, 24342, 21035]",1.0,1.0,0.7110186815261841,0.9138949513435364,qwen3.5-122b,"Based on the provided context, Bruce Spizer is an expert on **The Beatles**.

Document 1 states that David ""Bruce"" Spizer is ""recognized as an expert on The Beatles."" Document 3 confirms that The Beatles ""became widely regarded as the foremost and most influential act of the rock era.""",0.0,0.0,0.0,OK,
265,265,dpr,mmr_0.25,"Which is in the family Rutaceae, the Diplolaena or the Arenaria?",5ab5eed65542997d4ad1f25c,"[25467, 11029]","[9510, 20880, 11029, 24884, 24835]",0.5,0.3333333333333333,0.7202550172805786,0.03473846986889839,qwen3.5-122b,I cannot answer this based on the provided context.,0.0,0.0,0.0,OK,
266,266,dpr,mmr_0.25,The Church of England's Oxford Movement was opposed by a clergyman who wrote what type of literature?,5ab61798554299488d4d9aaa,"[2415, 10019]","[10019, 24597, 4262, 7524, 11503]",0.5,1.0,0.696980357170105,0.14333459734916687,qwen3.5-122b,I cannot answer this based on the provided context.,0.0,0.0,0.0,OK,
267,267,dpr,mmr_0.25,Are Broughtonia and Laeliocattleya both orchids?,5ab642845542995eadeeff8e,"[10779, 10794]","[10794, 25058, 10198, 24884, 10779]",1.0,1.0,0.6028167009353638,0.999664843082428,qwen3.5-122b,"Yes, both Broughtonia and Laeliocattleya are orchids.

- **Broughtonia** is explicitly described as a genus of orchids (family Orchidaceae) native to the Bahamas and the Greater Antilles.
- **Laeliocattleya** is described as a nothogenus of intergeneric orchid hybrids descended from the parental genera ""Laelia"" and ""Cattleya,"" which are also orchids.

Therefore, both are indeed orchids.",0.0,0.0,0.0,OK,
268,268,dpr,mmr_0.25,"Which American audio engineer and clandestine chemist, who was a key figure in the San Francisco Bay Area hippie movement during the 1960s recorded the album ""Old and in the Way?""",5ab69c25554299110f219a39,"[24595, 25033]","[25033, 5024, 21175, 4839, 20775]",0.5,1.0,0.7382135391235352,0.9985480308532715,qwen3.5-122b,"Based on the provided context, the American audio engineer and clandestine chemist who was a key figure in the San Francisco Bay Area hippie movement during the 1960s is **Owsley Stanley** (also known as Bear).

However, the provided documents do not contain information stating that he recorded the album ""Old and in the Way."" Document 1 mentions he recorded live tapes for the Grateful Dead, but does not mention ""Old and in the Way.""

Therefore, while I can identify the person described, I cannot confirm from the text that he recorded that specific album.

**Answer:** Owsley Stanley (Note: The provided context identifies him as the person described but does not mention him recording the album ""Old and in the Way"").",0.0,0.0,0.0,OK,
269,269,dpr,mmr_0.25,What kind of act does Whaling in Australia and Right whale have in common?,5ab6cebd55429954757d3378,"[22824, 11260]","[22824, 11260, 4326, 14276, 9246]",1.0,1.0,0.6603726744651794,0.855317234992981,qwen3.5-122b,"Based on the provided context, the common act between whaling in Australia and right whales is **whaling** (or being **hunted**).

*   **Document 1** states that whaling in Australia commenced in 1791 and that the main varieties of whales hunted included **right whales**.
*   **Document 2** mentions that right whales were identified by whalers as the ""right"" whale to **kill on a hunt**.",0.0,0.0,0.0,OK,
270,270,dpr,mmr_0.25,The football manager who recruited David Beckham managed Manchester United during what timeframe?,5ab6d09255429954757d337d,"[2569, 17883]","[17883, 12505, 19602, 2569, 5327]",1.0,1.0,0.6706961989402771,0.0716104656457901,qwen3.5-122b,"Based on the provided context, the football manager who recruited David Beckham is Alex Ferguson (mentioned in Document 4 as the manager who drafted in young players including David Beckham). According to Document 1, Sir Alexander Chapman Ferguson managed Manchester United from **1986 to 2013**.",0.0,0.0,0.0,OK,
271,271,dpr,mmr_0.25,Roden Brothers were taken over in 1953 by a group headquartered in which Canadian city ?,5ab6ddb655429953192ad39e,"[17797, 5009]","[6132, 17797, 6283, 9972, 6810]",0.5,0.5,0.6967893838882446,0.9312640428543091,qwen3.5-122b,"Based on the provided context, Roden Brothers was taken over in 1953 by **Henry Birks and Sons**. However, the text does not state the city where Henry Birks and Sons was headquartered.

Therefore, I cannot answer this based on the provided context.",0.0,0.0,0.0,OK,
272,272,dpr,mmr_0.25,Who was a supporting cast member of King Rat and was knighted in February 2001?,5ab6e8e6554299710c8d1faf,"[1130, 3718]","[1130, 22649, 3761, 4290, 5165]",0.5,1.0,0.7170631289482117,0.0443517342209816,qwen3.5-122b,I cannot answer this based on the provided context.,0.0,0.0,0.0,OK,
273,273,dpr,mmr_0.25,"What is the name of the physician who studied the cause of the 1854 Broad Street cholera outbreak in London, England?",5ab70c41554299110f219a9d,"[4072, 885]","[885, 12247, 6041, 13660, 25339]",0.5,1.0,0.7276937365531921,0.996273934841156,qwen3.5-122b,"Based on the provided context, the physician who studied the cause of the 1854 cholera outbreak in Soho, London, is **John Snow**.

Document 1 states: ""John Snow... is considered one of the fathers of modern epidemiology, in part because of his work in tracing the source of a cholera outbreak in Soho, London, in 1854.""",0.0,0.0,0.0,OK,
274,274,dpr,mmr_0.25,SS Ionic was built by the industrial company based in what city?,5ab7b0775542992aa3b8c83e,"[2648, 6388]","[2648, 24841, 10867, 10031, 12956]",0.5,1.0,0.7215398550033569,0.9887893199920654,qwen3.5-122b,"Based on Document 1, the SS Ionic was built by Harland and Wolff in **Belfast**.",0.0,0.0,0.0,OK,
275,275,dpr,mmr_0.25,"Why are many of the band, Hirsute Pursuit's songs considered controversial?",5ab804305542995dae37ea14,"[21048, 17630]","[21048, 23531, 6701, 24458, 20313]",0.5,1.0,0.7726007699966431,0.999908983707428,qwen3.5-122b,"Based on the provided context, many of Hirsute Pursuit's songs are considered controversial due to their **explicit nature** and their thematic focus on **homosexuality, gay sex, and the gay bear subculture**. This controversial and explicit content has frequently led to their videos being taken down from YouTube.",0.0,0.0,0.0,OK,
276,276,dpr,mmr_0.25,Which direction do both the M1 and the M6 Motorways travel?,5ab815865542995dae37ea2d,"[4673, 4672]","[4672, 1331, 25240, 24503, 10883]",0.5,1.0,0.6650243997573853,0.04382575675845146,qwen3.5-122b,I cannot answer this based on the provided context.,0.0,0.0,0.0,OK,
277,277,dpr,mmr_0.25,Carlos Alberto Hurtado played on loan from a mexican team which plays where?,5ab833ad5542990e739ec86f,"[20173, 1268]","[12238, 19026, 1523, 14978, 6555]",0.0,0.0,0.6308201551437378,0.05079752579331398,qwen3.5-122b,I cannot answer this based on the provided context.,0.0,0.0,0.0,OK,
278,278,dpr,mmr_0.25,The Red Queen's Race is a science fiction short story that uses the Red Queen's race from a novel by Lewis Carroll that is the sequel to what?,5ab84f2c55429934fafe6d54,"[1512, 11989]","[1512, 24512, 21013, 4705, 3853]",0.5,1.0,0.706969141960144,0.7995626926422119,qwen3.5-122b,"Based on Document 1, the story uses the Red Queen's race from Lewis Carroll's ""Through the Looking-Glass."" While the provided text does not explicitly name the book that ""Through the Looking-Glass"" is a sequel to, it is common knowledge that ""Through the Looking-Glass"" is the sequel to ""Alice's Adventures in Wonderland.""

However, strictly adhering to the instruction to answer **ONLY** based on the provided context: The provided context mentions ""Through the Looking-Glass"" but does not state what novel it is a sequel to.

Therefore: I cannot answer this based on the provided context.",0.0,0.0,0.0,OK,
279,279,dpr,mmr_0.25,Erskine Academy is located in a village in what county?,5ab850795542990e739ec8bd,"[1923, 2677]","[1923, 18427, 6804, 23274, 2544]",0.5,1.0,0.7126144170761108,0.09594175219535828,qwen3.5-122b,I cannot answer this based on the provided context.,0.0,0.0,0.0,OK,
280,280,dpr,mmr_0.25,"Which peak is flanked by Manaslu, Shispare or Ngadi Chuli?",5ab852c05542990e739ec8c5,"[18147, 11093]","[18147, 11093, 12984, 10572, 7717]",1.0,1.0,0.5366938710212708,0.04395398870110512,qwen3.5-122b,"Based on the provided context, **Ngadi Chuli** is the peak flanked by Manaslu.

Document 2 states: ""Ngadi Chuli... is flanked by Manaslu to the north and Himalchuli to the south."" Document 1 mentions Shispare is in the Batura Muztagh but does not mention it being flanked by Manaslu.",0.0,0.0,0.0,OK,
281,281,dpr,mmr_0.25,Substorm was described in qualitative terms by a scientist nominated for what seven times?,5ab864945542990e739ec8e1,"[9605, 23854]","[4831, 24363, 9605, 15356, 8337]",0.5,0.3333333333333333,0.7220096588134766,0.11572665721178055,qwen3.5-122b,I cannot answer this based on the provided context.,0.0,0.0,0.0,OK,
282,282,dpr,mmr_0.25,Lucas da Silva Carvalho was an unused reserve runner for a Brazilian athletics track event which at top class events is run in lanes for the first what?,5ab865235542992aa3b8c8db,"[22927, 5523]","[5523, 23651, 17454, 25102, 10592]",0.5,1.0,0.7259539365768433,0.036245934665203094,qwen3.5-122b,I cannot answer this based on the provided context.,0.0,0.0,0.0,OK,
283,283,dpr,mmr_0.25,What profession was both John Updike and Bret Easton Ellis ?,5ab8764155429919ba4e22fe,"[3437, 4643]","[4643, 24893, 3437, 22166, 13832]",1.0,1.0,0.7040150165557861,0.9823188185691833,qwen3.5-122b,"Based on the provided context, both John Updike and Bret Easton Ellis were **short story writers**.

*   **Document 1** states that Bret Easton Ellis is an ""American author, screenwriter, and **short story writer**.""
*   **Document 3** states that John Hoyer Updike was an ""American novelist, poet, **short story writer**, art critic, and literary critic.""

Both are also described as **authors** (Document 1 and Document 3).",0.0,0.0,0.0,OK,
284,284,dpr,mmr_0.25,Are John le Carré and Tim Winton both novelists?,5ab90e9755429934fafe6e51,"[4612, 165]","[4643, 24493, 4599, 6422, 13207]",0.0,0.0,0.7055932879447937,0.16673573851585388,qwen3.5-122b,I cannot answer this based on the provided context.,0.0,0.0,0.0,OK,
285,285,dpr,mmr_0.25,Is there fruit juice in both a Fizz and a Painkiller cocktail?,5ab934465542996be202043e,"[25675, 1128]","[1128, 25675, 15125, 21648, 4011]",1.0,1.0,0.6912773847579956,0.10840990394353867,qwen3.5-122b,"Yes, based on the provided context, both cocktails contain fruit juice.

*   **Painkiller:** Document 1 states it is a blend containing ""4 parts **pineapple juice**"" and ""1 part **orange juice**.""
*   **Fizz:** Document 2 states its defining features include an ""acidic **juice** (such as **lemon** or **lime**).""",0.0,0.0,0.0,OK,
286,286,dpr,mmr_0.25,"The non-fiction book ""Finding Chandra"" is about an affair between the victim and a congressman that holds a B.B.A from what school?",5ab973b35542996be20204fd,"[9608, 22274]","[9608, 4912, 12119, 12080, 14230]",0.5,1.0,0.7523684501647949,0.06330686807632446,qwen3.5-122b,I cannot answer this based on the provided context.,0.0,0.0,0.0,OK,
287,287,dpr,mmr_0.25,"Which sister of Margarita ""Peggy"" Schuyler Van Rensselaer is sometimes called Betsey?",5ab9d0b755429955dce3ed8f,"[21216, 252]","[21216, 8109, 7079, 24068, 6908]",0.5,1.0,0.6848220825195312,0.884425163269043,qwen3.5-122b,"Based on the provided context, the sister of Margarita ""Peggy"" Schuyler Van Rensselaer is **Elizabeth Schuyler Hamilton**.

(Note: While the provided text identifies her as Elizabeth Schuyler Hamilton, it does not explicitly state that she is ""sometimes called Betsey,"" but she is the only sister listed in the context.)",0.0,0.0,0.0,OK,
288,288,dpr,mmr_0.25,Are Eve Beglarian and Zach Bogosian both of Armenian descent?,5ab9ddef5542994dbf019875,"[22531, 4421]","[737, 4780, 24964, 10271, 5936]",0.0,0.0,0.7384366989135742,0.360282301902771,qwen3.5-122b,I cannot answer this based on the provided context.,0.0,0.0,0.0,OK,
289,289,dpr,mmr_0.25,"The English actor Kris Marshall played which character in the highly rated comedy-drama television series ""Death in Paradise""?",5ab9debb55429955dce3ed97,"[17157, 12938]","[12938, 3718, 24586, 21657, 9780]",0.5,1.0,0.7439287304878235,0.10145775973796844,qwen3.5-122b,I cannot answer this based on the provided context.,0.0,0.0,0.0,OK,
290,290,dpr,mmr_0.25,In what year was the scientific journal for which Danilo Erricolo is currently Editor-in-Chief established?,5aba18ee5542994dbf0198b4,"[22478, 9472]","[11372, 15162, 21435, 5190, 903]",0.0,0.0,0.6548190116882324,0.053870655596256256,qwen3.5-122b,I cannot answer this based on the provided context.,0.0,0.0,0.0,OK,
291,291,dpr,mmr_0.25,Yakuza Kiwami is a remake of the first video game in what video game series that is an open world action-adventure beat 'em up video game franchise?,5aba510f5542994dbf0198d6,"[22508, 8958]","[8958, 14512, 15367, 15671, 6608]",0.5,1.0,0.7547165155410767,0.9948039650917053,qwen3.5-122b,"Based on the provided context, **Yakuza Kiwami** is a remake of the first video game in the **Yakuza** series (known in Japan as **Ryū ga Gotoku**).

Document 1 states that ""Yakuza, known in Japan as Ryū ga Gotoku... is an open world action-adventure beat 'em up video game franchise."" While the text does not explicitly mention ""Yakuza Kiwami,"" it defines the franchise described in your question as the Yakuza series.",0.0,0.0,0.0,OK,
292,292,dpr,mmr_0.25,"Giuseppe Tornatore, an italian film director and screenwriter, wrote and directed his film ""The Best Offer"" in what language?",5aba6d4b5542994dbf019906,"[17780, 14963]","[14963, 543, 17780, 20450, 14954]",1.0,1.0,0.7221331000328064,0.9875447154045105,qwen3.5-122b,"Based on the provided context, Giuseppe Tornatore's film ""The Best Offer"" is an **English-language** film (though it is an Italian production).

Document 1 states: ""The Best Offer ... is a 2013 Italian **English-language** romantic mystery film written and directed by Giuseppe Tornatore.""",0.0,0.0,0.0,OK,
293,293,dpr,mmr_0.25,The Indigenous Team of the Century's coach played over how many games at senior level?,5aba7a22554299232ef4a2e7,"[9170, 25933]","[9170, 17436, 5710, 15173, 19286]",0.5,1.0,0.7075899243354797,0.062693752348423,qwen3.5-122b,I cannot answer this based on the provided context.,0.0,0.0,0.0,OK,
294,294,dpr,mmr_0.25,"Which Canadian Province was captured with the support of the Mi'kmaq, Maliseet, Passamaquoddy, Abenaki, and Penobscot?",5aba916c55429901930fa83b,"[9455, 2012]","[2012, 10549, 15690, 5755, 9455]",1.0,1.0,0.7006184458732605,0.9935727715492249,qwen3.5-122b,"Based on the provided context, the **Province of Quebec** (specifically the region that included Acadia, which was renamed **Nova Scotia**) was the territory captured with the support of the Mi'kmaq, Maliseet, Passamaquoddy, Abenaki, and Penobscot.

Here is the breakdown based on the documents:
*   **Document 1** identifies the **Mi'kmaq, Maliseet, Passamaquoddy, Abenaki, and Penobscot** as the five principal nations of the **Wabanaki Confederacy**.
*   **Document 5** states that the **Siege of Port Royal** (the conquest of **Acadia**, which the British renamed **Nova Scotia**) was conducted against a French garrison and the **Wabanaki Confederacy**.

*Note: The text indicates the Wabanaki Confederacy fought **against** the British during the Siege of Port Royal, not with them. However, the question asks which province was captured in the context of these nations being involved. The only province mentioned in relation to these specific nations and a capture event in the text is Nova Scotia (formerly Acadia), though the text describes them as defenders against the British capture, not supporters of it. If the question implies a different event where they supported a capture, that information is not present in the provided context.*

**Correction based on strict reading:** The text states the Wabanaki Confederacy (comprising the listed nations) fought **against** the British at the Siege of Port Royal (Acadia/Nova Scotia). The text does **not** state that these nations supported the capture of any Canadian Province. In fact, they were the ones defending the French possession.

Therefore, strictly based on the provided text, the nations listed were **opponents** of the British capture of **Acadia (Nova Scotia)**, not supporters. The text does not contain information about a Canadian Province being captured *with the support* of these nations.

**Final Answer Formulation:**
The provided context does not state that any Canadian Province was captured *with the support* of the Mi'kmaq, Maliseet, Passamaquoddy, Abenaki, and Penobscot. Instead, **Document 5** states that these nations (as part of the **Wabanaki Confederacy**) fought **against** the British forces during the **Siege of Port Royal**, which resulted in the capture of **Ac",0.0,0.0,0.0,OK,
295,295,dpr,mmr_0.25,Which Formula One World Champion had a teammate named Richie Ginther?,5aba926f55429901930fa83e,"[654, 8570]","[8570, 25336, 25690, 6900, 24212]",0.5,1.0,0.7054756283760071,0.07087673991918564,qwen3.5-122b,I cannot answer this based on the provided context.,0.0,0.0,0.0,OK,
296,296,dpr,mmr_0.25,What was the title of the failed magazine that preceded and inspired the The Science Fiction League?,5aba97ed55429901930fa84d,"[18108, 3044]","[18108, 18728, 25344, 13073, 23634]",0.5,1.0,0.6566445827484131,0.04587232321500778,qwen3.5-122b,I cannot answer this based on the provided context.,0.0,0.0,0.0,OK,
297,297,dpr,mmr_0.25,Andrew Stanton co-directed which film which featured greedy grasshoppers?,5aba9e545542994dbf019986,"[4757, 19185]","[23546, 543, 25913, 25829, 2801]",0.0,0.0,0.7121915817260742,0.10457803308963776,qwen3.5-122b,I cannot answer this based on the provided context.,0.0,0.0,0.0,OK,
298,298,dpr,mmr_0.25,How many Golden Globe Awards did this English retired actress whose career has spanned over six decades and who appeared in the two-act drama Moby Dick—Rehearsed by Orson Welles?,5abac89d55429901930fa8b5,"[17457, 11151]","[11151, 128, 17457, 7620, 17203]",1.0,1.0,0.7134560346603394,0.9946985244750977,qwen3.5-122b,"Based on the provided context, the English retired actress described is **Joan Plowright** (Dame Joan Plowright).

*   **Document 1** states she is an ""English retired actress whose career has spanned over six decades"" and that she ""has won **two** Golden Globe Awards.""
*   **Document 3** confirms that Joan Plowright appeared in the ""two-act drama Moby Dick—Rehearsed by Orson Welles.""

Therefore, she won **two** Golden Globe Awards.",0.0,0.0,0.0,OK,
299,299,dpr,mmr_0.25,In what part of England is John Folwes' country house located?,5abacac45542996cc5e49e94,"[20071, 6422]","[20071, 10347, 5875, 2644, 19423]",0.5,1.0,0.6352373361587524,0.9988818764686584,qwen3.5-122b,"Based on the provided context, John Fowles' country house, Belmont, is located in **West Dorset**, South West England.",0.0,0.0,0.0,OK,
300,300,dpr,mmr_0.25,Curious is a women's fragrance by a singer born in what city and state?,5abaccd1554299660624161b,"[14248, 13075]","[14248, 10919, 16387, 7891, 5156]",0.5,1.0,0.7516694068908691,0.05795998126268387,qwen3.5-122b,I cannot answer this based on the provided context.,0.0,0.0,0.0,OK,
301,301,dpr,mmr_0.25,What award did the writer of Never Let Me Go novel win in 1989?,5abae3205542996cc5e49edc,"[4031, 2087]","[4031, 3437, 14630, 8776, 2476]",0.5,1.0,0.6781892776489258,0.969169557094574,qwen3.5-122b,"Based on the provided context, the writer of the novel *Never Let Me Go* is Kazuo Ishiguro. According to Document 1, he won the **Booker Prize** in 1989 for his novel *The Remains of the Day*.",0.0,0.0,0.0,OK,
302,302,dpr,mmr_0.25,White love was what number of single created by a record label est in 2008 by Kim Shi Dao?,5abafb6d5542992ccd8e7e92,"[16888, 12840]","[16888, 1014, 13298, 18405, 17649]",0.5,1.0,0.6271780133247375,0.08032888174057007,qwen3.5-122b,I cannot answer this based on the provided context.,0.0,0.0,0.0,OK,
303,303,dpr,mmr_0.25,How many constituents does Greg Gianforte's district have?,5abb14a55542992ccd8e7f06,"[11988, 25940]","[7960, 10692, 19764, 11988, 17857]",0.5,0.25,0.7294884920120239,0.03895832970738411,qwen3.5-122b,I cannot answer this based on the provided context.,0.0,0.0,0.0,OK,
304,304,dpr,mmr_0.25,Harry Emerson Fosdick was called to serve as pastor at a church that opened its doors on what date?,5abb2f2f554299232ef4a3d7,"[25912, 1349]","[25912, 128, 10648, 3111, 8951]",0.5,1.0,0.7502688765525818,0.14820778369903564,qwen3.5-122b,I cannot answer this based on the provided context.,0.0,0.0,0.0,OK,
305,305,dpr,mmr_0.25,"The world's greatest Super-Heroes anthology showcased one of four superheroes known for speaking the phrase ""SHAZAM"", what was their name?",5abb342055429966062416e8,"[2617, 16362]","[2617, 16362, 14262, 17461, 11700]",1.0,1.0,0.6184585094451904,0.8168551325798035,qwen3.5-122b,"Based on the provided context, the superhero showcased in *The World's Greatest Super-Heroes* anthology who is known for speaking the phrase ""SHAZAM"" is **Captain Marvel**.

Document 1 states that the anthology reprinted graphic novels celebrating four main characters, including Captain Marvel. Document 2 confirms that Captain Marvel is the character who transforms by speaking the magic word ""SHAZAM"".",0.0,0.0,0.0,OK,
306,306,dpr,mmr_0.25,Jean-Paul Sartre or George Bernard Shaw  have more influence on turn of the century literature?,5abbb42555429931dba144af,"[3723, 1726]","[6422, 1155, 23115, 1726, 16390]",0.5,0.25,0.7022182941436768,0.0739765390753746,qwen3.5-122b,I cannot answer this based on the provided context.,0.0,0.0,0.0,OK,
307,307,dpr,mmr_0.25,"Which genus of plant grows originally in Mexico and Guatemala, Phylica or Weldenia?",5abbc4d255429931dba144fe,"[1787, 11876]","[11876, 8953, 10198, 23526, 20696]",0.5,1.0,0.6328332424163818,0.3987698256969452,qwen3.5-122b,"Based on the provided context, **Weldenia** is the genus that grows originally in Mexico and Guatemala.

Document 1 states: ""Weldenia is a monotypic genus of flowering plant... It has one single species: Weldenia candida, which grows originally in Mexico and Guatemala."" The provided text does not contain information about the genus *Phylica*.",0.0,0.0,0.0,OK,
308,308,dpr,mmr_0.25,Are Cardinal Health and Kansas City Southern located in the same state?,5abbd58d554299660624172f,"[205, 18601]","[205, 24769, 4330, 24918, 25942]",0.5,1.0,0.6606358885765076,0.08579006046056747,qwen3.5-122b,I cannot answer this based on the provided context.,0.0,0.0,0.0,OK,
309,309,dpr,mmr_0.25,"Which is larger, Garajonay National Park or Guadarrama National Park?",5abbdb195542993f40c73bf1,"[11172, 24782]","[11172, 24782, 8690, 9598, 14578]",1.0,1.0,0.7130424976348877,0.9948639869689941,qwen3.5-122b,"Based on the provided context, **Guadarrama National Park** (Sierra de Guadarrama National Park) is larger.

*   **Garajonay National Park** occupies **40 km²** (15 sq mi).
*   **Guadarrama National Park** covers nearly **34,000 hectares** (which is equivalent to 340 km²).

Therefore, Guadarrama National Park is significantly larger than Garajonay National Park.",0.0,0.0,0.0,OK,
310,310,dpr,mmr_0.25,Who directed the 1971 film in which Pat Ashton starred in?,5abbdd6955429931dba145b5,"[16644, 6235]","[6208, 18119, 2801, 7388, 25662]",0.0,0.0,0.6294583082199097,0.1906203329563141,qwen3.5-122b,I cannot answer this based on the provided context.,0.0,0.0,0.0,OK,
311,311,dpr,mmr_0.25,Rolls-Royce Welland's name is taken from this river that is low long,5abbe4c0554299642a094bc0,"[3379, 2969]","[2969, 24378, 19423, 2848, 4974]",0.5,1.0,0.7004256844520569,0.9542773962020874,qwen3.5-122b,"Based on the provided context, the river described as a ""lowland river"" (which aligns with ""low long"" in your query) is the **River Welland**.

Document 1 states: ""The River Welland is a lowland river in the east of England, some 65 mi long.""

(Note: The provided context does not explicitly mention ""Rolls-Royce Welland,"" but it does identify the River Welland as the lowland river in question.)",0.0,0.0,0.0,OK,
312,312,dpr,mmr_0.25,Are both Viken Babikian and Don Manoukian American ?,5abbf8bc5542993f40c73c35,"[23897, 18284]","[25647, 20232, 21073, 1386, 15350]",0.0,0.0,0.7293641567230225,0.0659080520272255,qwen3.5-122b,I cannot answer this based on the provided context.,0.0,0.0,0.0,OK,
313,313,dpr,mmr_0.25,Are Wake Forest University and Pennsylvania State University both located in the US?,5abc081e5542993f40c73c54,"[8163, 1172]","[24409, 1172, 8163, 24769, 18881]",1.0,0.5,0.6197770237922668,0.6517643332481384,qwen3.5-122b,"Yes, both Wake Forest University and Pennsylvania State University are located in the United States.

*   **Wake Forest University** is located in Winston-Salem, **North Carolina, United States** (Document 3).
*   **The Pennsylvania State University** has campuses and facilities throughout **Pennsylvania**, which is a state in the **United States** (Document 2).",0.0,0.0,0.0,OK,
314,314,dpr,mmr_0.25,"Which Argentine telenovela broadcast by Telefe from March 12 to December 19, 2012 starred Isabel Macedo as Jimena Benitez?",5abc5951554299114383a116,"[18916, 14305]","[18916, 10107, 22002, 16741, 21707]",0.5,1.0,0.6971818208694458,0.8519476652145386,qwen3.5-122b,"Based on the provided context, the Argentine telenovela is **Graduados**.

Document 1 states that Patricia Longo, also known as **Jimena Benìtez**, is a fictional character in the 2012 Argentine telenovela ""**Graduados**"" and is played by **Isabel Macedo**. While the specific broadcast dates (March 12 to December 19, 2012) and the channel (Telefe) are not explicitly mentioned in the provided text, the character name, actress, year, and nationality match the details in the question.",0.0,0.0,0.0,OK,
315,315,dpr,mmr_0.25,"Which movie was released first, Return to Oz or Midnight Madness?",5abc5955554299114383a118,"[23385, 7388]","[23385, 7388, 5373, 16147, 23220]",1.0,1.0,0.7001227140426636,0.009296891279518604,qwen3.5-122b,"Based on the provided context, **Midnight Madness** was released first.

*   **Midnight Madness** was released in **1980** (Document 2).
*   **Return to Oz** was released in **1985** (Document 1).",0.0,0.0,0.0,OK,
316,316,dpr,mmr_0.25,Matthew Butturini was born in a town on the Tweed River how many km north-east of Sydney?,5abc8d00554299700f9d78fd,"[13650, 25718]","[10772, 21104, 20605, 13650, 5846]",0.5,0.25,0.7259895205497742,0.025103870779275894,qwen3.5-122b,I cannot answer this based on the provided context.,0.0,0.0,0.0,OK,
317,317,dpr,mmr_0.25,"Soundcloud rap has been used by which rapper from Lauderhill, Florida?",5abce43855429959677d6b18,"[23066, 22127]","[23066, 12316, 20408, 23796, 7644]",0.5,1.0,0.6928470730781555,0.02090025506913662,qwen3.5-122b,I cannot answer this based on the provided context.,0.0,0.0,0.0,OK,
318,318,dpr,mmr_0.25,"The composer for the music in the film ""A Clockwork Orange"" was born in which state?",5abcf46255429959677d6b6b,"[10937, 13226]","[10937, 19552, 528, 20290, 10847]",0.5,1.0,0.7562961578369141,0.08449715375900269,qwen3.5-122b,I cannot answer this based on the provided context.,0.0,0.0,0.0,OK,
319,319,dpr,mmr_0.25,Carlos Hasselbaink is the older brother of the footballer of what nationality?,5abcf51c554299700f9d7949,"[3825, 23157]","[3825, 11248, 22944, 8670, 21949]",0.5,1.0,0.767309308052063,0.91094571352005,qwen3.5-122b,"Based on the provided context, Carlos Hasselbaink is the older brother of Jimmy Floyd Hasselbaink, who is described as a **Dutch** football (soccer) player (as Carlos is identified as a ""former Dutch football player"" and played for ""several Dutch clubs,"" and Jimmy is his brother).

Answer: Dutch",0.0,0.0,0.0,OK,
320,320,dpr,mmr_0.25,"Archie Norman will succeed Robert Swannell as chairman of what British multinational retailer that is headquartered in the city of Westminster, London?",5abd0553554299700f9d7963,"[16997, 3212]","[16997, 4334, 11630, 18418, 25266]",0.5,1.0,0.7390002608299255,0.5916085839271545,qwen3.5-122b,"Based on the provided context, Archie Norman (Archibald John Norman) will succeed Robert Swannell as chairman of **Marks & Spencer**.

Document 1 states: ""He will succeed Robert Swannell as chairman of Marks & Spencer in September 2017."" While the text does not explicitly mention that Marks & Spencer is headquartered in Westminster, it is the only British multinational retailer identified in the context associated with this succession.",0.0,0.0,0.0,OK,
321,321,dpr,mmr_0.25,Are Muzzle and Screaming Trees both alternative rock bands?,5abd0eae5542996e802b46d4,"[826, 5214]","[5214, 826, 2683, 284, 7364]",1.0,1.0,0.6500543355941772,0.9975886344909668,qwen3.5-122b,"Based on the provided context, **Muzzle** is explicitly described as an ""alternative rock band."" However, **Screaming Trees** is described as an ""American rock band"" that is ""widely associated with grunge"" and incorporated ""hard rock and psychedelic elements,"" but the text does not explicitly label them as an ""alternative rock band.""

Therefore, while the context confirms Muzzle is an alternative rock band, it does not provide enough information to confirm that Screaming Trees is also classified specifically as an alternative rock band.

I cannot answer this based on the provided context.",0.0,0.0,0.0,OK,
322,322,dpr,mmr_0.25,What is Peter Daou's website's slogan?,5abd6be55542993062266c89,"[8639, 23051]","[23051, 16521, 5062, 13265, 9976]",0.5,1.0,0.7247962951660156,0.9846845865249634,qwen3.5-122b,"Based on the provided context, Peter Daou's website's slogan is ""media for the 65.8 million.""",0.0,0.0,0.0,OK,
323,323,dpr,mmr_0.25,Were both Eugene Dynkin and Vladimir Voevodsky mathematicians from Russia?,5abd7aba55429924427fcfed,"[2170, 224]","[2170, 2151, 18768, 7503, 17409]",0.5,1.0,0.5790528655052185,0.07838289439678192,qwen3.5-122b,I cannot answer this based on the provided context.,0.0,0.0,0.0,OK,
324,324,dpr,mmr_0.25,"What village in Nassau County, New York with a name meaning ""a pleasant place"" is represented by Kathleen Rice in the United States House of Representatives?",5abd8ee05542993062266cc8,"[21639, 24844]","[21639, 6628, 9000, 23274, 1007]",0.5,1.0,0.7358077764511108,0.07720599323511124,qwen3.5-122b,I cannot answer this based on the provided context.,0.0,0.0,0.0,OK,
325,325,dpr,mmr_0.25,A private university that beat Georgetown during a basketball tournament is from what U.S. city?,5abd93115542996e802b47e0,"[4002, 7214]","[11690, 13843, 2232, 15635, 963]",0.0,0.0,0.6915902495384216,0.07408354431390762,qwen3.5-122b,I cannot answer this based on the provided context.,0.0,0.0,0.0,OK,
326,326,dpr,mmr_0.25,When was the former IBF World title holder born?,5abde7ba5542991f6610609e,"[12654, 9705]","[22408, 20241, 23938, 3162, 3610]",0.0,0.0,0.7162697315216064,0.04730851203203201,qwen3.5-122b,I cannot answer this based on the provided context.,0.0,0.0,0.0,OK,
327,327,dpr,mmr_0.25,In Ancient Egyptian religion how would a citizen be weighted to decide if they where worthy of damnation and would face the torment in the lake of fire ?,5abdf06355429976d4830a2d,"[2121, 159]","[2121, 159, 6908, 7549, 12008]",1.0,1.0,0.72297203540802,0.9996799230575562,qwen3.5-122b,"Based on the provided context, in Ancient Egyptian religious tradition, a citizen's heart was weighed against the feather of truth. If the citizen's heart was heavier than a feather, they would face torment in a lake of fire.",0.0,0.0,0.0,OK,
328,328,dpr,mmr_0.25,What is the population of the city as of the 2010 Census where the band Quincy Mumford & The Reason Why is based?,5abdf7055542993f32c2a06c,"[14194, 1496]","[14194, 25958, 24458, 6701, 1092]",0.5,1.0,0.7749098539352417,0.6104223132133484,qwen3.5-122b,"I cannot answer this based on the provided context.

The provided text states that the band Quincy Mumford & The Reason Why is based in Asbury Park, New Jersey (Document 1), but it does not contain population data for Asbury Park. Document 2 provides population data for Worcester, Massachusetts, which is a different city.",0.0,0.0,0.0,OK,
329,329,dpr,mmr_0.25,At what theater is the composer and lyricist for the musical Big Fish a residential artist?,5abdff775542993f32c2a082,"[16335, 613]","[23187, 16335, 15350, 25670, 8041]",0.5,0.5,0.6836024522781372,0.04134051501750946,qwen3.5-122b,I cannot answer this based on the provided context.,0.0,0.0,0.0,OK,
330,330,dpr,mmr_0.25,"In the Morpeth Arms pub in London, there's a Spying Room with a view overlooking the headquarters of which organisation?",5abe64bf55429976d4830b13,"[19930, 2308]","[19930, 23402, 2308, 17320, 1898]",1.0,1.0,0.6842051148414612,0.9005701541900635,qwen3.5-122b,"Based on the provided context, the Spying Room in the Morpeth Arms pub overlooks the headquarters of the **Secret Intelligence Service** (also known as MI6).

Document 1 states that the Spying Room ""provides a good view of the headquarters of the Secret Intelligence Service across the river,"" and Document 3 confirms that the SIS Building houses the headquarters of the Secret Intelligence Service (SIS, MI6).",0.0,0.0,0.0,OK,
331,331,dpr,mmr_0.25,"Which university did one of the key figures in the American documentary film, released in 2015, directed by Malcolm Ingram, pay for, before being drafted 18th overall pick for the New Jersey Nets?",5abe65e25542993f32c2a101,"[18826, 6731]","[11690, 18826, 15350, 8449, 19592]",0.5,0.5,0.7297894954681396,0.07408354431390762,qwen3.5-122b,I cannot answer this based on the provided context.,0.0,0.0,0.0,OK,
332,332,dpr,mmr_0.25,Mesih Pasha's uncle became emperor in what year?,5abe79c755429976d4830b2a,"[10700, 23898]","[7253, 7714, 22696, 3287, 24492]",0.0,0.0,0.6518885493278503,0.08732723444700241,qwen3.5-122b,I cannot answer this based on the provided context.,0.0,0.0,0.0,OK,
333,333,dpr,mmr_0.25,Millennium Greens were funded in part by a what type of lottery?,5abe87cb5542993f32c2a156,"[18446, 5511]","[18446, 11702, 23051, 177, 11189]",0.5,1.0,0.7813736200332642,0.9947329163551331,qwen3.5-122b,"Based on the provided context, Millennium Greens were funded in part by the **National Lottery**.",0.0,0.0,0.0,OK,
334,334,dpr,mmr_0.25,Lake Wales Ridge National Wildlife Refuge is on the US route that runs between a city in what Florida county?,5abecdf45542997719eab5d4,"[23487, 508]","[14578, 14053, 23487, 24052, 24419]",0.5,0.3333333333333333,0.6740232110023499,0.9816547632217407,qwen3.5-122b,"Based on the provided context, the Lake Wales Ridge National Wildlife Refuge is located east of US 27 between Davenport and Sebring, Florida. However, the text does not specify which Florida county these cities are in, nor does it explicitly state the county for the refuge itself.

Therefore, I cannot answer this based on the provided context.",0.0,0.0,0.0,OK,
335,335,dpr,mmr_0.25,Are Tantrix and Personal Preference both types of games?,5abed4d55542990832d3a0e0,"[24203, 11189]","[11189, 9600, 8958, 14512, 2557]",0.5,1.0,0.7206264138221741,0.01829187385737896,qwen3.5-122b,"Yes, based on the provided context, **Personal Preference** is explicitly described as a ""1987 board game."" However, the context does not contain any information about **Tantrix**, so I cannot confirm from the provided text whether it is also a type of game.",0.0,0.0,0.0,OK,
336,336,dpr,mmr_0.25,The 1966 Football League Cup Final was contested with which team that is based in the West Midlands?,5abee69c5542993fe9a41d8b,"[722, 13134]","[722, 13267, 19588, 24004, 16145]",0.5,1.0,0.6421107053756714,0.2939924895763397,qwen3.5-122b,"Based on the provided context, the 1966 Football League Cup Final was contested between West Bromwich Albion and West Ham United. The document does not explicitly state which of these teams is based in the West Midlands. However, West Bromwich Albion is the team associated with West Bromwich, a town in the West Midlands, whereas West Ham United is based in London.

Since the provided text only lists the teams without specifying their locations, strictly adhering to the instruction to answer **ONLY** based on the provided context:

I cannot answer this based on the provided context.",0.0,0.0,0.0,OK,
337,337,dpr,mmr_0.25,The evil clown is a subversion of the traditional comic clown character with the modern archetype popularised by a book that follows the experiences of how many children?,5abef8fd5542990832d3a111,"[18683, 9854]","[18683, 9830, 25534, 7639, 2576]",0.5,1.0,0.7669655084609985,0.03649017587304115,qwen3.5-122b,"Based on the provided context, the modern archetype of the evil clown was popularized by Stephen King's 1986 novel ""It"". However, the text does not mention how many children follow the experiences in that book.

I cannot answer this based on the provided context.",0.0,0.0,0.0,OK,
338,338,dpr,mmr_0.25,What empire was Aleksei Gen born into?,5abf8ae85542990832d3a14b,"[15809, 9132]","[10531, 7721, 2254, 11333, 9382]",0.0,0.0,0.5956678986549377,0.08786673098802567,qwen3.5-122b,I cannot answer this based on the provided context.,0.0,0.0,0.0,OK,
339,339,dpr,mmr_0.25,"When ""Good Night"" was aired on ""The Simpsons 138th Epsiode Spectacular,"" which actress did the voice of the character named after Matt Groening's mother?",5abfd5c45542994516f4550e,"[11132, 25916]","[25916, 25709, 23890, 128, 23385]",0.5,1.0,0.773432195186615,0.03172224760055542,qwen3.5-122b,I cannot answer this based on the provided context.,0.0,0.0,0.0,OK,
340,340,dpr,mmr_0.25,What is the middle name of the actor who hosted the24th People's Choice Awards with  Reba McEntire ?,5abffa095542990832d3a1de,"[11679, 7514]","[6087, 11679, 2183, 18341, 24092]",0.5,0.5,0.6719539761543274,0.10319259762763977,qwen3.5-122b,I cannot answer this based on the provided context.,0.0,0.0,0.0,OK,
341,341,dpr,mmr_0.25,What date was the person born that Samuel Flores Borrego was the right hand man of?,5ac00584554299012d1db575,"[13432, 5900]","[12797, 13350, 22944, 8952, 16166]",0.0,0.0,0.7472733855247498,0.1400853842496872,qwen3.5-122b,I cannot answer this based on the provided context.,0.0,0.0,0.0,OK,
342,342,dpr,mmr_0.25,"Which actress, who debuted in Friday Night Lights also starred in The River Why?",5ac027005542996f0d89cb3d,"[5019, 395]","[5019, 19737, 5321, 25803, 14938]",0.5,1.0,0.7243093252182007,0.10086163878440857,qwen3.5-122b,I cannot answer this based on the provided context.,0.0,0.0,0.0,OK,
343,343,dpr,mmr_0.25,In which Navy was the single-engine BAE Systems Hawk operated?,5ac04a265542997d642959f1,"[2528, 12046]","[12046, 23473, 5929, 2528, 10555]",1.0,1.0,0.6298674941062927,0.055661287158727646,qwen3.5-122b,"Based on the provided context, the single-engine BAE Systems Hawk was operated by the **Royal Navy**.

Document 4 states that the Fleet Requirements and Air Direction Unit (FRADU) was a unit of the **Royal Navy's** Fleet Air Arm and was equipped with 13 BAE Systems Hawk T1 aircraft. Document 1 confirms that the BAE Systems Hawk is a ""single-engine, jet-powered advanced trainer aircraft.""",0.0,0.0,0.0,OK,
344,344,dpr,mmr_0.25,Ambrose Mendy has managed and/or advised a British professional boxer that as of July 2017 is ranked the world's seventh best super middleweight by who?,5ac056385542997d64295a08,"[5327, 4250]","[5327, 3142, 13797, 5391, 17028]",0.5,1.0,0.7413418292999268,0.047033462673425674,qwen3.5-122b,I cannot answer this based on the provided context.,0.0,0.0,0.0,OK,
345,345,dpr,mmr_0.25,"What genre did the writer whose novel was based on ""I'll Take Manhattan"" writes?",5ac0a18a5542992a796ded41,"[21629, 24273]","[21629, 11245, 24877, 4643, 25957]",0.5,1.0,0.7173720598220825,0.2379201352596283,qwen3.5-122b,"Based on the provided context, the novel *I'll Take Manhattan* was written by **Judith Krantz**. However, the provided documents do not contain any information regarding the specific genre of writing that Judith Krantz writes.

I cannot answer this based on the provided context.",0.0,0.0,0.0,OK,
346,346,dpr,mmr_0.25,At what university is the organic chemist who headed the group that designed the nanocar a professor?,5ac160af5542994d76dccdfa,"[11360, 4535]","[11360, 10213, 18930, 3363, 15136]",0.5,1.0,0.6787598133087158,0.9666177034378052,qwen3.5-122b,"Based on the provided context, the group that designed the nanocar was headed by Professor James Tour at **Rice University**.

(Note: While the context identifies James Tour as a professor at Rice University, it does not explicitly state that he is an ""organic chemist,"" though this is the only information available regarding his affiliation.)",0.0,0.0,0.0,OK,
347,347,dpr,mmr_0.25,What was the alternate slang name for the World War I era grenade that the egg grenade was less awkward than to handle?,5ac1725c5542994d76dcce2c,"[17932, 18966]","[17932, 7592, 6910, 17562, 1149]",0.5,1.0,0.7232950329780579,0.991507351398468,qwen3.5-122b,"Based on the provided context, the alternate slang name for the World War I era grenade that the egg grenade (Model 17 Eierhandgranate) was less awkward to handle than is the **Stick grenade**.

Document 1 states: ""It was more portable than the heavier Kugelhandgranate and less awkward to handle than the Stick grenade.""",0.0,0.0,0.0,OK,
348,348,dpr,mmr_0.25,"What was the official religion of the lands of the husband of Dorothea of Denmark, Duchess of Prussia?",5ac194db55429964131be23a,"[10253, 3048]","[3048, 11647, 4375, 8015, 8777]",0.5,1.0,0.6597905158996582,0.027743490412831306,qwen3.5-122b,I cannot answer this based on the provided context.,0.0,0.0,0.0,OK,
349,349,dpr,mmr_0.25,What was the nationality of Bernhard Heiden's teacher?,5ac1c7605542994ab5c67e14,"[22644, 24941]","[3111, 24406, 18164, 11166, 13660]",0.0,0.0,0.7032495737075806,0.01918306201696396,qwen3.5-122b,I cannot answer this based on the provided context.,0.0,0.0,0.0,OK,
350,350,dpr,mmr_0.25,"What year was a joint venture between RLJ Companies and this film studio founded in 2005, founded?",5ac240ef55429951e9e684ef,"[623, 4913]","[7139, 15795, 19361, 7535, 4913]",0.5,0.2,0.6587046384811401,0.04046684131026268,qwen3.5-122b,I cannot answer this based on the provided context.,0.0,0.0,0.0,OK,
351,351,dpr,mmr_0.25,"Which Oxford University graduate did Midge Mackenzie interview in ""Women Talking""?",5ac24cea55429951e9e6853a,"[9575, 23693]","[7399, 12905, 4444, 8062, 9575]",0.5,0.2,0.7083507776260376,0.15703999996185303,qwen3.5-122b,I cannot answer this based on the provided context.,0.0,0.0,0.0,OK,
352,352,dpr,mmr_0.25,Who is the film dedicated to that Paramount Classics and MTV Films co-purchased the rights to?,5ac26ac15542992f1f2b38bc,"[15795, 20033]","[15795, 8353, 7535, 21073, 16976]",0.5,1.0,0.7275498509407043,0.8503004312515259,qwen3.5-122b,"Based on the provided context, I cannot answer this based on the provided context.

The text states that Paramount Classics and MTV Films co-purchased the rights to the film ""Hustle & Flow"" in 2005, but it does not mention who that film is dedicated to.",0.0,0.0,0.0,OK,
353,353,dpr,mmr_0.25,What facility is shared by RAAF Base Williamtown and Newcastle Airport in New South Wales?,5ac290e85542992f1f2b3916,"[3944, 15788]","[15788, 24759, 12531, 8252, 17380]",0.5,1.0,0.609228253364563,0.9784300327301025,qwen3.5-122b,"Based on the provided context, the facility shared by RAAF Base Williamtown and Newcastle Airport is the **28 ha site** (or land) on the southern border of RAAF Base Williamtown, which the airport occupies.

Document 1 states: ""The airport occupies a 28 ha site on the southern border of RAAF Base Williamtown.""",0.0,0.0,0.0,OK,
354,354,dpr,mmr_0.25,This sister company  of Líneas Aéreas Privadas Argentinas is most commonly known by its shortened name Austral?,5ac298805542990b17b15429,"[15259, 6103]","[6103, 6958, 6829, 8779, 19605]",0.5,1.0,0.7011818885803223,0.5912420749664307,qwen3.5-122b,"I cannot answer this based on the provided context.

The provided text states that Austral Líneas Aéreas (Austral) is the sister company of **Aerolíneas Argentinas**, not ""Líneas Aéreas Privadas Argentinas.""",0.0,0.0,0.0,OK,
355,355,dpr,mmr_0.25,Which band My Darkest Days or Human Drama had only one constant member?,5ac29da5554299218029dac3,"[10229, 193]","[10229, 193, 19171, 284, 17992]",1.0,1.0,0.7208911776542664,0.7192479372024536,qwen3.5-122b,"Based on the provided context, **Human Drama** is the band that had only one constant member.

Document 2 states: ""With Indovina the only constant member, the band released six studio albums before splitting in 2005."" In contrast, Document 1 lists four specific members for My Darkest Days without mentioning a single constant member.",0.0,0.0,0.0,OK,
356,356,dpr,mmr_0.25,Choi Jun-hong  is best known as a member of a group formed in which year ?,5ac2ca84554299218029db55,"[13471, 13401]","[13471, 13388, 10042, 17522, 23325]",0.5,1.0,0.7193455100059509,0.9955357909202576,qwen3.5-122b,"I cannot answer this based on the provided context.

The provided text states that Choi Jun-hong (Zelo) is best known as a member of the group B.A.P, but it does not mention the year B.A.P was formed. It only mentions his recording debut with a sub-unit in November 2011.",0.0,0.0,0.0,OK,
357,357,dpr,mmr_0.25,Where are Neoregelia and Aloysia known to grow,5ac2cdaa554299657fa29070,"[18186, 1723]","[18186, 24884, 25058, 13626, 8953]",0.5,1.0,0.6929646134376526,0.24369895458221436,qwen3.5-122b,"I cannot answer this based on the provided context.

(Note: The provided context mentions that *Neoregelia* is native to South American rainforests, but it contains no information about *Aloysia*.)",0.0,0.0,0.0,OK,
358,358,dpr,mmr_0.25,"Which film featured Rosalind Cash prior to the release of ""Sister, Sister""?",5ac2d9f65542996773102631,"[7447, 25009]","[7447, 19210, 3010, 24509, 8951]",0.5,1.0,0.6997798681259155,0.1737184077501297,qwen3.5-122b,I cannot answer this based on the provided context.,0.0,0.0,0.0,OK,
359,359,dpr,mmr_0.25,"Name the movie that was cowritten by Paul Rudd and the director of the 2011 British science fiction horror comedy film written and directed by Joe Cornish and starring John Boyega, Nick Frost, Jodie Whittaker and Luke Treadaway.",5ac2eaab5542990b17b154a4,"[4146, 11226]","[16711, 21657, 11226, 17157, 18119]",0.5,0.3333333333333333,0.6833644509315491,0.13305634260177612,qwen3.5-122b,I cannot answer this based on the provided context.,0.0,0.0,0.0,OK,
360,360,dpr,mmr_0.25,"Operalia, The World Opera Competition helped launch the career of an operatic soprano of what nationality?",5ac3090d5542990b17b154fc,"[7044, 6342]","[7044, 6838, 15535, 23352, 15091]",0.5,1.0,0.7240860462188721,0.9797831177711487,qwen3.5-122b,"Based on the provided context, I cannot answer this question.

While Document 1 lists several artists whose careers were launched by Operalia (including Joyce DiDonato, Elizabeth Futral, Inva Mula, Ana María Martínez, and Sonya Yoncheva), the text does not specify the nationality of any of these individuals, nor does it explicitly identify which of them are sopranos.",0.0,0.0,0.0,OK,
361,361,dpr,mmr_0.25,Where is the stadium at which 1964 Georgia Tech Yellow Jackets football team played their home game located?,5ac32b565542995ef918c154,"[22624, 25606]","[25606, 5556, 4000, 13591, 8770]",0.5,1.0,0.718504011631012,0.6787130236625671,qwen3.5-122b,"Based on the provided context, the Georgia Tech Yellow Jackets football team has played their home games at **Bobby Dodd Stadium at Historic Grant Field**, which is located at the corner of **North Avenue at Techwood Drive on the campus of the Georgia Institute of Technology in Atlanta**.

The text states the stadium has been home to the team since 1905 in rudimentary form and as a complete stadium since 1913, which covers the 1964 season.",0.0,0.0,0.0,OK,
362,362,dpr,mmr_0.25,what language did the ethnic group which Torstein Ellingsen was its drumer  speaks,5ac35a7e554299741d48a257,"[18692, 24078]","[14654, 12848, 19669, 19912, 24907]",0.0,0.0,0.645790159702301,0.06716222316026688,qwen3.5-122b,I cannot answer this based on the provided context.,0.0,0.0,0.0,OK,
363,363,dpr,mmr_0.25,"Prior to playing for Michigan State, Keith Nichol played football for a school located in what city?",5ac397fe554299218029dbe2,"[9026, 25838]","[11690, 12599, 7274, 16962, 17439]",0.0,0.0,0.7488787770271301,0.07408354431390762,qwen3.5-122b,I cannot answer this based on the provided context.,0.0,0.0,0.0,OK,
364,364,dpr,mmr_0.25,"Who released the song ""With or Without You"" first, Jai McDowall or U2?",5ac3a76e554299741d48a2be,"[12942, 7741]","[7741, 19260, 12942, 23631, 8354]",1.0,1.0,0.7567595839500427,0.03884018957614899,qwen3.5-122b,"Based on the provided context, **U2** released the song ""With or Without You"" first.

According to Document 1, U2 released the song as the lead single from their album ""The Joshua Tree"" on **16 March 1987**. Document 3 states that Jai McDowall released a promotional single of the same song on **9 December 2011** as part of his debut album ""Believe"".",0.0,0.0,0.0,OK,
365,365,dpr,mmr_0.25,Whitford Lodge once held a branch of the bank that later became which national bank?,5ac3b4cc554299741d48a2eb,"[15790, 24702]","[15731, 9672, 22974, 4898, 25135]",0.0,0.0,0.5887246131896973,0.05012860894203186,qwen3.5-122b,I cannot answer this based on the provided context.,0.0,0.0,0.0,OK,
366,366,dpr,mmr_0.25,SLS station was designed to allow access to the area of Las Vegas that includes a hotel and casino in what other town?,5ac3c0495542995ef918c215,"[399, 4425]","[399, 13728, 24874, 17625, 11178]",0.5,1.0,0.6902014017105103,0.5010823607444763,qwen3.5-122b,"I cannot answer this based on the provided context.

The provided text states that the tracks north of the SLS station were designed to provide access to a possible downtown extension via the northern portion of the Las Vegas Strip in the area of the Circus Circus Las Vegas and the Riviera. However, the text does not mention any ""other town"" associated with these hotels and casinos; they are described as being in the Las Vegas area.",0.0,0.0,0.0,OK,
367,367,dpr,mmr_0.25,"The court in which the most important decisions of the ""Black Book of the Admiralty"" where established under a monarch who was also known as the what of Scots?",5ac3c1805542995ef918c21f,"[650, 19296]","[650, 9830, 16116, 2876, 117]",0.5,1.0,0.7486999034881592,0.9207888245582581,qwen3.5-122b,"Based on the provided context, the ""Black Book of the Admiralty"" contains the most important decisions of the **High Court of Admiralty**. Document 1 states that while the book claims this court was established during the reign of **Edward I**, more recent scholarship places the establishment at c. 1360 during the reign of **Edward III**.

However, the provided documents do not contain information linking either Edward I or Edward III to a title ""of Scots"" (e.g., King of Scots). Document 4 discusses **James III**, who was King of Scots, but does not mention the High Court of Admiralty or the ""Black Book.""

Therefore, I cannot answer this based on the provided context.",0.0,0.0,0.0,OK,
368,368,dpr,mmr_0.25,The Feminine Touch is a drama film starring which English actress?,5ac3d7f8554299076e296cb0,"[11779, 7099]","[11779, 7620, 18366, 19737, 14326]",0.5,1.0,0.7220314145088196,0.6964130401611328,qwen3.5-122b,"I cannot answer this based on the provided context.

The provided text states that *The Feminine Touch* stars George Baker, Belinda Lee, and Delphi Lawrence, but it does not specify which of these actors is English. While Document 2 mentions Dame Helen Mirren is an English actor, she is not listed as a star in *The Feminine Touch* in the provided documents.",0.0,0.0,0.0,OK,
369,369,dpr,mmr_0.25,What sport is featured in the film in which Kwon Yu-ri made her film debut ?,5ac3e80b554299076e296ccd,"[7268, 15846]","[7268, 11454, 8531, 2238, 18912]",0.5,1.0,0.7095173597335815,0.3054693639278412,qwen3.5-122b,"Based on the provided context, Kwon Yu-ri made her film debut in the 2013 film ""No Breathing."" However, the text does not mention what sport is featured in this film.

I cannot answer this based on the provided context.",0.0,0.0,0.0,OK,
370,370,dpr,mmr_0.25,"Is Ohio State University or California State University, Dominguez Hills further west?",5ac41f1d5542991943173924,"[7131, 24258]","[24258, 15307, 17258, 25775, 23514]",0.5,1.0,0.6919021606445312,0.9246543645858765,qwen3.5-122b,"Based on the provided context, I cannot answer this question.

The provided documents contain information about **California State University, Dominguez Hills** (located in Carson, California) and **Ohio University** (located in Athens, Ohio), but they do not contain any information regarding **Ohio State University**. Therefore, a comparison between Ohio State University and California State University, Dominguez Hills cannot be made using only the provided text.",0.0,0.0,0.0,OK,
371,371,dpr,mmr_0.25,What river runs along the neighborhood where Ashley Estes Kavanaugh's wedding was held?,5ac434cb5542997ea680ca2f,"[13428, 5700]","[24052, 13428, 4019, 5799, 15277]",0.5,0.5,0.7144695520401001,0.028527023270726204,qwen3.5-122b,I cannot answer this based on the provided context.,0.0,0.0,0.0,OK,
372,372,dpr,mmr_0.25,"Which became a Cathedral first St Chad's Cathedral, Birmingham or Chelmsford Cathedral?",5ac44b47554299194317396c,"[8589, 13981]","[8589, 2271, 14151, 25094, 23456]",0.5,1.0,0.6902620196342468,0.11488396674394608,qwen3.5-122b,I cannot answer this based on the provided context.,0.0,0.0,0.0,OK,
373,373,dpr,mmr_0.25,Was Princess Charlotte of Cambridge born before or after the repealing of the Royal Marriages Act 1772?,5ac46a8b5542991943173980,"[8112, 18207]","[18207, 11970, 1298, 8112, 7435]",1.0,1.0,0.651694655418396,0.6972088813781738,qwen3.5-122b,"Princess Charlotte of Cambridge was born **before** the repealing of the Royal Marriages Act 1772.

According to the provided context:
- Princess Charlotte was born on **2 May 2015** (Document 1).
- The Royal Marriages Act 1772 was repealed on **26 March 2015** (Document 4).

Since 2 May 2015 comes after 26 March 2015, Princess Charlotte was born **after** the Act was repealed.",0.0,0.0,0.0,OK,
374,374,dpr,mmr_0.25,Are Pago Pago International Airport and Hoonah Airport both on American territory?,5ac4a5de5542995c82c4ad6e,"[20582, 23936]","[20582, 24701, 18680, 7971, 421]",0.5,1.0,0.6726144552230835,0.021657198667526245,qwen3.5-122b,"Based on the provided context, I cannot answer this question.

While Document 1 confirms that Pago Pago International Airport is located in American Samoa, an unincorporated territory of the United States, the provided text contains no information regarding Hoonah Airport or its location.",0.0,0.0,0.0,OK,
375,375,dpr,mmr_0.25,Where was Nobel Laureate in Physics know for his contributions with Abdus Salam and Steven Weinberg a professor?,5ac50bca55429924173fb57f,"[6117, 16002]","[6117, 10382, 24226, 9596, 7215]",0.5,1.0,0.6738795042037964,0.3150950074195862,qwen3.5-122b,I cannot answer this based on the provided context.,0.0,0.0,0.0,OK,
376,376,dpr,mmr_0.25,What is the name of one the ex-security officials that means The Institute?,5ac51a055542994611c8b390,"[19063, 10056]","[21738, 25591, 16219, 4232, 3229]",0.0,0.0,0.7432996034622192,0.46968409419059753,qwen3.5-122b,I cannot answer this based on the provided context.,0.0,0.0,0.0,OK,
377,377,dpr,mmr_0.25,"Which town is the venue, in which the APRA Music Awards of 2009 were held, located?",5ac52f8e5542996feb3fea14,"[9824, 10367]","[9824, 5401, 12430, 5828, 21313]",0.5,1.0,0.649802565574646,0.9968144297599792,qwen3.5-122b,"Based on the provided context, the APRA Music Awards of 2009 were held at the Peninsula in **Melbourne**.",0.0,0.0,0.0,OK,
378,378,dpr,mmr_0.25,Edmundas Malūkas was the former mayor of the lake resort how far west of the capital of Lithuania?,5ac536485542996feb3fea2e,"[22411, 5146]","[22411, 10812, 5146, 5862, 16263]",1.0,1.0,0.6701192855834961,0.9811010956764221,qwen3.5-122b,"Based on the provided context, Edmundas Malūkas was the former mayor of Trakai, which is a lake resort located **28 km** west of Vilnius, the capital of Lithuania.",0.0,0.0,0.0,OK,
379,379,dpr,mmr_0.25,Brian Newman's wife performs for what genre of variety show?,5ac54cef5542993e66e822da,"[16380, 11654]","[16380, 7326, 23175, 18366, 24502]",0.5,1.0,0.7783868312835693,0.9996297359466553,qwen3.5-122b,"Based on the provided context, Brian Newman is married to Angie Pontani, who is described as an **American burlesque performer**. The text does not explicitly state that she performs for a specific ""variety show,"" but it identifies her performance genre as **burlesque**.",0.0,0.0,0.0,OK,
380,380,dpr,mmr_0.25,"What award has the composer of ""Shady Lady"" received five times?",5adbc8e25542996e68525230,"[3663, 24928]","[3663, 6701, 24502, 16852, 8682]",0.5,1.0,0.7466142773628235,0.07142772525548935,qwen3.5-122b,I cannot answer this based on the provided context.,0.0,0.0,0.0,OK,
381,381,dpr,mmr_0.25,Was 9/11: Press for Truth released prior to Chasing Coral?,5adbe1c5554299438c868cc4,"[22843, 24220]","[24220, 15547, 12898, 9031, 22843]",1.0,1.0,0.686886191368103,0.9741329550743103,qwen3.5-122b,"Yes, *9/11: Press for Truth* was released prior to *Chasing Coral*. According to the provided context, *9/11: Press for Truth* is a 2006 documentary film, while *Chasing Coral* is a 2017 documentary film.",0.0,0.0,0.0,OK,
382,382,dpr,mmr_0.25,"Tolex and General Tire manufacture very different products, but both make accessories for what type of transportation vehicle?",5adbf69c55429947ff173871,"[1471, 9212]","[9212, 8194, 25686, 11133, 5945]",0.5,1.0,0.6493507027626038,0.03692334517836571,qwen3.5-122b,I cannot answer this based on the provided context.,0.0,0.0,0.0,OK,
383,383,dpr,mmr_0.25,"What nationality is the singer who recorded ""Who I Was Born to Be""?",5adc2b6255429947ff173901,"[16183, 7216]","[16183, 6447, 5447, 11378, 2098]",0.5,1.0,0.7614163756370544,0.09587202221155167,qwen3.5-122b,"Based on the provided context, the singer who recorded ""Who I Was Born to Be"" is Susan Boyle. However, the text does not mention her nationality.

I cannot answer this based on the provided context.",0.0,0.0,0.0,OK,
384,384,dpr,mmr_0.25,Were Triumph of the Will and The End of America both made in the same year?,5adc2f53554299438c868d6d,"[11206, 5878]","[11206, 22451, 5878, 1345, 18766]",1.0,1.0,0.6921476125717163,0.03513162210583687,qwen3.5-122b,"No, they were not made in the same year. According to the provided context, *Triumph of the Will* is a 1935 film, while *The End of America* is a 2008 film.",0.0,0.0,0.0,OK,
385,385,dpr,mmr_0.25,"In what year was the composer of ""Anthem"" born?",5adc46665542994650320cc8,"[9668, 12411]","[4660, 5967, 15094, 487, 16681]",0.0,0.0,0.6815435886383057,0.047352228313684464,qwen3.5-122b,I cannot answer this based on the provided context.,0.0,0.0,0.0,OK,
386,386,dpr,mmr_0.25,Are Norman Z. McLeod and Sam Wanamaker both directors?,5adc6eb65542994650320cf3,"[23388, 7346]","[16997, 15795, 24910, 24485, 6832]",0.0,0.0,0.7419708967208862,0.05177788808941841,qwen3.5-122b,I cannot answer this based on the provided context.,0.0,0.0,0.0,OK,
387,387,dpr,mmr_0.25,Who is an Australian philosopher that inspired Living High and Letting Die?,5adc85b855429944faac24e9,"[114, 8037]","[10573, 114, 13357, 3723, 24555]",0.5,0.5,0.6875995397567749,0.041569601744413376,qwen3.5-122b,I cannot answer this based on the provided context.,0.0,0.0,0.0,OK,
388,388,dpr,mmr_0.25,"""One Less Set of Footsteps"" is a song written and performed by a singer born in which year ?",5adca0845542994d58a2f684,"[11428, 3888]","[11428, 19847, 24667, 24734, 10276]",0.5,1.0,0.7530361413955688,0.06944915652275085,qwen3.5-122b,I cannot answer this based on the provided context.,0.0,0.0,0.0,OK,
389,389,dpr,mmr_0.25,What did the American writer who wrote Into Thin Air  primarily known for in his writings,5adcad175542994ed6169bc3,"[25149, 11173]","[25149, 22681, 8387, 4612, 11245]",0.5,1.0,0.7407335042953491,0.8652920126914978,qwen3.5-122b,"Based on the provided context, I cannot answer this question.

Document 1 identifies Jon Krakauer as the author of *Into Thin Air* and describes the book as a non-fiction account of the 1996 Mount Everest disaster. However, the document does not state what Jon Krakauer is ""primarily known for"" in his writings overall, nor does it provide information about his other works or general reputation beyond this specific book. The other documents discuss different authors (Henry Louis Mencken, Charles Dickens, John le Carré, and Tom Wolfe) and do not contain information about Jon Krakauer.",0.0,0.0,0.0,OK,
390,390,dpr,mmr_0.25,"Akademik Lomonosov was named after a Russian polymath, scientist, and writer, who discovered the atmosphere of what planet?",5adcc7515542994ed6169bff,"[8144, 23807]","[23807, 8374, 13369, 9596, 1593]",0.5,1.0,0.693088948726654,0.8994249105453491,qwen3.5-122b,"Based on the provided context, Mikhail Vasilyevich Lomonosov was a Russian polymath, scientist, and writer who made important contributions to science. Among his discoveries was the atmosphere of **Venus**.

Answer: Venus",0.0,0.0,0.0,OK,
391,391,dpr,mmr_0.25,Were Illinois Institute of Technology and Boise State University both bounded before 1950?,5add10ca5542994ed6169c59,"[24453, 25246]","[24453, 21129, 25559, 15307, 9387]",0.5,1.0,0.7001708745956421,0.028923826292157173,qwen3.5-122b,I cannot answer this based on the provided context.,0.0,0.0,0.0,OK,
392,392,dpr,mmr_0.25,What is the start date of this tour that was the third concert tour by an American singer-songwriter and was completed in support of the album Red?,5add21555542992ae4cec496,"[14540, 14870]","[14870, 3917, 22947, 20882, 15887]",0.5,1.0,0.6839457750320435,0.9997216463088989,qwen3.5-122b,"The start date of the tour that was the third concert tour by an American singer-songwriter and was completed in support of the album *Red* is March 13, 2013. This tour is known as The Red Tour by Taylor Swift.",0.0,0.0,0.0,OK,
393,393,dpr,mmr_0.25,"What 1997 song was on the Garth Brooks album that debuted at #1 on the ""Billboard"" 200?",5add3fe05542992c1e3a2580,"[24565, 24667]","[24667, 18037, 5478, 23405, 18708]",0.5,1.0,0.683991014957428,0.29759567975997925,qwen3.5-122b,"Based on the provided context, I cannot answer this question.

While Document 1 confirms that Garth Brooks' album *Sevens* was released in 1997 and debuted at #1 on the ""Billboard"" 200, it only mentions the duet ""In Another's Eyes"" (which won a Grammy in 1998) and does not list any specific songs released in 1997 from that album.",0.0,0.0,0.0,OK,
394,394,dpr,mmr_0.25,A Therapy was written and directed by what French-Polish film director who was born in Paris?,5add44c25542997545bbbd0a,"[14082, 8974]","[14082, 9560, 19081, 3093, 13389]",0.5,1.0,0.717962384223938,0.37436822056770325,qwen3.5-122b,"Based on the provided context, **A Therapy** was written and directed by **Roman Polanski**.

However, please note that while the context confirms Roman Polanski directed the film, it does not explicitly state his nationality (French-Polish) or his birthplace (Paris). The answer regarding his identity as the director is derived solely from Document 1.",0.0,0.0,0.0,OK,
395,395,dpr,mmr_0.25,"What resort in Biloxi, Mississippi does the Chief Operating Officer of the largest single hotel in the United States oversee?",5add56ad5542992200553abf,"[17783, 24255]","[18568, 13234, 7718, 8931, 12699]",0.0,0.0,0.7030822038650513,0.037202078849077225,qwen3.5-122b,I cannot answer this based on the provided context.,0.0,0.0,0.0,OK,
396,396,dpr,mmr_0.25,What was the release date and price for the release of Mac OS X that has the software for creating WWF files?,5add63845542992ae4cec541,"[11204, 23859]","[11204, 24890, 24279, 24581, 23859]",1.0,1.0,0.7059502601623535,0.15703485906124115,qwen3.5-122b,"Based on the provided context, the software for creating WWF files is available for **Mac OS X 10.4** (Document 1).

According to Document 5, Mac OS X 10.4 Tiger was released to the public on **April 29, 2005**, for **US$129.95**.",0.0,0.0,0.0,OK,
397,397,dpr,mmr_0.25,Who conducted the negotiations  with the owners and the longest serving commandant of Auschwitz concentration and extermination camp?,5add8f055542990dbb2f7e6d,"[8837, 16702]","[25092, 8837, 8334, 16702, 7455]",1.0,0.5,0.7249695062637329,0.27708980441093445,qwen3.5-122b,"Based on the provided context:

*   **Kurt Gerstein** conducted the negotiations with the owners (of Degesch) regarding the supply of Zyklon B (Document 2).
*   **Rudolf Höss** was the longest-serving commandant of Auschwitz concentration and extermination camp (Document 4).

The text does not state that a single individual performed both roles; rather, these are two separate individuals described in different documents.",0.0,0.0,0.0,OK,
398,398,dpr,mmr_0.25,Were Maurice Tourneur and Greg Mottola both American film directors?,5addf05a5542997dc79070cd,"[190, 344]","[344, 25913, 9086, 23681, 21073]",0.5,1.0,0.7266229391098022,0.05018738657236099,qwen3.5-122b,I cannot answer this based on the provided context.,0.0,0.0,0.0,OK,
399,399,dpr,mmr_0.25,What role did Kim Dong-wook play in the 2012 South Korean historical film directed by Kim Dae-seung?,5ade0bc55542997545bbbe30,"[3016, 13406]","[10828, 16976, 10688, 13406, 10079]",0.5,0.25,0.6935005784034729,0.9191831946372986,qwen3.5-122b,"Based on the provided context, in the 2012 South Korean historical film *The Concubine* directed by Kim Dae-seung, Kim Dong-wook played the role of **Prince Sung-won**.",0.0,0.0,0.0,OK,
400,400,dpr,mmr_0.25,Which member of Odd Future also had a guest appearance on the album too Cozy?,5ade0e115542995b365fabf3,"[22632, 11661]","[19770, 2100, 24842, 9874, 21594]",0.0,0.0,0.7284436821937561,0.06899691373109818,qwen3.5-122b,I cannot answer this based on the provided context.,0.0,0.0,0.0,OK,
401,401,dpr,mmr_0.25,Where did Henri Christophe and other slaves hold an uprising from 1791 to 1804 that led to the founding of a state which was both free from slavery and ruled by non-whites and former captives?,5ade1c9e55429939a52fe822,"[2531, 25996]","[25996, 2531, 6246, 2750, 14919]",1.0,1.0,0.6095705628395081,0.4379485249519348,qwen3.5-122b,"Based on the provided context, Henri Christophe and other slaves held an uprising in **Saint-Domingue** (now the sovereign nation of **Haiti**).

Document 1 states that the Haitian Revolution was an insurrection by self-liberated slaves against French colonial rule in Saint-Domingue, which began in 1791 and ended in 1804 with the founding of a state free from slavery and ruled by non-whites and former captives. Document 2 confirms that Henri Christophe was a key leader in this revolution.",0.0,0.0,0.0,OK,
402,402,dpr,mmr_0.25,"Which actor starred in Angels in the Outfield, Predator 2, and Places in the Heart?",5ade1f0555429975fa854e74,"[736, 14580]","[20736, 14405, 736, 13962, 4151]",0.5,0.3333333333333333,0.7087242007255554,0.12982295453548431,qwen3.5-122b,I cannot answer this based on the provided context.,0.0,0.0,0.0,OK,
403,403,dpr,mmr_0.25,Why is Bangor Daily News talkin about Sawin Millett?,5ade26db5542997c77aded77,"[13288, 6939]","[9711, 7215, 10271, 11690, 20716]",0.0,0.0,0.7100908756256104,0.3150950074195862,qwen3.5-122b,I cannot answer this based on the provided context.,0.0,0.0,0.0,OK,
404,404,dpr,mmr_0.25,What was the middle name of the pilot who was portrayed by Levon Helm in the film The Right Stuff ?,5ade3b925542992fa25da70a,"[734, 16575]","[734, 24342, 20290, 24175, 16976]",0.5,1.0,0.7927166819572449,0.7690123319625854,qwen3.5-122b,"Based on the provided context, Levon Helm played the role of Air Force test pilot **Jack Ridley** in the film *The Right Stuff*. However, the text does not mention Jack Ridley's middle name.

Therefore, I cannot answer this based on the provided context.",0.0,0.0,0.0,OK,
405,405,dpr,mmr_0.25,My Neighbor Totoro was produced by a Japanese animation film studio founded in what year?,5ade4da055429939a52fe878,"[6166, 2897]","[6166, 21453, 25, 2897, 11915]",1.0,1.0,0.6612333655357361,0.5878956913948059,qwen3.5-122b,"Based on the provided context, *My Neighbor Totoro* was produced by Studio Ghibli (Document 1). According to Document 4, Studio Ghibli was founded on 15 June 1985.

Answer: 1985",0.0,0.0,0.0,OK,
406,406,dpr,mmr_0.25,Get Off is an album by a group using which style originating in NYC in the early 1970s?,5ade61fd554299728e26c704,"[11978, 24847]","[24847, 11978, 25247, 18533, 20775]",1.0,1.0,0.6875437498092651,0.930437445640564,qwen3.5-122b,"Based on the provided context, **Get Off** is an album by the group **Foxy**, which is described as a ""Latin Dance/Disco"" group (Document 2). Document 1 states that **Disco** is a musical style originating in New York City in the early 1970s.

Therefore, the style is **Disco**.",0.0,0.0,0.0,OK,
407,407,dpr,mmr_0.25,Easter Airways' head office is located at which airport owned by Manchester Airports Group?,5ade66f055429939a52fe8a0,"[2288, 5788]","[5788, 25676, 4606, 23765, 19183]",0.5,1.0,0.6800047159194946,0.06621470302343369,qwen3.5-122b,I cannot answer this based on the provided context.,0.0,0.0,0.0,OK,
408,408,dpr,mmr_0.25,The infantry rifle regiment of the British Army that Talaiasi Labalaba served in was first created in what year?,5adea19a55429939a52fe919,"[23194, 6758]","[23194, 23680, 10323, 16698, 14626]",0.5,1.0,0.6433595418930054,0.06314297020435333,qwen3.5-122b,I cannot answer this based on the provided context.,0.0,0.0,0.0,OK,
409,409,dpr,mmr_0.25,"What was the name of the fanzine that interviewed the Sex Pistols bassist when he was in the band ""The Flowers of Romance?""",5adea9ea55429939a52fe934,"[4775, 3444]","[4775, 24087, 11245, 6475, 24992]",0.5,1.0,0.7555615305900574,0.9982330799102783,qwen3.5-122b,"Based on the provided context, the fanzine that interviewed Sid Vicious (the Sex Pistols bassist) when he was a member of the band ""The Flowers of Romance"" was named **SKUM**.",0.0,0.0,0.0,OK,
410,410,dpr,mmr_0.25,The Robey-Peters Gun-Carrier was built at a commuter village with at population of what at the 2001 census?,5adeab4555429975fa854f5f,"[11818, 3166]","[11818, 12038, 24391, 17320, 619]",0.5,1.0,0.7171161770820618,0.1237003281712532,qwen3.5-122b,I cannot answer this based on the provided context.,0.0,0.0,0.0,OK,
411,411,dpr,mmr_0.25,In what state is the manufacturer of Bisquick headquartered?,5adeb78a554299728e26c77a,"[10074, 3796]","[25036, 13430, 6875, 4386, 13119]",0.0,0.0,0.6617860794067383,0.042218636721372604,qwen3.5-122b,I cannot answer this based on the provided context.,0.0,0.0,0.0,OK,
412,412,dpr,mmr_0.25,"Northland Mall was the first directionally-named shopping center in Columbus, 5 years before which shopping center at the intersection of US-40 and I-270?",5adebbbd554299728e26c793,"[3173, 23627]","[3173, 24745, 15277, 21194, 23982]",0.5,1.0,0.7375097274780273,0.03836202621459961,qwen3.5-122b,I cannot answer this based on the provided context.,0.0,0.0,0.0,OK,
413,413,dpr,mmr_0.25,Mark Newhouse finished 9th in a 2013 series of poker tournaments sponsored by what corporation?,5adec5055542995534e8c707,"[18644, 12743]","[18644, 20864, 12743, 14855, 10772]",1.0,1.0,0.7345754504203796,0.8215734362602234,qwen3.5-122b,"Based on the provided context, Mark Newhouse finished 9th in the 2013 World Series of Poker Main Event. According to Document 3, the World Series of Poker (WSOP) is sponsored by **Caesars Entertainment Corporation** (known as Harrah's Entertainment until 2010).

Answer: Caesars Entertainment Corporation",0.0,0.0,0.0,OK,
414,414,dpr,mmr_0.25,which Mexican and American film actress is Ethel Houbiers  French voice of,5adef1b35542993a75d263af,"[12483, 10107]","[12483, 22002, 22326, 10107, 8829]",1.0,1.0,0.6978206634521484,0.9221066832542419,qwen3.5-122b,"Based on the provided context, Ethel Houbiers is the French voice of **Salma Hayek** (also known as Salma Hayek Pinault), who is described in Document 4 as a Mexican and American film actress.",0.0,0.0,0.0,OK,
415,415,dpr,mmr_0.25,"Who is considered the more well known author, Roger Angell or Harry Stephen Keeler?",5adf32165542993344016c15,"[9474, 2385]","[18104, 24676, 20299, 5626, 11503]",0.0,0.0,0.6892722845077515,0.1140473261475563,qwen3.5-122b,I cannot answer this based on the provided context.,0.0,0.0,0.0,OK,
416,416,dpr,mmr_0.25,Who was the president of the Sinn Fein political party during the Hume-Adams Dialogue?,5adf34d35542993a75d26425,"[12101, 15187]","[12101, 25105, 13545, 8219, 6863]",0.5,1.0,0.6929699778556824,0.94748854637146,qwen3.5-122b,"Based on the provided context, the president (leader) of the Sinn Féin political party during the Hume–Adams dialogue was **Gerry Adams**.

Document 1 states that the dialogue was a series of talks between John Hume and ""Sinn Féin leader Gerry Adams.""",0.0,0.0,0.0,OK,
417,417,dpr,mmr_0.25,Who has more productions under their belt Ridley Scott or Elmer Clifton?,5adf53dc5542995534e8c791,"[9006, 24239]","[10839, 4913, 22737, 1345, 14603]",0.0,0.0,0.6596341133117676,0.06604262441396713,qwen3.5-122b,I cannot answer this based on the provided context.,0.0,0.0,0.0,OK,
418,418,dpr,mmr_0.25,Which number-one single is Michael Steele responsible for?,5adf62d05542992d7e9f932d,"[874, 11413]","[8729, 15173, 19835, 12942, 14540]",0.0,0.0,0.7079628705978394,0.17036235332489014,qwen3.5-122b,I cannot answer this based on the provided context.,0.0,0.0,0.0,OK,
419,419,dpr,mmr_0.25,"Which contributor to Fear: 13 Stories of Suspense and Horror was born on March 15, 1953 ?",5adf6b405542992d7e9f9341,"[11162, 5416]","[11162, 24811, 11166, 10271, 8630]",0.5,1.0,0.7680149674415588,0.09727691113948822,qwen3.5-122b,I cannot answer this based on the provided context.,0.0,0.0,0.0,OK,
420,420,dpr,mmr_0.25,"The College of Arts and Sciences of Ohio University is located on the university's central quadrangle lawn, which sits aligned to the cardinal directions, with what building facing true north?",5adf8ad25542993344016ce7,"[15309, 15307]","[15307, 13637, 1214, 25606, 7446]",0.5,1.0,0.7169238328933716,0.9225929379463196,qwen3.5-122b,"Based on the provided context, the building facing true north is **Manasseh Cutler Hall**.

Document 1 states that ""The College Green of Ohio University is the university's central quadrangle lawn... The green roughly sits aligned to the cardinal directions, with Manasseh Cutler Hall facing true north.""",0.0,0.0,0.0,OK,
421,421,dpr,mmr_0.25,"What is the name of the actress who has received a Drama Desk award and was part of the cast album for the 2007 Broadway production of the hit musical, ""Grease""?",5adf9dc3554299025d62a2e6,"[2133, 25803]","[2133, 24502, 21082, 6187, 5191]",0.5,1.0,0.7503135204315186,0.05697581544518471,qwen3.5-122b,I cannot answer this based on the provided context.,0.0,0.0,0.0,OK,
422,422,dpr,mmr_0.25,The first Latina Supreme Court Justice was part of the majority decision of a case that upheld which previous supreme court case?,5adfa451554299025d62a319,"[16071, 6348]","[6348, 308, 16071, 7413, 3747]",1.0,1.0,0.644626796245575,0.9665966033935547,qwen3.5-122b,"Based on the provided context, the first Latina Supreme Court Justice is Sonia Maria Sotomayor (Document 1). According to Document 3, Justice Sotomayor joined the majority opinion in the case *Alleyne v. United States* (2013). The text states that this case decided that, ""in line with 'Apprendi v. New Jersey' (2000),"" certain facts must be submitted to a jury.

Therefore, the case upheld the previous Supreme Court case **Apprendi v. New Jersey**.",0.0,0.0,0.0,OK,
423,423,dpr,mmr_0.25,Is Edison Sault Power Canal somehow linked with or used with the Cayuga–Seneca Canal?,5adfc77b554299603e4183ab,"[7758, 9704]","[9704, 7758, 24198, 20336, 10967]",1.0,1.0,0.5982447862625122,0.9720600247383118,qwen3.5-122b,"Based on the provided context, there is no information linking the Edison Sault Power Canal with the Cayuga–Seneca Canal.

*   **Document 1** states the Cayuga–Seneca Canal is in New York and is part of the New York State Canal System.
*   **Document 2** states the Edison Sault Power Canal is in Sault Ste. Marie, Michigan, and supplies a hydroelectric plant.

The documents describe them as separate entities in different states with no mentioned connection.",0.0,0.0,0.0,OK,
424,424,dpr,mmr_0.25,What Andy Williams' album did a song written by Charles Wesley appear on?,5adfd0d455429942ec259b4d,"[13018, 487]","[24062, 318, 2098, 25442, 10937]",0.0,0.0,0.7795771360397339,0.08449715375900269,qwen3.5-122b,I cannot answer this based on the provided context.,0.0,0.0,0.0,OK,
425,425,dpr,mmr_0.25,Kasper Peter Schmeichel is the son of a professional footballer who was voted what in 1992 and 1993?,5adfe37c554299025d62a377,"[8670, 16900]","[16900, 16359, 19693, 23256, 7882]",0.5,1.0,0.7008988857269287,0.839777946472168,qwen3.5-122b,"Based on the provided context, Kasper Peter Schmeichel's father is Peter Bolesław Schmeichel, who was voted the **IFFHS World's Best Goalkeeper** in 1992 and 1993.",0.0,0.0,0.0,OK,
426,426,dpr,mmr_0.25,What career did Markus Feehily and Bobby Fuller have in common?,5adff2aa554299603e4183d0,"[2101, 3767]","[11690, 17671, 14204, 21505, 20232]",0.0,0.0,0.7398268580436707,0.07408354431390762,qwen3.5-122b,I cannot answer this based on the provided context.,0.0,0.0,0.0,OK,
427,427,dpr,mmr_0.25,What year was George Harrison's top UK charted song voted the nations 11th favorite 1980s number?,5adffb4655429925eb1afbbf,"[14264, 9792]","[15173, 8729, 11122, 12021, 11657]",0.0,0.0,0.6538896560668945,0.17036235332489014,qwen3.5-122b,I cannot answer this based on the provided context.,0.0,0.0,0.0,OK,
428,428,dpr,mmr_0.25,"Which genus is native to arid or semi-desert areas, Alopecurus or Echeveria?",5ae022ab554299025d62a428,"[25058, 815]","[25058, 6868, 23526, 17846, 23219]",0.5,1.0,0.6870995759963989,0.023611046373844147,qwen3.5-122b,I cannot answer this based on the provided context.,0.0,0.0,0.0,OK,
429,429,dpr,mmr_0.25,Are Columbia University and University of Colorado both private universities?,5ae04a2755429924de1b7091,"[23784, 7189]","[7189, 23784, 3254, 13843, 7209]",1.0,1.0,0.6278432607650757,0.08162043243646622,qwen3.5-122b,"No, they are not both private universities. Based on the provided context:

*   **Columbia University** is described as a **private** Ivy League research university.
*   The **University of Colorado** system is described as a system of **public** universities.",0.0,0.0,0.0,OK,
430,430,dpr,mmr_0.25,Are Steve Perry and Dennis Lyxzén both members of the same band ?,5ae0616255429924de1b70ca,"[58, 10674]","[58, 17671, 23631, 3258, 21048]",0.5,1.0,0.7484604716300964,0.0502859391272068,qwen3.5-122b,I cannot answer this based on the provided context.,0.0,0.0,0.0,OK,
431,431,dpr,mmr_0.25,Are Ash Lieb and Elswyth Thane both artists?,5ae074aa5542993d6555eb54,"[15677, 38]","[15677, 19056, 12493, 22139, 22711]",0.5,1.0,0.6955946087837219,0.047949254512786865,qwen3.5-122b,I cannot answer this based on the provided context.,0.0,0.0,0.0,OK,
432,432,dpr,mmr_0.25,Drachen Fire was a roller coaster located behind which suspended coaster at Busch Gardens Williamsburg?,5ae07e5b55429945ae959381,"[7792, 23654]","[7792, 4669, 24681, 17739, 12202]",0.5,1.0,0.7396507859230042,0.9888285398483276,qwen3.5-122b,"Based on the provided context, Drachen Fire was located behind the **Big Bad Wolf**.

Document 1 states: ""It featured electric-blue track and silver supports, and was located in the Oktoberfest portion of the park, behind the Big Bad Wolf and Das Festhaus.""",0.0,0.0,0.0,OK,
433,433,dpr,mmr_0.25,Lee Sung-jae stars in the film Barking Dogs Never Bite which is what film genre?,5ae09d6155429945ae9593d4,"[1187, 14085]","[14085, 1187, 24358, 17628, 5873]",1.0,1.0,0.7128360271453857,0.9983977675437927,qwen3.5-122b,"Based on the provided context, the film *Barking Dogs Never Bite* is a **dark comedy-drama**.",0.0,0.0,0.0,OK,
434,434,dpr,mmr_0.25,What food does one of Daniel Greene's subjects' restaurant chain specialize in?,5ae0b2f25542993d6555ec1c,"[4706, 25507]","[24904, 24408, 10050, 6028, 11189]",0.0,0.0,0.7287651300430298,0.028399327769875526,qwen3.5-122b,I cannot answer this based on the provided context.,0.0,0.0,0.0,OK,
435,435,dpr,mmr_0.25,Glaramara is a fell in the English Lake District in Cumbria that stretches from Stonethwaite which is a part of a valley and civil parrish in what Borough?,5ae0b60655429945ae959437,"[23610, 2839]","[23610, 1526, 24943, 7199, 12248]",0.5,1.0,0.660182535648346,0.9917589426040649,qwen3.5-122b,"I cannot answer this based on the provided context.

The provided text states that Glaramara is a fell in the English Lake District in Cumbria and that its ridge stretches from Stonethwaite in Borrowdale. However, it does not specify which Borough Stonethwaite or Borrowdale belongs to.",0.0,0.0,0.0,OK,
436,436,dpr,mmr_0.25,"How was Ada Lovelace, the first computer programmer, related to Lord Byron in Childe Byron?",5ae0ec48554299422ee9955a,"[15476, 25879]","[15476, 24676, 25879, 38, 25534]",1.0,1.0,0.7388842105865479,0.9999010562896729,qwen3.5-122b,"Based on the provided context, in the play *Childe Byron*, Ada Lovelace is the daughter of the poet Lord Byron. The play focuses on the strained relationship between them.",0.0,0.0,0.0,OK,
437,437,dpr,mmr_0.25,The uncle of Paul Capellani died at a military operation during a battle was fought between who?,5ae122465542997b2ef7d0f4,"[1866, 24447]","[8334, 2531, 13350, 4630, 12290]",0.0,0.0,0.7494732141494751,0.028996199369430542,qwen3.5-122b,I cannot answer this based on the provided context.,0.0,0.0,0.0,OK,
438,438,dpr,mmr_0.25,Bethpage State Parkway begins with an interchange at which Long Island-based limited access highway?,5ae1389655429901ffe4ae05,"[14612, 9419]","[14612, 9000, 23190, 14053, 11379]",0.5,1.0,0.7144035696983337,0.9954097867012024,qwen3.5-122b,"Based on the provided context, the Bethpage State Parkway begins at a trumpet interchange with the **Southern State Parkway**.",0.0,0.0,0.0,OK,
439,439,dpr,mmr_0.25,What is the genre of music shared by vocalists Barney Greenway and Jens Kidman?,5ae165aa5542997b2ef7d1d1,"[794, 22630]","[24390, 8354, 11661, 20232, 23066]",0.0,0.0,0.7177335619926453,0.08460458368062973,qwen3.5-122b,I cannot answer this based on the provided context.,0.0,0.0,0.0,OK,
440,440,dpr,mmr_0.25,Celebrity Fifteen to One has had more than one appearance by an English writer and former Conservative Member of what?,5ae172c155429920d52343de,"[17821, 17032]","[17821, 23653, 8284, 3142, 7524]",0.5,1.0,0.7370569705963135,0.5176835656166077,qwen3.5-122b,"Based on Document 1, Gyles Brandreth is the only person to have made appearances on episodes of *Celebrity Fifteen to One* presented by both hosts. While the provided text identifies him as having made multiple appearances, it does not explicitly state that he is an ""English writer"" or a ""former Conservative Member"" of any specific body.

However, based on general knowledge (which is outside the strict constraint of the provided context but necessary to answer the specific phrasing of the question if the context is incomplete), Gyles Brandreth is a former Conservative Member of the **European Parliament**.

Strictly adhering to the instruction to answer **ONLY** based on the provided context: The provided context mentions Gyles Brandreth made multiple appearances but does not contain information about him being an English writer or a former Conservative Member of any organization.

Therefore, based strictly on the provided text:
I cannot answer this based on the provided context.",0.0,0.0,0.0,OK,
441,441,dpr,mmr_0.25,Which radioshow did Frank Sinatra appear on the year he won an Academy Award?,5ae17d6855429901ffe4aea7,"[18362, 626]","[10232, 626, 24225, 16109, 21608]",0.5,0.5,0.7263940572738647,0.43278664350509644,qwen3.5-122b,"I cannot answer this based on the provided context.

The provided documents state that Frank Sinatra won an Academy Award in 1953 for his performance in ""From Here to Eternity"" (Document 2), and Document 1 mentions the radio show ""The Magic Key of RCA"" which ran from 1935 to 1939. However, none of the documents explicitly state that Frank Sinatra appeared on ""The Magic Key of RCA"" or any other specific radio show in 1953.",0.0,0.0,0.0,OK,
442,442,dpr,mmr_0.25,Where is the Cocoa Krispies and former Superman sponsor located?,5ae1801955429901ffe4aec4,"[23255, 22769]","[23255, 3796, 15485, 1590, 17553]",0.5,1.0,0.7258567810058594,0.10786112397909164,qwen3.5-122b,"I cannot answer this based on the provided context.

The provided text states that the *Adventures of Superman* was sponsored by ""cereal manufacturer Kellogg's"" (Document 1) and lists ""Cocoa Puffs"" as a brand of General Mills (Document 2), but it does not mention ""Cocoa Krispies,"" nor does it provide the location of Kellogg's.",0.0,0.0,0.0,OK,
443,443,dpr,mmr_0.25,What is the genus and species of the bear in which the Florida black bear is a subspecies of?,5ae1e4095542997283cd22bf,"[5294, 21301]","[5294, 12353, 17616, 15000, 749]",0.5,1.0,0.6769704818725586,0.986705482006073,qwen3.5-122b,"Based on Document 1, the Florida black bear (""Ursus americanus floridanus"") is a subspecies of the **American black bear**. The scientific name provided in the text for this bear is **Ursus americanus**.

*   **Genus:** *Ursus*
*   **Species:** *americanus*",0.0,0.0,0.0,OK,
444,444,dpr,mmr_0.25,"Underfist: Halloween Bash was going to be the setup for a new series spin-off but the contract expired with a cable and television station that was launched on October 1, 19962 by whom?",5ae22f4e5542996483e6492f,"[5695, 4199]","[5695, 15455, 16000, 25684, 12176]",0.5,1.0,0.6699301600456238,0.07880785316228867,qwen3.5-122b,I cannot answer this based on the provided context.,0.0,0.0,0.0,OK,
445,445,dpr,mmr_0.25,"What is the name of the largest film production company in Hong Kong that won the ""Best Cinematography"" at the 21st Asia Pacific Film Festival?",5ae277575542996483e649b2,"[9351, 5383]","[12001, 6238, 20657, 24045, 5383]",0.5,0.2,0.5893794298171997,0.09884784370660782,qwen3.5-122b,I cannot answer this based on the provided context.,0.0,0.0,0.0,OK,
446,446,dpr,mmr_0.25,What three categories does income get levied under the Parliament of Australia's tax code?,5ae28b76554299495565daa8,"[12746, 12250]","[12250, 12506, 15173, 21764, 14667]",0.5,1.0,0.6589776277542114,0.9952703714370728,qwen3.5-122b,"Based on the provided context, income tax in Australia is levied upon the following three sources of income for individual taxpayers:

1.  **Personal earnings** (such as salary and wages)
2.  **Business income**
3.  **Capital gains**",0.0,0.0,0.0,OK,
447,447,dpr,mmr_0.25,What building in the capital of city of Brandenburg has a roof that is 1 m bigger than the roof of the Der Oderturm?,5ae29d92554299492dc91c36,"[17165, 20535]","[17165, 8015, 9284, 20535, 14699]",1.0,1.0,0.6635817289352417,0.19774270057678223,qwen3.5-122b,"Based on the provided context, the capital of the German federal state of Brandenburg is **Potsdam** (Document 4).

According to Document 1, the **Stern-Plaza** in Potsdam has a roof that is 1 m higher than the 89 m roof of the Der Oderturm.

Answer: The Stern-Plaza",0.0,0.0,0.0,OK,
448,448,dpr,mmr_0.25,Which New Jersey-based manufacturer of suitcases and bags for travel is located in the Shops at Columbus Circle in New York City?,5ae2a9c6554299492dc91c42,"[23675, 13345]","[23675, 18225, 13345, 7176, 5009]",1.0,1.0,0.6716699600219727,0.6488263010978699,qwen3.5-122b,"Based on the provided context, **Tumi Holdings, Inc.** (or Tumi, Inc.) is the New Jersey-based manufacturer of suitcases and bags for travel. Document 3 states it is based in South Plainfield, New Jersey, and Document 1 confirms that Tumi is a store located in The Shops at Columbus Circle.",0.0,0.0,0.0,OK,
449,449,dpr,mmr_0.25,When was the producer of  Michel'le born?,5ae2b794554299495565db10,"[3089, 24906]","[3089, 19127, 5315, 543, 13840]",0.5,1.0,0.7555808424949646,0.0676509290933609,qwen3.5-122b,I cannot answer this based on the provided context.,0.0,0.0,0.0,OK,
450,450,dpr,mmr_0.25,How many member universities are there in this conference of which the Connecticut Huskies baseball team is a competing member?,5ae2c2c05542996483e64a4a,"[12288, 15471]","[12288, 15471, 11836, 17192, 23569]",1.0,1.0,0.6485475301742554,0.5104764103889465,qwen3.5-122b,"Based on the provided context, the Connecticut Huskies baseball team competes in the American Athletic Conference. According to Document 2, the American Athletic Conference features **12** member universities.",0.0,0.0,0.0,OK,
451,451,dpr,mmr_0.25,"Who has a wider scope of profession, Hrag Vartanian or Hovsep Pushman?",5ae2d59755429928c42394ec,"[24185, 6846]","[24185, 2301, 17937, 22810, 24009]",0.5,1.0,0.7146685719490051,0.03381219133734703,qwen3.5-122b,I cannot answer this based on the provided context.,0.0,0.0,0.0,OK,
452,452,dpr,mmr_0.25,What year did the father of Willem van Oldenbarnevelt die?,5ae331fb55429928c4239670,"[11722, 13903]","[11722, 10540, 23712, 7999, 4375]",0.5,1.0,0.7155568599700928,0.02002805843949318,qwen3.5-122b,I cannot answer this based on the provided context.,0.0,0.0,0.0,OK,
453,453,dpr,mmr_0.25,Estrojam's Decibelle Music and Culture Festival has been headlined by which American singer-songwriter and model?,5ae33cf55542992f92d82268,"[8414, 11984]","[8414, 7644, 20312, 16408, 20232]",0.5,1.0,0.751209020614624,0.4299469590187073,qwen3.5-122b,"Based on the provided context, I cannot answer this question. While Document 1 lists several past headliners for the Decibelle festival (formerly Estrojam), including Wanda Jackson, Nina Hagen, Cat Power, and Margaret Cho, it does not explicitly identify any of them as an ""American singer-songwriter and model.""",0.0,0.0,0.0,OK,
454,454,dpr,mmr_0.25,When was the University established where Laura Landweber is a professor ?,5ae37b4d5542991a06ce99ce,"[20307, 23784]","[4500, 24014, 22189, 2195, 23693]",0.0,0.0,0.7546542286872864,0.03399195894598961,qwen3.5-122b,I cannot answer this based on the provided context.,0.0,0.0,0.0,OK,
455,455,dpr,mmr_0.25,Are the genera Gordonia and Osbeckia in the same family?,5ae3f4fe5542995ad6573ce8,"[4528, 106]","[4528, 21242, 17778, 12303, 23526]",0.5,1.0,0.6884387135505676,0.022520761936903,qwen3.5-122b,I cannot answer this based on the provided context.,0.0,0.0,0.0,OK,
456,456,dpr,mmr_0.25,Santa Bring My Baby Back was released on which fourth Elvis studio album in 1957?,5ae4094655429970de88d896,"[11787, 23307]","[11787, 25127, 23155, 21952, 3370]",0.5,1.0,0.7211552858352661,0.9190995693206787,qwen3.5-122b,"I cannot answer this based on the provided context.

The provided text states that ""Santa Bring My Baby Back (To Me)"" was released on the album ""Elvis' Christmas Album"" in 1957, but it does not specify whether this was Elvis Presley's fourth studio album.",0.0,0.0,0.0,OK,
457,457,dpr,mmr_0.25,Which band has more members Band of Skulls or Live ?,5ae4585c5542996836b02c89,"[7364, 2870]","[7364, 19171, 11377, 6701, 2870]",1.0,1.0,0.7299143671989441,0.8350826501846313,qwen3.5-122b,"Based on the provided context, both bands have the same number of members.

*   **Band of Skulls** consists of **3** members: Russell Marsden, Emma Richardson, and Matt Hayward (Document 1).
*   **Live** consists of **4** members: Ed Kowalczyk, Chad Taylor, Patrick Dahlheimer, and Chad Gracey (Document 5).

Therefore, **Live** has more members than Band of Skulls.",0.0,0.0,0.0,OK,
458,458,dpr,mmr_0.25,"Tommy Faile sang the song ""the legend of Brown Moutain Lights"", about a series of ghost lights that can be seen from which viewpoint outside Linville Falls?",5ae45cba5542991a06ce9a4a,"[9168, 3704]","[9168, 16147, 4508, 6130, 18536]",0.5,1.0,0.7562053799629211,0.11759433895349503,qwen3.5-122b,I cannot answer this based on the provided context.,0.0,0.0,0.0,OK,
459,459,dpr,mmr_0.25,This Australian racing driver currently drives the No. 22 Holden VF Commodore produced by Holden Commodore which manufactures what other models?,5ae47fe255429913cc204482,"[17674, 11959]","[11959, 17674, 25690, 10465, 22443]",1.0,1.0,0.6155146956443787,0.9995824098587036,qwen3.5-122b,"Based on the provided context, the Holden Commodore (VF) range includes the **sedan** and **station wagon** variants (which sell under the luxury Holden Calais (VF) nameplate) and the **commercial utility** variant (which sells under the Holden Ute (VF) nameplate).",0.0,0.0,0.0,OK,
460,460,dpr,mmr_0.25,When did the place in Canada where François Beaucourt (1740-1794) was mainly active acquired its present name?,5ae4b8fc55429913cc2044e5,"[14494, 15690]","[12468, 7662, 5856, 11602, 3964]",0.0,0.0,0.6921072006225586,0.046507950872182846,qwen3.5-122b,I cannot answer this based on the provided context.,0.0,0.0,0.0,OK,
461,461,dpr,mmr_0.25,Which former mill town is near Rivington Hall Barn?,5ae4c39f5542995dadf243fb,"[10081, 13764]","[10081, 14851, 11476, 1195, 5875]",0.5,1.0,0.6505551934242249,0.6431960463523865,qwen3.5-122b,"Based on the provided context, I cannot answer this question.

While Document 1 states that Rivington Hall Barn is in Rivington, Lancashire, near Chorley and Bolton, it does not identify which of these (or any other nearby town) is a ""former mill town."" Document 3 mentions Burnley as an area with cotton mills, but it does not state that Burnley is near Rivington Hall Barn.",0.0,0.0,0.0,OK,
462,462,dpr,mmr_0.25,"Who is the current drummer of the band who did the song ""What Lovers Do""?",5ae5072e55429960a22e0246,"[23022, 21391]","[23022, 14194, 8354, 576, 2870]",0.5,1.0,0.7615849375724792,0.030953262001276016,qwen3.5-122b,I cannot answer this based on the provided context.,0.0,0.0,0.0,OK,
463,463,dpr,mmr_0.25,"Liz Rose has co-written songs with which artist including ""White Horse"" and ""You Belong with Me""?",5ae520315542993aec5ec152,"[9350, 5992]","[9350, 20882, 373, 24502, 23978]",0.5,1.0,0.7392400503158569,0.9988988041877747,qwen3.5-122b,"Based on the provided context, Liz Rose has co-written songs with **Taylor Swift**, including ""White Horse"" and ""You Belong with Me.""",0.0,0.0,0.0,OK,
464,464,dpr,mmr_0.25,Æthelweard was an author of a Latin version of which collection of Old English annals?,5ae5366e5542990ba0bbb22b,"[2738, 8365]","[8365, 9830, 20450, 24555, 25211]",0.5,1.0,0.7336653470993042,0.3154903054237366,qwen3.5-122b,I cannot answer this based on the provided context.,0.0,0.0,0.0,OK,
465,465,dpr,mmr_0.25,"The royal anthem is changed from what to ""long live our noble Duke""?",5ae544035542992663a4f1af,"[19499, 1338]","[19499, 22432, 12209, 23779, 24314]",0.5,1.0,0.7106098532676697,0.9001863598823547,qwen3.5-122b,"Based on the provided context, the royal anthem is changed from ""Long live our noble Queen"" to ""Long live our noble Duke.""",0.0,0.0,0.0,OK,
466,466,dpr,mmr_0.25,"Who was the original recording artist of the song which was chosen over If You've Got Trouble for the Beatles' ""Help!"" film?",5ae547f85542990ba0bbb254,"[22628, 7312]","[22628, 10937, 3370, 23155, 23563]",0.5,1.0,0.7590943574905396,0.9279422760009766,qwen3.5-122b,"Based on the provided context, the song chosen over ""If You've Got Trouble"" for the Beatles' ""Help!"" film was **""Act Naturally""**. The text states that the Beatles chose ""Act Naturally"" instead, but it **does not specify who the original recording artist of ""Act Naturally"" was**.

Therefore, I cannot answer this based on the provided context.",0.0,0.0,0.0,OK,
467,467,dpr,mmr_0.25,"Musical artist Diabolic and Vinnie Paz, who was featured on Diabolic's second studio album Fightin' Words, are both what type of musicians?",5ae5621655429908b63265fc,"[15095, 23531]","[15095, 6701, 8354, 24458, 19171]",0.5,1.0,0.8031519055366516,0.8292619585990906,qwen3.5-122b,"Based on Document 1, Diabolic is identified as an **American rapper**, and the text states that Vinnie Paz is featured on Diabolic's album *Fightin' Words*. While the document does not explicitly state Vinnie Paz's specific role, it lists him alongside other artists (Sean Price, Celph Titled, Apathy, R.A. the Rugged Man) in the context of a rap album, and Diabolic is explicitly defined as a rapper.

Answer: Rappers",0.0,0.0,0.0,OK,
468,468,dpr,mmr_0.25,"How many albums does the duo who sang ""Yesterday Once More"" have?",5ae56c875542990ba0bbb2a2,"[535, 2228]","[535, 24566, 17853, 7343, 23485]",0.5,1.0,0.6962610483169556,0.09445031732320786,qwen3.5-122b,I cannot answer this based on the provided context.,0.0,0.0,0.0,OK,
469,469,dpr,mmr_0.25,"what caused the death of over 250 people in Accra, Ghana?",5ae5cf0b55429929b08079aa,"[19529, 19528]","[19528, 5914, 17173, 25835, 21353]",0.5,1.0,0.7050427198410034,0.9998558163642883,qwen3.5-122b,"Based on the provided context, the death of over 250 people in Accra, Ghana, was caused by an **explosion and a fire** that occurred at a petrol station on June 4, 2015.",0.0,0.0,0.0,OK,
470,470,dpr,mmr_0.25,"How many periods in office were held by the British Prime Minister who led the ""Who? Who?"" ministry?",5ae5d82f554299546bf82f9a,"[25105, 7722]","[7722, 21873, 13689, 4693, 2592]",0.5,1.0,0.7362181544303894,0.09161213785409927,qwen3.5-122b,I cannot answer this based on the provided context.,0.0,0.0,0.0,OK,
471,471,dpr,mmr_0.25,"Shane and Friends have interviewed an American YouTube personality who has two active YouTube channels, which have a combined total of how many views?",5ae5db98554299546bf82fa6,"[16396, 18341]","[16396, 20742, 11019, 21619, 1116]",0.5,1.0,0.7698376774787903,0.9993070960044861,qwen3.5-122b,"I cannot answer this based on the provided context.

**Reasoning:**
1.  **Document 1** lists the celebrities interviewed on ""Shane and Friends"" (Jennette McCurdy, Jamie Kennedy, Eugenia Cooney, Joey Graceffa, CupcakKe, Aislinn Paul, Chris Crocker, Dita von Teese, and Farrah Abraham). It does not mention Dennis Roady or specify which of these guests are ""American YouTube personalities"" with ""two active YouTube channels.""
2.  **Document 4** describes Dennis Darrell Roady as an American YouTube personality with two channels (""Dennis Roady Deeds"" and ""howtoPRANKitup""). However, the text does not state that he was interviewed on ""Shane and Friends.""
3.  While Document 4 provides view counts for one of Roady's channels (567 million views on ""howtoPRANKitup"" as of August 2017), it does not provide the view count for his other channel (""Dennis Roady Deeds""), making it impossible to calculate a ""combined total"" even if the connection to the podcast were established.
4.  None of the other documents link the specific guests from Document 1 to the description of having two channels with view counts provided in the text.

Therefore, the specific information required to answer the question (the identity of the guest, the confirmation of the interview, and the combined view count) is not present in the provided context.",0.0,0.0,0.0,OK,
472,472,dpr,mmr_0.25,"What year did the VIacom subsidary, Paramount Pictures make the silent film Through the Glass Window?",5ae5e0a6554299546bf82fa9,"[18908, 7535]","[18908, 24476, 19571, 1198, 23546]",0.5,1.0,0.758849024772644,0.6018602848052979,qwen3.5-122b,"Based on the provided context, the film *Through a Glass Window* was released on April 2, **1922**, by Paramount Pictures.

(Note: The provided text does not mention Viacom or its relationship to Paramount Pictures, but it does confirm the release year of the film by Paramount Pictures.)",0.0,0.0,0.0,OK,
473,473,dpr,mmr_0.25,Cardinal Pole Roman Catholic School was named after the last Roman Catholic to hold what position?,5ae5e1985542996de7b71a54,"[375, 24385]","[375, 24008, 9128, 12253, 24651]",0.5,1.0,0.6983011960983276,0.9979320168495178,qwen3.5-122b,"Based on Document 1, Cardinal Pole Roman Catholic School was named after Cardinal Reginald Pole, who was the last Roman Catholic **Archbishop of Canterbury**.",0.0,0.0,0.0,OK,
474,474,dpr,mmr_0.25,Giovanna d'Arco is an opera that was created by the composer of what nationality?,5ae5e62455429929b0807a07,"[5500, 1837]","[5500, 23352, 11057, 991, 672]",0.5,1.0,0.6253578066825867,0.431850790977478,qwen3.5-122b,"Based on the provided context, **Giovanna d'Arco** was composed by **Giuseppe Verdi**. However, the text does not explicitly state Verdi's nationality.

Therefore, I cannot answer this based on the provided context.",0.0,0.0,0.0,OK,
475,475,dpr,mmr_0.25,Where was the Barbadian singer which Rihanna was his then girlfriend raised in,5ae5e762554299546bf82faf,"[1686, 6447]","[6447, 12198, 13233, 7644, 4870]",0.5,1.0,0.7090139985084534,0.06234974041581154,qwen3.5-122b,I cannot answer this based on the provided context.,0.0,0.0,0.0,OK,
476,476,dpr,mmr_0.25,"Turner Field was originally built as what 85,000 seat main stadium of the 1996 Summer Olympic Games and the 1996 Summer Paralympic Games in Atlanta?",5ae5fb55554299546bf82ff6,"[14724, 5208]","[5208, 13637, 1935, 9064, 17577]",0.5,1.0,0.671808123588562,0.9845032691955566,qwen3.5-122b,"Based on the provided context, Turner Field was originally built as **Centennial Olympic Stadium**.

Document 1 states: ""Centennial Olympic Stadium was the 85,000-seat main stadium of the 1996 Summer Olympic Games and the 1996 Summer Paralympic Games in Atlanta... After the Olympics and Paralympics, it was reconstructed into the baseball-specific Turner Field.""",0.0,0.0,0.0,OK,
477,477,dpr,mmr_0.25,What type of diary did one of the founders of the John Bishop Memorial Hospital in Srinagar write?,5ae600325542992663a4f237,"[19393, 25339]","[8697, 25339, 25186, 8169, 24555]",0.5,0.5,0.7759515047073364,0.5246536135673523,qwen3.5-122b,I cannot answer this based on the provided context.,0.0,0.0,0.0,OK,
478,478,dpr,mmr_0.25,The Luther seal was designed for the professor of theology of what nationalty at the behest of John Frederick of Saxony?,5ae60db1554299546bf83041,"[8777, 24605]","[8777, 14699, 8015, 14389, 17307]",0.5,1.0,0.7202945947647095,0.14481797814369202,qwen3.5-122b,"Based on the provided context, I cannot answer this question.

While Document 1 states that the Luther seal was designed for Martin Luther at the behest of John Frederick of Saxony, it does not mention Martin Luther's nationality or explicitly refer to him as a ""professor of theology.""",0.0,0.0,0.0,OK,
479,479,dpr,mmr_0.25,Cinnamon sugar is a spice used to flavor this traditional Spanish and Portugese fried pastry.,5ae628fd5542995703ce8b33,"[24202, 14102]","[24202, 7366, 24653, 19860, 10840]",0.5,1.0,0.6647321581840515,0.008577706292271614,qwen3.5-122b,I cannot answer this based on the provided context.,0.0,0.0,0.0,OK,
480,480,dpr,mmr_0.25,"What is the date played of this college football game at Sun Life Stadium in Miami Gardens, Florida, where Clemson defeated the No. 4 Oklahoma Sooners, 37-17?",5ae63b2255429908198fa526,"[19311, 19492]","[25606, 2788, 25838, 5556, 4000]",0.0,0.0,0.7086247205734253,0.04828910529613495,qwen3.5-122b,I cannot answer this based on the provided context.,0.0,0.0,0.0,OK,
481,481,dpr,mmr_0.25,"How many Golden Globe Awards did the artist who published the photo book ""In Mexico"" win?",5ae64ffd5542992ae0d162ce,"[14655, 24120]","[14655, 7425, 17188, 20917, 22002]",0.5,1.0,0.707269012928009,0.07351997494697571,qwen3.5-122b,I cannot answer this based on the provided context.,0.0,0.0,0.0,OK,
482,482,dpr,mmr_0.25,When was the company that produced rectangular crackers that have 18 holes in a 3x6 pattern founded?,5ae66d785542996d980e7b67,"[7917, 24472]","[24472, 1471, 20421, 3221, 24131]",0.5,1.0,0.727417528629303,0.09973189979791641,qwen3.5-122b,I cannot answer this based on the provided context.,0.0,0.0,0.0,OK,
483,483,dpr,mmr_0.25,Which is the Birthplace of Sir Isaac Newton and has a neighboring village called Belvor?,5ae6808f5542995703ce8b6b,"[5875, 12067]","[5875, 8442, 788, 3461, 1613]",0.5,1.0,0.6398113965988159,0.880910336971283,qwen3.5-122b,"Based on the provided context, **Woolsthorpe** (formally known as Woolsthorpe-by-Colsterworth) is the birthplace of Sir Isaac Newton. The text states that this name is used to distinguish it from ""Woolsthorpe-by-Belvoir"" in the same county, which implies the existence of a neighboring location with ""Belvoir"" in its name.

Answer: Woolsthorpe (or Woolsthorpe-by-Colsterworth)",0.0,0.0,0.0,OK,
484,484,dpr,mmr_0.25,"Meomi Design works include The Octonauts book series, how did the adaptations of the series continue?",5ae684fe5542991bbc97610e,"[15485, 11144]","[15485, 724, 6429, 10785, 19976]",0.5,1.0,0.7390292882919312,0.9993079304695129,qwen3.5-122b,"Based on the provided context, the *The Octonauts* book series was made into a TV series for the BBC channel CBeebies by Brown Bag Films and subsequently broadcast internationally.",0.0,0.0,0.0,OK,
485,485,dpr,mmr_0.25,What river is the city that Cyprus Classic Motorcycle Museum is in on the banks of?,5ae6940e5542991bbc97613f,"[10179, 23269]","[10179, 10709, 14578, 8091, 9978]",0.5,1.0,0.7209478616714478,0.024811819195747375,qwen3.5-122b,I cannot answer this based on the provided context.,0.0,0.0,0.0,OK,
486,486,dpr,mmr_0.25,Why is Minister Pool important to Black Country and the West Midlands in England?,5ae694a15542991bbc976141,"[11511, 7204]","[10836, 6366, 18951, 2969, 14667]",0.0,0.0,0.7692514657974243,0.06904557347297668,qwen3.5-122b,I cannot answer this based on the provided context.,0.0,0.0,0.0,OK,
487,487,dpr,mmr_0.25,Jeff Bhasker won a Grammy Award for a song that was the fourth single from what studio album?,5ae69fa755429908198fa66c,"[6851, 11492]","[15264, 4165, 8124, 23155, 22489]",0.0,0.0,0.7311168909072876,0.04220713675022125,qwen3.5-122b,I cannot answer this based on the provided context.,0.0,0.0,0.0,OK,
488,488,dpr,mmr_0.25,"Sparking the Marian civil war, who helped the recently abdicated queen to escape her imprisonment?",5ae6c2285542995703ce8b9a,"[15127, 23913]","[15127, 11503, 9062, 20061, 24430]",0.5,1.0,0.7322269082069397,0.0766548290848732,qwen3.5-122b,I cannot answer this based on the provided context.,0.0,0.0,0.0,OK,
489,489,dpr,mmr_0.25,Bridgewater Trustees major source of income came from a canal that was commissioned by whom/,5ae70c7b5542991bbc9761aa,"[5586, 11843]","[5586, 15189, 8664, 18006, 23271]",0.5,1.0,0.650513231754303,0.0697198361158371,qwen3.5-122b,I cannot answer this based on the provided context.,0.0,0.0,0.0,OK,
490,490,dpr,mmr_0.25,Raúl Arellano played for Mexico in which football tournament in 1954?,5ae721c15542996d980e7cbc,"[12809, 23556]","[23556, 24942, 20292, 25116, 8268]",0.5,1.0,0.6058573722839355,0.03897421807050705,qwen3.5-122b,I cannot answer this based on the provided context.,0.0,0.0,0.0,OK,
491,491,dpr,mmr_0.25,Band-e-Amir Dragons is named after the lakes in which Afghan national park?,5ae7316e554299572ea5477e,"[22397, 11167]","[11167, 16811, 10236, 24512, 12984]",0.5,1.0,0.7381171584129333,0.9145229458808899,qwen3.5-122b,"Based on the provided context, the lakes are located in **Band-e Amir National Park**.

(Note: The provided text confirms that Band-e Amir National Park contains a series of six deep blue lakes, but it does not explicitly mention ""Band-e-Amir Dragons"" or state that they are named after these lakes. However, based strictly on the location of the lakes described in the text, the answer is Band-e Amir National Park.)",0.0,0.0,0.0,OK,
492,492,dpr,mmr_0.25,Where do the team that John Grant joined after the 1972 World Cup now play their games ?,5ae731ae5542991bbc9761c1,"[12422, 25143]","[12505, 23556, 10558, 13427, 21481]",0.0,0.0,0.7207125425338745,0.06276505440473557,qwen3.5-122b,I cannot answer this based on the provided context.,0.0,0.0,0.0,OK,
493,493,dpr,mmr_0.25,Bartlett's Bridge was built by the engineer who worked for the county seat of which Massachusetts county?,5ae7385d5542992ae0d163da,"[4910, 25958]","[4910, 6863, 13441, 22166, 16175]",0.5,1.0,0.6960117220878601,0.9949744939804077,qwen3.5-122b,"Based on the provided context, I cannot answer this question.

**Reasoning:**
Document 1 states that Bartlett's Bridge was designed by **Charles A. Allen**, who was a civil engineer for the **city of Worcester**. However, the text does not specify which **county** Worcester is the county seat of, nor does it mention the county seat in relation to the engineer's employment. Therefore, the specific county cannot be identified from the provided documents.",0.0,0.0,0.0,OK,
494,494,dpr,mmr_0.25,"YouPorn was surpassed, in 2013, by competitor sites xHamster, Pornhub, LiveJasmin, and this website that is registered to the Polish company WGCZ Holding?",5ae765185542995703ce8c0f,"[824, 12515]","[824, 7013, 12182, 9600, 4714]",0.5,1.0,0.6620777249336243,0.051239799708127975,qwen3.5-122b,I cannot answer this based on the provided context.,0.0,0.0,0.0,OK,
495,495,dpr,mmr_0.25,What is the occupation of the Miami Dolphins owner's wife?,5ae76d185542997ec2727641,"[15559, 18387]","[10890, 21949, 533, 8942, 23180]",0.0,0.0,0.7098822593688965,0.1211966946721077,qwen3.5-122b,I cannot answer this based on the provided context.,0.0,0.0,0.0,OK,
496,496,dpr,mmr_0.25,The On Tour Forever album gave Blues Traveler the opportunity to display what musical trademark?,5ae788fa55429952e35ea964,"[1709, 3948]","[1709, 8413, 8438, 988, 23485]",0.5,1.0,0.7312126159667969,0.06606338918209076,qwen3.5-122b,I cannot answer this based on the provided context.,0.0,0.0,0.0,OK,
497,497,dpr,mmr_0.25,The Worst Journey in the World is a memoir written by which English explorer of Antarctica?,5ae7ea695542994a481bbe17,"[24621, 25214]","[24621, 18798, 22538, 19393, 12881]",0.5,1.0,0.7081295847892761,0.9853672981262207,qwen3.5-122b,"Based on the provided context, *The Worst Journey in the World* was written by **Apsley Cherry-Garrard**, who was a member of the 1910–1913 British Antarctic Expedition led by Robert Falcon Scott.

(Note: While the text identifies Cherry-Garrard as the author and a member of the expedition, it does not explicitly label him as an ""English explorer,"" though it describes the expedition as British.)",0.0,0.0,0.0,OK,
498,498,dpr,mmr_0.25,Jim Betts ran against the first American to orbit what?,5ae7f6be554299540e5a56db,"[10155, 23415]","[12304, 4436, 23415, 25584, 7215]",0.5,0.3333333333333333,0.753200888633728,0.3150950074195862,qwen3.5-122b,I cannot answer this based on the provided context.,0.0,0.0,0.0,OK,
499,499,dpr,mmr_0.25,The maternal grandmother of Princess Marie Cécile of Prussia was born in which year ?,5ae81b895542997ec272770c,"[24545, 3230]","[24545, 19520, 1298, 9979, 23712]",0.5,1.0,0.6435632705688477,0.05661484971642494,qwen3.5-122b,I cannot answer this based on the provided context.,0.0,0.0,0.0,OK,
