question_index,qa_id,retriever,condition,question,beir_query_id,gold_doc_ids,retrieved_doc_ids,recall_at_k,mrr,retrieval_diversity,faithfulness_nli,llm_model,prediction,exact_match,f1,rouge_l,row_status,row_error
0,0,contriever,dpp_seed1,Which piece did Ludwig van Beethoven publish in 1801 that was dedicated to Count Moritz von Fries?,5a70f1685542994082a3e40f,"[13379, 7304]","[22717, 4536, 25407, 20816, 5082]",0.0,0.0,0.6372581720352173,0.0,,,0.0,0.0,0.0,OK,
1,1,contriever,dpp_seed1,"Which of these men, Scott Treleaven and Edmund Mortimer, is credited with working in both films and photography?",5a710a915542994082a3e504,"[2917, 2219]","[13598, 4186, 5546, 11541, 25565]",0.0,0.0,0.576978325843811,0.0,,,0.0,0.0,0.0,OK,
2,2,contriever,dpp_seed1,Albanians in Montenegro which make up 4.91 of the county's total population could be members of the Albanian Coalation Perspect which is a what?,5a711c535542994082a3e59b,"[5958, 20848]","[11883, 5958, 15070, 4491, 14432]",0.5,0.5,0.5617563724517822,0.0,,,0.0,0.0,0.0,OK,
3,3,contriever,dpp_seed1,Alvaro Mexia had a diplomatic mission with which tribe of indigenous people?,5a713ea95542994082a3e6e4,"[12797, 7948]","[7636, 12149, 25614, 12143, 13827]",0.0,0.0,0.6094715595245361,0.0,,,0.0,0.0,0.0,OK,
4,4,contriever,dpp_seed1,"Riema Juhani Karppinen won the silver medal at what event held outside of Munich, Germany?",5a71419f5542994082a3e70d,"[17083, 12115]","[17083, 19456, 9803, 21576, 20212]",0.5,1.0,0.6116365790367126,0.0,,,0.0,0.0,0.0,OK,
5,5,contriever,dpp_seed1,When was the king that started coin production in Copenhagen born?,5a7147fd5542994082a3e758,"[15673, 4375]","[11904, 20640, 2013, 24397, 4613]",0.0,0.0,0.591446042060852,0.0,,,0.0,0.0,0.0,OK,
6,6,contriever,dpp_seed1,"Which Istanbul mosque is unique for retaining a Baroque style of architecture, the Bayezid II Mosque or the Nusretiye Mosque?",5a7153d05542994082a3e7dc,"[4824, 2753]","[6757, 13665, 21624, 20352, 2753]",0.5,0.2,0.5164969563484192,0.0,,,0.0,0.0,0.0,OK,
7,7,contriever,dpp_seed1,"Which publication still relies on paper printing, Human Events or Texas Highways?",5a7199725542994082a3e88f,"[24161, 19285]","[13918, 20577, 7584, 3823, 5293]",0.0,0.0,0.6296459436416626,0.0,,,0.0,0.0,0.0,OK,
8,8,contriever,dpp_seed1,"Where is the University of North Carolina at Wilmington, population 112,067 located?",5a7243915542990c210a4086,"[16868, 1698]","[1662, 16868, 3633, 14432, 1697]",0.5,0.5,0.6176397204399109,0.0,,,0.0,0.0,0.0,OK,
9,9,contriever,dpp_seed1,"Gail Matthius co-anchored the Weekend Update segment of ""Saturday Night Live"" with the actor who played the villain Nicholas Andre in what movie?",5a728f505542992359bc30f5,"[4902, 21750]","[20652, 6176, 6748, 24380, 14835]",0.0,0.0,0.584289014339447,0.0,,,0.0,0.0,0.0,OK,
10,10,contriever,dpp_seed1,Which author wrote about a woman captured by the Symbionese Liberation Army?,5a729cc25542991f9a20c532,"[25934, 23926]","[20756, 24665, 20950, 17624, 25619]",0.0,0.0,0.6867905855178833,0.0,,,0.0,0.0,0.0,OK,
11,11,contriever,dpp_seed1,What is the name of the pop artist that belongs on the Pledis Entertainment label and has 13 members?,5a72d7b35542991f9a20c5be,"[12748, 19460]","[2585, 8940, 7041, 13791, 21877]",0.0,0.0,0.6377900242805481,0.0,,,0.0,0.0,0.0,OK,
12,12,contriever,dpp_seed1,"Gaia is a space observatory of the European Space Agency, what is Astrosat?",5a7300b85542994cef4bc41a,"[24876, 25491]","[11092, 13529, 1071, 25689, 22227]",0.0,0.0,0.6722906231880188,0.0,,,0.0,0.0,0.0,OK,
13,13,contriever,dpp_seed1,"In the television series Green Hornet, which actor played the role of Kato?",5a7326cd5542991f29ee2d11,"[9131, 23227]","[5000, 1938, 25166, 19372, 11804]",0.0,0.0,0.6329476237297058,0.0,,,0.0,0.0,0.0,OK,
14,14,contriever,dpp_seed1,"Lady Elizabeth Delmé and Her Children (1779) is a portrait given to the National Gallery of Art in 1937, which is located in which state?",5a7336d05542992359bc3293,"[13264, 13967]","[252, 18866, 19682, 24024, 7163]",0.0,0.0,0.6434980630874634,0.0,,,0.0,0.0,0.0,OK,
15,15,contriever,dpp_seed1,"Which movie is loosley based off the Brother Grimm's ""Iron Henry""?",5a733b835542991f9a20c6b2,"[23633, 4545]","[21968, 13273, 16716, 20108, 18259]",0.0,0.0,0.6413636207580566,0.0,,,0.0,0.0,0.0,OK,
16,16,contriever,dpp_seed1,which board game has been around longer Obsession or Battle Sheep ?,5a733caa5542992359bc32a3,"[15389, 19341]","[10112, 13090, 20532, 23691, 23267]",0.0,0.0,0.6845225691795349,0.0,,,0.0,0.0,0.0,OK,
17,17,contriever,dpp_seed1,"Which famous mine was in service first, the Salmita Mine or the Kanichee Mine?",5a739323554299623ed4abff,"[4244, 25216]","[8842, 4244, 11301, 25863, 13788]",0.5,0.5,0.6023615002632141,0.0,,,0.0,0.0,0.0,OK,
18,18,contriever,dpp_seed1,"What was the lead single from Boys Like Girls album on which frontman, Martin Johnson co-wrote a song with Taylor Swift? A: Love Drunk",5a74122f55429929fddd83da,"[7716, 8612]","[2810, 9859, 23298, 4577, 12783]",0.0,0.0,0.6537540555000305,0.0,,,0.0,0.0,0.0,OK,
19,19,contriever,dpp_seed1,"Who wrote the music for Billy Elliot the Musical and had at least one song on the ""Billboard"" Hot 100 for 31 consecutive years?",5a74629255429929fddd8402,"[10804, 21082]","[3468, 5422, 2585, 15903, 12783]",0.0,0.0,0.5371216535568237,0.0,,,0.0,0.0,0.0,OK,
20,20,contriever,dpp_seed1,Which American main title designer designed sequences for the founder of the Sundance Film Festival?,5a7471f655429979e2882955,"[4890, 23681]","[676, 3353, 4400, 5765, 15111]",0.0,0.0,0.6047917604446411,0.0,,,0.0,0.0,0.0,OK,
21,21,contriever,dpp_seed1,What is served shaken with ice and should not be mistaken with the name Margarita?,5a74be7a55429929fddd84e4,"[7079, 4039]","[22897, 18865, 5000, 2706, 25675]",0.0,0.0,0.611298143863678,0.0,,,0.0,0.0,0.0,OK,
22,22,contriever,dpp_seed1,What product by FLEXcon represents data by geometric patterns?,5a74c3f455429979e2882a0a,"[7688, 23564]","[12854, 8066, 11798, 8969, 23959]",0.0,0.0,0.6792415380477905,0.0,,,0.0,0.0,0.0,OK,
23,23,contriever,dpp_seed1,Connetquot High School  is a public high school in what city in New York?,5a7506f455429916b0164240,"[2573, 1640]","[2268, 6292, 1589, 7308, 13330]",0.0,0.0,0.6083742380142212,0.0,,,0.0,0.0,0.0,OK,
24,24,contriever,dpp_seed1,What year did the movement that Tess Asplund protested in the viral image of her with her fist in the air disband?,5a7526945542993748c897d2,"[21889, 8074]","[13472, 9341, 7444, 7261, 17665]",0.0,0.0,0.7178753018379211,0.0,,,0.0,0.0,0.0,OK,
25,25,contriever,dpp_seed1,"What song from the fourth studio album made by The Who reached No.4 on the UK charts and No. 19 o nthe U.S. ""Billboard"" Hot 100?",5a753c8c55429916b01642ab,"[5767, 3370]","[21035, 12783, 7, 13726, 14015]",0.0,0.0,0.587751030921936,0.0,,,0.0,0.0,0.0,OK,
26,26,contriever,dpp_seed1,"Who was born first, Karen Joy Fowler or Bruce Chatwin?",5a7542425542996c70cfaecc,"[7681, 18798]","[19078, 8083, 15515, 6958, 13790]",0.0,0.0,0.6340267062187195,0.0,,,0.0,0.0,0.0,OK,
27,27,contriever,dpp_seed1,"Michael Mark Brodsky is known for his translation of what Irish avant-garde novelist, playwright, theatre director, and poet?",5a7545605542993748c89807,"[15201, 10071]","[10346, 12140, 7772, 9836, 13762]",0.0,0.0,0.5705824494361877,0.0,,,0.0,0.0,0.0,OK,
28,28,contriever,dpp_seed1,"Which came to market first, ""Hey Pa! There's a Goat on the Roof"" or ""Poleconomy""",5a7555215542996c70cfaee1,"[9446, 2847]","[10523, 3172, 11322, 19186, 25567]",0.0,0.0,0.600968062877655,0.0,,,0.0,0.0,0.0,OK,
29,29,contriever,dpp_seed1,"Which ""Roseanne"" star is in Scream 2?",5a7557d75542992d0ec05f68,"[23512, 11186]","[14835, 11766, 11256, 6562, 9465]",0.0,0.0,0.6935451030731201,0.0,,,0.0,0.0,0.0,OK,
30,30,contriever,dpp_seed1,What show was Elena Shaddow in that was written by a relative of Richard Rodgers?,5a755f0a5542996c70cfaee7,"[25709, 9440]","[7354, 2435, 13380, 18510, 2585]",0.0,0.0,0.6401976346969604,0.0,,,0.0,0.0,0.0,OK,
31,31,contriever,dpp_seed1,"Which ""Mirrors"" actress made her film debut in the 2005 comedy film ""Hitch""?",5a7571095542992d0ec05f97,"[5780, 24053]","[6047, 7481, 19713, 19337, 3245]",0.0,0.0,0.6287161111831665,0.0,,,0.0,0.0,0.0,OK,
32,32,contriever,dpp_seed1,Who was born first Mahbub ul Haq or Ibn Arabi?,5a7574e25542996c70cfaf01,"[24250, 5838]","[8514, 15321, 17197, 18016, 17879]",0.0,0.0,0.6039465665817261,0.0,,,0.0,0.0,0.0,OK,
33,33,contriever,dpp_seed1,Andrea Camplone is a football coach in which 22-team competition?,5a75d8dc5542992db94736f0,"[18063, 21614]","[11429, 17951, 16525, 4879, 20122]",0.0,0.0,0.6566985845565796,0.0,,,0.0,0.0,0.0,OK,
34,34,contriever,dpp_seed1,"The Declaration of Montreal was the founding document of which world event, lasting from July 26-August 5, 2006?",5a75da6d5542992db94736fa,"[23670, 20385]","[13687, 20385, 22438, 11669, 4597]",0.5,0.5,0.5847371816635132,0.0,,,0.0,0.0,0.0,OK,
35,35,contriever,dpp_seed1,"Who is younger, Pelle Almqvist or Steve Winwood?",5a75f0bf5542994ccc91866b,"[4900, 6621]","[2971, 4900, 17559, 5412, 9039]",0.5,0.5,0.6627771258354187,0.0,,,0.0,0.0,0.0,OK,
36,36,contriever,dpp_seed1,"What actress and and writer starred with Jennifer Saunders in bothe ""The Supergrass"" and ""French and Saunders""?",5a7602d8554299109176e5fb,"[10750, 12015]","[10921, 11131, 11444, 5013, 10750]",0.5,0.2,0.6550837755203247,0.0,,,0.0,0.0,0.0,OK,
37,37,contriever,dpp_seed1,Alfred Balk served as the secretary of the Committee on the Employment of Minority Groups in the News Media under which United States Vice President?,5a760ab65542994ccc918697,"[7215, 5425]","[12284, 16472, 19969, 16710, 11338]",0.0,0.0,0.6478754281997681,0.0,,,0.0,0.0,0.0,OK,
38,38,contriever,dpp_seed1,Was the famous opera comique that was based on a Prosper Merimee novella a comedy or a tragedy?,5a7615fb5542992db9473727,"[1460, 15091]","[9560, 11057, 9049, 13629, 21235]",0.0,0.0,0.649711549282074,0.0,,,0.0,0.0,0.0,OK,
39,39,contriever,dpp_seed1,Who served as the head coach for the Grizzlies in the 2004-05 season and as head coach for the Brooklyn Nets?,5a7618d85542994ccc9186cf,"[11963, 14818]","[20678, 20122, 6739, 25279, 1498]",0.0,0.0,0.6563318967819214,0.0,,,0.0,0.0,0.0,OK,
40,40,contriever,dpp_seed1,"Which album did the band Kraftwerk release after their successful album which reached number 25 on the US ""Billboard"" Hot 100 chart?",5a7621bb554299109176e650,"[23154, 4227]","[12783, 23154, 25269, 6253, 723]",0.5,0.5,0.6001526713371277,0.0,,,0.0,0.0,0.0,OK,
41,41,contriever,dpp_seed1,When was the plaintiff in the 1892 Barbed Wire Patent Case born?,5a7624b85542992db947372c,"[16274, 24579]","[7413, 7308, 24685, 20166, 15064]",0.0,0.0,0.5955597162246704,0.0,,,0.0,0.0,0.0,OK,
42,42,contriever,dpp_seed1,"Which was fought earlier in our nation's history, the Seven Days Battles or the Battle of Manila?",5a7633ad5542992db9473741,"[25986, 8549]","[24872, 25986, 4093, 14149, 467]",0.5,0.5,0.5617976188659668,0.0,,,0.0,0.0,0.0,OK,
43,43,contriever,dpp_seed1,"When was the Chief Aerodynamicist for the British supersonic land vehicle, whose goal is to match or exceed 1000 mph achieving a new world land speed record, born?",5a7633ff5542994ccc918712,"[23901, 5723]","[16575, 24319, 16402, 6047, 15450]",0.0,0.0,0.6932922601699829,0.0,,,0.0,0.0,0.0,OK,
44,44,contriever,dpp_seed1,Who was the wife of the president when William Bainbridge started his career?,5a7636fb55429976ec32bd79,"[2587, 202]","[2859, 2587, 6982, 6664, 18954]",0.5,0.5,0.661293625831604,0.0,,,0.0,0.0,0.0,OK,
45,45,contriever,dpp_seed1,"Which university has more schools, Ateneo de Davao University or University of Rochester?",5a7651825542992d0ec060a3,"[163, 12131]","[976, 163, 20695, 5000, 15772]",0.5,0.5,0.6434237957000732,0.0,,,0.0,0.0,0.0,OK,
46,46,contriever,dpp_seed1,Who founded the collective which released the album Messe I.X-VI.X?,5a7662745542992db9473786,"[16502, 23431]","[8285, 6800, 16839, 4805, 2919]",0.0,0.0,0.623056173324585,0.0,,,0.0,0.0,0.0,OK,
47,47,contriever,dpp_seed1,When did the first bank come into existence that is part of an organization that serves rural areas of India with basic banking and financial services?,5a76db3555429972597f13e7,"[16835, 6646]","[9334, 16835, 10329, 7830, 7068]",0.5,0.5,0.6655217409133911,0.0,,,0.0,0.0,0.0,OK,
48,48,contriever,dpp_seed1,"Who is older, Ivan Foster or Ian Paisley?",5a77253455429972597f1449,"[18224, 25837]","[7180, 24639, 23743, 25757, 12140]",0.0,0.0,0.665493905544281,0.0,,,0.0,0.0,0.0,OK,
49,49,contriever,dpp_seed1,Which software application was originally made for the company that acquired RadioShack in 1963?,5a77322055429972597f1494,"[645, 11956]","[3725, 19823, 24568, 8857, 23998]",0.0,0.0,0.6590331792831421,0.0,,,0.0,0.0,0.0,OK,
50,50,contriever,dpp_seed1,"Who won Miss America 2013, which was the 86th Miss America pageant held at the PH Live in Las Vegas?",5a7735f55542994aec3b7226,"[15216, 13103]","[17938, 21526, 16141, 24289, 19864]",0.0,0.0,0.5783646702766418,0.0,,,0.0,0.0,0.0,OK,
51,51,contriever,dpp_seed1,Who starred in Umm-e-Kulsoom whose mother was Afshan Qureshi?,5a77414155429972597f14d7,"[19527, 4872]","[20411, 4872, 17197, 19741, 19821]",0.5,0.5,0.5842070579528809,0.0,,,0.0,0.0,0.0,OK,
52,52,contriever,dpp_seed1,"What actress is known for a starring role in Robert Bresson's ""Pickpocket"" and has also been directed by Just Jaeckin, a former photographer?",5a77626b5542993569682d77,"[12786, 5419]","[25166, 11782, 25565, 20959, 25362]",0.0,0.0,0.60877525806427,0.0,,,0.0,0.0,0.0,OK,
53,53,contriever,dpp_seed1,What is the official currency in the country that hosts the Asahi-Ryokuken Yomiuri Memorial tournament?,5a776b82554299373536026f,"[2849, 13370]","[22577, 8346, 17270, 21439, 13370]",0.5,0.2,0.595781147480011,0.0,,,0.0,0.0,0.0,OK,
54,54,contriever,dpp_seed1,"Who was born first, Susan Oliver or W. S. Van Dyke?",5a778b345542992a6e59decf,"[4583, 24476]","[20335, 11055, 712, 13818, 16486]",0.0,0.0,0.6770721673965454,0.0,,,0.0,0.0,0.0,OK,
55,55,contriever,dpp_seed1,In what year were the European Athletics Junior Championships held in the capital of Slovenia?,5a779fd95542997042120ab5,"[10126, 17449]","[14801, 23275, 17449, 23943, 15864]",0.5,0.3333333333333333,0.6227034330368042,0.0,,,0.0,0.0,0.0,OK,
56,56,contriever,dpp_seed1,What year did Christopher Nolan's magic-themed drama come out?,5a77a41a5542997042120ab9,"[11314, 10290]","[226, 8591, 20680, 2688, 8361]",0.0,0.0,0.7075545191764832,0.0,,,0.0,0.0,0.0,OK,
57,57,contriever,dpp_seed1,"when was the album that includes the song by Dustin Lynch released to country radio on February 17, 2017?",5a77a65b5542992a6e59df57,"[22947, 22198]","[21694, 9859, 20627, 7, 6840]",0.0,0.0,0.6355680227279663,0.0,,,0.0,0.0,0.0,OK,
58,58,contriever,dpp_seed1,What British novelist born in November 1898 wrote Surprised by Joy: The Shape of My Early Life?,5a77a9df55429967ab10521c,"[2490, 23359]","[7681, 25795, 8895, 15348, 4163]",0.0,0.0,0.6669854521751404,0.0,,,0.0,0.0,0.0,OK,
59,59,contriever,dpp_seed1,"What is the species of animal which the town of Antelope, Kansas was named after?",5a77c09555429967ab105262,"[10221, 5206]","[18601, 4935, 25760, 25185, 4448]",0.0,0.0,0.6832659244537354,0.0,,,0.0,0.0,0.0,OK,
60,60,contriever,dpp_seed1,"Which song was behind the third single on the album  ""A Lot About Livin' (And a Little 'bout Love)"" for two weeks on the country charts?",5a77c1505542997042120b1b,"[4167, 1573]","[12783, 7, 8034, 8831, 6840]",0.0,0.0,0.542889416217804,0.0,,,0.0,0.0,0.0,OK,
61,61,contriever,dpp_seed1,"Which band formed in England, Of Montreal or Vib Gyor?",5a77c74155429967ab105291,"[23850, 24150]","[6497, 25354, 1840, 12810, 2641]",0.0,0.0,0.5493122339248657,0.0,,,0.0,0.0,0.0,OK,
62,62,contriever,dpp_seed1,"The voice of Homer Simpson also voices what alien character in the television series ""The Simpsons""?",5a77cb5e55429967ab1052a7,"[18801, 23611]","[15077, 9356, 22517, 2197, 16542]",0.0,0.0,0.5822790265083313,0.0,,,0.0,0.0,0.0,OK,
63,63,contriever,dpp_seed1,"The True Colors World Tour was by what artist whose debut album was ""She's So Unusual""?",5a77ddb855429967ab1052d8,"[15195, 25141]","[23298, 25141, 3522, 3821, 15792]",0.5,0.5,0.6359043717384338,0.0,,,0.0,0.0,0.0,OK,
64,64,contriever,dpp_seed1,"What scientist as well as a practising Roman Cathloic described the electronic voice phenomena as typically brief, usually the length of a work or short phrase?",5a77f4755542992a6e59e01f,"[23394, 24534]","[2705, 6949, 10460, 5514, 18434]",0.0,0.0,0.6893634796142578,0.0,,,0.0,0.0,0.0,OK,
65,65,contriever,dpp_seed1,"Spawn, a fictional character who Mustafa Shakir has expressed interest in playing, was created by?",5a78b5f7554299148911f95b,"[22840, 10815]","[15131, 14268, 6191, 22358, 10815]",0.5,0.2,0.6243208646774292,0.0,,,0.0,0.0,0.0,OK,
66,66,contriever,dpp_seed1,The show featuring a young boy named Gerald Bald Z premiered on what TV channel?,5a78bd515542990784727749,"[10604, 6450]","[13992, 24533, 12292, 18510, 16179]",0.0,0.0,0.5809186100959778,0.0,,,0.0,0.0,0.0,OK,
67,67,contriever,dpp_seed1,The southernmost administrative region of Denmark is well-known for creating what products?,5a78ce5d55429974737f78ac,"[8051, 8866]","[11904, 15673, 8662, 4591, 23275]",0.0,0.0,0.6037499308586121,0.0,,,0.0,0.0,0.0,OK,
68,68,contriever,dpp_seed1,"Orange is the New Black, starring Annie Golden as Norma Romano, takes place in which minimum-security federal prison?",5a78f18855429974737f7915,"[24525, 13229]","[6158, 2267, 23743, 7008, 16807]",0.0,0.0,0.6349322199821472,0.0,,,0.0,0.0,0.0,OK,
69,69,contriever,dpp_seed1,Mick Carter is the landlord of a public house located at what address?,5a78f59755429970f5fffdf7,"[16943, 5839]","[22724, 18978, 21836, 12686, 19380]",0.0,0.0,0.6663960218429565,0.0,,,0.0,0.0,0.0,OK,
70,70,contriever,dpp_seed1,What is the birthday of the oldest among Vicente García and Ximena Sariñana?,5a7914e155429974737f7973,"[18678, 4272]","[23941, 4272, 14829, 4009, 12149]",0.5,0.5,0.6187199354171753,0.0,,,0.0,0.0,0.0,OK,
71,71,contriever,dpp_seed1,"Which Netflix series ""Unbreakable"" character is Elizabeth Claire Kemper known for playing?",5a791a97554299148911f9f2,"[7040, 19925]","[20162, 14268, 19064, 11782, 14835]",0.0,0.0,0.6482609510421753,0.0,,,0.0,0.0,0.0,OK,
72,72,contriever,dpp_seed1,"Who was born first, Brooklyn Decker or Andy Roddick?",5a793bc95542994bb9456fc3,"[25392, 13425]","[16486, 13425, 8083, 23466, 20335]",0.5,0.5,0.6458814740180969,0.0,,,0.0,0.0,0.0,OK,
73,73,contriever,dpp_seed1,Amil Grove appeared in what  British tabloid published by News UK?,5a793d335542994bb9456fca,"[1497, 9333]","[13081, 11632, 4101, 12021, 24266]",0.0,0.0,0.5508908033370972,0.0,,,0.0,0.0,0.0,OK,
74,74,contriever,dpp_seed1,"Who was born first, Nellee Hooper or Baz Luhrmann?",5a794119554299029c4b5f3c,"[4565, 3093]","[21718, 1353, 16486, 7842, 10533]",0.0,0.0,0.6966635584831238,0.0,,,0.0,0.0,0.0,OK,
75,75,contriever,dpp_seed1,Eric Ambler and Carol Shields are both best Known for what profession?,5a79c1335542994bb9457066,"[20299, 23672]","[11091, 11444, 19686, 4365, 18870]",0.0,0.0,0.6477488875389099,0.0,,,0.0,0.0,0.0,OK,
76,76,contriever,dpp_seed1,Which two occupations does Ronnie Dunn and Annie Lennox have in common?,5a79c9395542994bb94570a2,"[23665, 8341]","[9859, 8341, 12021, 2267, 15903]",0.5,0.5,0.6602476239204407,0.0,,,0.0,0.0,0.0,OK,
77,77,contriever,dpp_seed1,Special K is a slang word for a medication whose main effects last how long?,5a7a05485542990198eaf04c,"[25402, 4011]","[587, 5000, 17680, 5398, 9421]",0.0,0.0,0.6194108724594116,0.0,,,0.0,0.0,0.0,OK,
78,78,contriever,dpp_seed1,When did Henrietta Ponsonby's father die?,5a7a0e745542990783324e1d,"[5058, 9931]","[2848, 10399, 23386, 23984, 4376]",0.0,0.0,0.6198657751083374,0.0,,,0.0,0.0,0.0,OK,
79,79,contriever,dpp_seed1,The Swallow Bluff Island Mounds is a Mississippian culture archaeological site that is located in this river which was once known by what name?,5a7a3d435542996a35c17154,"[11628, 11499]","[7480, 19191, 7938, 4575, 2250]",0.0,0.0,0.5997471213340759,0.0,,,0.0,0.0,0.0,OK,
80,80,contriever,dpp_seed1,Near the banks of what river is the city in Romania with a partner Aspen Institute located?,5a7a47be5542994f819ef1b2,"[3254, 14619]","[15051, 23275, 17014, 21358, 20867]",0.0,0.0,0.6287282109260559,0.0,,,0.0,0.0,0.0,OK,
81,81,contriever,dpp_seed1,"Who was born first, Lecrae Devaughn Moore or Gawvi?",5a7a650355429941d65f2615,"[20545, 12316]","[15266, 20111, 2111, 13140, 22207]",0.0,0.0,0.6048848032951355,0.0,,,0.0,0.0,0.0,OK,
82,82,contriever,dpp_seed1,What is the altitude of the town in England that has Leadgate between it and Garrigill?,5a7a94f155429941d65f26ca,"[25349, 15612]","[15612, 23443, 587, 19902, 2728]",0.5,1.0,0.675891101360321,0.0,,,0.0,0.0,0.0,OK,
83,83,contriever,dpp_seed1,"Who was born first, Chester Bennington or Mikael Stanne?",5a7aa2a255429941d65f270e,"[2563, 3708]","[5474, 284, 17853, 15903, 3708]",0.5,0.2,0.6699885129928589,0.0,,,0.0,0.0,0.0,OK,
84,84,contriever,dpp_seed1,Who passed away first Robert Graves or Dino Buzzati ?,5a7aa9425542992d025e66e4,"[15806, 24994]","[8757, 10203, 12877, 11150, 1521]",0.0,0.0,0.6196805238723755,0.0,,,0.0,0.0,0.0,OK,
85,85,contriever,dpp_seed1,Beena Sarwar is the editor of a peace initiative sponsored by a newpaper based in what city?,5a7af4cd55429931da12c9a6,"[13627, 25508]","[15797, 15051, 15922, 22348, 11070]",0.0,0.0,0.6600750684738159,0.0,,,0.0,0.0,0.0,OK,
86,86,contriever,dpp_seed1,Who is the older brother of the king that was overthrown in the Henriad?,5a7b3b4f5542992d025e67ac,"[9541, 19384]","[24201, 23696, 11210, 9541, 22670]",0.5,0.25,0.6328458189964294,0.0,,,0.0,0.0,0.0,OK,
87,87,contriever,dpp_seed1,"Who was the director behind the Cirque du Soleil show in Las Vegas that was first performed on December 25, 1993?",5a7b443c5542992d025e67ce,"[24681, 1590]","[22042, 1590, 20785, 2829, 2585]",0.5,0.5,0.5953494906425476,0.0,,,0.0,0.0,0.0,OK,
88,88,contriever,dpp_seed1,"What country does Eric A. Sykes and Eccles, Greater Manchester have ion common?",5a7b4bc35542992d025e67e0,"[13861, 4279]","[2648, 13861, 18313, 10318, 2670]",0.5,0.5,0.6738265156745911,0.0,,,0.0,0.0,0.0,OK,
89,89,contriever,dpp_seed1,The Motion Picture Soundtrack The Woman in Red featured this American Singer who became a United Nations Ambassador for what organization?,5a7b72e15542997c3ec97187,"[23155, 3897]","[24525, 24709, 13726, 3246, 7978]",0.0,0.0,0.6832018494606018,0.0,,,0.0,0.0,0.0,OK,
90,90,contriever,dpp_seed1,"Who was born first, Ana Kasparian or Andre Agassi?",5a7c34905542996dd594b8d5,"[6559, 23466]","[16486, 23466, 10149, 18865, 17604]",0.5,0.5,0.6932554841041565,0.0,,,0.0,0.0,0.0,OK,
91,91,contriever,dpp_seed1,"Who is older, Simon Neil or Michael McKean?",5a7c64bc5542996dd594b913,"[25306, 25985]","[2435, 25985, 10533, 8175, 12537]",0.5,0.5,0.7304211854934692,0.0,,,0.0,0.0,0.0,OK,
92,92,contriever,dpp_seed1,What was the sequel of the game that e was published by U.S. Gold in 1992?,5a7c68575542996dd594b91c,"[1860, 25874]","[13090, 13877, 22227, 23755, 427]",0.0,0.0,0.6763629913330078,0.0,,,0.0,0.0,0.0,OK,
93,93,contriever,dpp_seed1,What was the population in 2016 of the city that Norman Foote is originally from?,5a7c78c955429935c91b51d2,"[644, 12503]","[5985, 12503, 3205, 15051, 8152]",0.5,0.5,0.721685528755188,0.0,,,0.0,0.0,0.0,OK,
94,94,contriever,dpp_seed1,The 2011 Tennessee Tech Golden Eagles football team competed in a conference with how many members competing in football?,5a7c827e55429907fabeefa7,"[12219, 24831]","[4843, 21183, 12637, 10733, 25548]",0.0,0.0,0.5937349200248718,0.0,,,0.0,0.0,0.0,OK,
95,95,contriever,dpp_seed1,Focus is a 2015 American romantic crime comedy-drama film starring an Australian actress who was also cast in what soap opera?,5a7c8cea55429935c91b5214,"[15934, 5796]","[24376, 22497, 18868, 19345, 18923]",0.0,0.0,0.5616664886474609,0.0,,,0.0,0.0,0.0,OK,
96,96,contriever,dpp_seed1,"As of 2010, what was the population of the county that was named after the 13th Speaker of the House of Representatives?",5a7c9ead5542990527d554e4,"[25549, 3547]","[22919, 20568, 25660, 23282, 24975]",0.0,0.0,0.5335763692855835,0.0,,,0.0,0.0,0.0,OK,
97,97,contriever,dpp_seed1,"Which restaurant chain is based further south, Pizza Fusion or Imo's Pizza?",5a7ca33f5542990527d554ee,"[4533, 5392]","[25840, 16431, 24959, 4214, 2846]",0.0,0.0,0.6741474270820618,0.0,,,0.0,0.0,0.0,OK,
98,98,contriever,dpp_seed1,How much change in elevation is there at the site of the 1999 FIA GT Hockenheim 500km?,5a7cb993554299452d57b9c2,"[2797, 25741]","[12901, 25741, 9642, 24717, 10321]",0.5,0.5,0.5304185152053833,0.0,,,0.0,0.0,0.0,OK,
99,99,contriever,dpp_seed1,How many times has the national team Joseph Raich Garriga played for in 1941 participated in FIFA World Cups?,5a7cc58f554299452d57ba45,"[4128, 23594]","[9974, 199, 22066, 16926, 23791]",0.0,0.0,0.6499788761138916,0.0,,,0.0,0.0,0.0,OK,
100,100,contriever,dpp_seed1,On what UHF channel is the station that Cindy Williams is on broadcast?,5a7ccc1e55429909bec7680e,"[2958, 264]","[1674, 15950, 24501, 2183, 14892]",0.0,0.0,0.6327021718025208,0.0,,,0.0,0.0,0.0,OK,
101,101,contriever,dpp_seed1,Getting Married in Buffalo Jump stars an actor who was born in what city?,5a7cdc1b55429907fabef04d,"[10012, 24485]","[8475, 16807, 21290, 21035, 22744]",0.0,0.0,0.6832016706466675,0.0,,,0.0,0.0,0.0,OK,
102,102,contriever,dpp_seed1,"Which band formed earlier, Edward Sharpe and the Magnetic Zeros or Louis XIV?",5a7cdd6b55429909bec76858,"[3440, 3418]","[11210, 25078, 19033, 24649, 3440]",0.5,0.2,0.6379331350326538,0.0,,,0.0,0.0,0.0,OK,
103,103,contriever,dpp_seed1,"Which was released first, Gasland or To Shoot an Elephant?",5a7ced4355429909bec76895,"[9661, 9151]","[18075, 24344, 21176, 25565, 9661]",0.5,0.2,0.6872406601905823,0.0,,,0.0,0.0,0.0,OK,
104,104,contriever,dpp_seed1,"Who is older, Steven Tyler, or Elizabeth Fraser?",5a7d2c8d5542995ed0d16624,"[17973, 17299]","[3197, 17299, 2696, 24959, 5493]",0.5,0.5,0.6619181036949158,0.0,,,0.0,0.0,0.0,OK,
105,105,contriever,dpp_seed1,"In what year was the Moldavian, later Romanian writer, known for his work ""The Goat and Her Three Kids"" born?",5a7dedb55542995f4f402317,"[8170, 25534]","[17014, 19561, 16463, 2282, 9021]",0.0,0.0,0.5191038846969604,0.0,,,0.0,0.0,0.0,OK,
106,106,contriever,dpp_seed1,What is the population of the birth city of Daniela Scalia?,5a7e279d5542995ed0d166b5,"[14020, 9457]","[24959, 810, 7098, 25267, 10209]",0.0,0.0,0.6116244792938232,0.0,,,0.0,0.0,0.0,OK,
107,107,contriever,dpp_seed1,"Who has held more positions in the film industry, Donald Cammell or Justin David Swibel?",5a7e59c855429934daa2fc0f,"[6208, 10322]","[25577, 11782, 525, 24585, 6208]",0.5,0.2,0.6395777463912964,0.0,,,0.0,0.0,0.0,OK,
108,108,contriever,dpp_seed1,The Hindmarsh Stadium is sponsored by a brewery that sold how many liters of beer in 2013 ?,5a7eec6f55429934daa2fc7c,"[10554, 24630]","[15302, 24630, 13093, 17163, 10554]",1.0,0.5,0.5586326718330383,0.0,,,0.0,0.0,0.0,OK,
109,109,contriever,dpp_seed1,What region of Italy was Giorgio Pini born in?,5a7ef6b35542994959419a94,"[8550, 6427]","[23560, 9454, 9076, 11743, 20878]",0.0,0.0,0.5984209775924683,0.0,,,0.0,0.0,0.0,OK,
110,110,contriever,dpp_seed1,How did the prominent member of the Astor family who was a lieutenant colonel in the Spanish-American War die?,5a7efa7a55429930675135ea,"[12667, 11180]","[2859, 4929, 24251, 2111, 25619]",0.0,0.0,0.6868234276771545,0.0,,,0.0,0.0,0.0,OK,
111,111,contriever,dpp_seed1,"Which band originated from the United States, Milky Chance or Stone Temple Pilots?",5a7f19eb55429934daa2fcdb,"[16719, 24908]","[24908, 21117, 25409, 21035, 1840]",0.5,1.0,0.5669631958007812,0.0,,,0.0,0.0,0.0,OK,
112,112,contriever,dpp_seed1,"The album that contains the song ""Get Together"" by Madonna was mainly recorded in whose home studio?",5a7f22005542993067513657,"[17942, 6805]","[11978, 25005, 3821, 5474, 16807]",0.0,0.0,0.6271604299545288,0.0,,,0.0,0.0,0.0,OK,
113,113,contriever,dpp_seed1,A man known as one of the most brutal pro-Confederate guerrilla leaders in the American Civil War had a following that included a bank and train robber from western Missouri raised in what area?,5a7f79155542995d8a8dde86,"[9662, 681]","[10485, 22308, 2898, 1327, 25619]",0.0,0.0,0.7029938697814941,0.0,,,0.0,0.0,0.0,OK,
114,114,contriever,dpp_seed1,Did the Beaulieu Mine or the McIntyre Mines yield gold and copper?,5a7f7b365542992097ad2f80,"[4191, 23965]","[3555, 11301, 11498, 4244, 15511]",0.0,0.0,0.5994043350219727,0.0,,,0.0,0.0,0.0,OK,
115,115,contriever,dpp_seed1,IN what year were both Franz Ferdinand and Sunrise Avenue formed?,5a7f9cb55542995d8a8ddec1,"[20134, 24566]","[9896, 24566, 12669, 2563, 20134]",1.0,0.5,0.6747980117797852,0.0,,,0.0,0.0,0.0,OK,
116,116,contriever,dpp_seed1,Ali Eren Balıkel started a restaurant which hosted a number of famous figures including an English actor who won three consecutive what?,5a7fb6625542994857a767cc,"[22297, 7620]","[16816, 12311, 5328, 14268, 16005]",0.0,0.0,0.5564385652542114,0.0,,,0.0,0.0,0.0,OK,
117,117,contriever,dpp_seed1,What Theo Avgerinos movie did the actor known for the role as Matt McNamara appear in?,5a7fc5875542992e7d278d67,"[25913, 10575]","[21843, 12140, 17665, 4350, 3936]",0.0,0.0,0.6573880910873413,0.0,,,0.0,0.0,0.0,OK,
118,118,contriever,dpp_seed1,"Which magazine has more issues per month, Club or Pro Football Weekly",5a804f01554299485f5985bf,"[20124, 10672]","[20577, 15214, 9571, 22303, 23829]",0.0,0.0,0.5726112127304077,0.0,,,0.0,0.0,0.0,OK,
119,119,contriever,dpp_seed1,"Bob Edwards was the host of what show, that later was hosted by Renee Montagne?",5a807181554299485f5985ec,"[10537, 14470]","[16179, 10537, 12754, 16225, 23893]",0.5,0.5,0.6156383752822876,0.0,,,0.0,0.0,0.0,OK,
120,120,contriever,dpp_seed1,What location under Charing Cross railway station did G-A-Y move to?,5a80735b554299485f5985f3,"[2951, 19280]","[1063, 19280, 8529, 21206, 5839]",0.5,0.5,0.6259528398513794,0.0,,,0.0,0.0,0.0,OK,
121,121,contriever,dpp_seed1,Who conceived the rapid transit system that Klemzig Interchange is a part of?,5a807b44554299485f59860a,"[5865, 781]","[2118, 781, 6191, 2373, 8913]",0.5,0.5,0.6628090143203735,0.0,,,0.0,0.0,0.0,OK,
122,122,contriever,dpp_seed1,"A vehicle that uses hydrogen as its onboard fuel for motive power is cosidered which, Flex-fuel or Bi-fuel?",5a8080365542992097ad2fed,"[5296, 5135]","[2974, 24319, 8040, 3103, 5296]",0.5,0.2,0.5444884300231934,0.0,,,0.0,0.0,0.0,OK,
123,123,contriever,dpp_seed1,Shaqtin' a Fool has included which television personality who worked for 8 yearst at ESPN?,5a80870d5542992bc0c4a752,"[17856, 24380]","[2866, 17665, 23743, 1129, 25277]",0.0,0.0,0.6790178418159485,0.0,,,0.0,0.0,0.0,OK,
124,124,contriever,dpp_seed1,Who's fifth album and debut single are Startin' Fires and Austin respectively?,5a808c215542995d8a8ddf90,"[5696, 568]","[4621, 4577, 18510, 25005, 21117]",0.0,0.0,0.6386019587516785,0.0,,,0.0,0.0,0.0,OK,
125,125,contriever,dpp_seed1,Were Sound Team and Dead by Sunrise both formed before 2010?,5a8091515542996402f6a563,"[10691, 284]","[8358, 6, 8137, 15682, 23066]",0.0,0.0,0.6025835275650024,0.0,,,0.0,0.0,0.0,OK,
126,126,contriever,dpp_seed1,What is the name of the vocalist who collaborated with the rap duo who won the 2002 Grammy Award for Best Rap Performance by a Duo or Group?,5a80a25d5542995d8a8ddfb7,"[21558, 3114]","[23647, 2585, 1043, 13726, 17788]",0.0,0.0,0.566196858882904,0.0,,,0.0,0.0,0.0,OK,
127,127,contriever,dpp_seed1,What prominent director worked with Orion Pictures and was born in December of 1935?,5a80b52f554299485f5986d6,"[6920, 12613]","[4890, 15111, 20335, 12691, 15733]",0.0,0.0,0.6427662968635559,0.0,,,0.0,0.0,0.0,OK,
128,128,contriever,dpp_seed1,"How many seasons has a popular tv show had, in which one of the episodes is called Moho House?",5a80c79155429938b61421da,"[22517, 19429]","[338, 18043, 22000, 18865, 10174]",0.0,0.0,0.6587613821029663,0.0,,,0.0,0.0,0.0,OK,
129,129,contriever,dpp_seed1,British Airways and EasyJet are both based out of where?,5a80d2c6554299260e20a17c,"[8537, 4606]","[3633, 24518, 23275, 2077, 20137]",0.0,0.0,0.639785647392273,0.0,,,0.0,0.0,0.0,OK,
130,130,contriever,dpp_seed1,The American actor Chip Zien is best known for this Broadway production by which American composer and lyricist who received an Academy Award and Tony Awards?,5a80ddc555429938b6142224,"[25865, 10847]","[2133, 25865, 21600, 9454, 17045]",0.5,0.5,0.6279741525650024,0.0,,,0.0,0.0,0.0,OK,
131,131,contriever,dpp_seed1,"""Prostitute"" is a song written by Axl Rose and Paul Tobias with additional work by an American guitarist has played in two different bands on a list of what?",5a80e4b255429938b6142239,"[14206, 25391]","[10866, 9950, 19632, 22653, 10340]",0.0,0.0,0.6253677606582642,0.0,,,0.0,0.0,0.0,OK,
132,132,contriever,dpp_seed1,How many of the 12 million immigrants to the United States through Ellis Island were Italian immigrants?,5a80e5f5554299260e20a1ae,"[21537, 25908]","[15523, 25908, 11743, 22788, 6827]",0.5,0.5,0.6313933730125427,0.0,,,0.0,0.0,0.0,OK,
133,133,contriever,dpp_seed1,"Which breed of dog came first, the Norrbottenspets or the Blue Lacy?",5a812d0555429938b61422e1,"[11627, 22223]","[23267, 23869, 23759, 7523, 20324]",0.0,0.0,0.670831024646759,0.0,,,0.0,0.0,0.0,OK,
134,134,contriever,dpp_seed1,The Rhymers' Club met at Ye Olde Cheshire Cheese listed as what type of house?,5a81549055429938b6142338,"[24850, 1616]","[23077, 1616, 23874, 16855, 17143]",0.5,0.5,0.6079007387161255,0.0,,,0.0,0.0,0.0,OK,
135,135,contriever,dpp_seed1,Where is the closest relative to the whale located?,5a81a4615542995ce29dcc1e,"[13057, 15000]","[3238, 7609, 5000, 453, 14276]",0.0,0.0,0.6412094831466675,0.0,,,0.0,0.0,0.0,OK,
136,136,contriever,dpp_seed1,How long did the king who created the coins of the hawaiian dollar rule?,5a81b7205542990a1d231e79,"[24397, 24201]","[20640, 24397, 22716, 15819, 13370]",0.5,0.5,0.6348567008972168,0.0,,,0.0,0.0,0.0,OK,
137,137,contriever,dpp_seed1,"Which college is located in the United States, University of Delaware of University of Debrecen?",5a81b92a5542995ce29dcc52,"[11594, 11762]","[11594, 976, 12143, 2268, 20695]",0.5,1.0,0.5763248205184937,0.0,,,0.0,0.0,0.0,OK,
138,138,contriever,dpp_seed1,"Tryon D. Lewis is a lawyer from Odessa, Texas which is located in what county?",5a81d19b55429926c1cdad90,"[10254, 3031]","[2276, 15118, 9408, 4001, 9048]",0.0,0.0,0.6490908265113831,0.0,,,0.0,0.0,0.0,OK,
139,139,contriever,dpp_seed1,Who played the role of Nettie Harris in the 1985 film directed by Steven Spielberg?,5a81e8ea5542995ce29dcc73,"[25839, 12103]","[11782, 2267, 11522, 15926, 15733]",0.0,0.0,0.6587080955505371,0.0,,,0.0,0.0,0.0,OK,
140,140,contriever,dpp_seed1,What kind of movie directed by F. Javier gutierrez did an Italian model and actress star in?,5a81ebee554299676cceb16d,"[20162, 19196]","[6314, 14075, 17518, 11804, 20878]",0.0,0.0,0.5975109934806824,0.0,,,0.0,0.0,0.0,OK,
141,141,contriever,dpp_seed1,What award did the actor in Tales from the Crypt win?,5a8210f355429926c1cdae24,"[360, 3539]","[7806, 22587, 15154, 1379, 16500]",0.0,0.0,0.5355321168899536,0.0,,,0.0,0.0,0.0,OK,
142,142,contriever,dpp_seed1,Which physicist known for his work on parity violation has a son who became an American chemist teaching at Cornell University?,5a823b0c55429940e5e1a804,"[22771, 8863]","[4727, 8014, 22629, 2801, 17656]",0.0,0.0,0.6469535827636719,0.0,,,0.0,0.0,0.0,OK,
143,143,contriever,dpp_seed1,Folie à Deux is a studio album by the American rock band formed in which city?,5a825bb455429940e5e1a874,"[5277, 2683]","[11291, 10361, 19878, 1011, 3235]",0.0,0.0,0.5707908868789673,0.0,,,0.0,0.0,0.0,OK,
144,144,contriever,dpp_seed1,Hugo Rodríguez Romero is a Spanish footballer who plays for a team in the autonomous community of what?,5a8268aa55429940e5e1a8aa,"[18995, 20295]","[3717, 18843, 1772, 16448, 15519]",0.0,0.0,0.5127191543579102,0.0,,,0.0,0.0,0.0,OK,
145,145,contriever,dpp_seed1,How many rooms does the Tropicana Hotel have where the 7th annual Adult Video News awards ceremony were held in 1980?,5a8284b555429954d2e2eb5f,"[22471, 24289]","[1043, 22471, 13480, 15714, 6789]",0.5,0.5,0.5675675272941589,0.0,,,0.0,0.0,0.0,OK,
146,146,contriever,dpp_seed1,Are the Barton Mine and Hermiston-McCauley Mine located in The United States of America?,5a82accd55429966c78a6a78,"[8158, 11498]","[12632, 16186, 15252, 22309, 11498]",0.5,0.2,0.5678777694702148,0.0,,,0.0,0.0,0.0,OK,
147,147,contriever,dpp_seed1,The Plymouth fury produced from 1955 to 1989  was replaced by what for police and fleet applications?,5a8303c255429954d2e2ec01,"[25198, 1050]","[897, 24319, 16431, 15192, 8040]",0.0,0.0,0.6068705916404724,0.0,,,0.0,0.0,0.0,OK,
148,148,contriever,dpp_seed1,How many Grammy awards were won by an album named after the Joni Mitchell song from Love Actually?,5a8318955542990548d0b177,"[4544, 23978]","[15903, 25269, 7, 17853, 1043]",0.0,0.0,0.6181153059005737,0.0,,,0.0,0.0,0.0,OK,
149,149,contriever,dpp_seed1,Are the 1908 Ex parte Young and 1948 McCollum v. Board of Education United States Supreme Court cases related to each other in any way?,5a831af855429954d2e2ec1e,"[3747, 18694]","[20151, 3747, 20150, 8152, 15064]",0.5,0.5,0.5652534365653992,0.0,,,0.0,0.0,0.0,OK,
150,150,contriever,dpp_seed1,What city is the most populous city in Australia and Oceania and the birthplace of a silver and bronze medalist from the 1992 Barcelona Paralympics?,5a831fc955429954d2e2ec28,"[12693, 10170]","[22935, 12693, 24251, 10367, 4379]",0.5,0.5,0.6302090883255005,0.0,,,0.0,0.0,0.0,OK,
151,151,contriever,dpp_seed1,In which U.S. state are MedStar Georgetown University Hospital and Providence Hospital?,5a83305d55429966c78a6b4a,"[21829, 1214]","[954, 21829, 12286, 24977, 777]",0.5,0.5,0.580137312412262,0.0,,,0.0,0.0,0.0,OK,
152,152,contriever,dpp_seed1,What summit is located in the county who's county seat is Helena?,5a8333115542993344745feb,"[18612, 25717]","[25660, 25548, 7066, 25794, 22951]",0.0,0.0,0.588692307472229,0.0,,,0.0,0.0,0.0,OK,
153,153,contriever,dpp_seed1,"Which tower is taller, 712 Fifth Avenue or Manhattan Life Insurance Building?",5a834ed95542990548d0b1ca,"[4368, 25509]","[130, 21633, 23784, 24432, 25840]",0.0,0.0,0.6278640627861023,0.0,,,0.0,0.0,0.0,OK,
154,154,contriever,dpp_seed1,"The publication of which magazine ended first, Right On! or Castle of Frankenstein?",5a835a7b554299123d8c20fc,"[2583, 8980]","[15833, 11766, 19517, 23996, 3044]",0.0,0.0,0.689251720905304,0.0,,,0.0,0.0,0.0,OK,
155,155,contriever,dpp_seed1,are Mikhail Glinka and Jean-Baptiste Lully both composers ?,5a836a765542996488c2e446,"[8998, 7856]","[18062, 24501, 9454, 2798, 5741]",0.0,0.0,0.6366822719573975,0.0,,,0.0,0.0,0.0,OK,
156,156,contriever,dpp_seed1,What is the date of the reissue of one of Rhihanna's album that features three newly recorded songs and a DVD showing exclusive behind-the-scenes footage of Rihanna's worldwide tour that was the second overall and first world concert tour by Rihanna?,5a83938c5542993344746049,"[15652, 4702]","[6447, 16970, 23298, 23647, 15792]",0.0,0.0,0.6589829921722412,0.0,,,0.0,0.0,0.0,OK,
157,157,contriever,dpp_seed1,"Who was the brother of the architect of Hook and Ladder No. 4 located in Albany, NY?",5a8485fa5542992a431d1a41,"[10116, 12352]","[24372, 22319, 21290, 23403, 11080]",0.0,0.0,0.6291748881340027,0.0,,,0.0,0.0,0.0,OK,
158,158,contriever,dpp_seed1,"Does Jimmy Barnes have more hits, both solo and in a group, than Yang Seung-ho has with his group?",5a84a4e35542992a431d1a81,"[755, 15530]","[25504, 18977, 4070, 13145, 15530]",0.5,0.2,0.5747103691101074,0.0,,,0.0,0.0,0.0,OK,
159,159,contriever,dpp_seed1,Who was the First Prophert to the sixth Pharaoh of the Eighteenth Dynasty?,5a84a8ce5542997175ce1f1c,"[4427, 3287]","[1897, 11803, 18889, 21366, 15780]",0.0,0.0,0.5749678611755371,0.0,,,0.0,0.0,0.0,OK,
160,160,contriever,dpp_seed1,What notable work from French music video director Yoann Lemoine features an apology and plea for forgiveness?,5a84ad3a5542992a431d1a8b,"[11957, 10715]","[4282, 22065, 16500, 24359, 25304]",0.0,0.0,0.6162450909614563,0.0,,,0.0,0.0,0.0,OK,
161,161,contriever,dpp_seed1,What movies has Juno Temple starred in?,5a84b2995542994c784dda11,"[22906, 53]","[20335, 13145, 21677, 20532, 15946]",0.0,0.0,0.6489118337631226,0.0,,,0.0,0.0,0.0,OK,
162,162,contriever,dpp_seed1,"Which Bulldog includes breeds such as ""Standard"" and ""Classic,"" the French Bulldog or the American Bulldog?",5a84b5ac5542991dd0999da4,"[24617, 23869]","[10521, 23846, 24006, 17680, 23759]",0.0,0.0,0.6494823694229126,0.0,,,0.0,0.0,0.0,OK,
163,163,contriever,dpp_seed1,Both Mulled wine and Blue Lagoon are considered primarily alcoholic or non-alcoholic?,5a84b6e15542991dd0999daa,"[3851, 157]","[2502, 23543, 4313, 20255, 3851]",0.5,0.2,0.5464869737625122,0.0,,,0.0,0.0,0.0,OK,
164,164,contriever,dpp_seed1,Is Awolnation an American alternative rock band and This Mortal Coil was a music collective,5a84b6ed5542994c784dda18,"[11544, 22983]","[16571, 21724, 4976, 2534, 369]",0.0,0.0,0.5602282881736755,0.0,,,0.0,0.0,0.0,OK,
165,165,contriever,dpp_seed1,What is  Cyaxares relationship to the man that governed for 53 years?,5a84b9c95542997b5ce3ff35,"[17543, 17487]","[23642, 4350, 3633, 24646, 18624]",0.0,0.0,0.6755637526512146,0.0,,,0.0,0.0,0.0,OK,
166,166,contriever,dpp_seed1,Are Yingkou and Fuding the same level of city?,5a84c4135542994c784dda31,"[2059, 23960]","[3798, 16919, 21299, 8692, 3633]",0.0,0.0,0.6147962808609009,0.0,,,0.0,0.0,0.0,OK,
167,167,contriever,dpp_seed1,Who was involved in observing the natural progression of untreated syphilis in rural African-American men in Alabama?,5a84c4bb5542991dd0999dec,"[10764, 5668]","[15064, 7748, 3467, 16272, 992]",0.0,0.0,0.6849934458732605,0.0,,,0.0,0.0,0.0,OK,
168,168,contriever,dpp_seed1,Which singer of the Bee Gees sung a middle part of a song in which the majority was sung by Barry Gibb?,5a84cb255542991dd0999dfa,"[14245, 2955]","[13791, 16926, 25275, 2846, 345]",0.0,0.0,0.6795975565910339,0.0,,,0.0,0.0,0.0,OK,
169,169,contriever,dpp_seed1,"WHich college is located in the United States, Grand Valley State University or Carleton University?",5a84ee4c5542997175ce1f2b,"[10040, 6317]","[13843, 976, 24069, 2268, 8453]",0.0,0.0,0.5936145782470703,0.0,,,0.0,0.0,0.0,OK,
170,170,contriever,dpp_seed1,The birthplace of George McCall Theal is a port city of what bay?,5a852cd05542997b5ce3ffb0,"[551, 10682]","[2791, 895, 20287, 307, 421]",0.0,0.0,0.6552705764770508,0.0,,,0.0,0.0,0.0,OK,
171,171,contriever,dpp_seed1,"The Azad Hind Dal was created by an Indian nationalist whose defiant patriotism made him a hero in India, but whose attempt to rid India of British rule during what war left a troubled legacy?",5a85a3005542991dd0999e72,"[2667, 6042]","[1016, 2667, 15923, 15064, 2996]",0.5,0.5,0.6618649363517761,0.0,,,0.0,0.0,0.0,OK,
172,172,contriever,dpp_seed1,Are Hoodoo Gurus and Pierre Bouvier of the same nationality?,5a85e24a5542994775f6067f,"[25104, 2028]","[10607, 20756, 16890, 7498, 15368]",0.0,0.0,0.6028226613998413,0.0,,,0.0,0.0,0.0,OK,
173,173,contriever,dpp_seed1,"Just Before I Go stars an actress who plays what character in the series ""24""?",5a85e2775542994775f60680,"[16208, 6157]","[1071, 25952, 20840, 14268, 16208]",0.5,0.2,0.7047414183616638,0.0,,,0.0,0.0,0.0,OK,
174,174,contriever,dpp_seed1,Which mechanical device which engages and disengages power transmission  uses brake fluid?,5a85e5345542991dd0999ebb,"[2093, 23925]","[4112, 24319, 2093, 4461, 382]",0.5,0.3333333333333333,0.4913718104362488,0.0,,,0.0,0.0,0.0,OK,
175,175,contriever,dpp_seed1,Are both Ride a Wild Pony and Frozen 2 computer-animated films?,5a85ebe75542996432c5712a,"[9305, 18606]","[13726, 23996, 18075, 20526, 13273]",0.0,0.0,0.6531773805618286,0.0,,,0.0,0.0,0.0,OK,
176,176,contriever,dpp_seed1,Were Robert Holdstock and H. L. Mencken both known for being satirists?,5a861ea85542994775f60700,"[18049, 22681]","[24850, 16005, 11654, 25795, 20577]",0.0,0.0,0.5963243842124939,0.0,,,0.0,0.0,0.0,OK,
177,177,contriever,dpp_seed1,When was the publisher of Traveller Supplement 4: Citizens of the Imperium in business?,5a86481b5542996432c571b5,"[23140, 427]","[22879, 2006, 18075, 427, 23140]",1.0,0.25,0.5689941048622131,0.0,,,0.0,0.0,0.0,OK,
178,178,contriever,dpp_seed1,"Yoann Lemoine, a French video director, has created music videos for Lana Del Rey, Katy Perry, and an orchestral country pop ballad by which top pop artist?",5a864ff7554299211dda2af2,"[11957, 10715]","[19876, 13726, 16500, 12140, 19718]",0.0,0.0,0.5886465311050415,0.0,,,0.0,0.0,0.0,OK,
179,179,contriever,dpp_seed1,Does Erodium or Cymbidium include more species?,5a86ec9f55429960ec39b6d7,"[24018, 21915]","[587, 21043, 7966, 17816, 16356]",0.0,0.0,0.6548733115196228,0.0,,,0.0,0.0,0.0,OK,
180,180,contriever,dpp_seed1,What is the birthplace of the Senator who represents the first of 62 districts in the State Senate?,5a8739a05542994775f607ab,"[12497, 24340]","[19046, 20840, 22309, 7308, 25825]",0.0,0.0,0.5713516473770142,0.0,,,0.0,0.0,0.0,OK,
181,181,contriever,dpp_seed1,Which KaBoom! Entertainment Inc. film is based on a story by Rudyard Kipling?,5a8740ee5542994846c1cd35,"[13551, 5824]","[6047, 5824, 19741, 893, 1983]",0.5,0.5,0.6456395387649536,0.0,,,0.0,0.0,0.0,OK,
182,182,contriever,dpp_seed1,"Who is affiliated with more countries as a director, Robert Florey and R. G. Springsteen?",5a8765ad5542996e4f3087cf,"[3409, 5215]","[15917, 2268, 12140, 15111, 20122]",0.0,0.0,0.6504430174827576,0.0,,,0.0,0.0,0.0,OK,
183,183,contriever,dpp_seed1,"Which occurred first, Phillips v. Martin Marietta Corp. or Roth v. United States?",5a8782a25542993e715abf95,"[8907, 23565]","[20070, 10209, 2719, 4326, 9929]",0.0,0.0,0.5926162004470825,0.0,,,0.0,0.0,0.0,OK,
184,184,contriever,dpp_seed1,"Which genus has more species, Bactris and Epigaea?",5a87954f5542996e4f308856,"[6868, 4383]","[5432, 5564, 7965, 8143, 4383]",0.5,0.2,0.632665753364563,0.0,,,0.0,0.0,0.0,OK,
185,185,contriever,dpp_seed1,What other political position did the person who introduced the DISCLOSE Act hold?,5a879adb5542996e4f30887f,"[10692, 16977]","[18076, 4326, 6650, 10985, 1198]",0.0,0.0,0.6078824996948242,0.0,,,0.0,0.0,0.0,OK,
186,186,contriever,dpp_seed1,What is the weight limit of the weight class that Takeyasu Hirono fights in?,5a87c7dc5542996e4f30891b,"[18551, 23748]","[23996, 9947, 15752, 16113, 19652]",0.0,0.0,0.6070090532302856,0.0,,,0.0,0.0,0.0,OK,
187,187,contriever,dpp_seed1,Were the films Tonka and 101 Dalmatians released in the same decade?,5a886211554299206df2b24a,"[11268, 4548]","[4186, 4548, 23996, 25511, 1897]",0.5,0.5,0.6825438737869263,0.0,,,0.0,0.0,0.0,OK,
188,188,contriever,dpp_seed1,What literary style describes the 1968 book that features a 1939 international Harvester school bus?,5a88a42f554299206df2b317,"[12448, 11245]","[8501, 25619, 8721, 19078, 24319]",0.0,0.0,0.6921003460884094,0.0,,,0.0,0.0,0.0,OK,
189,189,contriever,dpp_seed1,E! Hollywood Hold'em was hosted by a poker player of what nationality?,5a88c68d55429938390d3fba,"[111, 3616]","[2971, 7651, 12743, 7636, 4664]",0.0,0.0,0.662562370300293,0.0,,,0.0,0.0,0.0,OK,
190,190,contriever,dpp_seed1,Who directed a 2005 supernatural horror film starring an actress who appeared in The Patriot and Kill Your Darlings,5a88cf7e5542993b751ca85b,"[2814, 7002]","[11782, 23679, 2507, 16662, 15877]",0.0,0.0,0.6166133880615234,0.0,,,0.0,0.0,0.0,OK,
191,191,contriever,dpp_seed1,Futbolita has interviewed what Spanish Professional footballer who plays as a striker for New York City FC?,5a88d7fc5542993b751ca879,"[11340, 12238]","[17382, 12238, 17606, 22227, 20652]",0.5,0.5,0.6884468793869019,0.0,,,0.0,0.0,0.0,OK,
192,192,contriever,dpp_seed1,Which of the following buildings was designed by SHoP Architects: 247 Cherry or General Motors Building?,5a88e75c5542993b751ca8c7,"[21257, 3033]","[16431, 25840, 4380, 5785, 3033]",0.5,0.2,0.6898727416992188,0.0,,,0.0,0.0,0.0,OK,
193,193,contriever,dpp_seed1,What movie did Chris Duesterdiek work on that was directed by Seth Rogen and Evan Goldberg?,5a88f7bf5542997e5c09a6dd,"[20552, 16976]","[22065, 24121, 9859, 20959, 15917]",0.0,0.0,0.685741662979126,0.0,,,0.0,0.0,0.0,OK,
194,194,contriever,dpp_seed1,The Jeep Cherokee was originally sold as a variant of a Jeep model produced during what years?,5a88f9555542995153361214,"[21632, 897]","[3629, 897, 19014, 11499, 25198]",0.5,0.5,0.6166075468063354,0.0,,,0.0,0.0,0.0,OK,
195,195,contriever,dpp_seed1,What philosophical system did the author of a novel about Howard Roark develop?,5a89e0ec5542992e4fca8427,"[4605, 13115]","[12575, 7735, 17501, 7516, 23540]",0.0,0.0,0.675103485584259,0.0,,,0.0,0.0,0.0,OK,
196,196,contriever,dpp_seed1,The United States Senate election in Hawaii that took place in 1992 ended with the winning of which Japanese-American politician?,5a89e1bf5542992e4fca8433,"[9199, 15240]","[11729, 22576, 6789, 5510, 19116]",0.0,0.0,0.5893808603286743,0.0,,,0.0,0.0,0.0,OK,
197,197,contriever,dpp_seed1,"Between Frederick King Keller and Ian Schneider, which filmmaker had more diverse job experiences?",5a8a265b5542992d82986ecc,"[25208, 18473]","[12140, 25208, 14703, 6625, 525]",0.5,0.5,0.60541832447052,0.0,,,0.0,0.0,0.0,OK,
198,198,contriever,dpp_seed1,What dance academy did the starring actress from The Glory of Tang Dynasty graduate from?,5a8aa1685542992d82986f32,"[22540, 20079]","[18129, 8803, 10077, 22870, 21858]",0.0,0.0,0.6359620094299316,0.0,,,0.0,0.0,0.0,OK,
199,199,contriever,dpp_seed1,"In 2001, Hampton Pirates men's basketball defeated a second seed team that was coached by who ?",5a8ac5595542992d82986f77,"[10004, 7110]","[6611, 10004, 20155, 18230, 14956]",0.5,0.5,0.5441287755966187,0.0,,,0.0,0.0,0.0,OK,
200,200,contriever,dpp_seed1,"Which is headquarter farther south, Jet's Pizza or Chuck E. Cheese's?",5a8adc935542992d82986fb0,"[15744, 6028]","[13870, 21449, 3221, 6739, 4533]",0.0,0.0,0.6782723069190979,0.0,,,0.0,0.0,0.0,OK,
201,201,contriever,dpp_seed1,How many beer brands are in the portfolio of the company that hired Leonardus (Leo) Petrus Beukeboom to decorate cafes?,5a8aecff55429950cd6afbef,"[21745, 2109]","[4313, 7296, 13928, 3967, 2234]",0.0,0.0,0.5411804914474487,0.0,,,0.0,0.0,0.0,OK,
202,202,contriever,dpp_seed1,"What vehicle, made by UROVESA, is most like the four-wheel drive military light truck produced by AM General?",5a8aed1555429970aeb70334,"[4994, 2632]","[6378, 2631, 22964, 9212, 2632]",0.5,0.2,0.5662232041358948,0.0,,,0.0,0.0,0.0,OK,
203,203,contriever,dpp_seed1,Pluto was the debut album of this artist who also performed on this live music venue that reopened in March 2015.,5a8b04df55429950cd6afc49,"[21132, 13553]","[11618, 1914, 22680, 2892, 18553]",0.0,0.0,0.5695595741271973,0.0,,,0.0,0.0,0.0,OK,
204,204,contriever,dpp_seed1,"The actor known for his role as ""Freddie""  in The Deep Blue Sea won the Laurence Olivier Award for his role in which play?",5a8b1a925542997f31a41c6e,"[25815, 2970]","[17629, 11444, 21892, 14011, 5897]",0.0,0.0,0.6249704957008362,0.0,,,0.0,0.0,0.0,OK,
205,205,contriever,dpp_seed1,Where is the 1999 British comedy-drama film starring Jimi Mistry set?,5a8b5c8155429949d91db56d,"[23205, 1595]","[22694, 24376, 20369, 21657, 4005]",0.0,0.0,0.6641759276390076,0.0,,,0.0,0.0,0.0,OK,
206,206,contriever,dpp_seed1,A writer for The Kenyon Review won a Pulitzer Prize in what year?,5a8ba0855542995d1e6f1427,"[1102, 9424]","[17870, 10670, 7289, 3633, 18581]",0.0,0.0,0.6109188795089722,0.0,,,0.0,0.0,0.0,OK,
207,207,contriever,dpp_seed1,Camp Courtney was named after the Major killed in action at the battle codenamed what?,5a8ba9d255429971feec4759,"[6487, 20841]","[19329, 11817, 14425, 24230, 20201]",0.0,0.0,0.6327859163284302,0.0,,,0.0,0.0,0.0,OK,
208,208,contriever,dpp_seed1,What variety of mockingbird is the mascot of the University of Tennessee at Chattanooga?,5a8bf0835542995d1e6f146b,"[17971, 15681]","[2076, 14932, 3701, 20309, 17971]",0.5,0.2,0.4920269846916199,0.0,,,0.0,0.0,0.0,OK,
209,209,contriever,dpp_seed1,How many members exist in the conference represented by the Michigan State Spartans in the 1993 Liberty Bowl?,5a8c5bff554299240d9c2139,"[6381, 24769]","[164, 24831, 16099, 19753, 20179]",0.0,0.0,0.6267913579940796,0.0,,,0.0,0.0,0.0,OK,
210,210,contriever,dpp_seed1,What are the anchor stores for the shopping mall constructed by C.J. Segerstrom & Sons in California?,5a8c5eca554299240d9c213d,"[5548, 22212]","[21642, 22212, 12982, 14734, 18071]",0.5,0.5,0.5868782997131348,0.0,,,0.0,0.0,0.0,OK,
211,211,contriever,dpp_seed1,"jean Sagbo, considered ""Russia's Obama"" is considered to belong to what ethnic group based on his having African heritage or dark skin?",5a8c6bd55542995e66a475ea,"[10326, 9394]","[22207, 7636, 22835, 6246, 9394]",0.5,0.2,0.5693196654319763,0.0,,,0.0,0.0,0.0,OK,
212,212,contriever,dpp_seed1,"Who was appointed to the board of supervisors first, Jeff Sheehy or Ed Lee?",5a8c8502554299585d9e36d0,"[22017, 11355]","[19283, 13167, 13326, 2324, 421]",0.0,0.0,0.6504334807395935,0.0,,,0.0,0.0,0.0,OK,
213,213,contriever,dpp_seed1,John Seasock was a professional monster truck driver that last drove a truck sponsored by a company headquartered in what city?,5a8ceb7a554299441c6b9f7b,"[11213, 25686]","[22308, 24778, 19892, 5000, 19014]",0.0,0.0,0.6495060324668884,0.0,,,0.0,0.0,0.0,OK,
214,214,contriever,dpp_seed1,What is the english translation of the name of style of novel of which The Company is an example?,5a8cefc155429941ae14df55,"[1980, 3971]","[8152, 25795, 16850, 3911, 25871]",0.0,0.0,0.6642297506332397,0.0,,,0.0,0.0,0.0,OK,
215,215,contriever,dpp_seed1,What color was the dog that Socks had conflicts with?,5a8d51355542994ba4e3dc6b,"[12447, 20180]","[22227, 5110, 5986, 840, 587]",0.0,0.0,0.6900008916854858,0.0,,,0.0,0.0,0.0,OK,
216,216,contriever,dpp_seed1,"What Province in Sicily, founded in the eighth century B.C., was the birthplace of the famous historical mathematician Archimedes?",5a8d64305542994ba4e3dc80,"[2748, 10491]","[434, 15523, 4266, 4061, 21230]",0.0,0.0,0.6210899353027344,0.0,,,0.0,0.0,0.0,OK,
217,217,contriever,dpp_seed1,"Which male singer performed together with a female American singer, who was born in 1954 and whose third studio album was named Through His Eyes, have a hit duet with in 1985?",5a8db788554299653c1aa145,"[16151, 25249]","[9454, 6488, 24387, 9859, 9692]",0.0,0.0,0.6809717416763306,0.0,,,0.0,0.0,0.0,OK,
218,218,contriever,dpp_seed1,"Many right wing WNP were  connected to a clandestine operation ran by a ""stay-behind""  operation ran by what organization?",5a8dcbc0554299068b959df4,"[10519, 1185]","[4326, 14949, 7963, 13405, 249]",0.0,0.0,0.6024198532104492,0.0,,,0.0,0.0,0.0,OK,
219,219,contriever,dpp_seed1,What political party is the current Attorney General of Missouri associated with?,5a8dd5b855429917b4a5bcc6,"[10020, 20296]","[23743, 6232, 19507, 1198, 7308]",0.0,0.0,0.6140835881233215,0.0,,,0.0,0.0,0.0,OK,
220,220,contriever,dpp_seed1,What team did Robbie Keane play for after Inter Milan?,5a8de02b554299068b959e13,"[9806, 23728]","[21395, 4417, 8014, 2688, 9806]",0.5,0.2,0.7086018323898315,0.0,,,0.0,0.0,0.0,OK,
221,221,contriever,dpp_seed1,What is the prefix given to the end of the name to avoid confusion for the winner of the 1996 Record of the Year Grammy?,5a8de4595542995085b37348,"[6562, 7698]","[19831, 15903, 16852, 18746, 14286]",0.0,0.0,0.46876201033592224,0.0,,,0.0,0.0,0.0,OK,
222,222,contriever,dpp_seed1,Are Ferocactus and Silene both types of plant?,5a8e068b5542995085b37384,"[3470, 24631]","[24454, 16356, 953, 2923, 3238]",0.0,0.0,0.6700429916381836,0.0,,,0.0,0.0,0.0,OK,
223,223,contriever,dpp_seed1,In which county of New York was Circumstantial Productions founded?,5a8e3e9b5542995085b37402,"[14603, 1623]","[25394, 7308, 11578, 2589, 14603]",0.5,0.2,0.5718048214912415,0.0,,,0.0,0.0,0.0,OK,
224,224,contriever,dpp_seed1,Olivia DeJonge starred in an American horror film directed by Shyamalan called what,5a8ed10b5542995085b374a0,"[20000, 18119]","[5780, 18119, 15877, 13804, 16228]",0.5,0.5,0.6232656240463257,0.0,,,0.0,0.0,0.0,OK,
225,225,contriever,dpp_seed1,What city is between Normanby le Wold and the A46 Junction between Lincoln and Grimsby?,5a8f18d555429918e830d189,"[12378, 25386]","[2510, 7023, 17320, 25889, 11523]",0.0,0.0,0.5836507678031921,0.0,,,0.0,0.0,0.0,OK,
226,226,contriever,dpp_seed1,John DiMaggio voices the character Shnitzel on Cartoon Network series created by who?,5a8f1adc554299458435d577,"[15705, 25405]","[23213, 1384, 23803, 19445, 5475]",0.0,0.0,0.6494526267051697,0.0,,,0.0,0.0,0.0,OK,
227,227,contriever,dpp_seed1,Bill Bryson grew up in a city that is the seat of which county ?,5a8f5273554299458435d5b1,"[24172, 25542]","[1698, 24172, 24975, 25717, 22384]",0.5,0.5,0.6090877652168274,0.0,,,0.0,0.0,0.0,OK,
228,228,contriever,dpp_seed1,"What year did the infantry regiment featured in the 2006 film ""Only the Brave"" begin?",5a8f53ad5542992414482a50,"[24880, 2658]","[67, 3789, 4896, 3482, 8988]",0.0,0.0,0.5645187497138977,0.0,,,0.0,0.0,0.0,OK,
229,229,contriever,dpp_seed1,"What member of the South Korean-Chinese boy group EXO stars in the upcoming movie ""The Underdog""?",5a8f68795542992414482ab5,"[22255, 13849]","[15530, 13849, 16807, 21877, 3245]",0.5,0.5,0.5620737671852112,0.0,,,0.0,0.0,0.0,OK,
230,230,contriever,dpp_seed1,"What national historic district is located near a village in the town of Philipstown, New York?",5a8f69b55542997ba9cb324f,"[20402, 1612]","[24844, 10735, 4410, 1612, 6207]",0.5,0.25,0.5447976589202881,0.0,,,0.0,0.0,0.0,OK,
231,231,contriever,dpp_seed1,Which NFL team did both Don Looney and DeSean Jackson play for?,5a8f7c9a55429918e830d239,"[5540, 25260]","[913, 2866, 17152, 18287, 24438]",0.0,0.0,0.5937009453773499,0.0,,,0.0,0.0,0.0,OK,
232,232,contriever,dpp_seed1,"The name od the Jason Hook album ""Safety Dunce"" is a play on the words of a song released in what year?",5a8f93f5554299458435d67e,"[3996, 5962]","[25005, 3219, 17143, 23353, 554]",0.0,0.0,0.6443073749542236,0.0,,,0.0,0.0,0.0,OK,
233,233,contriever,dpp_seed1,"Which feature film was released earlier, One Magic Christmas or Muppet Treasure Island?",5a8fd9ac5542990a98493570,"[7363, 2743]","[17427, 8046, 23996, 6794, 23620]",0.0,0.0,0.5732060670852661,0.0,,,0.0,0.0,0.0,OK,
234,234,contriever,dpp_seed1,"Who co-starred in an episode of The ABC Comedy Hour with the man who played Duke Slater in ""Gomer Pyle, U.S.M.C.""?",5a8ff69655429916514e73f1,"[7326, 25678]","[14028, 20959, 13086, 15926, 23278]",0.0,0.0,0.6017249822616577,0.0,,,0.0,0.0,0.0,OK,
235,235,contriever,dpp_seed1,What are the names of the members of the Detroit-based hip hop duo who has worked with Jason Gilbert?,5a90605d5542995651fb514d,"[12263, 5918]","[6626, 9836, 4559, 25005, 6739]",0.0,0.0,0.7056034803390503,0.0,,,0.0,0.0,0.0,OK,
236,236,contriever,dpp_seed1,Which of the three worst hotel fires in modern US History occurred most recently?,5ab1e76c554299449642c800,"[16361, 13234]","[22820, 10133, 21395, 4075, 11853]",0.0,0.0,0.6519985198974609,0.0,,,0.0,0.0,0.0,OK,
237,237,contriever,dpp_seed1,which is larger Asante Traditional Buildings or Gulangyu?,5ab1e984554299340b525428,"[9719, 8420]","[15147, 10264, 25730, 19528, 10759]",0.0,0.0,0.587786853313446,0.0,,,0.0,0.0,0.0,OK,
238,238,contriever,dpp_seed1,August R. Lindt served as chairman of a UN program from 1956 to 1960 that won how many noble prizes ?,5ab236645542993be8fa98c9,"[21485, 12156]","[1538, 24665, 12143, 8014, 6809]",0.0,0.0,0.6550304889678955,0.0,,,0.0,0.0,0.0,OK,
239,239,contriever,dpp_seed1,Which City in the Miami metropolitan area is home to the Primetime Race Group?,5ab23d8a55429970612095c9,"[7539, 471]","[5874, 526, 23647, 18263, 25978]",0.0,0.0,0.5906260013580322,0.0,,,0.0,0.0,0.0,OK,
240,240,contriever,dpp_seed1,What word or phrase is found in both the history of Belgium and cockfighting?,5ab259b25542993be8fa98de,"[17447, 22977]","[2688, 8152, 25840, 24957, 17447]",0.5,0.2,0.6991028189659119,0.0,,,0.0,0.0,0.0,OK,
241,241,contriever,dpp_seed1,"From March 631 to April 631, Farrukhzad Khosrau V was the king of an empire that succeeded which empire?",5ab2659e554299340b5254b2,"[16861, 23420]","[25192, 1808, 14416, 10683, 15089]",0.0,0.0,0.5640164613723755,0.0,,,0.0,0.0,0.0,OK,
242,242,contriever,dpp_seed1,The term Moneybomb was coined by Trevor Lyman to describe a massive online donation drive on behalf of a presidential candidate that was the first chairman of what PAC?,5ab266b5554299340b5254b4,"[2736, 3970]","[5210, 7054, 11870, 2971, 22382]",0.0,0.0,0.6732932329177856,0.0,,,0.0,0.0,0.0,OK,
243,243,contriever,dpp_seed1,Do The Importance of Being Icelandic and The Five Obstructions belong to different film genres ?,5ab271fe554299449642c8a6,"[863, 15854]","[24077, 5906, 8281, 12764, 12460]",0.0,0.0,0.5547232627868652,0.0,,,0.0,0.0,0.0,OK,
244,244,contriever,dpp_seed1,Which tendencies does a group like Uyoku dantai fall under?,5ab29bdc554299545a2cf9d1,"[7963, 7054]","[23996, 8346, 24818, 22870, 8410]",0.0,0.0,0.6417745351791382,0.0,,,0.0,0.0,0.0,OK,
245,245,contriever,dpp_seed1,"Who married a man who starred in Marcus Welby, M.D.?",5ab2b666554299194fa934ca,"[25085, 13771]","[23552, 24319, 11150, 8353, 25540]",0.0,0.0,0.6814115047454834,0.0,,,0.0,0.0,0.0,OK,
246,246,contriever,dpp_seed1,"The author of ""The New American Story "" served three terms as a US Senator from what state?",5ab2e3a15542992953946893,"[178, 10649]","[4331, 15118, 23415, 22308, 11338]",0.0,0.0,0.6550042629241943,0.0,,,0.0,0.0,0.0,OK,
247,247,contriever,dpp_seed1,"Which type of character is featured by the P.L. Travers's third book and last novel in the ""Mary Poppins"" series?",5ab322b1554299194fa93570,"[75, 24937]","[5741, 22835, 3821, 2245, 13629]",0.0,0.0,0.652186930179596,0.0,,,0.0,0.0,0.0,OK,
248,248,contriever,dpp_seed1,"What boy band formed in Orlando, Florida in 1993 performed at the 2001 Kids Choice Awards?",5ab3244c554299233954ff29,"[4050, 986]","[17642, 19351, 19718, 1926, 986]",0.5,0.2,0.4948717951774597,0.0,,,0.0,0.0,0.0,OK,
249,249,contriever,dpp_seed1,How do the Peter Laufer books Forbidden Creatures and No Animals Were Harmed differ in their focus on animals?,5ab3cecd5542992ade7c6eae,"[14697, 14692]","[25185, 2571, 9615, 8709, 23996]",0.0,0.0,0.6877309083938599,0.0,,,0.0,0.0,0.0,OK,
250,250,contriever,dpp_seed1,Who was the team president of the 2012 Cleveland Browns?,5ab42d6055429942dd415eb0,"[13279, 1484]","[12946, 13279, 8591, 8441, 12592]",0.5,0.5,0.6527304649353027,0.0,,,0.0,0.0,0.0,OK,
251,251,contriever,dpp_seed1,To where did the war criminal who is the fictional defendant in the film After the Truth flee in real life ?,5ab4304a55429942dd415ec5,"[16694, 25092]","[4405, 13629, 4370, 13726, 23743]",0.0,0.0,0.7092567086219788,0.0,,,0.0,0.0,0.0,OK,
252,252,contriever,dpp_seed1,Do Lush and P.O.D. both consist of four band members?,5ab4428c5542990594ba9bda,"[4103, 6701]","[20536, 25269, 5107, 3633, 19101]",0.0,0.0,0.6905702352523804,0.0,,,0.0,0.0,0.0,OK,
253,253,contriever,dpp_seed1,Who provided the source material for the 2015 Australian revenge comedy-drama film in which Rebecca Gibney featured?,5ab46f4e5542991751b4d770,"[14935, 18366]","[21533, 16926, 323, 16179, 18366]",0.5,0.2,0.6709004640579224,0.0,,,0.0,0.0,0.0,OK,
254,254,contriever,dpp_seed1,"At the 46th Grammy Awards, which award did the album by The White Stripes, which included the song Seven Nation Army, win?",5ab474135542991751b4d77b,"[8564, 10963]","[16500, 16852, 18528, 13726, 17228]",0.0,0.0,0.5069637894630432,0.0,,,0.0,0.0,0.0,OK,
255,255,contriever,dpp_seed1,"Which facility was founded in Missouri, Discovery Zone or Valentino's?",5ab484415542990594ba9c44,"[25725, 10636]","[25567, 10636, 5392, 23809, 25725]",1.0,0.5,0.6404202580451965,0.0,,,0.0,0.0,0.0,OK,
256,256,contriever,dpp_seed1,Both Truth in Science and Discovery embrace what campaign?,5ab4e3065542990594ba9cb4,"[25109, 17812]","[15511, 17812, 7748, 23101, 17579]",0.5,0.5,0.6743861436843872,0.0,,,0.0,0.0,0.0,OK,
257,257,contriever,dpp_seed1,What is the nationality of the most successful female ski racer ever?,5ab503db5542990594ba9cc8,"[191, 15876]","[8329, 23275, 9349, 11626, 22193]",0.0,0.0,0.6308408379554749,0.0,,,0.0,0.0,0.0,OK,
258,258,contriever,dpp_seed1,What was the budget of the film in which Kodi Smit-McPhee voiced Norman Babcock?,5ab5062f55429942dd415fd1,"[854, 12076]","[20369, 17651, 23557, 18646, 23996]",0.0,0.0,0.6868988275527954,0.0,,,0.0,0.0,0.0,OK,
259,259,contriever,dpp_seed1,"Who won the 2007 Copa America Final, with help from Julio Baptista?",5ab514dc5542990594ba9cfa,"[10234, 6555]","[15004, 20122, 24552, 12680, 11935]",0.0,0.0,0.5897786021232605,0.0,,,0.0,0.0,0.0,OK,
260,260,contriever,dpp_seed1,God Is Not Great is by a journalist which due to his actions made him what?,5ab53bee554299637185c526,"[611, 7524]","[5300, 24763, 3673, 23743, 17501]",0.0,0.0,0.6465938687324524,0.0,,,0.0,0.0,0.0,OK,
261,261,contriever,dpp_seed1,"The producer of ""Live By NIght"" began his film career playing what role in ""Critters 3""?",5ab545d3554299494045ef5c,"[13962, 21971]","[21922, 8372, 2870, 19968, 11105]",0.0,0.0,0.6597806215286255,0.0,,,0.0,0.0,0.0,OK,
262,262,contriever,dpp_seed1,"What is the birthdate of this American actor, director, and producer, who starred in Not Another B Movie?",5ab58ee6554299488d4d99d6,"[13066, 6018]","[13629, 22694, 21622, 9454, 11782]",0.0,0.0,0.683141827583313,0.0,,,0.0,0.0,0.0,OK,
263,263,contriever,dpp_seed1,Prominent Danish Tibetologist Per Kjeld Sørensen is a professor of Central Asian Studies at Leipzig University that was founded by who?,5ab5ac345542992aa134a37f,"[20323, 13198]","[2409, 24682, 2013, 5741, 2630]",0.0,0.0,0.6131573915481567,0.0,,,0.0,0.0,0.0,OK,
264,264,contriever,dpp_seed1,"Who is Bruce Spizer an expert on, known as the most influential act of the rock era?",5ab5ed505542997d4ad1f255,"[8469, 11122]","[21117, 15064, 25479, 4426, 7]",0.0,0.0,0.6708812713623047,0.0,,,0.0,0.0,0.0,OK,
265,265,contriever,dpp_seed1,"Which is in the family Rutaceae, the Diplolaena or the Arenaria?",5ab5eed65542997d4ad1f25c,"[25467, 11029]","[1731, 5564, 25313, 1792, 17434]",0.0,0.0,0.5728640556335449,0.0,,,0.0,0.0,0.0,OK,
266,266,contriever,dpp_seed1,The Church of England's Oxford Movement was opposed by a clergyman who wrote what type of literature?,5ab61798554299488d4d9aaa,"[2415, 10019]","[17782, 25795, 2415, 8152, 9135]",0.5,0.3333333333333333,0.6042556762695312,0.0,,,0.0,0.0,0.0,OK,
267,267,contriever,dpp_seed1,Are Broughtonia and Laeliocattleya both orchids?,5ab642845542995eadeeff8e,"[10779, 10794]","[8694, 10779, 4806, 11256, 25022]",0.5,0.5,0.6086191534996033,0.0,,,0.0,0.0,0.0,OK,
268,268,contriever,dpp_seed1,"Which American audio engineer and clandestine chemist, who was a key figure in the San Francisco Bay Area hippie movement during the 1960s recorded the album ""Old and in the Way?""",5ab69c25554299110f219a39,"[24595, 25033]","[12635, 10603, 21035, 5625, 16696]",0.0,0.0,0.5903146266937256,0.0,,,0.0,0.0,0.0,OK,
269,269,contriever,dpp_seed1,What kind of act does Whaling in Australia and Right whale have in common?,5ab6cebd55429954757d3378,"[22824, 11260]","[16443, 11260, 23747, 685, 5090]",0.5,0.5,0.6937630772590637,0.0,,,0.0,0.0,0.0,OK,
270,270,contriever,dpp_seed1,The football manager who recruited David Beckham managed Manchester United during what timeframe?,5ab6d09255429954757d337d,"[2569, 17883]","[8014, 20122, 8367, 17853, 22809]",0.0,0.0,0.6487089991569519,0.0,,,0.0,0.0,0.0,OK,
271,271,contriever,dpp_seed1,Roden Brothers were taken over in 1953 by a group headquartered in which Canadian city ?,5ab6ddb655429953192ad39e,"[17797, 5009]","[11852, 2961, 4405, 8369, 2430]",0.0,0.0,0.6659189462661743,0.0,,,0.0,0.0,0.0,OK,
272,272,contriever,dpp_seed1,Who was a supporting cast member of King Rat and was knighted in February 2001?,5ab6e8e6554299710c8d1faf,"[1130, 3718]","[10203, 8036, 2585, 19372, 23803]",0.0,0.0,0.6559861898422241,0.0,,,0.0,0.0,0.0,OK,
273,273,contriever,dpp_seed1,"What is the name of the physician who studied the cause of the 1854 Broad Street cholera outbreak in London, England?",5ab70c41554299110f219a9d,"[4072, 885]","[23543, 9915, 10586, 12009, 885]",0.5,0.2,0.6015799045562744,0.0,,,0.0,0.0,0.0,OK,
274,274,contriever,dpp_seed1,SS Ionic was built by the industrial company based in what city?,5ab7b0775542992aa3b8c83e,"[2648, 6388]","[16048, 10712, 25926, 1931, 12621]",0.0,0.0,0.6204808950424194,0.0,,,0.0,0.0,0.0,OK,
275,275,contriever,dpp_seed1,"Why are many of the band, Hirsute Pursuit's songs considered controversial?",5ab804305542995dae37ea14,"[21048, 17630]","[5042, 8137, 24649, 1449, 24700]",0.0,0.0,0.5960413217544556,0.0,,,0.0,0.0,0.0,OK,
276,276,contriever,dpp_seed1,Which direction do both the M1 and the M6 Motorways travel?,5ab815865542995dae37ea2d,"[4673, 4672]","[8231, 11379, 6457, 18074, 4673]",0.5,0.2,0.5561150312423706,0.0,,,0.0,0.0,0.0,OK,
277,277,contriever,dpp_seed1,Carlos Alberto Hurtado played on loan from a mexican team which plays where?,5ab833ad5542990e739ec86f,"[20173, 1268]","[11935, 1080, 6047, 5483, 21457]",0.0,0.0,0.5570104122161865,0.0,,,0.0,0.0,0.0,OK,
278,278,contriever,dpp_seed1,The Red Queen's Race is a science fiction short story that uses the Red Queen's race from a novel by Lewis Carroll that is the sequel to what?,5ab84f2c55429934fafe6d54,"[1512, 11989]","[11989, 2729, 2782, 75, 9156]",0.5,1.0,0.5842843651771545,0.0,,,0.0,0.0,0.0,OK,
279,279,contriever,dpp_seed1,Erskine Academy is located in a village in what county?,5ab850795542990e739ec8bd,"[1923, 2677]","[2898, 23459, 3439, 6417, 14664]",0.0,0.0,0.6027342081069946,0.0,,,0.0,0.0,0.0,OK,
280,280,contriever,dpp_seed1,"Which peak is flanked by Manaslu, Shispare or Ngadi Chuli?",5ab852c05542990e739ec8c5,"[18147, 11093]","[19278, 11093, 13878, 5292, 4564]",0.5,0.5,0.5610889792442322,0.0,,,0.0,0.0,0.0,OK,
281,281,contriever,dpp_seed1,Substorm was described in qualitative terms by a scientist nominated for what seven times?,5ab864945542990e739ec8e1,"[9605, 23854]","[10790, 685, 15354, 4075, 5000]",0.0,0.0,0.5907583832740784,0.0,,,0.0,0.0,0.0,OK,
282,282,contriever,dpp_seed1,Lucas da Silva Carvalho was an unused reserve runner for a Brazilian athletics track event which at top class events is run in lanes for the first what?,5ab865235542992aa3b8c8db,"[22927, 5523]","[15621, 18869, 10725, 18263, 1902]",0.0,0.0,0.5947428941726685,0.0,,,0.0,0.0,0.0,OK,
283,283,contriever,dpp_seed1,What profession was both John Updike and Bret Easton Ellis ?,5ab8764155429919ba4e22fe,"[3437, 4643]","[8353, 4643, 3238, 25479, 21395]",0.5,0.5,0.7203966379165649,0.0,,,0.0,0.0,0.0,OK,
284,284,contriever,dpp_seed1,Are John le Carré and Tim Winton both novelists?,5ab90e9755429934fafe6e51,"[4612, 165]","[10670, 12197, 10895, 8501, 165]",0.5,0.2,0.614477813243866,0.0,,,0.0,0.0,0.0,OK,
285,285,contriever,dpp_seed1,Is there fruit juice in both a Fizz and a Painkiller cocktail?,5ab934465542996be202043e,"[25675, 1128]","[17680, 1128, 21648, 6311, 24557]",0.5,0.5,0.647293210029602,0.0,,,0.0,0.0,0.0,OK,
286,286,contriever,dpp_seed1,"The non-fiction book ""Finding Chandra"" is about an affair between the victim and a congressman that holds a B.B.A from what school?",5ab973b35542996be20204fd,"[9608, 22274]","[9604, 12080, 8984, 25566, 8226]",0.0,0.0,0.6539376974105835,0.0,,,0.0,0.0,0.0,OK,
287,287,contriever,dpp_seed1,"Which sister of Margarita ""Peggy"" Schuyler Van Rensselaer is sometimes called Betsey?",5ab9d0b755429955dce3ed8f,"[21216, 252]","[23244, 7738, 9704, 7308, 21368]",0.0,0.0,0.5837489366531372,0.0,,,0.0,0.0,0.0,OK,
288,288,contriever,dpp_seed1,Are Eve Beglarian and Zach Bogosian both of Armenian descent?,5ab9ddef5542994dbf019875,"[22531, 4421]","[4421, 6513, 13305, 17089, 1840]",0.5,1.0,0.5218676328659058,0.0,,,0.0,0.0,0.0,OK,
289,289,contriever,dpp_seed1,"The English actor Kris Marshall played which character in the highly rated comedy-drama television series ""Death in Paradise""?",5ab9debb55429955dce3ed97,"[17157, 12938]","[9681, 12938, 10388, 13020, 8400]",0.5,0.5,0.6334275603294373,0.0,,,0.0,0.0,0.0,OK,
290,290,contriever,dpp_seed1,In what year was the scientific journal for which Danilo Erricolo is currently Editor-in-Chief established?,5aba18ee5542994dbf0198b4,"[22478, 9472]","[1161, 23757, 19682, 20998, 15051]",0.0,0.0,0.6520511507987976,0.0,,,0.0,0.0,0.0,OK,
291,291,contriever,dpp_seed1,Yakuza Kiwami is a remake of the first video game in what video game series that is an open world action-adventure beat 'em up video game franchise?,5aba510f5542994dbf0198d6,"[22508, 8958]","[11358, 23996, 17571, 5912, 16113]",0.0,0.0,0.6119378805160522,0.0,,,0.0,0.0,0.0,OK,
292,292,contriever,dpp_seed1,"Giuseppe Tornatore, an italian film director and screenwriter, wrote and directed his film ""The Best Offer"" in what language?",5aba6d4b5542994dbf019906,"[17780, 14963]","[17713, 14963, 17995, 11125, 17551]",0.5,0.5,0.504804253578186,0.0,,,0.0,0.0,0.0,OK,
293,293,contriever,dpp_seed1,The Indigenous Team of the Century's coach played over how many games at senior level?,5aba7a22554299232ef4a2e7,"[9170, 25933]","[14601, 20122, 17382, 13924, 15586]",0.0,0.0,0.6139742136001587,0.0,,,0.0,0.0,0.0,OK,
294,294,contriever,dpp_seed1,"Which Canadian Province was captured with the support of the Mi'kmaq, Maliseet, Passamaquoddy, Abenaki, and Penobscot?",5aba916c55429901930fa83b,"[9455, 2012]","[9455, 11669, 16706, 6939, 9456]",0.5,1.0,0.589666485786438,0.0,,,0.0,0.0,0.0,OK,
295,295,contriever,dpp_seed1,Which Formula One World Champion had a teammate named Richie Ginther?,5aba926f55429901930fa83e,"[654, 8570]","[662, 9110, 2362, 18865, 8014]",0.0,0.0,0.6205376386642456,0.0,,,0.0,0.0,0.0,OK,
296,296,contriever,dpp_seed1,What was the title of the failed magazine that preceded and inspired the The Science Fiction League?,5aba97ed55429901930fa84d,"[18108, 3044]","[20498, 3044, 18108, 24, 2385]",1.0,0.5,0.565191388130188,0.0,,,0.0,0.0,0.0,OK,
297,297,contriever,dpp_seed1,Andrew Stanton co-directed which film which featured greedy grasshoppers?,5aba9e545542994dbf019986,"[4757, 19185]","[22932, 16435, 23803, 2733, 7431]",0.0,0.0,0.6567868590354919,0.0,,,0.0,0.0,0.0,OK,
298,298,contriever,dpp_seed1,How many Golden Globe Awards did this English retired actress whose career has spanned over six decades and who appeared in the two-act drama Moby Dick—Rehearsed by Orson Welles?,5abac89d55429901930fa8b5,"[17457, 11151]","[2798, 12140, 8475, 14136, 15733]",0.0,0.0,0.6998676061630249,0.0,,,0.0,0.0,0.0,OK,
299,299,contriever,dpp_seed1,In what part of England is John Folwes' country house located?,5abacac45542996cc5e49e94,"[20071, 6422]","[15112, 17320, 25795, 1938, 6422]",0.5,0.2,0.6703552007675171,0.0,,,0.0,0.0,0.0,OK,
300,300,contriever,dpp_seed1,Curious is a women's fragrance by a singer born in what city and state?,5abaccd1554299660624161b,"[14248, 13075]","[24709, 14376, 20335, 4577, 14248]",0.5,0.2,0.6136366128921509,0.0,,,0.0,0.0,0.0,OK,
301,301,contriever,dpp_seed1,What award did the writer of Never Let Me Go novel win in 1989?,5abae3205542996cc5e49edc,"[4031, 2087]","[16850, 8389, 3237, 10670, 25957]",0.0,0.0,0.6330019235610962,0.0,,,0.0,0.0,0.0,OK,
302,302,contriever,dpp_seed1,White love was what number of single created by a record label est in 2008 by Kim Shi Dao?,5abafb6d5542992ccd8e7e92,"[16888, 12840]","[2752, 12840, 20131, 13145, 14544]",0.5,0.5,0.5997699499130249,0.0,,,0.0,0.0,0.0,OK,
303,303,contriever,dpp_seed1,How many constituents does Greg Gianforte's district have?,5abb14a55542992ccd8e7f06,"[11988, 25940]","[6030, 13129, 17464, 6024, 2114]",0.0,0.0,0.5793136358261108,0.0,,,0.0,0.0,0.0,OK,
304,304,contriever,dpp_seed1,Harry Emerson Fosdick was called to serve as pastor at a church that opened its doors on what date?,5abb2f2f554299232ef4a3d7,"[25912, 1349]","[24372, 9549, 15038, 992, 6607]",0.0,0.0,0.6576429605484009,0.0,,,0.0,0.0,0.0,OK,
305,305,contriever,dpp_seed1,"The world's greatest Super-Heroes anthology showcased one of four superheroes known for speaking the phrase ""SHAZAM"", what was their name?",5abb342055429966062416e8,"[2617, 16362]","[11700, 675, 18876, 24319, 17244]",0.0,0.0,0.6057975888252258,0.0,,,0.0,0.0,0.0,OK,
306,306,contriever,dpp_seed1,Jean-Paul Sartre or George Bernard Shaw  have more influence on turn of the century literature?,5abbb42555429931dba144af,"[3723, 1726]","[11482, 18671, 10670, 4521, 12738]",0.0,0.0,0.6159087419509888,0.0,,,0.0,0.0,0.0,OK,
307,307,contriever,dpp_seed1,"Which genus of plant grows originally in Mexico and Guatemala, Phylica or Weldenia?",5abbc4d255429931dba144fe,"[1787, 11876]","[24631, 16356, 19654, 15380, 20888]",0.0,0.0,0.5585202574729919,0.0,,,0.0,0.0,0.0,OK,
308,308,contriever,dpp_seed1,Are Cardinal Health and Kansas City Southern located in the same state?,5abbd58d554299660624172f,"[205, 18601]","[12868, 205, 21829, 3506, 8709]",0.5,0.5,0.6553561091423035,0.0,,,0.0,0.0,0.0,OK,
309,309,contriever,dpp_seed1,"Which is larger, Garajonay National Park or Guadarrama National Park?",5abbdb195542993f40c73bf1,"[11172, 24782]","[25614, 1674, 4617, 8662, 6171]",0.0,0.0,0.6300171613693237,0.0,,,0.0,0.0,0.0,OK,
310,310,contriever,dpp_seed1,Who directed the 1971 film in which Pat Ashton starred in?,5abbdd6955429931dba145b5,"[16644, 6235]","[9454, 5741, 19262, 1360, 12140]",0.0,0.0,0.6399571895599365,0.0,,,0.0,0.0,0.0,OK,
311,311,contriever,dpp_seed1,Rolls-Royce Welland's name is taken from this river that is low long,5abbe4c0554299642a094bc0,"[3379, 2969]","[806, 5092, 766, 5525, 11696]",0.0,0.0,0.5655418634414673,0.0,,,0.0,0.0,0.0,OK,
312,312,contriever,dpp_seed1,Are both Viken Babikian and Don Manoukian American ?,5abbf8bc5542993f40c73c35,"[23897, 18284]","[4718, 917, 21521, 14866, 25915]",0.0,0.0,0.5771012306213379,0.0,,,0.0,0.0,0.0,OK,
313,313,contriever,dpp_seed1,Are Wake Forest University and Pennsylvania State University both located in the US?,5abc081e5542993f40c73c54,"[8163, 1172]","[25856, 8163, 6262, 1161, 13675]",0.5,0.5,0.6030414700508118,0.0,,,0.0,0.0,0.0,OK,
314,314,contriever,dpp_seed1,"Which Argentine telenovela broadcast by Telefe from March 12 to December 19, 2012 starred Isabel Macedo as Jimena Benitez?",5abc5951554299114383a116,"[18916, 14305]","[12985, 18662, 19963, 21457, 14931]",0.0,0.0,0.5091923475265503,0.0,,,0.0,0.0,0.0,OK,
315,315,contriever,dpp_seed1,"Which movie was released first, Return to Oz or Midnight Madness?",5abc5955554299114383a118,"[23385, 7388]","[13273, 23385, 3158, 17665, 7388]",1.0,0.5,0.6349692344665527,0.0,,,0.0,0.0,0.0,OK,
316,316,contriever,dpp_seed1,Matthew Butturini was born in a town on the Tweed River how many km north-east of Sydney?,5abc8d00554299700f9d78fd,"[13650, 25718]","[7333, 2798, 25712, 16161, 25718]",0.5,0.2,0.6536885499954224,0.0,,,0.0,0.0,0.0,OK,
317,317,contriever,dpp_seed1,"Soundcloud rap has been used by which rapper from Lauderhill, Florida?",5abce43855429959677d6b18,"[23066, 22127]","[21753, 1674, 24099, 23998, 9339]",0.0,0.0,0.6213270425796509,0.0,,,0.0,0.0,0.0,OK,
318,318,contriever,dpp_seed1,"The composer for the music in the film ""A Clockwork Orange"" was born in which state?",5abcf46255429959677d6b6b,"[10937, 13226]","[25978, 24501, 22919, 4379, 8231]",0.0,0.0,0.6053773760795593,0.0,,,0.0,0.0,0.0,OK,
319,319,contriever,dpp_seed1,Carlos Hasselbaink is the older brother of the footballer of what nationality?,5abcf51c554299700f9d7949,"[3825, 23157]","[6711, 16392, 4322, 15915, 23157]",0.5,0.2,0.598659336566925,0.0,,,0.0,0.0,0.0,OK,
320,320,contriever,dpp_seed1,"Archie Norman will succeed Robert Swannell as chairman of what British multinational retailer that is headquartered in the city of Westminster, London?",5abd0553554299700f9d7963,"[16997, 3212]","[7730, 18094, 16731, 8014, 21982]",0.0,0.0,0.6859009265899658,0.0,,,0.0,0.0,0.0,OK,
321,321,contriever,dpp_seed1,Are Muzzle and Screaming Trees both alternative rock bands?,5abd0eae5542996e802b46d4,"[826, 5214]","[24087, 21724, 25269, 20536, 21117]",0.0,0.0,0.5983765721321106,0.0,,,0.0,0.0,0.0,OK,
322,322,contriever,dpp_seed1,What is Peter Daou's website's slogan?,5abd6be55542993062266c89,"[8639, 23051]","[13130, 17494, 2452, 19337, 8709]",0.0,0.0,0.6692673563957214,0.0,,,0.0,0.0,0.0,OK,
323,323,contriever,dpp_seed1,Were both Eugene Dynkin and Vladimir Voevodsky mathematicians from Russia?,5abd7aba55429924427fcfed,"[2170, 224]","[5836, 224, 20223, 24935, 21363]",0.5,0.5,0.5950623750686646,0.0,,,0.0,0.0,0.0,OK,
324,324,contriever,dpp_seed1,"What village in Nassau County, New York with a name meaning ""a pleasant place"" is represented by Kathleen Rice in the United States House of Representatives?",5abd8ee05542993062266cc8,"[21639, 24844]","[2491, 21639, 1640, 9273, 1619]",0.5,0.5,0.5996902585029602,0.0,,,0.0,0.0,0.0,OK,
325,325,contriever,dpp_seed1,A private university that beat Georgetown during a basketball tournament is from what U.S. city?,5abd93115542996e802b47e0,"[4002, 7214]","[25871, 23784, 7066, 10533, 11594]",0.0,0.0,0.6531630158424377,0.0,,,0.0,0.0,0.0,OK,
326,326,contriever,dpp_seed1,When was the former IBF World title holder born?,5abde7ba5542991f6610609e,"[12654, 9705]","[7946, 15926, 24832, 23006, 5338]",0.0,0.0,0.59955894947052,0.0,,,0.0,0.0,0.0,OK,
327,327,contriever,dpp_seed1,In Ancient Egyptian religion how would a citizen be weighted to decide if they where worthy of damnation and would face the torment in the lake of fire ?,5abdf06355429976d4830a2d,"[2121, 159]","[9227, 159, 11803, 15780, 25947]",0.5,0.5,0.6659340858459473,0.0,,,0.0,0.0,0.0,OK,
328,328,contriever,dpp_seed1,What is the population of the city as of the 2010 Census where the band Quincy Mumford & The Reason Why is based?,5abdf7055542993f32c2a06c,"[14194, 1496]","[14290, 1871, 2277, 774, 810]",0.0,0.0,0.6045934557914734,0.0,,,0.0,0.0,0.0,OK,
329,329,contriever,dpp_seed1,At what theater is the composer and lyricist for the musical Big Fish a residential artist?,5abdff775542993f32c2a082,"[16335, 613]","[21101, 613, 7354, 12147, 5422]",0.5,0.5,0.5944913625717163,0.0,,,0.0,0.0,0.0,OK,
330,330,contriever,dpp_seed1,"In the Morpeth Arms pub in London, there's a Spying Room with a view overlooking the headquarters of which organisation?",5abe64bf55429976d4830b13,"[19930, 2308]","[19602, 3633, 22654, 24556, 18048]",0.0,0.0,0.6450165510177612,0.0,,,0.0,0.0,0.0,OK,
331,331,contriever,dpp_seed1,"Which university did one of the key figures in the American documentary film, released in 2015, directed by Malcolm Ingram, pay for, before being drafted 18th overall pick for the New Jersey Nets?",5abe65e25542993f32c2a101,"[18826, 6731]","[6731, 15917, 17665, 8367, 25277]",0.5,1.0,0.7011673450469971,0.0,,,0.0,0.0,0.0,OK,
332,332,contriever,dpp_seed1,Mesih Pasha's uncle became emperor in what year?,5abe79c755429976d4830b2a,"[10700, 23898]","[6237, 12639, 9591, 10700, 14017]",0.5,0.25,0.6381732821464539,0.0,,,0.0,0.0,0.0,OK,
333,333,contriever,dpp_seed1,Millennium Greens were funded in part by a what type of lottery?,5abe87cb5542993f32c2a156,"[18446, 5511]","[15342, 23528, 5921, 685, 18446]",0.5,0.2,0.6364551186561584,0.0,,,0.0,0.0,0.0,OK,
334,334,contriever,dpp_seed1,Lake Wales Ridge National Wildlife Refuge is on the US route that runs between a city in what Florida county?,5abecdf45542997719eab5d4,"[23487, 508]","[19191, 5294, 12720, 508, 25978]",0.5,0.25,0.591849148273468,0.0,,,0.0,0.0,0.0,OK,
335,335,contriever,dpp_seed1,Are Tantrix and Personal Preference both types of games?,5abed4d55542990832d3a0e0,"[24203, 11189]","[11956, 11189, 10613, 12091, 3488]",0.5,0.5,0.6199087500572205,0.0,,,0.0,0.0,0.0,OK,
336,336,contriever,dpp_seed1,The 1966 Football League Cup Final was contested with which team that is based in the West Midlands?,5abee69c5542993fe9a41d8b,"[722, 13134]","[12010, 17606, 12021, 24552, 722]",0.5,0.2,0.6000193357467651,0.0,,,0.0,0.0,0.0,OK,
337,337,contriever,dpp_seed1,The evil clown is a subversion of the traditional comic clown character with the modern archetype popularised by a book that follows the experiences of how many children?,5abef8fd5542990832d3a111,"[18683, 9854]","[22924, 8501, 12147, 8105, 25567]",0.0,0.0,0.6352207064628601,0.0,,,0.0,0.0,0.0,OK,
338,338,contriever,dpp_seed1,What empire was Aleksei Gen born into?,5abf8ae85542990832d3a14b,"[15809, 9132]","[14670, 18027, 8083, 17831, 10531]",0.0,0.0,0.6222153902053833,0.0,,,0.0,0.0,0.0,OK,
339,339,contriever,dpp_seed1,"When ""Good Night"" was aired on ""The Simpsons 138th Epsiode Spectacular,"" which actress did the voice of the character named after Matt Groening's mother?",5abfd5c45542994516f4550e,"[11132, 25916]","[9102, 11132, 13086, 6808, 22517]",0.5,0.5,0.6218529343605042,0.0,,,0.0,0.0,0.0,OK,
340,340,contriever,dpp_seed1,What is the middle name of the actor who hosted the24th People's Choice Awards with  Reba McEntire ?,5abffa095542990832d3a1de,"[11679, 7514]","[2971, 23647, 9859, 8475, 3388]",0.0,0.0,0.6585835218429565,0.0,,,0.0,0.0,0.0,OK,
341,341,contriever,dpp_seed1,What date was the person born that Samuel Flores Borrego was the right hand man of?,5ac00584554299012d1db575,"[13432, 5900]","[14829, 7636, 15824, 23743, 6952]",0.0,0.0,0.6478128433227539,0.0,,,0.0,0.0,0.0,OK,
342,342,contriever,dpp_seed1,"Which actress, who debuted in Friday Night Lights also starred in The River Why?",5ac027005542996f0d89cb3d,"[5019, 395]","[8829, 11499, 12698, 13726, 5741]",0.0,0.0,0.6468796730041504,0.0,,,0.0,0.0,0.0,OK,
343,343,contriever,dpp_seed1,In which Navy was the single-engine BAE Systems Hawk operated?,5ac04a265542997d642959f1,"[2528, 12046]","[2273, 5929, 1022, 23644, 9685]",0.0,0.0,0.6108952760696411,0.0,,,0.0,0.0,0.0,OK,
344,344,contriever,dpp_seed1,Ambrose Mendy has managed and/or advised a British professional boxer that as of July 2017 is ranked the world's seventh best super middleweight by who?,5ac056385542997d64295a08,"[5327, 4250]","[19132, 4250, 20241, 9081, 24832]",0.5,0.5,0.5536690950393677,0.0,,,0.0,0.0,0.0,OK,
345,345,contriever,dpp_seed1,"What genre did the writer whose novel was based on ""I'll Take Manhattan"" writes?",5ac0a18a5542992a796ded41,"[21629, 24273]","[25509, 25619, 8151, 12784, 19109]",0.0,0.0,0.661497950553894,0.0,,,0.0,0.0,0.0,OK,
346,346,contriever,dpp_seed1,At what university is the organic chemist who headed the group that designed the nanocar a professor?,5ac160af5542994d76dccdfa,"[11360, 4535]","[22771, 3238, 23757, 19109, 16780]",0.0,0.0,0.6754292845726013,0.0,,,0.0,0.0,0.0,OK,
347,347,contriever,dpp_seed1,What was the alternate slang name for the World War I era grenade that the egg grenade was less awkward than to handle?,5ac1725c5542994d76dcce2c,"[17932, 18966]","[21290, 4237, 1643, 15997, 20720]",0.0,0.0,0.6706754565238953,0.0,,,0.0,0.0,0.0,OK,
348,348,contriever,dpp_seed1,"What was the official religion of the lands of the husband of Dorothea of Denmark, Duchess of Prussia?",5ac194db55429964131be23a,"[10253, 3048]","[21641, 8367, 20324, 20493, 12408]",0.0,0.0,0.615021824836731,0.0,,,0.0,0.0,0.0,OK,
349,349,contriever,dpp_seed1,What was the nationality of Bernhard Heiden's teacher?,5ac1c7605542994ab5c67e14,"[22644, 24941]","[19315, 9145, 13805, 6605, 14016]",0.0,0.0,0.6127699017524719,0.0,,,0.0,0.0,0.0,OK,
350,350,contriever,dpp_seed1,"What year was a joint venture between RLJ Companies and this film studio founded in 2005, founded?",5ac240ef55429951e9e684ef,"[623, 4913]","[5215, 19056, 5383, 20379, 10839]",0.0,0.0,0.6284246444702148,0.0,,,0.0,0.0,0.0,OK,
351,351,contriever,dpp_seed1,"Which Oxford University graduate did Midge Mackenzie interview in ""Women Talking""?",5ac24cea55429951e9e6853a,"[9575, 23693]","[18954, 15284, 135, 4376, 6199]",0.0,0.0,0.6454150676727295,0.0,,,0.0,0.0,0.0,OK,
352,352,contriever,dpp_seed1,Who is the film dedicated to that Paramount Classics and MTV Films co-purchased the rights to?,5ac26ac15542992f1f2b38bc,"[15795, 20033]","[22694, 13726, 15795, 6191, 23647]",0.5,0.3333333333333333,0.6836789846420288,0.0,,,0.0,0.0,0.0,OK,
353,353,contriever,dpp_seed1,What facility is shared by RAAF Base Williamtown and Newcastle Airport in New South Wales?,5ac290e85542992f1f2b3916,"[3944, 15788]","[19107, 182, 3690, 6075, 25618]",0.0,0.0,0.572479784488678,0.0,,,0.0,0.0,0.0,OK,
354,354,contriever,dpp_seed1,This sister company  of Líneas Aéreas Privadas Argentinas is most commonly known by its shortened name Austral?,5ac298805542990b17b15429,"[15259, 6103]","[21693, 844, 17005, 8291, 5608]",0.0,0.0,0.5822458863258362,0.0,,,0.0,0.0,0.0,OK,
355,355,contriever,dpp_seed1,Which band My Darkest Days or Human Drama had only one constant member?,5ac29da5554299218029dac3,"[10229, 193]","[23298, 4290, 25269, 5806, 6]",0.0,0.0,0.6327204704284668,0.0,,,0.0,0.0,0.0,OK,
356,356,contriever,dpp_seed1,Choi Jun-hong  is best known as a member of a group formed in which year ?,5ac2ca84554299218029db55,"[13471, 13401]","[7404, 9609, 18661, 19713, 3633]",0.0,0.0,0.6047162413597107,0.0,,,0.0,0.0,0.0,OK,
357,357,contriever,dpp_seed1,Where are Neoregelia and Aloysia known to grow,5ac2cdaa554299657fa29070,"[18186, 1723]","[12385, 5564, 22557, 23097, 11876]",0.0,0.0,0.5642660856246948,0.0,,,0.0,0.0,0.0,OK,
358,358,contriever,dpp_seed1,"Which film featured Rosalind Cash prior to the release of ""Sister, Sister""?",5ac2d9f65542996773102631,"[7447, 25009]","[14075, 25009, 12709, 15877, 19801]",0.5,0.5,0.6398905515670776,0.0,,,0.0,0.0,0.0,OK,
359,359,contriever,dpp_seed1,"Name the movie that was cowritten by Paul Rudd and the director of the 2011 British science fiction horror comedy film written and directed by Joe Cornish and starring John Boyega, Nick Frost, Jodie Whittaker and Luke Treadaway.",5ac2eaab5542990b17b154a4,"[4146, 11226]","[9318, 21541, 8488, 10702, 13066]",0.0,0.0,0.6080683469772339,0.0,,,0.0,0.0,0.0,OK,
360,360,contriever,dpp_seed1,"Operalia, The World Opera Competition helped launch the career of an operatic soprano of what nationality?",5ac3090d5542990b17b154fc,"[7044, 6342]","[20549, 5541, 1380, 21130, 17938]",0.0,0.0,0.5831311345100403,0.0,,,0.0,0.0,0.0,OK,
361,361,contriever,dpp_seed1,Where is the stadium at which 1964 Georgia Tech Yellow Jackets football team played their home game located?,5ac32b565542995ef918c154,"[22624, 25606]","[6171, 5208, 1681, 25859, 24881]",0.0,0.0,0.581404983997345,0.0,,,0.0,0.0,0.0,OK,
362,362,contriever,dpp_seed1,what language did the ethnic group which Torstein Ellingsen was its drumer  speaks,5ac35a7e554299741d48a257,"[18692, 24078]","[20410, 14075, 29, 1606, 1316]",0.0,0.0,0.6109077334403992,0.0,,,0.0,0.0,0.0,OK,
363,363,contriever,dpp_seed1,"Prior to playing for Michigan State, Keith Nichol played football for a school located in what city?",5ac397fe554299218029dbe2,"[9026, 25838]","[19235, 5677, 2866, 24438, 17152]",0.0,0.0,0.5817185640335083,0.0,,,0.0,0.0,0.0,OK,
364,364,contriever,dpp_seed1,"Who released the song ""With or Without You"" first, Jai McDowall or U2?",5ac3a76e554299741d48a2be,"[12942, 7741]","[19823, 7741, 9859, 11597, 12783]",0.5,0.5,0.6813055872917175,0.0,,,0.0,0.0,0.0,OK,
365,365,contriever,dpp_seed1,Whitford Lodge once held a branch of the bank that later became which national bank?,5ac3b4cc554299741d48a2eb,"[15790, 24702]","[20533, 16927, 8442, 13659, 4898]",0.0,0.0,0.6409043669700623,0.0,,,0.0,0.0,0.0,OK,
366,366,contriever,dpp_seed1,SLS station was designed to allow access to the area of Las Vegas that includes a hotel and casino in what other town?,5ac3c0495542995ef918c215,"[399, 4425]","[698, 24255, 16361, 21395, 338]",0.0,0.0,0.5836787223815918,0.0,,,0.0,0.0,0.0,OK,
367,367,contriever,dpp_seed1,"The court in which the most important decisions of the ""Black Book of the Admiralty"" where established under a monarch who was also known as the what of Scots?",5ac3c1805542995ef918c21f,"[650, 19296]","[1069, 7621, 8113, 2876, 8221]",0.0,0.0,0.600427508354187,0.0,,,0.0,0.0,0.0,OK,
368,368,contriever,dpp_seed1,The Feminine Touch is a drama film starring which English actress?,5ac3d7f8554299076e296cb0,"[11779, 7099]","[22694, 18954, 20077, 25341, 14920]",0.0,0.0,0.6063834428787231,0.0,,,0.0,0.0,0.0,OK,
369,369,contriever,dpp_seed1,What sport is featured in the film in which Kwon Yu-ri made her film debut ?,5ac3e80b554299076e296ccd,"[7268, 15846]","[19907, 22588, 6752, 19306, 6305]",0.0,0.0,0.5855721831321716,0.0,,,0.0,0.0,0.0,OK,
370,370,contriever,dpp_seed1,"Is Ohio State University or California State University, Dominguez Hills further west?",5ac41f1d5542991943173924,"[7131, 24258]","[5000, 12459, 25042, 18032, 24258]",0.5,0.2,0.5789498090744019,0.0,,,0.0,0.0,0.0,OK,
371,371,contriever,dpp_seed1,What river runs along the neighborhood where Ashley Estes Kavanaugh's wedding was held?,5ac434cb5542997ea680ca2f,"[13428, 5700]","[11499, 25840, 3633, 16807, 2250]",0.0,0.0,0.6707550287246704,0.0,,,0.0,0.0,0.0,OK,
372,372,contriever,dpp_seed1,"Which became a Cathedral first St Chad's Cathedral, Birmingham or Chelmsford Cathedral?",5ac44b47554299194317396c,"[8589, 13981]","[10368, 9529, 8231, 14441, 13981]",0.5,0.2,0.5437481999397278,0.0,,,0.0,0.0,0.0,OK,
373,373,contriever,dpp_seed1,Was Princess Charlotte of Cambridge born before or after the repealing of the Royal Marriages Act 1772?,5ac46a8b5542991943173980,"[8112, 18207]","[5058, 24776, 4815, 24545, 16287]",0.0,0.0,0.56878262758255,0.0,,,0.0,0.0,0.0,OK,
374,374,contriever,dpp_seed1,Are Pago Pago International Airport and Hoonah Airport both on American territory?,5ac4a5de5542995c82c4ad6e,"[20582, 23936]","[2077, 23936, 5237, 23980, 23196]",0.5,0.5,0.6248299479484558,0.0,,,0.0,0.0,0.0,OK,
375,375,contriever,dpp_seed1,Where was Nobel Laureate in Physics know for his contributions with Abdus Salam and Steven Weinberg a professor?,5ac50bca55429924173fb57f,"[6117, 16002]","[22771, 2321, 8014, 5726, 17416]",0.0,0.0,0.5633779168128967,0.0,,,0.0,0.0,0.0,OK,
376,376,contriever,dpp_seed1,What is the name of one the ex-security officials that means The Institute?,5ac51a055542994611c8b390,"[19063, 10056]","[17158, 9021, 3633, 7771, 25871]",0.0,0.0,0.6615742444992065,0.0,,,0.0,0.0,0.0,OK,
377,377,contriever,dpp_seed1,"Which town is the venue, in which the APRA Music Awards of 2009 were held, located?",5ac52f8e5542996feb3fea14,"[9824, 10367]","[5413, 21117, 19999, 5090, 9824]",0.5,0.2,0.5284134149551392,0.0,,,0.0,0.0,0.0,OK,
378,378,contriever,dpp_seed1,Edmundas Malūkas was the former mayor of the lake resort how far west of the capital of Lithuania?,5ac536485542996feb3fea2e,"[22411, 5146]","[24750, 4864, 23275, 18880, 6960]",0.0,0.0,0.6067376136779785,0.0,,,0.0,0.0,0.0,OK,
379,379,contriever,dpp_seed1,Brian Newman's wife performs for what genre of variety show?,5ac54cef5542993e66e822da,"[16380, 11654]","[22816, 25343, 24060, 20785, 9879]",0.0,0.0,0.6407703161239624,0.0,,,0.0,0.0,0.0,OK,
380,380,contriever,dpp_seed1,"What award has the composer of ""Shady Lady"" received five times?",5adbc8e25542996e68525230,"[3663, 24928]","[1510, 21753, 17228, 14286, 9454]",0.0,0.0,0.5135709047317505,0.0,,,0.0,0.0,0.0,OK,
381,381,contriever,dpp_seed1,Was 9/11: Press for Truth released prior to Chasing Coral?,5adbe1c5554299438c868cc4,"[22843, 24220]","[18075, 24381, 1076, 9151, 22843]",0.5,0.2,0.6618148684501648,0.0,,,0.0,0.0,0.0,OK,
382,382,contriever,dpp_seed1,"Tolex and General Tire manufacture very different products, but both make accessories for what type of transportation vehicle?",5adbf69c55429947ff173871,"[1471, 9212]","[24319, 22964, 23959, 3725, 3649]",0.0,0.0,0.645337700843811,0.0,,,0.0,0.0,0.0,OK,
383,383,contriever,dpp_seed1,"What nationality is the singer who recorded ""Who I Was Born to Be""?",5adc2b6255429947ff173901,"[16183, 7216]","[16926, 9454, 15515, 20122, 12095]",0.0,0.0,0.6593988537788391,0.0,,,0.0,0.0,0.0,OK,
384,384,contriever,dpp_seed1,Were Triumph of the Will and The End of America both made in the same year?,5adc2f53554299438c868d6d,"[11206, 5878]","[14528, 5878, 19847, 11206, 6607]",1.0,0.5,0.6383496522903442,0.0,,,0.0,0.0,0.0,OK,
385,385,contriever,dpp_seed1,"In what year was the composer of ""Anthem"" born?",5adc46665542994650320cc8,"[9668, 12411]","[4447, 9668, 21704, 1837, 18561]",0.5,0.5,0.650287926197052,0.0,,,0.0,0.0,0.0,OK,
386,386,contriever,dpp_seed1,Are Norman Z. McLeod and Sam Wanamaker both directors?,5adc6eb65542994650320cf3,"[23388, 7346]","[14703, 7346, 18954, 11578, 16997]",0.5,0.5,0.6761355996131897,0.0,,,0.0,0.0,0.0,OK,
387,387,contriever,dpp_seed1,Who is an Australian philosopher that inspired Living High and Letting Die?,5adc85b855429944faac24e9,"[114, 8037]","[17501, 11229, 19107, 10333, 6417]",0.0,0.0,0.6281425356864929,0.0,,,0.0,0.0,0.0,OK,
388,388,contriever,dpp_seed1,"""One Less Set of Footsteps"" is a song written and performed by a singer born in which year ?",5adca0845542994d58a2f684,"[11428, 3888]","[12783, 17853, 5587, 23990, 6047]",0.0,0.0,0.6462072134017944,0.0,,,0.0,0.0,0.0,OK,
389,389,contriever,dpp_seed1,What did the American writer who wrote Into Thin Air  primarily known for in his writings,5adcad175542994ed6169bc3,"[25149, 11173]","[11338, 11444, 16710, 2385, 10670]",0.0,0.0,0.5891448855400085,0.0,,,0.0,0.0,0.0,OK,
390,390,contriever,dpp_seed1,"Akademik Lomonosov was named after a Russian polymath, scientist, and writer, who discovered the atmosphere of what planet?",5adcc7515542994ed6169bff,"[8144, 23807]","[7590, 23807, 22072, 18027, 8144]",1.0,0.5,0.6009591817855835,0.0,,,0.0,0.0,0.0,OK,
391,391,contriever,dpp_seed1,Were Illinois Institute of Technology and Boise State University both bounded before 1950?,5add10ca5542994ed6169c59,"[24453, 25246]","[25942, 13609, 20179, 23312, 17679]",0.0,0.0,0.5974743962287903,0.0,,,0.0,0.0,0.0,OK,
392,392,contriever,dpp_seed1,What is the start date of this tour that was the third concert tour by an American singer-songwriter and was completed in support of the album Red?,5add21555542992ae4cec496,"[14540, 14870]","[24709, 16970, 16788, 660, 18574]",0.0,0.0,0.6019552946090698,0.0,,,0.0,0.0,0.0,OK,
393,393,contriever,dpp_seed1,"What 1997 song was on the Garth Brooks album that debuted at #1 on the ""Billboard"" 200?",5add3fe05542992c1e3a2580,"[24565, 24667]","[8034, 24667, 7, 11303, 14286]",0.5,0.5,0.6072927713394165,0.0,,,0.0,0.0,0.0,OK,
394,394,contriever,dpp_seed1,A Therapy was written and directed by what French-Polish film director who was born in Paris?,5add44c25542997545bbbd0a,"[14082, 8974]","[20756, 12140, 13629, 1905, 20651]",0.0,0.0,0.6604641675949097,0.0,,,0.0,0.0,0.0,OK,
395,395,contriever,dpp_seed1,"What resort in Biloxi, Mississippi does the Chief Operating Officer of the largest single hotel in the United States oversee?",5add56ad5542992200553abf,"[17783, 24255]","[4405, 24255, 1809, 526, 25043]",0.5,0.5,0.6682319641113281,0.0,,,0.0,0.0,0.0,OK,
396,396,contriever,dpp_seed1,What was the release date and price for the release of Mac OS X that has the software for creating WWF files?,5add63845542992ae4cec541,"[11204, 23859]","[6491, 9842, 16739, 21285, 14431]",0.0,0.0,0.6481477618217468,0.0,,,0.0,0.0,0.0,OK,
397,397,contriever,dpp_seed1,Who conducted the negotiations  with the owners and the longest serving commandant of Auschwitz concentration and extermination camp?,5add8f055542990dbb2f7e6d,"[8837, 16702]","[11349, 8837, 5312, 11577, 16694]",0.5,0.5,0.5916886329650879,0.0,,,0.0,0.0,0.0,OK,
398,398,contriever,dpp_seed1,Were Maurice Tourneur and Greg Mottola both American film directors?,5addf05a5542997dc79070cd,"[190, 344]","[8627, 344, 20001, 25565, 525]",0.5,0.5,0.6310622096061707,0.0,,,0.0,0.0,0.0,OK,
399,399,contriever,dpp_seed1,What role did Kim Dong-wook play in the 2012 South Korean historical film directed by Kim Dae-seung?,5ade0bc55542997545bbbe30,"[3016, 13406]","[17650, 22588, 6254, 20831, 23025]",0.0,0.0,0.5026541948318481,0.0,,,0.0,0.0,0.0,OK,
400,400,contriever,dpp_seed1,Which member of Odd Future also had a guest appearance on the album too Cozy?,5ade0e115542995b365fabf3,"[22632, 11661]","[11451, 11438, 4029, 21975, 8358]",0.0,0.0,0.598939061164856,0.0,,,0.0,0.0,0.0,OK,
401,401,contriever,dpp_seed1,Where did Henri Christophe and other slaves hold an uprising from 1791 to 1804 that led to the founding of a state which was both free from slavery and ruled by non-whites and former captives?,5ade1c9e55429939a52fe822,"[2531, 25996]","[1790, 11363, 17652, 6246, 3249]",0.0,0.0,0.6298181414604187,0.0,,,0.0,0.0,0.0,OK,
402,402,contriever,dpp_seed1,"Which actor starred in Angels in the Outfield, Predator 2, and Places in the Heart?",5ade1f0555429975fa854e74,"[736, 14580]","[8367, 13726, 8152, 21043, 2267]",0.0,0.0,0.6750186681747437,0.0,,,0.0,0.0,0.0,OK,
403,403,contriever,dpp_seed1,Why is Bangor Daily News talkin about Sawin Millett?,5ade26db5542997c77aded77,"[13288, 6939]","[15194, 21064, 8128, 887, 14786]",0.0,0.0,0.6588239669799805,0.0,,,0.0,0.0,0.0,OK,
404,404,contriever,dpp_seed1,What was the middle name of the pilot who was portrayed by Levon Helm in the film The Right Stuff ?,5ade3b925542992fa25da70a,"[734, 16575]","[24319, 2846, 13726, 21035, 6739]",0.0,0.0,0.6773350238800049,0.0,,,0.0,0.0,0.0,OK,
405,405,contriever,dpp_seed1,My Neighbor Totoro was produced by a Japanese animation film studio founded in what year?,5ade4da055429939a52fe878,"[6166, 2897]","[22577, 16113, 35, 11593, 20369]",0.0,0.0,0.6426249742507935,0.0,,,0.0,0.0,0.0,OK,
406,406,contriever,dpp_seed1,Get Off is an album by a group using which style originating in NYC in the early 1970s?,5ade61fd554299728e26c704,"[11978, 24847]","[4521, 25269, 6051, 723, 17518]",0.0,0.0,0.6453430652618408,0.0,,,0.0,0.0,0.0,OK,
407,407,contriever,dpp_seed1,Easter Airways' head office is located at which airport owned by Manchester Airports Group?,5ade66f055429939a52fe8a0,"[2288, 5788]","[5788, 10133, 20137, 5608, 21693]",0.5,1.0,0.6110397577285767,0.0,,,0.0,0.0,0.0,OK,
408,408,contriever,dpp_seed1,The infantry rifle regiment of the British Army that Talaiasi Labalaba served in was first created in what year?,5adea19a55429939a52fe919,"[23194, 6758]","[1508, 8207, 6639, 8317, 6758]",0.5,0.2,0.6190308332443237,0.0,,,0.0,0.0,0.0,OK,
409,409,contriever,dpp_seed1,"What was the name of the fanzine that interviewed the Sex Pistols bassist when he was in the band ""The Flowers of Romance?""",5adea9ea55429939a52fe934,"[4775, 3444]","[11256, 24087, 22037, 21724, 21035]",0.0,0.0,0.6274498701095581,0.0,,,0.0,0.0,0.0,OK,
410,410,contriever,dpp_seed1,The Robey-Peters Gun-Carrier was built at a commuter village with at population of what at the 2001 census?,5adeab4555429975fa854f5f,"[11818, 3166]","[12690, 23635, 7550, 25889, 4092]",0.0,0.0,0.5852378010749817,0.0,,,0.0,0.0,0.0,OK,
411,411,contriever,dpp_seed1,In what state is the manufacturer of Bisquick headquartered?,5adeb78a554299728e26c77a,"[10074, 3796]","[13877, 7068, 3036, 587, 19421]",0.0,0.0,0.6915220022201538,0.0,,,0.0,0.0,0.0,OK,
412,412,contriever,dpp_seed1,"Northland Mall was the first directionally-named shopping center in Columbus, 5 years before which shopping center at the intersection of US-40 and I-270?",5adebbbd554299728e26c793,"[3173, 23627]","[4095, 8360, 2746, 5085, 22941]",0.0,0.0,0.5768519639968872,0.0,,,0.0,0.0,0.0,OK,
413,413,contriever,dpp_seed1,Mark Newhouse finished 9th in a 2013 series of poker tournaments sponsored by what corporation?,5adec5055542995534e8c707,"[18644, 12743]","[12743, 3616, 111, 16029, 8398]",0.5,1.0,0.5495666265487671,0.0,,,0.0,0.0,0.0,OK,
414,414,contriever,dpp_seed1,which Mexican and American film actress is Ethel Houbiers  French voice of,5adef1b35542993a75d263af,"[12483, 10107]","[12462, 8400, 14931, 24617, 9356]",0.0,0.0,0.5756480097770691,0.0,,,0.0,0.0,0.0,OK,
415,415,contriever,dpp_seed1,"Who is considered the more well known author, Roger Angell or Harry Stephen Keeler?",5adf32165542993344016c15,"[9474, 2385]","[9836, 11444, 9454, 21904, 17494]",0.0,0.0,0.655884325504303,0.0,,,0.0,0.0,0.0,OK,
416,416,contriever,dpp_seed1,Who was the president of the Sinn Fein political party during the Hume-Adams Dialogue?,5adf34d35542993a75d26425,"[12101, 15187]","[1842, 15187, 12140, 24215, 249]",0.5,0.5,0.5992744565010071,0.0,,,0.0,0.0,0.0,OK,
417,417,contriever,dpp_seed1,Who has more productions under their belt Ridley Scott or Elmer Clifton?,5adf53dc5542995534e8c791,"[9006, 24239]","[20063, 9006, 8353, 17645, 9049]",0.5,0.5,0.6476430296897888,0.0,,,0.0,0.0,0.0,OK,
418,418,contriever,dpp_seed1,Which number-one single is Michael Steele responsible for?,5adf62d05542992d7e9f932d,"[874, 11413]","[19876, 7778, 6253, 21944, 6840]",0.0,0.0,0.5053891539573669,0.0,,,0.0,0.0,0.0,OK,
419,419,contriever,dpp_seed1,"Which contributor to Fear: 13 Stories of Suspense and Horror was born on March 15, 1953 ?",5adf6b405542992d7e9f9341,"[11162, 5416]","[11444, 14796, 3455, 21035, 20680]",0.0,0.0,0.6817852258682251,0.0,,,0.0,0.0,0.0,OK,
420,420,contriever,dpp_seed1,"The College of Arts and Sciences of Ohio University is located on the university's central quadrangle lawn, which sits aligned to the cardinal directions, with what building facing true north?",5adf8ad25542993344016ce7,"[15309, 15307]","[1081, 15307, 4140, 24831, 15309]",1.0,0.5,0.581561267375946,0.0,,,0.0,0.0,0.0,OK,
421,421,contriever,dpp_seed1,"What is the name of the actress who has received a Drama Desk award and was part of the cast album for the 2007 Broadway production of the hit musical, ""Grease""?",5adf9dc3554299025d62a2e6,"[2133, 25803]","[2585, 17045, 12783, 8803, 587]",0.0,0.0,0.6293045282363892,0.0,,,0.0,0.0,0.0,OK,
422,422,contriever,dpp_seed1,The first Latina Supreme Court Justice was part of the majority decision of a case that upheld which previous supreme court case?,5adfa451554299025d62a319,"[16071, 6348]","[5883, 6348, 12754, 17518, 20166]",0.5,0.5,0.5705628395080566,0.0,,,0.0,0.0,0.0,OK,
423,423,contriever,dpp_seed1,Is Edison Sault Power Canal somehow linked with or used with the Cayuga–Seneca Canal?,5adfc77b554299603e4183ab,"[7758, 9704]","[22744, 18932, 7308, 12950, 23119]",0.0,0.0,0.6044406890869141,0.0,,,0.0,0.0,0.0,OK,
424,424,contriever,dpp_seed1,What Andy Williams' album did a song written by Charles Wesley appear on?,5adfd0d455429942ec259b4d,"[13018, 487]","[23915, 1359, 13726, 8017, 5625]",0.0,0.0,0.5962638854980469,0.0,,,0.0,0.0,0.0,OK,
425,425,contriever,dpp_seed1,Kasper Peter Schmeichel is the son of a professional footballer who was voted what in 1992 and 1993?,5adfe37c554299025d62a377,"[8670, 16900]","[3974, 6912, 18259, 17521, 3567]",0.0,0.0,0.5454980134963989,0.0,,,0.0,0.0,0.0,OK,
426,426,contriever,dpp_seed1,What career did Markus Feehily and Bobby Fuller have in common?,5adff2aa554299603e4183d0,"[2101, 3767]","[14740, 14871, 25005, 11695, 3767]",0.5,0.2,0.6213300824165344,0.0,,,0.0,0.0,0.0,OK,
427,427,contriever,dpp_seed1,What year was George Harrison's top UK charted song voted the nations 11th favorite 1980s number?,5adffb4655429925eb1afbbf,"[14264, 9792]","[5741, 14264, 14015, 20131, 2435]",0.5,0.5,0.6415461897850037,0.0,,,0.0,0.0,0.0,OK,
428,428,contriever,dpp_seed1,"Which genus is native to arid or semi-desert areas, Alopecurus or Echeveria?",5ae022ab554299025d62a428,"[25058, 815]","[1731, 25058, 1723, 106, 8833]",0.5,0.5,0.5213640928268433,0.0,,,0.0,0.0,0.0,OK,
429,429,contriever,dpp_seed1,Are Columbia University and University of Colorado both private universities?,5ae04a2755429924de1b7091,"[23784, 7189]","[19109, 20695, 21633, 19388, 12131]",0.0,0.0,0.6327472925186157,0.0,,,0.0,0.0,0.0,OK,
430,430,contriever,dpp_seed1,Are Steve Perry and Dennis Lyxzén both members of the same band ?,5ae0616255429924de1b70ca,"[58, 10674]","[23410, 17564, 5474, 10203, 25449]",0.0,0.0,0.6341747045516968,0.0,,,0.0,0.0,0.0,OK,
431,431,contriever,dpp_seed1,Are Ash Lieb and Elswyth Thane both artists?,5ae074aa5542993d6555eb54,"[15677, 38]","[16376, 9588, 2500, 17665, 14740]",0.0,0.0,0.6201173067092896,0.0,,,0.0,0.0,0.0,OK,
432,432,contriever,dpp_seed1,Drachen Fire was a roller coaster located behind which suspended coaster at Busch Gardens Williamsburg?,5ae07e5b55429945ae959381,"[7792, 23654]","[22430, 17843, 4248, 9009, 23239]",0.0,0.0,0.581782341003418,0.0,,,0.0,0.0,0.0,OK,
433,433,contriever,dpp_seed1,Lee Sung-jae stars in the film Barking Dogs Never Bite which is what film genre?,5ae09d6155429945ae9593d4,"[1187, 14085]","[17665, 22255, 22588, 15972, 17408]",0.0,0.0,0.574225902557373,0.0,,,0.0,0.0,0.0,OK,
434,434,contriever,dpp_seed1,What food does one of Daniel Greene's subjects' restaurant chain specialize in?,5ae0b2f25542993d6555ec1c,"[4706, 25507]","[7703, 20532, 15051, 18559, 20362]",0.0,0.0,0.6433379054069519,0.0,,,0.0,0.0,0.0,OK,
435,435,contriever,dpp_seed1,Glaramara is a fell in the English Lake District in Cumbria that stretches from Stonethwaite which is a part of a valley and civil parrish in what Borough?,5ae0b60655429945ae959437,"[23610, 2839]","[25349, 10036, 4092, 18293, 24223]",0.0,0.0,0.5742276906967163,0.0,,,0.0,0.0,0.0,OK,
436,436,contriever,dpp_seed1,"How was Ada Lovelace, the first computer programmer, related to Lord Byron in Childe Byron?",5ae0ec48554299422ee9955a,"[15476, 25879]","[1322, 25619, 8367, 16585, 23583]",0.0,0.0,0.6964905858039856,0.0,,,0.0,0.0,0.0,OK,
437,437,contriever,dpp_seed1,The uncle of Paul Capellani died at a military operation during a battle was fought between who?,5ae122465542997b2ef7d0f4,"[1866, 24447]","[13013, 8330, 19051, 323, 18783]",0.0,0.0,0.6385444402694702,0.0,,,0.0,0.0,0.0,OK,
438,438,contriever,dpp_seed1,Bethpage State Parkway begins with an interchange at which Long Island-based limited access highway?,5ae1389655429901ffe4ae05,"[14612, 9419]","[1589, 25484, 1645, 11579, 616]",0.0,0.0,0.6141276359558105,0.0,,,0.0,0.0,0.0,OK,
439,439,contriever,dpp_seed1,What is the genre of music shared by vocalists Barney Greenway and Jens Kidman?,5ae165aa5542997b2ef7d1d1,"[794, 22630]","[22542, 22630, 2798, 25407, 2705]",0.5,0.5,0.638963520526886,0.0,,,0.0,0.0,0.0,OK,
440,440,contriever,dpp_seed1,Celebrity Fifteen to One has had more than one appearance by an English writer and former Conservative Member of what?,5ae172c155429920d52343de,"[17821, 17032]","[14528, 24466, 3523, 25215, 7597]",0.0,0.0,0.5898259878158569,0.0,,,0.0,0.0,0.0,OK,
441,441,contriever,dpp_seed1,Which radioshow did Frank Sinatra appear on the year he won an Academy Award?,5ae17d6855429901ffe4aea7,"[18362, 626]","[2585, 23998, 18362, 4222, 841]",0.5,0.3333333333333333,0.621275782585144,0.0,,,0.0,0.0,0.0,OK,
442,442,contriever,dpp_seed1,Where is the Cocoa Krispies and former Superman sponsor located?,5ae1801955429901ffe4aec4,"[23255, 22769]","[24202, 14768, 5048, 23087, 10881]",0.0,0.0,0.6353733539581299,0.0,,,0.0,0.0,0.0,OK,
443,443,contriever,dpp_seed1,What is the genus and species of the bear in which the Florida black bear is a subspecies of?,5ae1e4095542997283cd22bf,"[5294, 21301]","[107, 7948, 7260, 9932, 22839]",0.0,0.0,0.6352320313453674,0.0,,,0.0,0.0,0.0,OK,
444,444,contriever,dpp_seed1,"Underfist: Halloween Bash was going to be the setup for a new series spin-off but the contract expired with a cable and television station that was launched on October 1, 19962 by whom?",5ae22f4e5542996483e6492f,"[5695, 4199]","[1160, 24434, 6808, 1384, 4199]",0.5,0.2,0.5664297938346863,0.0,,,0.0,0.0,0.0,OK,
445,445,contriever,dpp_seed1,"What is the name of the largest film production company in Hong Kong that won the ""Best Cinematography"" at the 21st Asia Pacific Film Festival?",5ae277575542996483e649b2,"[9351, 5383]","[18129, 5383, 9049, 21459, 17938]",0.5,0.5,0.5554147958755493,0.0,,,0.0,0.0,0.0,OK,
446,446,contriever,dpp_seed1,What three categories does income get levied under the Parliament of Australia's tax code?,5ae28b76554299495565daa8,"[12746, 12250]","[15632, 15336, 21187, 22716, 12746]",0.5,0.2,0.6257821321487427,0.0,,,0.0,0.0,0.0,OK,
447,447,contriever,dpp_seed1,What building in the capital of city of Brandenburg has a roof that is 1 m bigger than the roof of the Der Oderturm?,5ae29d92554299492dc91c36,"[17165, 20535]","[10174, 9047, 19315, 12134, 8291]",0.0,0.0,0.6296695470809937,0.0,,,0.0,0.0,0.0,OK,
448,448,contriever,dpp_seed1,Which New Jersey-based manufacturer of suitcases and bags for travel is located in the Shops at Columbus Circle in New York City?,5ae2a9c6554299492dc91c42,"[23675, 13345]","[13447, 1776, 8475, 2186, 21290]",0.0,0.0,0.6782928109169006,0.0,,,0.0,0.0,0.0,OK,
449,449,contriever,dpp_seed1,When was the producer of  Michel'le born?,5ae2b794554299495565db10,"[3089, 24906]","[19356, 9545, 16266, 9523, 8005]",0.0,0.0,0.5674583315849304,0.0,,,0.0,0.0,0.0,OK,
450,450,contriever,dpp_seed1,How many member universities are there in this conference of which the Connecticut Huskies baseball team is a competing member?,5ae2c2c05542996483e64a4a,"[12288, 15471]","[10967, 17002, 13991, 25906, 12288]",0.5,0.2,0.5415806174278259,0.0,,,0.0,0.0,0.0,OK,
451,451,contriever,dpp_seed1,"Who has a wider scope of profession, Hrag Vartanian or Hovsep Pushman?",5ae2d59755429928c42394ec,"[24185, 6846]","[917, 24185, 4707, 19223, 16934]",0.5,0.5,0.5459131598472595,0.0,,,0.0,0.0,0.0,OK,
452,452,contriever,dpp_seed1,What year did the father of Willem van Oldenbarnevelt die?,5ae331fb55429928c4239670,"[11722, 13903]","[3967, 2822, 7913, 23309, 8117]",0.0,0.0,0.5572013854980469,0.0,,,0.0,0.0,0.0,OK,
453,453,contriever,dpp_seed1,Estrojam's Decibelle Music and Culture Festival has been headlined by which American singer-songwriter and model?,5ae33cf55542992f92d82268,"[8414, 11984]","[6047, 12004, 2765, 23647, 16221]",0.0,0.0,0.6186195611953735,0.0,,,0.0,0.0,0.0,OK,
454,454,contriever,dpp_seed1,When was the University established where Laura Landweber is a professor ?,5ae37b4d5542991a06ce99ce,"[20307, 23784]","[12131, 19498, 12990, 25230, 18417]",0.0,0.0,0.65267014503479,0.0,,,0.0,0.0,0.0,OK,
455,455,contriever,dpp_seed1,Are the genera Gordonia and Osbeckia in the same family?,5ae3f4fe5542995ad6573ce8,"[4528, 106]","[1731, 17766, 5432, 16364, 7787]",0.0,0.0,0.598266065120697,0.0,,,0.0,0.0,0.0,OK,
456,456,contriever,dpp_seed1,Santa Bring My Baby Back was released on which fourth Elvis studio album in 1957?,5ae4094655429970de88d896,"[11787, 23307]","[20044, 10396, 660, 8575, 23307]",0.5,0.2,0.6265386343002319,0.0,,,0.0,0.0,0.0,OK,
457,457,contriever,dpp_seed1,Which band has more members Band of Skulls or Live ?,5ae4585c5542996836b02c89,"[7364, 2870]","[8137, 4832, 7371, 10240, 16571]",0.0,0.0,0.6078625917434692,0.0,,,0.0,0.0,0.0,OK,
458,458,contriever,dpp_seed1,"Tommy Faile sang the song ""the legend of Brown Moutain Lights"", about a series of ghost lights that can be seen from which viewpoint outside Linville Falls?",5ae45cba5542991a06ce9a4a,"[9168, 3704]","[7723, 9168, 10601, 1547, 23628]",0.5,0.5,0.6362353563308716,0.0,,,0.0,0.0,0.0,OK,
459,459,contriever,dpp_seed1,This Australian racing driver currently drives the No. 22 Holden VF Commodore produced by Holden Commodore which manufactures what other models?,5ae47fe255429913cc204482,"[17674, 11959]","[12095, 7796, 24319, 19999, 17674]",0.5,0.2,0.597037672996521,0.0,,,0.0,0.0,0.0,OK,
460,460,contriever,dpp_seed1,When did the place in Canada where François Beaucourt (1740-1794) was mainly active acquired its present name?,5ae4b8fc55429913cc2044e5,"[14494, 15690]","[7359, 3270, 4405, 4191, 12468]",0.0,0.0,0.5951880216598511,0.0,,,0.0,0.0,0.0,OK,
461,461,contriever,dpp_seed1,Which former mill town is near Rivington Hall Barn?,5ae4c39f5542995dadf243fb,"[10081, 13764]","[17320, 11367, 9173, 7519, 21008]",0.0,0.0,0.667460024356842,0.0,,,0.0,0.0,0.0,OK,
462,462,contriever,dpp_seed1,"Who is the current drummer of the band who did the song ""What Lovers Do""?",5ae5072e55429960a22e0246,"[23022, 21391]","[16201, 13175, 20536, 3189, 17853]",0.0,0.0,0.6583064794540405,0.0,,,0.0,0.0,0.0,OK,
463,463,contriever,dpp_seed1,"Liz Rose has co-written songs with which artist including ""White Horse"" and ""You Belong with Me""?",5ae520315542993aec5ec152,"[9350, 5992]","[4670, 9950, 5992, 9618, 12669]",0.5,0.3333333333333333,0.638929009437561,0.0,,,0.0,0.0,0.0,OK,
464,464,contriever,dpp_seed1,Æthelweard was an author of a Latin version of which collection of Old English annals?,5ae5366e5542990ba0bbb22b,"[2738, 8365]","[14649, 24532, 12734, 14505, 1900]",0.0,0.0,0.5725234746932983,0.0,,,0.0,0.0,0.0,OK,
465,465,contriever,dpp_seed1,"The royal anthem is changed from what to ""long live our noble Duke""?",5ae544035542992663a4f1af,"[19499, 1338]","[18207, 24466, 6510, 408, 19558]",0.0,0.0,0.6608098745346069,0.0,,,0.0,0.0,0.0,OK,
466,466,contriever,dpp_seed1,"Who was the original recording artist of the song which was chosen over If You've Got Trouble for the Beatles' ""Help!"" film?",5ae547f85542990ba0bbb254,"[22628, 7312]","[341, 17853, 5474, 3633, 8353]",0.0,0.0,0.697035014629364,0.0,,,0.0,0.0,0.0,OK,
467,467,contriever,dpp_seed1,"Musical artist Diabolic and Vinnie Paz, who was featured on Diabolic's second studio album Fightin' Words, are both what type of musicians?",5ae5621655429908b63265fc,"[15095, 23531]","[17518, 23647, 328, 16571, 24099]",0.0,0.0,0.6138166189193726,0.0,,,0.0,0.0,0.0,OK,
468,468,contriever,dpp_seed1,"How many albums does the duo who sang ""Yesterday Once More"" have?",5ae56c875542990ba0bbb2a2,"[535, 2228]","[20131, 17853, 7066, 3258, 9859]",0.0,0.0,0.6974299550056458,0.0,,,0.0,0.0,0.0,OK,
469,469,contriever,dpp_seed1,"what caused the death of over 250 people in Accra, Ghana?",5ae5cf0b55429929b08079aa,"[19529, 19528]","[17833, 11923, 20308, 15354, 19528]",0.5,0.2,0.5895941853523254,0.0,,,0.0,0.0,0.0,OK,
470,470,contriever,dpp_seed1,"How many periods in office were held by the British Prime Minister who led the ""Who? Who?"" ministry?",5ae5d82f554299546bf82f9a,"[25105, 7722]","[17994, 23910, 13053, 25105, 24466]",0.5,0.25,0.5936982035636902,0.0,,,0.0,0.0,0.0,OK,
471,471,contriever,dpp_seed1,"Shane and Friends have interviewed an American YouTube personality who has two active YouTube channels, which have a combined total of how many views?",5ae5db98554299546bf82fa6,"[16396, 18341]","[17494, 15917, 18341, 11256, 15843]",0.5,0.3333333333333333,0.7162123918533325,0.0,,,0.0,0.0,0.0,OK,
472,472,contriever,dpp_seed1,"What year did the VIacom subsidary, Paramount Pictures make the silent film Through the Glass Window?",5ae5e0a6554299546bf82fa9,"[18908, 7535]","[24685, 18908, 226, 19847, 8353]",0.5,0.5,0.6716681718826294,0.0,,,0.0,0.0,0.0,OK,
473,473,contriever,dpp_seed1,Cardinal Pole Roman Catholic School was named after the last Roman Catholic to hold what position?,5ae5e1985542996de7b71a54,"[375, 24385]","[20695, 5712, 3172, 6292, 4582]",0.0,0.0,0.6378114819526672,0.0,,,0.0,0.0,0.0,OK,
474,474,contriever,dpp_seed1,Giovanna d'Arco is an opera that was created by the composer of what nationality?,5ae5e62455429929b0807a07,"[5500, 1837]","[17713, 3415, 20204, 17283, 12823]",0.0,0.0,0.5772047638893127,0.0,,,0.0,0.0,0.0,OK,
475,475,contriever,dpp_seed1,Where was the Barbadian singer which Rihanna was his then girlfriend raised in,5ae5e762554299546bf82faf,"[1686, 6447]","[2921, 6447, 25765, 9481, 15368]",0.5,0.5,0.611632227897644,0.0,,,0.0,0.0,0.0,OK,
476,476,contriever,dpp_seed1,"Turner Field was originally built as what 85,000 seat main stadium of the 1996 Summer Olympic Games and the 1996 Summer Paralympic Games in Atlanta?",5ae5fb55554299546bf82ff6,"[14724, 5208]","[9859, 1681, 14734, 17326, 5208]",0.5,0.2,0.624735951423645,0.0,,,0.0,0.0,0.0,OK,
477,477,contriever,dpp_seed1,What type of diary did one of the founders of the John Bishop Memorial Hospital in Srinagar write?,5ae600325542992663a4f237,"[19393, 25339]","[11070, 4, 5487, 20178, 16279]",0.0,0.0,0.6335364580154419,0.0,,,0.0,0.0,0.0,OK,
478,478,contriever,dpp_seed1,The Luther seal was designed for the professor of theology of what nationalty at the behest of John Frederick of Saxony?,5ae60db1554299546bf83041,"[8777, 24605]","[728, 24605, 15126, 17307, 17080]",0.5,0.5,0.6091786026954651,0.0,,,0.0,0.0,0.0,OK,
479,479,contriever,dpp_seed1,Cinnamon sugar is a spice used to flavor this traditional Spanish and Portugese fried pastry.,5ae628fd5542995703ce8b33,"[24202, 14102]","[4591, 5205, 14829, 7406, 364]",0.0,0.0,0.5965714454650879,0.0,,,0.0,0.0,0.0,OK,
480,480,contriever,dpp_seed1,"What is the date played of this college football game at Sun Life Stadium in Miami Gardens, Florida, where Clemson defeated the No. 4 Oklahoma Sooners, 37-17?",5ae63b2255429908198fa526,"[19311, 19492]","[7946, 11836, 2788, 3706, 21290]",0.0,0.0,0.6999879479408264,0.0,,,0.0,0.0,0.0,OK,
481,481,contriever,dpp_seed1,"How many Golden Globe Awards did the artist who published the photo book ""In Mexico"" win?",5ae64ffd5542992ae0d162ce,"[14655, 24120]","[5913, 3237, 14136, 270, 13480]",0.0,0.0,0.49077972769737244,0.0,,,0.0,0.0,0.0,OK,
482,482,contriever,dpp_seed1,When was the company that produced rectangular crackers that have 18 holes in a 3x6 pattern founded?,5ae66d785542996d980e7b67,"[7917, 24472]","[25577, 24472, 7068, 21290, 9212]",0.5,0.5,0.6733821630477905,0.0,,,0.0,0.0,0.0,OK,
483,483,contriever,dpp_seed1,Which is the Birthplace of Sir Isaac Newton and has a neighboring village called Belvor?,5ae6808f5542995703ce8b6b,"[5875, 12067]","[23628, 17320, 7018, 1834, 18861]",0.0,0.0,0.6592737436294556,0.0,,,0.0,0.0,0.0,OK,
484,484,contriever,dpp_seed1,"Meomi Design works include The Octonauts book series, how did the adaptations of the series continue?",5ae684fe5542991bbc97610e,"[15485, 11144]","[22259, 8591, 12414, 8421, 20625]",0.0,0.0,0.6323698163032532,0.0,,,0.0,0.0,0.0,OK,
485,485,contriever,dpp_seed1,What river is the city that Cyprus Classic Motorcycle Museum is in on the banks of?,5ae6940e5542991bbc97613f,"[10179, 23269]","[24319, 8574, 21351, 16431, 2088]",0.0,0.0,0.5936811566352844,0.0,,,0.0,0.0,0.0,OK,
486,486,contriever,dpp_seed1,Why is Minister Pool important to Black Country and the West Midlands in England?,5ae694a15542991bbc976141,"[11511, 7204]","[21187, 11511, 22716, 24637, 22758]",0.5,0.5,0.7096990942955017,0.0,,,0.0,0.0,0.0,OK,
487,487,contriever,dpp_seed1,Jeff Bhasker won a Grammy Award for a song that was the fourth single from what studio album?,5ae69fa755429908198fa66c,"[6851, 11492]","[23298, 4685, 15903, 17853, 12783]",0.0,0.0,0.6097456216812134,0.0,,,0.0,0.0,0.0,OK,
488,488,contriever,dpp_seed1,"Sparking the Marian civil war, who helped the recently abdicated queen to escape her imprisonment?",5ae6c2285542995703ce8b9a,"[15127, 23913]","[23887, 10912, 8367, 10399, 20756]",0.0,0.0,0.617972731590271,0.0,,,0.0,0.0,0.0,OK,
489,489,contriever,dpp_seed1,Bridgewater Trustees major source of income came from a canal that was commissioned by whom/,5ae70c7b5542991bbc9761aa,"[5586, 11843]","[1285, 21687, 25410, 4668, 19402]",0.0,0.0,0.5595933198928833,0.0,,,0.0,0.0,0.0,OK,
490,490,contriever,dpp_seed1,Raúl Arellano played for Mexico in which football tournament in 1954?,5ae721c15542996d980e7cbc,"[12809, 23556]","[23556, 199, 10234, 23792, 12809]",1.0,1.0,0.5573400259017944,0.0,,,0.0,0.0,0.0,OK,
491,491,contriever,dpp_seed1,Band-e-Amir Dragons is named after the lakes in which Afghan national park?,5ae7316e554299572ea5477e,"[22397, 11167]","[19657, 25988, 28, 21817, 182]",0.0,0.0,0.5556879639625549,0.0,,,0.0,0.0,0.0,OK,
492,492,contriever,dpp_seed1,Where do the team that John Grant joined after the 1972 World Cup now play their games ?,5ae731ae5542991bbc9761c1,"[12422, 25143]","[6682, 12422, 23123, 19756, 19901]",0.5,0.5,0.5664508938789368,0.0,,,0.0,0.0,0.0,OK,
493,493,contriever,dpp_seed1,Bartlett's Bridge was built by the engineer who worked for the county seat of which Massachusetts county?,5ae7385d5542992ae0d163da,"[4910, 25958]","[10098, 25410, 15241, 9225, 8950]",0.0,0.0,0.5814431309700012,0.0,,,0.0,0.0,0.0,OK,
494,494,contriever,dpp_seed1,"YouPorn was surpassed, in 2013, by competitor sites xHamster, Pornhub, LiveJasmin, and this website that is registered to the Polish company WGCZ Holding?",5ae765185542995703ce8c0f,"[824, 12515]","[15321, 17618, 15399, 1905, 6588]",0.0,0.0,0.5943788290023804,0.0,,,0.0,0.0,0.0,OK,
495,495,contriever,dpp_seed1,What is the occupation of the Miami Dolphins owner's wife?,5ae76d185542997ec2727641,"[15559, 18387]","[20532, 15099, 8091, 20950, 11610]",0.0,0.0,0.729770302772522,0.0,,,0.0,0.0,0.0,OK,
496,496,contriever,dpp_seed1,The On Tour Forever album gave Blues Traveler the opportunity to display what musical trademark?,5ae788fa55429952e35ea964,"[1709, 3948]","[22006, 12191, 16815, 8407, 7]",0.0,0.0,0.7063869833946228,0.0,,,0.0,0.0,0.0,OK,
497,497,contriever,dpp_seed1,The Worst Journey in the World is a memoir written by which English explorer of Antarctica?,5ae7ea695542994a481bbe17,"[24621, 25214]","[14203, 3978, 1127, 453, 23747]",0.0,0.0,0.5947216153144836,0.0,,,0.0,0.0,0.0,OK,
498,498,contriever,dpp_seed1,Jim Betts ran against the first American to orbit what?,5ae7f6be554299540e5a56db,"[10155, 23415]","[5923, 23415, 6734, 10203, 17579]",0.5,0.5,0.6447874307632446,0.0,,,0.0,0.0,0.0,OK,
499,499,contriever,dpp_seed1,The maternal grandmother of Princess Marie Cécile of Prussia was born in which year ?,5ae81b895542997ec272770c,"[24545, 3230]","[10523, 3032, 327, 7474, 5587]",0.0,0.0,0.5910904407501221,0.0,,,0.0,0.0,0.0,OK,
