question_index,qa_id,retriever,condition,question,beir_query_id,gold_doc_ids,retrieved_doc_ids,recall_at_k,mrr,retrieval_diversity,faithfulness_nli,llm_model,prediction,exact_match,f1,rouge_l,row_status,row_error
0,0,dpr,kmeans_k3,Which piece did Ludwig van Beethoven publish in 1801 that was dedicated to Count Moritz von Fries?,5a70f1685542994082a3e40f,"[13379, 7304]","[22041, 6294, 13379, 25308, 1531]",0.5,0.3333333333333333,0.6260471940040588,0.998813271522522,qwen3.5-122b,"Based on the provided context, the piece Ludwig van Beethoven published in 1801 that was dedicated to Count Moritz von Fries is the **Violin Sonata No. 5 in F major, Opus 24** (often known as the ""Spring Sonata"").

The text also notes that Beethoven dedicated two other works to Count Moritz von Fries in the same year: the C major string quintet and the fourth violin sonata.",0.0,0.0,0.0,OK,
1,1,dpr,kmeans_k3,"Which of these men, Scott Treleaven and Edmund Mortimer, is credited with working in both films and photography?",5a710a915542994082a3e504,"[2917, 2219]","[9086, 3539, 98, 19756, 6057]",0.0,0.0,0.7316225171089172,0.07510747015476227,qwen3.5-122b,I cannot answer this based on the provided context.,0.0,0.0,0.0,OK,
2,2,dpr,kmeans_k3,Albanians in Montenegro which make up 4.91 of the county's total population could be members of the Albanian Coalation Perspect which is a what?,5a711c535542994082a3e59b,"[5958, 20848]","[20848, 8822, 11231, 261, 10255]",0.5,1.0,0.567567765712738,0.033434752374887466,qwen3.5-122b,I cannot answer this based on the provided context.,0.0,0.0,0.0,OK,
3,3,dpr,kmeans_k3,Alvaro Mexia had a diplomatic mission with which tribe of indigenous people?,5a713ea95542994082a3e6e4,"[12797, 7948]","[5755, 21957, 12797, 1814, 3736]",0.5,0.3333333333333333,0.6639225482940674,0.9953693151473999,qwen3.5-122b,"Based on the provided context, Alvaro Mexia had a diplomatic mission with the **Ais** native population.

This is stated in Document 3: ""This mission resulted in a 'Period of Friendship' between the Spanish and the Ais native population.""",0.0,0.0,0.0,OK,
4,4,dpr,kmeans_k3,"Riema Juhani Karppinen won the silver medal at what event held outside of Munich, Germany?",5a71419f5542994082a3e70d,"[17083, 12115]","[15197, 18264, 191, 14118, 24836]",0.0,0.0,0.6409453749656677,0.025067947804927826,qwen3.5-122b,I cannot answer this based on the provided context.,0.0,0.0,0.0,OK,
5,5,dpr,kmeans_k3,When was the king that started coin production in Copenhagen born?,5a7147fd5542994082a3e758,"[15673, 4375]","[1808, 4375, 15673, 24492, 20061]",1.0,0.5,0.6581550240516663,0.8446438312530518,qwen3.5-122b,"Based on the provided context, the king who started the production of coins in Copenhagen was King Hans (also known as John). According to Document 2, he was born on **2 February 1455**.",0.0,0.0,0.0,OK,
6,6,dpr,kmeans_k3,"Which Istanbul mosque is unique for retaining a Baroque style of architecture, the Bayezid II Mosque or the Nusretiye Mosque?",5a7153d05542994082a3e7dc,"[4824, 2753]","[13557, 2764, 2753, 28, 2725]",0.5,0.3333333333333333,0.6078494787216187,0.2197076380252838,qwen3.5-122b,"Based on the provided context, the **Nusretiye Mosque** is the one unique for retaining a Baroque style of architecture.

Document 3 states: ""Nusretiye Mosque is an ornate mosque located in Tophane district of Beyoğlu, Istanbul, Turkey. While its architecture is influenced by Islamic elements, it retains a Baroque style, making it unique to the city."" The context does not mention the Bayezid II Mosque.",0.0,0.0,0.0,OK,
7,7,dpr,kmeans_k3,"Which publication still relies on paper printing, Human Events or Texas Highways?",5a7199725542994082a3e88f,"[24161, 19285]","[19816, 24117, 19285, 14662, 13253]",0.5,0.3333333333333333,0.6866405010223389,0.061958178877830505,qwen3.5-122b,I cannot answer this based on the provided context.,0.0,0.0,0.0,OK,
8,8,dpr,kmeans_k3,"Where is the University of North Carolina at Wilmington, population 112,067 located?",5a7243915542990c210a4086,"[16868, 1698]","[1698, 11589, 16868, 24096, 5025]",1.0,1.0,0.5337660908699036,0.9764925837516785,qwen3.5-122b,"The University of North Carolina at Wilmington (UNCW) is located in Wilmington, North Carolina, United States. Wilmington is a port city and the county seat of New Hanover County in coastal southeastern North Carolina, with a population of 112,067 as recorded in the 2010 Census.",0.0,0.0,0.0,OK,
9,9,dpr,kmeans_k3,"Gail Matthius co-anchored the Weekend Update segment of ""Saturday Night Live"" with the actor who played the villain Nicholas Andre in what movie?",5a728f505542992359bc30f5,"[4902, 21750]","[18210, 12304, 10537, 1886, 4902]",0.5,0.2,0.6800585389137268,0.0948939174413681,qwen3.5-122b,I cannot answer this based on the provided context.,0.0,0.0,0.0,OK,
10,10,dpr,kmeans_k3,Which author wrote about a woman captured by the Symbionese Liberation Army?,5a729cc25542991f9a20c532,"[25934, 23926]","[14967, 23926, 18973, 19326, 4796]",0.5,0.5,0.6767672896385193,0.3920000493526459,qwen3.5-122b,"Based on the provided context, the author who wrote about a woman captured by the Symbionese Liberation Army is **Patricia Campbell ""Patty"" Hearst** (now known as Patricia Hearst Shaw).

Document 2 states that Hearst was abducted by the Symbionese Liberation Army in 1974 and became nationally known for the events that followed. While the text describes her life and experiences, it does not explicitly name a separate author who wrote a specific book or essay about her; rather, it presents the information about her kidnapping as a biographical fact. However, in the context of the provided documents, she is the central figure associated with this event.

*Note: The provided text describes Hearst's life but does not explicitly name a third-party author who wrote a specific work about her, unlike the other documents which explicitly name authors (Judith Ortiz Cofer, Marge Piercy) for their respective works. If the question implies who is the subject of the story regarding the SLA, it is Patty Hearst. If it strictly asks for the name of an author who wrote a book about her, the provided context does not contain that specific name.*

**Correction based on strict adherence to ""Answer based ONLY on the provided context"":**
The context describes **Patricia Campbell ""Patty"" Hearst** as the woman captured by the Symbionese Liberation Army. The text does not name a specific author who wrote a book or essay *about* her (unlike Document 1, 3, 4, and 5 which name authors of specific works). Therefore, strictly speaking, the context does not name an author who wrote *about* her, but it does identify the woman herself.

However, often in these types of reading comprehension tasks, the question might be interpreting the biographical entry itself as the ""writing"" or asking for the subject. But looking at the other documents, they explicitly say ""written by [Author]"". Document 2 does not say ""written by [Author]"".

Let's re-read the question: ""Which author wrote about a woman captured by the Symbionese Liberation Army?""

If the question assumes the text in Document 2 is a work by an author, that author is not named.
If the question is a trick and the answer is ""I cannot answer this based on the provided context"" because no author is named for Document 2, that is the most accurate response.

Let's look at",0.0,0.0,0.0,OK,
11,11,dpr,kmeans_k3,What is the name of the pop artist that belongs on the Pledis Entertainment label and has 13 members?,5a72d7b35542991f9a20c5be,"[12748, 19460]","[12748, 12410, 12316, 19460, 7644]",1.0,1.0,0.6697890162467957,0.8332927823066711,qwen3.5-122b,"Based on the provided context, the pop artist (specifically a South Korean boy group) that belongs to the Pledis Entertainment label and consists of 13 members is **Seventeen**.

Document 1 states that Pledis Entertainment is home to the artist Seventeen, and Document 4 confirms that Seventeen is a group formed by Pledis Entertainment consisting of thirteen members.",0.0,0.0,0.0,OK,
12,12,dpr,kmeans_k3,"Gaia is a space observatory of the European Space Agency, what is Astrosat?",5a7300b85542994cef4bc41a,"[24876, 25491]","[6340, 24876, 4524, 11032, 25491]",1.0,0.5,0.6065722703933716,0.9992009401321411,qwen3.5-122b,Astrosat is India's first dedicated multi-wavelength space observatory.,0.0,0.0,0.0,OK,
13,13,dpr,kmeans_k3,"In the television series Green Hornet, which actor played the role of Kato?",5a7326cd5542991f29ee2d11,"[9131, 23227]","[16842, 17943, 9131, 18479, 25188]",0.5,0.3333333333333333,0.6583808064460754,0.970990002155304,qwen3.5-122b,"Based on the provided context, **Bruce Lee** played the role of Kato in the television series *The Green Hornet*.",0.0,0.0,0.0,OK,
14,14,dpr,kmeans_k3,"Lady Elizabeth Delmé and Her Children (1779) is a portrait given to the National Gallery of Art in 1937, which is located in which state?",5a7336d05542992359bc3293,"[13264, 13967]","[22797, 18961, 13264, 13219, 12542]",0.5,0.3333333333333333,0.5785145163536072,0.08529825508594513,qwen3.5-122b,I cannot answer this based on the provided context.,0.0,0.0,0.0,OK,
15,15,dpr,kmeans_k3,"Which movie is loosley based off the Brother Grimm's ""Iron Henry""?",5a733b835542991f9a20c6b2,"[23633, 4545]","[4545, 4705, 23804, 1492, 24993]",0.5,1.0,0.6939646005630493,0.04890574887394905,qwen3.5-122b,I cannot answer this based on the provided context.,0.0,0.0,0.0,OK,
16,16,dpr,kmeans_k3,which board game has been around longer Obsession or Battle Sheep ?,5a733caa5542992359bc32a3,"[15389, 19341]","[13146, 11003, 19341, 23532, 13284]",0.5,0.3333333333333333,0.6384230852127075,0.1226993203163147,qwen3.5-122b,I cannot answer this based on the provided context.,0.0,0.0,0.0,OK,
17,17,dpr,kmeans_k3,"Which famous mine was in service first, the Salmita Mine or the Kanichee Mine?",5a739323554299623ed4abff,"[4244, 25216]","[9008, 4244, 25216, 25108, 16330]",1.0,0.5,0.619310736656189,0.7769297361373901,qwen3.5-122b,"Based on the provided context, the **Kanichee Mine** was in service first.

The text states that the Kanichee Mine zone has been explored and mined discontinuously from as early as **1910**, whereas the Salmita Mine was first discovered in 1945 and did not enter production until **1983**.",0.0,0.0,0.0,OK,
18,18,dpr,kmeans_k3,"What was the lead single from Boys Like Girls album on which frontman, Martin Johnson co-wrote a song with Taylor Swift? A: Love Drunk",5a74122f55429929fddd83da,"[7716, 8612]","[4870, 23022, 7716, 25402, 3577]",0.5,0.3333333333333333,0.7147408723831177,0.9996502995491028,qwen3.5-122b,"Based on the provided context, the lead single from the Boys Like Girls album *Love Drunk* is **""Love Drunk""**.

However, the context does not state that frontman Martin Johnson co-wrote a song with Taylor Swift. Document 3 mentions that the album's single ""Two Is Better Than One"" features Taylor Swift, but it does not specify who wrote that song or if Martin Johnson co-wrote it with her. Therefore, while the lead single is identified, the specific condition about co-writing with Taylor Swift cannot be confirmed from the text.

**Answer:** Love Drunk (Note: The provided context identifies ""Love Drunk"" as the lead single, but does not confirm that Martin Johnson co-wrote a song with Taylor Swift; it only states that the single ""Two Is Better Than One"" features Taylor Swift).",0.0,0.0,0.0,OK,
19,19,dpr,kmeans_k3,"Who wrote the music for Billy Elliot the Musical and had at least one song on the ""Billboard"" Hot 100 for 31 consecutive years?",5a74629255429929fddd8402,"[10804, 21082]","[11401, 21600, 3468, 2732, 21082]",0.5,0.2,0.6586508750915527,0.11774232983589172,qwen3.5-122b,I cannot answer this based on the provided context.,0.0,0.0,0.0,OK,
20,20,dpr,kmeans_k3,Which American main title designer designed sequences for the founder of the Sundance Film Festival?,5a7471f655429979e2882955,"[4890, 23681]","[21379, 19814, 4890, 5899, 15674]",0.5,0.3333333333333333,0.702074408531189,0.06722495704889297,qwen3.5-122b,I cannot answer this based on the provided context.,0.0,0.0,0.0,OK,
21,21,dpr,kmeans_k3,What is served shaken with ice and should not be mistaken with the name Margarita?,5a74be7a55429929fddd84e4,"[7079, 4039]","[20024, 25909, 4039, 4382, 3851]",0.5,0.3333333333333333,0.5877619981765747,0.01646045222878456,qwen3.5-122b,I cannot answer this based on the provided context.,0.0,0.0,0.0,OK,
22,22,dpr,kmeans_k3,What product by FLEXcon represents data by geometric patterns?,5a74c3f455429979e2882a0a,"[7688, 23564]","[13059, 7688, 14720, 12455, 1041]",0.5,0.5,0.67713463306427,0.019487079232931137,qwen3.5-122b,I cannot answer this based on the provided context.,0.0,0.0,0.0,OK,
23,23,dpr,kmeans_k3,Connetquot High School  is a public high school in what city in New York?,5a7506f455429916b0164240,"[2573, 1640]","[15549, 10967, 2573, 1172, 21633]",0.5,0.3333333333333333,0.6319487690925598,0.9870465993881226,qwen3.5-122b,"Based on the provided context, Connetquot High School is located in **Bohemia**, New York.

(Document 3 states: ""Connetquot High School (CHS) is a public high school... located in Bohemia, New York..."")",0.0,0.0,0.0,OK,
24,24,dpr,kmeans_k3,What year did the movement that Tess Asplund protested in the viral image of her with her fist in the air disband?,5a7526945542993748c897d2,"[21889, 8074]","[14709, 21889, 23653, 14435, 21931]",0.5,0.5,0.7232405543327332,0.06936424970626831,qwen3.5-122b,I cannot answer this based on the provided context.,0.0,0.0,0.0,OK,
25,25,dpr,kmeans_k3,"What song from the fourth studio album made by The Who reached No.4 on the UK charts and No. 19 o nthe U.S. ""Billboard"" Hot 100?",5a753c8c55429916b01642ab,"[5767, 3370]","[20747, 25402, 15264, 3370, 4165]",0.5,0.25,0.7017937898635864,0.128518208861351,qwen3.5-122b,I cannot answer this based on the provided context.,0.0,0.0,0.0,OK,
26,26,dpr,kmeans_k3,"Who was born first, Karen Joy Fowler or Bruce Chatwin?",5a7542425542996c70cfaecc,"[7681, 18798]","[2490, 7471, 11970, 14643, 20692]",0.0,0.0,0.7505060434341431,0.051175884902477264,qwen3.5-122b,I cannot answer this based on the provided context.,0.0,0.0,0.0,OK,
27,27,dpr,kmeans_k3,"Michael Mark Brodsky is known for his translation of what Irish avant-garde novelist, playwright, theatre director, and poet?",5a7545605542993748c89807,"[15201, 10071]","[1726, 2771, 10071, 15806, 24493]",0.5,0.3333333333333333,0.6246873736381531,0.08595817536115646,qwen3.5-122b,I cannot answer this based on the provided context.,0.0,0.0,0.0,OK,
28,28,dpr,kmeans_k3,"Which came to market first, ""Hey Pa! There's a Goat on the Roof"" or ""Poleconomy""",5a7555215542996c70cfaee1,"[9446, 2847]","[9830, 2287, 9446, 3863, 17143]",0.5,0.3333333333333333,0.7203882932662964,0.13908787071704865,qwen3.5-122b,I cannot answer this based on the provided context.,0.0,0.0,0.0,OK,
29,29,dpr,kmeans_k3,"Which ""Roseanne"" star is in Scream 2?",5a7557d75542992d0ec05f68,"[23512, 11186]","[7002, 19971, 23512, 7977, 24944]",0.5,0.3333333333333333,0.6492259502410889,0.10807019472122192,qwen3.5-122b,I cannot answer this based on the provided context.,0.0,0.0,0.0,OK,
30,30,dpr,kmeans_k3,What show was Elena Shaddow in that was written by a relative of Richard Rodgers?,5a755f0a5542996c70cfaee7,"[25709, 9440]","[128, 25085, 2226, 5908, 25619]",0.0,0.0,0.7546170949935913,0.06950429081916809,qwen3.5-122b,I cannot answer this based on the provided context.,0.0,0.0,0.0,OK,
31,31,dpr,kmeans_k3,"Which ""Mirrors"" actress made her film debut in the 2005 comedy film ""Hitch""?",5a7571095542992d0ec05f97,"[5780, 24053]","[11454, 5780, 14342, 3713, 20697]",0.5,0.5,0.6895052790641785,0.052934251725673676,qwen3.5-122b,I cannot answer this based on the provided context.,0.0,0.0,0.0,OK,
32,32,dpr,kmeans_k3,Who was born first Mahbub ul Haq or Ibn Arabi?,5a7574e25542996c70cfaf01,"[24250, 5838]","[9870, 21083, 15551, 2614, 19335]",0.0,0.0,0.6355326771736145,0.3643431067466736,qwen3.5-122b,I cannot answer this based on the provided context.,0.0,0.0,0.0,OK,
33,33,dpr,kmeans_k3,Andrea Camplone is a football coach in which 22-team competition?,5a75d8dc5542992db94736f0,"[18063, 21614]","[20122, 11690, 12505, 6501, 191]",0.0,0.0,0.6924909353256226,0.07408354431390762,qwen3.5-122b,I cannot answer this based on the provided context.,0.0,0.0,0.0,OK,
34,34,dpr,kmeans_k3,"The Declaration of Montreal was the founding document of which world event, lasting from July 26-August 5, 2006?",5a75da6d5542992db94736fa,"[23670, 20385]","[10740, 8293, 20385, 9231, 23850]",0.5,0.3333333333333333,0.6536679267883301,0.9988226890563965,qwen3.5-122b,"Based on the provided context, the world event that lasted from July 26 to August 5, 2006, is the **1st World Outgames**, which took place in Montreal, Quebec, Canada.

However, the provided documents do not mention the ""Declaration of Montreal"" or state that it was the founding document of this event. Therefore, while the event dates and location match the 1st World Outgames, the specific detail about the Declaration of Montreal cannot be confirmed from the text.

**Answer:** The 1st World Outgames (Note: The provided context confirms the dates and location of the 1st World Outgames but does not mention the ""Declaration of Montreal"" or its role as a founding document).",0.0,0.0,0.0,OK,
35,35,dpr,kmeans_k3,"Who is younger, Pelle Almqvist or Steve Winwood?",5a75f0bf5542994ccc91866b,"[4900, 6621]","[11218, 2101, 11248, 12929, 19428]",0.0,0.0,0.7152926921844482,0.1684214472770691,qwen3.5-122b,I cannot answer this based on the provided context.,0.0,0.0,0.0,OK,
36,36,dpr,kmeans_k3,"What actress and and writer starred with Jennifer Saunders in bothe ""The Supergrass"" and ""French and Saunders""?",5a7602d8554299109176e5fb,"[10750, 12015]","[4643, 14326, 10750, 19210, 15230]",0.5,0.3333333333333333,0.6679425239562988,0.13628563284873962,qwen3.5-122b,I cannot answer this based on the provided context.,0.0,0.0,0.0,OK,
37,37,dpr,kmeans_k3,Alfred Balk served as the secretary of the Committee on the Employment of Minority Groups in the News Media under which United States Vice President?,5a760ab65542994ccc918697,"[7215, 5425]","[5425, 3431, 7215, 22201, 9299]",1.0,1.0,0.7037488222122192,0.439564973115921,qwen3.5-122b,"Based on the provided context, Alfred Balk served as secretary of New York Governor **Nelson Rockefeller's** Committee on the Employment of Minority Groups in the News Media.

Document 1 states that Nelson Rockefeller served as the 41st Vice President of the United States from 1974 to 1977. Therefore, the committee was under Nelson Rockefeller, who was a United States Vice President.

Answer: Nelson Rockefeller",0.0,0.0,0.0,OK,
38,38,dpr,kmeans_k3,Was the famous opera comique that was based on a Prosper Merimee novella a comedy or a tragedy?,5a7615fb5542992db9473727,"[1460, 15091]","[23788, 1155, 25308, 2591, 128]",0.0,0.0,0.722510576248169,0.5498284697532654,qwen3.5-122b,I cannot answer this based on the provided context.,0.0,0.0,0.0,OK,
39,39,dpr,kmeans_k3,Who served as the head coach for the Grizzlies in the 2004-05 season and as head coach for the Brooklyn Nets?,5a7618d85542994ccc9186cf,"[11963, 14818]","[14818, 24035, 12538, 9032, 6038]",0.5,1.0,0.6471284031867981,0.0652119591832161,qwen3.5-122b,I cannot answer this based on the provided context.,0.0,0.0,0.0,OK,
40,40,dpr,kmeans_k3,"Which album did the band Kraftwerk release after their successful album which reached number 25 on the US ""Billboard"" Hot 100 chart?",5a7621bb554299109176e650,"[23154, 4227]","[23204, 24206, 4227, 22995, 25459]",0.5,0.3333333333333333,0.6216491460800171,0.6075482964515686,qwen3.5-122b,"Based on the provided context, I cannot answer this question.

Document 3 states that Kraftwerk's album *Autobahn* reached number 25 on the US ""Billboard"" Hot 100 chart and mentions that this success came after the band had released three previous experimental albums. However, the document does not provide information about which album Kraftwerk released *after* *Autobahn*.",0.0,0.0,0.0,OK,
41,41,dpr,kmeans_k3,When was the plaintiff in the 1892 Barbed Wire Patent Case born?,5a7624b85542992db947372c,"[16274, 24579]","[11970, 9402, 16274, 20378, 24579]",1.0,0.3333333333333333,0.691023051738739,0.9637383818626404,qwen3.5-122b,"Based on the provided context, the plaintiff in the 1892 Barbed Wire Patent Case was Joseph Glidden. According to Document 5, Joseph Glidden was born on **January 18, 1813**.",0.0,0.0,0.0,OK,
42,42,dpr,kmeans_k3,"Which was fought earlier in our nation's history, the Seven Days Battles or the Battle of Manila?",5a7633ad5542992db9473741,"[25986, 8549]","[9845, 23963, 8549, 25783, 4196]",0.5,0.3333333333333333,0.5999985933303833,0.021450811997056007,qwen3.5-122b,I cannot answer this based on the provided context.,0.0,0.0,0.0,OK,
43,43,dpr,kmeans_k3,"When was the Chief Aerodynamicist for the British supersonic land vehicle, whose goal is to match or exceed 1000 mph achieving a new world land speed record, born?",5a7633ff5542994ccc918712,"[23901, 5723]","[10593, 3379, 5723, 16544, 11052]",0.5,0.3333333333333333,0.6687485575675964,0.06379054486751556,qwen3.5-122b,I cannot answer this based on the provided context.,0.0,0.0,0.0,OK,
44,44,dpr,kmeans_k3,Who was the wife of the president when William Bainbridge started his career?,5a7636fb55429976ec32bd79,"[2587, 202]","[13428, 11095, 202, 2592, 2587]",1.0,0.3333333333333333,0.7118890881538391,0.9836847186088562,qwen3.5-122b,"Based on the provided context, William Bainbridge began his career serving under President John Adams. Document 3 states that John Adams was the second President of the United States and mentions his wife, Abigail, as his closest advisor.

Therefore, the wife of the president when William Bainbridge started his career was **Abigail**.",0.0,0.0,0.0,OK,
45,45,dpr,kmeans_k3,"Which university has more schools, Ateneo de Davao University or University of Rochester?",5a7651825542992d0ec060a3,"[163, 12131]","[17807, 163, 24769, 12131, 15471]",1.0,0.5,0.6384848952293396,0.8212549686431885,qwen3.5-122b,"Based on the provided context, **Ateneo de Davao University** has more schools.

*   **Ateneo de Davao University** has **six** schools listed: the School of Arts and Sciences, School of Business and Governance, School of Engineering and Architecture, School of Education, the School of Nursing, and the College of Law (which is described as a separate unit).
*   **University of Rochester** has **six** schools listed as well (""The university has six schools"").

However, looking closely at the text for Ateneo de Davao:
1. School of Arts and Sciences
2. School of Business and Governance
3. School of Engineering and Architecture
4. School of Education
5. School of Nursing
6. College of Law (separate unit)

The text for Rochester simply states ""six schools"" without listing them. Since both are explicitly stated to have six schools (or units functioning as schools), the text does not provide enough information to definitively say one has *more* than the other if we count strictly by the numbers given.

Wait, let me re-read carefully.
Document 2: ""The university has five undergraduate schools... The College of Law is a separate unit within the university.""
This implies 5 undergraduate schools + 1 Law unit = 6 units.
Document 4: ""The university has six schools...""

Both are described as having six schools/units. Therefore, based strictly on the provided text, neither is stated to have *more* than the other; they appear to have the same number.

However, if the question implies a comparison where one might be higher, let's look for any nuance.
Document 2 says ""five undergraduate schools"" and ""The College of Law is a separate unit"". It also mentions ""The graduate programs are under these units as well.""
Document 4 says ""six schools"".

If we count the ""College of Law"" as a school, Ateneo has 6. If we don't, it has 5. The text says ""The university has five undergraduate schools... The College of Law is a separate unit"". It does not explicitly say ""The university has six schools"" for Ateneo, whereas it explicitly says ""The university has six schools"" for Rochester.

If the ""College of Law"" is not counted as a ""school"" in the same category as the ""undergraduate schools"" in the count, At",0.0,0.0,0.0,OK,
46,46,dpr,kmeans_k3,Who founded the collective which released the album Messe I.X-VI.X?,5a7662745542992db9473786,"[16502, 23431]","[20356, 16502, 25093, 3418, 6309]",0.5,0.5,0.6485892534255981,0.18103405833244324,qwen3.5-122b,"Based on the provided context, the album *Messe I.X-VI.X* was released by the Norwegian experimental collective **Ulver** (in collaboration with the Tromsø Chamber Orchestra). However, the text does not state who founded the collective Ulver.

Therefore, I cannot answer this based on the provided context.",0.0,0.0,0.0,OK,
47,47,dpr,kmeans_k3,When did the first bank come into existence that is part of an organization that serves rural areas of India with basic banking and financial services?,5a76db3555429972597f13e7,"[16835, 6646]","[16217, 8769, 6646, 12390, 8766]",0.5,0.3333333333333333,0.6592387557029724,0.01675964519381523,qwen3.5-122b,I cannot answer this based on the provided context.,0.0,0.0,0.0,OK,
48,48,dpr,kmeans_k3,"Who is older, Ivan Foster or Ian Paisley?",5a77253455429972597f1449,"[18224, 25837]","[18224, 7721, 11248, 25084, 5196]",0.5,1.0,0.6948121786117554,0.1684214472770691,qwen3.5-122b,I cannot answer this based on the provided context.,0.0,0.0,0.0,OK,
49,49,dpr,kmeans_k3,Which software application was originally made for the company that acquired RadioShack in 1963?,5a77322055429972597f1494,"[645, 11956]","[11278, 23998, 11956, 6008, 5595]",0.5,0.3333333333333333,0.5974543690681458,0.033976342529058456,qwen3.5-122b,I cannot answer this based on the provided context.,0.0,0.0,0.0,OK,
50,50,dpr,kmeans_k3,"Who won Miss America 2013, which was the 86th Miss America pageant held at the PH Live in Las Vegas?",5a7735f55542994aec3b7226,"[15216, 13103]","[4126, 13103, 15216, 19510, 21914]",1.0,0.5,0.6425150632858276,0.9996784925460815,qwen3.5-122b,"Based on the provided context, **Mallory Hagan** (Miss New York 2012) won Miss America 2013. She was crowned by Miss America 2012, Laura Kaeppeler, at the PH Live on the Las Vegas Strip on January 12, 2013.",0.0,0.0,0.0,OK,
51,51,dpr,kmeans_k3,Who starred in Umm-e-Kulsoom whose mother was Afshan Qureshi?,5a77414155429972597f14d7,"[19527, 4872]","[14954, 19527, 23987, 15348, 4872]",1.0,0.5,0.6522220373153687,0.3577492833137512,qwen3.5-122b,"Based on the provided context, **Faisal Qureshi** starred in *Umm-e-Kulsoom* (Document 2 lists him in the cast), and Document 5 states that he was born to the famous film actress **Afshan Qureshi**.",0.0,0.0,0.0,OK,
52,52,dpr,kmeans_k3,"What actress is known for a starring role in Robert Bresson's ""Pickpocket"" and has also been directed by Just Jaeckin, a former photographer?",5a77626b5542993569682d77,"[12786, 5419]","[2721, 12786, 20012, 2965, 25392]",0.5,0.5,0.7270985841751099,0.8464763760566711,qwen3.5-122b,"Based on the provided context, the actress known for a starring role in Robert Bresson's ""Pickpocket"" is **Marika Nicolette Green** (Document 2).

However, the provided text does not mention that she was directed by Just Jaeckin, nor does it mention Just Jaeckin at all. Therefore, while the first part of the question is answered by the context, the second part regarding the director cannot be confirmed using only the provided documents.

**Answer:** I cannot answer this based on the provided context.",0.0,0.0,0.0,OK,
53,53,dpr,kmeans_k3,What is the official currency in the country that hosts the Asahi-Ryokuken Yomiuri Memorial tournament?,5a776b82554299373536026f,"[2849, 13370]","[4148, 6178, 13370, 8943, 167]",0.5,0.3333333333333333,0.6465893983840942,0.052783481776714325,qwen3.5-122b,I cannot answer this based on the provided context.,0.0,0.0,0.0,OK,
54,54,dpr,kmeans_k3,"Who was born first, Susan Oliver or W. S. Van Dyke?",5a778b345542992a6e59decf,"[4583, 24476]","[15476, 2899, 11970, 9062, 24964]",0.0,0.0,0.7282912731170654,0.360282301902771,qwen3.5-122b,I cannot answer this based on the provided context.,0.0,0.0,0.0,OK,
55,55,dpr,kmeans_k3,In what year were the European Athletics Junior Championships held in the capital of Slovenia?,5a779fd95542997042120ab5,"[10126, 17449]","[23556, 16043, 10126, 15532, 4996]",0.5,0.3333333333333333,0.48834043741226196,0.9892202019691467,qwen3.5-122b,"Based on the provided context, the European Athletics Junior Championships were held in Ljubljana, Slovenia (the capital of Slovenia) in **1997**.

This information is found in Document 3: ""The 1997 European Athletics Junior Championships were held in Ljubljana, Slovenia on July 24–27.""",0.0,0.0,0.0,OK,
56,56,dpr,kmeans_k3,What year did Christopher Nolan's magic-themed drama come out?,5a77a41a5542997042120ab9,"[11314, 10290]","[7363, 10245, 14151, 6187, 17233]",0.0,0.0,0.6665084958076477,0.0927119106054306,qwen3.5-122b,I cannot answer this based on the provided context.,0.0,0.0,0.0,OK,
57,57,dpr,kmeans_k3,"when was the album that includes the song by Dustin Lynch released to country radio on February 17, 2017?",5a77a65b5542992a6e59df57,"[22947, 22198]","[15244, 23405, 22947, 3917, 22198]",1.0,0.3333333333333333,0.6212079524993896,0.5345408916473389,qwen3.5-122b,"The album that includes the song by Dustin Lynch, which was released to country radio on February 17, 2017, is *Current Mood*. According to the provided context, *Current Mood* was released on **September 8, 2017**.",0.0,0.0,0.0,OK,
58,58,dpr,kmeans_k3,What British novelist born in November 1898 wrote Surprised by Joy: The Shape of My Early Life?,5a77a9df55429967ab10521c,"[2490, 23359]","[25534, 2490, 18796, 3950, 12119]",0.5,0.5,0.6930476427078247,0.11816532164812088,qwen3.5-122b,I cannot answer this based on the provided context.,0.0,0.0,0.0,OK,
59,59,dpr,kmeans_k3,"What is the species of animal which the town of Antelope, Kansas was named after?",5a77c09555429967ab105262,"[10221, 5206]","[15374, 23220, 5206, 14669, 13253]",0.5,0.3333333333333333,0.697141170501709,0.05408649519085884,qwen3.5-122b,I cannot answer this based on the provided context.,0.0,0.0,0.0,OK,
60,60,dpr,kmeans_k3,"Which song was behind the third single on the album  ""A Lot About Livin' (And a Little 'bout Love)"" for two weeks on the country charts?",5a77c1505542997042120b1b,"[4167, 1573]","[7716, 5234, 269, 1807, 11006]",0.0,0.0,0.7029444575309753,0.026732943952083588,qwen3.5-122b,I cannot answer this based on the provided context.,0.0,0.0,0.0,OK,
61,61,dpr,kmeans_k3,"Which band formed in England, Of Montreal or Vib Gyor?",5a77c74155429967ab105291,"[23850, 24150]","[14763, 23850, 25927, 5277, 10886]",0.5,0.5,0.6789513826370239,0.02927791140973568,qwen3.5-122b,I cannot answer this based on the provided context.,0.0,0.0,0.0,OK,
62,62,dpr,kmeans_k3,"The voice of Homer Simpson also voices what alien character in the television series ""The Simpsons""?",5a77cb5e55429967ab1052a7,"[18801, 23611]","[23880, 15539, 18801, 25985, 22342]",0.5,0.3333333333333333,0.688567042350769,0.0768134593963623,qwen3.5-122b,I cannot answer this based on the provided context.,0.0,0.0,0.0,OK,
63,63,dpr,kmeans_k3,"The True Colors World Tour was by what artist whose debut album was ""She's So Unusual""?",5a77ddb855429967ab1052d8,"[15195, 25141]","[25711, 25141, 15195, 8220, 11995]",1.0,0.5,0.6260969042778015,0.11501213163137436,qwen3.5-122b,"Based on the provided context, the artist is **Cyndi Lauper**.

Document 3 states that ""The True Colors World Tour was a concert tour by American recording artist Cyndi Lauper."" Document 2 confirms that her debut solo album was ""She's So Unusual.""",0.0,0.0,0.0,OK,
64,64,dpr,kmeans_k3,"What scientist as well as a practising Roman Cathloic described the electronic voice phenomena as typically brief, usually the length of a work or short phrase?",5a77f4755542992a6e59e01f,"[23394, 24534]","[23394, 1337, 24534, 12137, 3945]",1.0,1.0,0.6795529723167419,0.45572134852409363,qwen3.5-122b,"Based on the provided context, the scientist and practising Roman Catholic who described electronic voice phenomena (EVP) as typically brief, usually the length of a word or short phrase, is **Konstantīns Raudive** (also referred to as Raudive).

*   **Document 1** states: ""Raudive was a scientist as well as a practising Roman Catholic.""
*   **Document 3** states: ""Parapsychologist Konstantīns Raudive... described EVP as typically brief, usually the length of a word or short phrase.""",0.0,0.0,0.0,OK,
65,65,dpr,kmeans_k3,"Spawn, a fictional character who Mustafa Shakir has expressed interest in playing, was created by?",5a78b5f7554299148911f95b,"[22840, 10815]","[14512, 10815, 8752, 25684, 15350]",0.5,0.5,0.7297165989875793,0.634520947933197,qwen3.5-122b,"Based on the provided context, Spawn was created by **Todd McFarlane**.

(Note: The provided text confirms that Spawn was created by Todd McFarlane, but it does not contain information regarding Mustafa Shakir's interest in playing the character.)",0.0,0.0,0.0,OK,
66,66,dpr,kmeans_k3,The show featuring a young boy named Gerald Bald Z premiered on what TV channel?,5a78bd515542990784727749,"[10604, 6450]","[24505, 7848, 6450, 8534, 2474]",0.5,0.3333333333333333,0.6426756381988525,0.998079240322113,qwen3.5-122b,"Based on the provided context, the show featuring a young boy named Gerald Bald Z is *Perfect Hair Forever*, which premiered on **Cartoon Network** (specifically on its late night programming block, Adult Swim).",0.0,0.0,0.0,OK,
67,67,dpr,kmeans_k3,The southernmost administrative region of Denmark is well-known for creating what products?,5a78ce5d55429974737f78ac,"[8051, 8866]","[9865, 19346, 8889, 8051, 2825]",0.5,0.25,0.6216557621955872,0.041700731962919235,qwen3.5-122b,I cannot answer this based on the provided context.,0.0,0.0,0.0,OK,
68,68,dpr,kmeans_k3,"Orange is the New Black, starring Annie Golden as Norma Romano, takes place in which minimum-security federal prison?",5a78f18855429974737f7915,"[24525, 13229]","[4001, 7568, 24525, 21478, 12663]",0.5,0.3333333333333333,0.6810849905014038,0.09137240052223206,qwen3.5-122b,I cannot answer this based on the provided context.,0.0,0.0,0.0,OK,
69,69,dpr,kmeans_k3,Mick Carter is the landlord of a public house located at what address?,5a78f59755429970f5fffdf7,"[16943, 5839]","[16943, 22724, 3142, 2854, 9959]",0.5,1.0,0.7371224164962769,0.05399174243211746,qwen3.5-122b,I cannot answer this based on the provided context.,0.0,0.0,0.0,OK,
70,70,dpr,kmeans_k3,What is the birthday of the oldest among Vicente García and Ximena Sariñana?,5a7914e155429974737f7973,"[18678, 4272]","[9660, 14968, 10994, 9890, 19833]",0.0,0.0,0.6180149912834167,0.4571191072463989,qwen3.5-122b,I cannot answer this based on the provided context.,0.0,0.0,0.0,OK,
71,71,dpr,kmeans_k3,"Which Netflix series ""Unbreakable"" character is Elizabeth Claire Kemper known for playing?",5a791a97554299148911f9f2,"[7040, 19925]","[53, 5191, 19925, 18366, 1319]",0.5,0.3333333333333333,0.7128049731254578,0.13570815324783325,qwen3.5-122b,I cannot answer this based on the provided context.,0.0,0.0,0.0,OK,
72,72,dpr,kmeans_k3,"Who was born first, Brooklyn Decker or Andy Roddick?",5a793bc95542994bb9456fc3,"[25392, 13425]","[24193, 252, 22394, 11180, 12667]",0.0,0.0,0.6234921216964722,0.03913579136133194,qwen3.5-122b,I cannot answer this based on the provided context.,0.0,0.0,0.0,OK,
73,73,dpr,kmeans_k3,Amil Grove appeared in what  British tabloid published by News UK?,5a793d335542994bb9456fca,"[1497, 9333]","[23183, 2041, 9333, 17039, 6470]",0.5,0.3333333333333333,0.5837765336036682,0.07597264647483826,qwen3.5-122b,I cannot answer this based on the provided context.,0.0,0.0,0.0,OK,
74,74,dpr,kmeans_k3,"Who was born first, Nellee Hooper or Baz Luhrmann?",5a794119554299029c4b5f3c,"[4565, 3093]","[3010, 9701, 3231, 19737, 12726]",0.0,0.0,0.7361326217651367,0.07899704575538635,qwen3.5-122b,I cannot answer this based on the provided context.,0.0,0.0,0.0,OK,
75,75,dpr,kmeans_k3,Eric Ambler and Carol Shields are both best Known for what profession?,5a79c1335542994bb9457066,"[20299, 23672]","[12206, 8469, 25591, 16245, 22018]",0.0,0.0,0.7274295091629028,0.06031991168856621,qwen3.5-122b,I cannot answer this based on the provided context.,0.0,0.0,0.0,OK,
76,76,dpr,kmeans_k3,Which two occupations does Ronnie Dunn and Annie Lennox have in common?,5a79c9395542994bb94570a2,"[23665, 8341]","[10303, 969, 21048, 11738, 23665]",0.5,0.2,0.7126315236091614,0.12578843533992767,qwen3.5-122b,I cannot answer this based on the provided context.,0.0,0.0,0.0,OK,
77,77,dpr,kmeans_k3,Special K is a slang word for a medication whose main effects last how long?,5a7a05485542990198eaf04c,"[25402, 4011]","[4469, 4011, 9119, 24684, 23265]",0.5,0.5,0.6757709980010986,0.9938514232635498,qwen3.5-122b,"Based on the provided context, the main effects of the medication (Ketamine) last up to 25 minutes.

(Note: While the provided text does not explicitly mention the slang term ""Special K,"" it describes Ketamine, which is commonly known by that slang name, and states its effects last up to 25 minutes.)",0.0,0.0,0.0,OK,
78,78,dpr,kmeans_k3,When did Henrietta Ponsonby's father die?,5a7a0e745542990783324e1d,"[5058, 9931]","[24385, 10271, 11970, 23202, 5058]",0.5,0.2,0.7005059123039246,0.051175884902477264,qwen3.5-122b,I cannot answer this based on the provided context.,0.0,0.0,0.0,OK,
79,79,dpr,kmeans_k3,The Swallow Bluff Island Mounds is a Mississippian culture archaeological site that is located in this river which was once known by what name?,5a7a3d435542996a35c17154,"[11628, 11499]","[11628, 19191, 9386, 3305, 9000]",0.5,1.0,0.64089435338974,0.0374906025826931,qwen3.5-122b,I cannot answer this based on the provided context.,0.0,0.0,0.0,OK,
80,80,dpr,kmeans_k3,Near the banks of what river is the city in Romania with a partner Aspen Institute located?,5a7a47be5542994f819ef1b2,"[3254, 14619]","[3254, 5146, 14619, 1738, 7896]",1.0,1.0,0.6412127614021301,0.6812337636947632,qwen3.5-122b,"Based on the provided context, the city in Romania with a partner Aspen Institute is **Bucharest** (mentioned in Document 1 as having a partner Aspen Institute and in Document 3 as the capital of Romania).

According to Document 3, Bucharest is located on the banks of the **Dâmbovița River**.",0.0,0.0,0.0,OK,
81,81,dpr,kmeans_k3,"Who was born first, Lecrae Devaughn Moore or Gawvi?",5a7a650355429941d65f2615,"[20545, 12316]","[4319, 9709, 3287, 12130, 18537]",0.0,0.0,0.6811102032661438,0.09609018266201019,qwen3.5-122b,I cannot answer this based on the provided context.,0.0,0.0,0.0,OK,
82,82,dpr,kmeans_k3,What is the altitude of the town in England that has Leadgate between it and Garrigill?,5a7a94f155429941d65f26ca,"[25349, 15612]","[4279, 4292, 25349, 21885, 12741]",0.5,0.3333333333333333,0.6623790860176086,0.060257453471422195,qwen3.5-122b,I cannot answer this based on the provided context.,0.0,0.0,0.0,OK,
83,83,dpr,kmeans_k3,"Who was born first, Chester Bennington or Mikael Stanne?",5a7aa2a255429941d65f270e,"[2563, 3708]","[13324, 24193, 19857, 15561, 5755]",0.0,0.0,0.7543648481369019,0.03111136704683304,qwen3.5-122b,I cannot answer this based on the provided context.,0.0,0.0,0.0,OK,
84,84,dpr,kmeans_k3,Who passed away first Robert Graves or Dino Buzzati ?,5a7aa9425542992d025e66e4,"[15806, 24994]","[24405, 23085, 8334, 15436, 24964]",0.0,0.0,0.7095852494239807,0.360282301902771,qwen3.5-122b,I cannot answer this based on the provided context.,0.0,0.0,0.0,OK,
85,85,dpr,kmeans_k3,Beena Sarwar is the editor of a peace initiative sponsored by a newpaper based in what city?,5a7af4cd55429931da12c9a6,"[13627, 25508]","[19438, 19675, 13627, 18350, 21673]",0.5,0.3333333333333333,0.6987136602401733,0.8756982088088989,qwen3.5-122b,"Based on the provided context, Beena Sarwar is the Pakistan Editor of the *Aman ki Asha* initiative, which is jointly sponsored by the Jang group in Pakistan and the **Times of India**.

However, the provided documents do not contain information about the city where the *Times of India* newspaper is based. Document 1 mentions *Prameya* is based in Bhubaneswar, but that is a different newspaper.

Therefore, I cannot answer this based on the provided context.",0.0,0.0,0.0,OK,
86,86,dpr,kmeans_k3,Who is the older brother of the king that was overthrown in the Henriad?,5a7b3b4f5542992d025e67ac,"[9541, 19384]","[23712, 24774, 17087, 9541, 10540]",0.5,0.25,0.6995642781257629,0.028723254799842834,qwen3.5-122b,I cannot answer this based on the provided context.,0.0,0.0,0.0,OK,
87,87,dpr,kmeans_k3,"Who was the director behind the Cirque du Soleil show in Las Vegas that was first performed on December 25, 1993?",5a7b443c5542992d025e67ce,"[24681, 1590]","[8414, 1590, 7330, 16380, 24681]",1.0,0.5,0.7139803171157837,0.9951223134994507,qwen3.5-122b,"Based on the provided context, the Cirque du Soleil show in Las Vegas that was first performed on December 25, 1993, is **Mystère** (Document 2).

Document 5 states that **Franco Dragone** was the director behind ""Mystère"" (along with ""O"", ""La Nouba"", ""Alegría"", and ""Quidam"").

Therefore, the director was **Franco Dragone**.",0.0,0.0,0.0,OK,
88,88,dpr,kmeans_k3,"What country does Eric A. Sykes and Eccles, Greater Manchester have ion common?",5a7b4bc35542992d025e67e0,"[13861, 4279]","[768, 20742, 25700, 4178, 4279]",0.5,0.2,0.717992901802063,0.03198594972491264,qwen3.5-122b,I cannot answer this based on the provided context.,0.0,0.0,0.0,OK,
89,89,dpr,kmeans_k3,The Motion Picture Soundtrack The Woman in Red featured this American Singer who became a United Nations Ambassador for what organization?,5a7b72e15542997c3ec97187,"[23155, 3897]","[4639, 3897, 23155, 3917, 5741]",1.0,0.5,0.7168791890144348,0.9650078415870667,qwen3.5-122b,"Based on the provided context, the American singer featured on *The Woman in Red* soundtrack is **Dionne Warwick**. She became a United Nations Global Ambassador for the **Food and Agriculture Organization**.",0.0,0.0,0.0,OK,
90,90,dpr,kmeans_k3,"Who was born first, Ana Kasparian or Andre Agassi?",5a7c34905542996dd594b8d5,"[6559, 23466]","[25387, 4828, 6908, 16195, 1298]",0.0,0.0,0.6433988213539124,0.03893089294433594,qwen3.5-122b,I cannot answer this based on the provided context.,0.0,0.0,0.0,OK,
91,91,dpr,kmeans_k3,"Who is older, Simon Neil or Michael McKean?",5a7c64bc5542996dd594b913,"[25306, 25985]","[3197, 2696, 11248, 22408, 20145]",0.0,0.0,0.669384241104126,0.1684214472770691,qwen3.5-122b,I cannot answer this based on the provided context.,0.0,0.0,0.0,OK,
92,92,dpr,kmeans_k3,What was the sequel of the game that e was published by U.S. Gold in 1992?,5a7c68575542996dd594b91c,"[1860, 25874]","[7542, 9255, 7848, 9282, 2557]",0.0,0.0,0.678344190120697,0.06911350786685944,qwen3.5-122b,I cannot answer this based on the provided context.,0.0,0.0,0.0,OK,
93,93,dpr,kmeans_k3,What was the population in 2016 of the city that Norman Foote is originally from?,5a7c78c955429935c91b51d2,"[644, 12503]","[12878, 303, 18520, 19423, 8442]",0.0,0.0,0.6609655618667603,0.05858885124325752,qwen3.5-122b,I cannot answer this based on the provided context.,0.0,0.0,0.0,OK,
94,94,dpr,kmeans_k3,The 2011 Tennessee Tech Golden Eagles football team competed in a conference with how many members competing in football?,5a7c827e55429907fabeefa7,"[12219, 24831]","[12219, 2788, 11846, 13585, 19492]",0.5,1.0,0.5909560918807983,0.08606026321649551,qwen3.5-122b,I cannot answer this based on the provided context.,0.0,0.0,0.0,OK,
95,95,dpr,kmeans_k3,Focus is a 2015 American romantic crime comedy-drama film starring an Australian actress who was also cast in what soap opera?,5a7c8cea55429935c91b5214,"[15934, 5796]","[1543, 20000, 15934, 18366, 7568]",0.5,0.3333333333333333,0.6610217690467834,0.04128023236989975,qwen3.5-122b,"Based on the provided context, I cannot answer this question.

While Document 3 confirms that *Focus* is a 2015 American romantic crime comedy-drama starring Margot Robbie (who is an Australian actress), the provided documents do not mention which soap opera Margot Robbie was cast in. Document 1 mentions Natalie Bassingthwaighte from the soap opera ""Neighbours,"" but she is not listed as a star in *Focus*.",0.0,0.0,0.0,OK,
96,96,dpr,kmeans_k3,"As of 2010, what was the population of the county that was named after the 13th Speaker of the House of Representatives?",5a7c9ead5542990527d554e4,"[25549, 3547]","[20633, 25564, 3547, 25630, 23284]",0.5,0.3333333333333333,0.6715432405471802,0.036945391446352005,qwen3.5-122b,"I cannot answer this based on the provided context.

**Reasoning:**
1.  **Document 3** identifies **James Knox Polk** as the ""13th Speaker of the House of Representatives.""
2.  The question asks for the population of the county named after him.
3.  **Document 2** discusses **York County**, named after the Duke of York or the city of York.
4.  **Document 5** discusses **Adams County**, named after **John Adams** (the second President).
5.  None of the provided documents mention a county named after James Knox Polk or provide population data for such a county. Therefore, the information is missing from the context.",0.0,0.0,0.0,OK,
97,97,dpr,kmeans_k3,"Which restaurant chain is based further south, Pizza Fusion or Imo's Pizza?",5a7ca33f5542990527d554ee,"[4533, 5392]","[7373, 8422, 5392, 13870, 4533]",1.0,0.3333333333333333,0.6268057823181152,0.9967679977416992,qwen3.5-122b,"Based on the provided context, **Pizza Fusion** is based further south.

*   **Pizza Fusion** is based in Deerfield Beach, **Florida** (Document 5).
*   **Imo's Pizza** is based in St. Louis, **Missouri** (Document 3).

Florida is geographically further south than Missouri.",0.0,0.0,0.0,OK,
98,98,dpr,kmeans_k3,How much change in elevation is there at the site of the 1999 FIA GT Hockenheim 500km?,5a7cb993554299452d57b9c2,"[2797, 25741]","[25741, 8784, 21930, 664, 2797]",1.0,1.0,0.5781669616699219,0.8919196128845215,qwen3.5-122b,"Based on the provided context, the 1999 FIA GT Hockenheim 500 km took place at the Hockenheimring Short Circuit in Germany. Document 1 states that the Hockenheim circuit (which hosts events in the same location) has **very little change in elevation**.",0.0,0.0,0.0,OK,
99,99,dpr,kmeans_k3,How many times has the national team Joseph Raich Garriga played for in 1941 participated in FIFA World Cups?,5a7cc58f554299452d57ba45,"[4128, 23594]","[1175, 23651, 10206, 1243, 25870]",0.0,0.0,0.6852966547012329,0.03661397472023964,qwen3.5-122b,I cannot answer this based on the provided context.,0.0,0.0,0.0,OK,
100,100,dpr,kmeans_k3,On what UHF channel is the station that Cindy Williams is on broadcast?,5a7ccc1e55429909bec7680e,"[2958, 264]","[23839, 19972, 2958, 18899, 10689]",0.5,0.3333333333333333,0.6300034523010254,0.10400565713644028,qwen3.5-122b,I cannot answer this based on the provided context.,0.0,0.0,0.0,OK,
101,101,dpr,kmeans_k3,Getting Married in Buffalo Jump stars an actor who was born in what city?,5a7cdc1b55429907fabef04d,"[10012, 24485]","[14028, 10012, 21657, 8175, 2734]",0.5,0.5,0.6809251308441162,0.06757885962724686,qwen3.5-122b,I cannot answer this based on the provided context.,0.0,0.0,0.0,OK,
102,102,dpr,kmeans_k3,"Which band formed earlier, Edward Sharpe and the Magnetic Zeros or Louis XIV?",5a7cdd6b55429909bec76858,"[3440, 3418]","[6130, 3948, 3440, 21525, 874]",0.5,0.3333333333333333,0.7276745438575745,0.12417550384998322,qwen3.5-122b,I cannot answer this based on the provided context.,0.0,0.0,0.0,OK,
103,103,dpr,kmeans_k3,"Which was released first, Gasland or To Shoot an Elephant?",5a7ced4355429909bec76895,"[9661, 9151]","[8105, 9151, 25276, 11037, 9661]",1.0,0.5,0.6748365163803101,0.0034049716778099537,qwen3.5-122b,"Based on the provided context, **To Shoot an Elephant** was released first.

*   **To Shoot an Elephant** is described as a **2009** documentary film.
*   **Gasland** is described as a **2010** American documentary.",0.0,0.0,0.0,OK,
104,104,dpr,kmeans_k3,"Who is older, Steven Tyler, or Elizabeth Fraser?",5a7d2c8d5542995ed0d16624,"[17973, 17299]","[10533, 8175, 11248, 9541, 20145]",0.0,0.0,0.7213792204856873,0.5762379169464111,qwen3.5-122b,I cannot answer this based on the provided context.,0.0,0.0,0.0,OK,
105,105,dpr,kmeans_k3,"In what year was the Moldavian, later Romanian writer, known for his work ""The Goat and Her Three Kids"" born?",5a7dedb55542995f4f402317,"[8170, 25534]","[6637, 25534, 8170, 12119, 6122]",1.0,0.5,0.6790187358856201,0.9930518865585327,qwen3.5-122b,"Based on the provided context, the Moldavian, later Romanian writer known for ""The Goat and Her Three Kids"" is Ion Creangă. According to Document 2, he was born on **March 1, 1837**.",0.0,0.0,0.0,OK,
106,106,dpr,kmeans_k3,What is the population of the birth city of Daniela Scalia?,5a7e279d5542995ed0d166b5,"[14020, 9457]","[2660, 6427, 23202, 18916, 25698]",0.0,0.0,0.6751995086669922,0.04432780668139458,qwen3.5-122b,I cannot answer this based on the provided context.,0.0,0.0,0.0,OK,
107,107,dpr,kmeans_k3,"Who has held more positions in the film industry, Donald Cammell or Justin David Swibel?",5a7e59c855429934daa2fc0f,"[6208, 10322]","[17949, 11248, 4584, 4018, 12654]",0.0,0.0,0.7936794757843018,0.1684214472770691,qwen3.5-122b,I cannot answer this based on the provided context.,0.0,0.0,0.0,OK,
108,108,dpr,kmeans_k3,The Hindmarsh Stadium is sponsored by a brewery that sold how many liters of beer in 2013 ?,5a7eec6f55429934daa2fc7c,"[10554, 24630]","[15359, 24630, 965, 15116, 2109]",0.5,0.5,0.6191278100013733,0.06178019195795059,qwen3.5-122b,I cannot answer this based on the provided context.,0.0,0.0,0.0,OK,
109,109,dpr,kmeans_k3,What region of Italy was Giorgio Pini born in?,5a7ef6b35542994959419a94,"[8550, 6427]","[15151, 23085, 6427, 24598, 2626]",0.5,0.3333333333333333,0.6400409936904907,0.18753692507743835,qwen3.5-122b,I cannot answer this based on the provided context.,0.0,0.0,0.0,OK,
110,110,dpr,kmeans_k3,How did the prominent member of the Astor family who was a lieutenant colonel in the Spanish-American War die?,5a7efa7a55429930675135ea,"[12667, 11180]","[2587, 17087, 11180, 733, 2531]",0.5,0.3333333333333333,0.6534398794174194,0.038591720163822174,qwen3.5-122b,I cannot answer this based on the provided context.,0.0,0.0,0.0,OK,
111,111,dpr,kmeans_k3,"Which band originated from the United States, Milky Chance or Stone Temple Pilots?",5a7f19eb55429934daa2fcdb,"[16719, 24908]","[21505, 1671, 16719, 14194, 10886]",0.5,0.3333333333333333,0.6396712064743042,0.03475603088736534,qwen3.5-122b,I cannot answer this based on the provided context.,0.0,0.0,0.0,OK,
112,112,dpr,kmeans_k3,"The album that contains the song ""Get Together"" by Madonna was mainly recorded in whose home studio?",5a7f22005542993067513657,"[17942, 6805]","[24355, 24463, 17942, 18037, 4867]",0.5,0.3333333333333333,0.7155978083610535,0.04121426120400429,qwen3.5-122b,I cannot answer this based on the provided context.,0.0,0.0,0.0,OK,
113,113,dpr,kmeans_k3,A man known as one of the most brutal pro-Confederate guerrilla leaders in the American Civil War had a following that included a bank and train robber from western Missouri raised in what area?,5a7f79155542995d8a8dde86,"[9662, 681]","[9336, 17710, 9662, 12151, 14949]",0.5,0.3333333333333333,0.7042234539985657,0.816088080406189,qwen3.5-122b,"Based on the provided context, the man described is Jesse Woodson James. According to Document 3, he was an American outlaw, bank and train robber, and a leader of the James–Younger Gang who was raised in the **""Little Dixie""** area of western Missouri. He and his brother joined pro-Confederate guerrillas known as ""bushwhackers"" who were followers of William Quantrill and ""Bloody Bill"" Anderson.

Answer: Little Dixie",0.0,0.0,0.0,OK,
114,114,dpr,kmeans_k3,Did the Beaulieu Mine or the McIntyre Mines yield gold and copper?,5a7f7b365542992097ad2f80,"[4191, 23965]","[13788, 7743, 4191, 7818, 8847]",0.5,0.3333333333333333,0.6252564787864685,0.06129233166575432,qwen3.5-122b,I cannot answer this based on the provided context.,0.0,0.0,0.0,OK,
115,115,dpr,kmeans_k3,IN what year were both Franz Ferdinand and Sunrise Avenue formed?,5a7f9cb55542995d8a8ddec1,"[20134, 24566]","[22709, 284, 24566, 13738, 23480]",0.5,0.3333333333333333,0.7198755741119385,0.054549116641283035,qwen3.5-122b,I cannot answer this based on the provided context.,0.0,0.0,0.0,OK,
116,116,dpr,kmeans_k3,Ali Eren Balıkel started a restaurant which hosted a number of famous figures including an English actor who won three consecutive what?,5a7fb6625542994857a767cc,"[22297, 7620]","[10050, 8832, 22297, 25229, 3142]",0.5,0.3333333333333333,0.7586509585380554,0.7010108232498169,qwen3.5-122b,"I cannot answer this based on the provided context.

The provided text mentions that Ali Eren Balıkel's restaurant hosted American actor Robert De Niro, but it does not state that he is an English actor, nor does it mention any awards he won (such as three consecutive Oscars). Additionally, while Document 5 mentions an English actor (Dean Gaffney) winning a prize on a TV show, there is no information linking him to Ali Eren Balıkel's restaurant.",0.0,0.0,0.0,OK,
117,117,dpr,kmeans_k3,What Theo Avgerinos movie did the actor known for the role as Matt McNamara appear in?,5a7fc5875542992e7d278d67,"[25913, 10575]","[17157, 16805, 25913, 17233, 25829]",0.5,0.3333333333333333,0.7072506546974182,0.09213098883628845,qwen3.5-122b,I cannot answer this based on the provided context.,0.0,0.0,0.0,OK,
118,118,dpr,kmeans_k3,"Which magazine has more issues per month, Club or Pro Football Weekly",5a804f01554299485f5985bf,"[20124, 10672]","[23819, 23729, 10672, 5412, 15060]",0.5,0.3333333333333333,0.5976216793060303,0.041669223457574844,qwen3.5-122b,I cannot answer this based on the provided context.,0.0,0.0,0.0,OK,
119,119,dpr,kmeans_k3,"Bob Edwards was the host of what show, that later was hosted by Renee Montagne?",5a807181554299485f5985ec,"[10537, 14470]","[7326, 25173, 10537, 24527, 16191]",0.5,0.3333333333333333,0.6513652205467224,0.9973503351211548,qwen3.5-122b,"Based on the provided context, Bob Edwards was the host of National Public Radio's weekday morning news program, ""Morning Edition,"" which was later hosted by Renée Montagne (along with Steve Inskeep and David Greene).",0.0,0.0,0.0,OK,
120,120,dpr,kmeans_k3,What location under Charing Cross railway station did G-A-Y move to?,5a80735b554299485f5985f3,"[2951, 19280]","[15152, 25723, 2951, 12264, 19280]",1.0,0.3333333333333333,0.6311410069465637,0.4731541574001312,qwen3.5-122b,"Based on the provided context, G-A-Y moved to **Heaven**, which is a superclub located underneath Charing Cross railway station.

*   **Document 3** states: ""On Friday 3 October 2008, it [G-A-Y] moved to famous gay venue Heaven.""
*   **Document 5** confirms the location: ""Heaven... is located underneath Charing Cross railway station in Central London.""",0.0,0.0,0.0,OK,
121,121,dpr,kmeans_k3,Who conceived the rapid transit system that Klemzig Interchange is a part of?,5a807b44554299485f59860a,"[5865, 781]","[7373, 5865, 781, 14809, 2199]",1.0,0.5,0.625424861907959,0.9848869442939758,qwen3.5-122b,"Based on the provided context, the rapid transit system that Klemzig Interchange is a part of is the O-Bahn Busway. According to Document 3, the O-Bahn system was conceived by **Daimler-Benz**.",0.0,0.0,0.0,OK,
122,122,dpr,kmeans_k3,"A vehicle that uses hydrogen as its onboard fuel for motive power is cosidered which, Flex-fuel or Bi-fuel?",5a8080365542992097ad2fed,"[5296, 5135]","[6249, 8040, 5296, 18241, 5135]",1.0,0.3333333333333333,0.5745224952697754,0.8945345878601074,qwen3.5-122b,"Based on the provided context, a vehicle that uses hydrogen as its onboard fuel for motive power is considered a **hydrogen vehicle**.

The text distinguishes between:
*   **Flexible-fuel vehicles (FFV):** Designed to run on more than one fuel (usually gasoline blended with ethanol or methanol) stored in the **same common tank**.
*   **Bi-fuel vehicles:** Where two fuels are stored in **separate tanks** and the engine runs on one fuel at a time (examples given are CNG, LPG, or hydrogen).

While Document 3 lists hydrogen as an example of a fuel used in bi-fuel vehicles (where it is stored separately), Document 5 defines a ""hydrogen vehicle"" specifically as one using hydrogen as its onboard fuel. The provided text does not explicitly classify a hydrogen vehicle as either ""Flex-fuel"" or ""Bi-fuel"" as a primary category, but rather defines it as a ""hydrogen vehicle."" However, if forced to choose based on the storage method described for hydrogen in Document 3 (separate tanks), it aligns with the definition of a **bi-fuel** vehicle in that specific context, though Document 5 treats ""hydrogen vehicle"" as its own distinct category.

Strictly adhering to the definitions provided:
*   **Flex-fuel:** Same tank, blended fuels (gasoline/ethanol/methanol).
*   **Bi-fuel:** Separate tanks, one fuel at a time (CNG, LPG, or hydrogen).

Therefore, based on the example given in Document 3, a vehicle using hydrogen (stored in a separate tank) would be considered a **bi-fuel** vehicle.

**Answer:** Bi-fuel",0.0,0.0,0.0,OK,
123,123,dpr,kmeans_k3,Shaqtin' a Fool has included which television personality who worked for 8 yearst at ESPN?,5a80870d5542992bc0c4a752,"[17856, 24380]","[18826, 25268, 17856, 18127, 11690]",0.5,0.3333333333333333,0.7258907556533813,0.16089487075805664,qwen3.5-122b,I cannot answer this based on the provided context.,0.0,0.0,0.0,OK,
124,124,dpr,kmeans_k3,Who's fifth album and debut single are Startin' Fires and Austin respectively?,5a808c215542995d8a8ddf90,"[5696, 568]","[20232, 22947, 5696, 19847, 19476]",0.5,0.3333333333333333,0.6484016180038452,0.07780803740024567,qwen3.5-122b,I cannot answer this based on the provided context.,0.0,0.0,0.0,OK,
125,125,dpr,kmeans_k3,Were Sound Team and Dead by Sunrise both formed before 2010?,5a8091515542996402f6a563,"[10691, 284]","[21361, 284, 10691, 8358, 22983]",1.0,0.5,0.6910616159439087,0.029455922544002533,qwen3.5-122b,"Yes, both Sound Team and Dead by Sunrise were formed before 2010.

*   **Sound Team** formed in **2000** (Document 3).
*   **Dead by Sunrise** formed in **2005** (Document 2).",0.0,0.0,0.0,OK,
126,126,dpr,kmeans_k3,What is the name of the vocalist who collaborated with the rap duo who won the 2002 Grammy Award for Best Rap Performance by a Duo or Group?,5a80a25d5542995d8a8ddfb7,"[21558, 3114]","[25206, 15863, 17671, 23550, 7593]",0.0,0.0,0.6832231283187866,0.025628486648201942,qwen3.5-122b,I cannot answer this based on the provided context.,0.0,0.0,0.0,OK,
127,127,dpr,kmeans_k3,What prominent director worked with Orion Pictures and was born in December of 1935?,5a80b52f554299485f5986d6,"[6920, 12613]","[4890, 6208, 6920, 5215, 15755]",0.5,0.3333333333333333,0.6518389582633972,0.09858915209770203,qwen3.5-122b,I cannot answer this based on the provided context.,0.0,0.0,0.0,OK,
128,128,dpr,kmeans_k3,"How many seasons has a popular tv show had, in which one of the episodes is called Moho House?",5a80c79155429938b61421da,"[22517, 19429]","[13394, 19127, 24562, 17486, 4486]",0.0,0.0,0.6690091490745544,0.19079945981502533,qwen3.5-122b,I cannot answer this based on the provided context.,0.0,0.0,0.0,OK,
129,129,dpr,kmeans_k3,British Airways and EasyJet are both based out of where?,5a80d2c6554299260e20a17c,"[8537, 4606]","[10243, 13716, 4606, 6103, 5608]",0.5,0.3333333333333333,0.614730715751648,0.3276517987251282,qwen3.5-122b,I cannot answer this based on the provided context.,0.0,0.0,0.0,OK,
130,130,dpr,kmeans_k3,The American actor Chip Zien is best known for this Broadway production by which American composer and lyricist who received an Academy Award and Tony Awards?,5a80ddc555429938b6142224,"[25865, 10847]","[4070, 7346, 10847, 7330, 5741]",0.5,0.3333333333333333,0.6560419797897339,0.08029571920633316,qwen3.5-122b,I cannot answer this based on the provided context.,0.0,0.0,0.0,OK,
131,131,dpr,kmeans_k3,"""Prostitute"" is a song written by Axl Rose and Paul Tobias with additional work by an American guitarist has played in two different bands on a list of what?",5a80e4b255429938b6142239,"[14206, 25391]","[6701, 22698, 14206, 7522, 12622]",0.5,0.3333333333333333,0.7727757692337036,0.12339172512292862,qwen3.5-122b,I cannot answer this based on the provided context.,0.0,0.0,0.0,OK,
132,132,dpr,kmeans_k3,How many of the 12 million immigrants to the United States through Ellis Island were Italian immigrants?,5a80e5f5554299260e20a1ae,"[21537, 25908]","[22006, 23588, 21537, 20878, 25908]",1.0,0.3333333333333333,0.6827956438064575,0.21634070575237274,qwen3.5-122b,I cannot answer this based on the provided context.,0.0,0.0,0.0,OK,
133,133,dpr,kmeans_k3,"Which breed of dog came first, the Norrbottenspets or the Blue Lacy?",5a812d0555429938b61422e1,"[11627, 22223]","[22688, 11627, 14654, 18788, 24617]",0.5,0.5,0.6686772704124451,0.08110176771879196,qwen3.5-122b,I cannot answer this based on the provided context.,0.0,0.0,0.0,OK,
134,134,dpr,kmeans_k3,The Rhymers' Club met at Ye Olde Cheshire Cheese listed as what type of house?,5a81549055429938b6142338,"[24850, 1616]","[128, 15152, 24850, 1031, 17212]",0.5,0.3333333333333333,0.681069552898407,0.9829890727996826,qwen3.5-122b,"Based on the provided context, The Rhymers' Club met at Ye Olde Cheshire Cheese, which is listed as a **pub**.

(Document 3 states: ""They met at the London pub 'Ye Olde Cheshire Cheese'..."")",0.0,0.0,0.0,OK,
135,135,dpr,kmeans_k3,Where is the closest relative to the whale located?,5a81a4615542995ce29dcc1e,"[13057, 15000]","[16828, 20455, 11260, 2694, 7021]",0.0,0.0,0.6564204096794128,0.03134867548942566,qwen3.5-122b,I cannot answer this based on the provided context.,0.0,0.0,0.0,OK,
136,136,dpr,kmeans_k3,How long did the king who created the coins of the hawaiian dollar rule?,5a81b7205542990a1d231e79,"[24397, 24201]","[19247, 24706, 24397, 23882, 15565]",0.5,0.3333333333333333,0.62505042552948,0.027796579524874687,qwen3.5-122b,I cannot answer this based on the provided context.,0.0,0.0,0.0,OK,
137,137,dpr,kmeans_k3,"Which college is located in the United States, University of Delaware of University of Debrecen?",5a81b92a5542995ce29dcc52,"[11594, 11762]","[1172, 11762, 11594, 7131, 6833]",1.0,0.5,0.6050633192062378,0.46856173872947693,qwen3.5-122b,"Based on the provided context, the **University of Delaware** is located in the United States.

Document 3 states that the University of Delaware is the largest university in Delaware, with its main campus in Newark and satellite campuses in Dover, Wilmington, Lewes, and Georgetown. In contrast, Document 2 states that the University of Debrecen is located in Debrecen, Hungary.",0.0,0.0,0.0,OK,
138,138,dpr,kmeans_k3,"Tryon D. Lewis is a lawyer from Odessa, Texas which is located in what county?",5a81d19b55429926c1cdad90,"[10254, 3031]","[3047, 10254, 17290, 25630, 20296]",0.5,0.5,0.6069544553756714,0.9825577735900879,qwen3.5-122b,"Based on the provided context, Tryon Dexter Lewis is an attorney in Odessa, Texas, and was a former member of the Texas House of Representatives from District 81, which includes **Ector, Andrews, and Winkler counties**. The text does not explicitly state which of these counties Odessa is located in, only that the district covers all three.

However, since the question asks for the county and the context lists the counties associated with his district (Ector, Andrews, and Winkler), and Odessa is the primary city in Ector County (though this specific fact is external knowledge), strictly adhering to the provided text, the context only confirms that Odessa is in a district covering **Ector, Andrews, and Winkler counties**.

If I must answer strictly based *only* on the text provided without external knowledge: The text states he represents District 81 which covers **Ector, Andrews, and Winkler counties**, but it does not explicitly link Odessa to a specific single county within that list.

*Self-correction*: The prompt asks ""which is located in what county?"". The text says he is an attorney in Odessa, Texas, and is a representative from District 81 (Ector, Andrews, and Winkler counties). It does not explicitly state ""Odessa is in Ector County"". Therefore, strictly following the rule ""Answer the question based ONLY on the provided context"", I cannot definitively name the specific county Odessa is in, only the counties in his district.

However, often in these tasks, if the city is the seat of one of the listed counties, the user might expect that. But the instruction is strict. Let's look closer. ""Tryon Dexter Lewis... is an attorney in Odessa, Texas... from District 81 (Ector, Andrews, and Winkler counties).""

The text does not explicitly state ""Odessa is in Ector County"". It just lists the counties in the district. Therefore, I cannot answer this based *only* on the provided context.

**Wait**, let me re-read the constraint. ""If the context doesn't contain enough information, say 'I cannot answer this based on the provided context.'""

Does the text say Odessa is in Ector? No. It says the district includes Ector, Andrews, and Winkler. Odessa could be in any of them (or split, though unlikely). Without external knowledge, the text is insufficient",0.0,0.0,0.0,OK,
139,139,dpr,kmeans_k3,Who played the role of Nettie Harris in the 1985 film directed by Steven Spielberg?,5a81e8ea5542995ce29dcc73,"[25839, 12103]","[25839, 2965, 8448, 25966, 23907]",0.5,1.0,0.6643522381782532,0.11791148036718369,qwen3.5-122b,"I cannot answer this based on the provided context.

While Document 1 states that Akosua Gyamama Busia played the role of Nettie Harris in the 1985 film ""The Color Purple,"" the provided text does not mention who directed the film, nor does it confirm that Steven Spielberg was the director.",0.0,0.0,0.0,OK,
140,140,dpr,kmeans_k3,What kind of movie directed by F. Javier gutierrez did an Italian model and actress star in?,5a81ebee554299676cceb16d,"[20162, 19196]","[21949, 324, 17780, 18949, 5315]",0.0,0.0,0.7155300974845886,0.067331962287426,qwen3.5-122b,I cannot answer this based on the provided context.,0.0,0.0,0.0,OK,
141,141,dpr,kmeans_k3,What award did the actor in Tales from the Crypt win?,5a8210f355429926c1cdae24,"[360, 3539]","[14963, 21753, 360, 10290, 4652]",0.5,0.3333333333333333,0.6606087684631348,0.07884536683559418,qwen3.5-122b,I cannot answer this based on the provided context.,0.0,0.0,0.0,OK,
142,142,dpr,kmeans_k3,Which physicist known for his work on parity violation has a son who became an American chemist teaching at Cornell University?,5a823b0c55429940e5e1a804,"[22771, 8863]","[22771, 2654, 16002, 13792, 19592]",0.5,1.0,0.675829291343689,0.8686333894729614,qwen3.5-122b,"Based on the provided context, the physicist is **Tsung-Dao Lee**.

Document 1 states that Stephen Lee is an American chemist and a professor at Cornell University, and that he is the son of **Tsung-Dao Lee**, who is identified as the winner of the 1957 Nobel Prize in Physics. (Note: While the provided text does not explicitly mention ""parity violation,"" Tsung-Dao Lee is the only physicist mentioned who fits the description of having a son who is an American chemist at Cornell).",0.0,0.0,0.0,OK,
143,143,dpr,kmeans_k3,Folie à Deux is a studio album by the American rock band formed in which city?,5a825bb455429940e5e1a874,"[5277, 2683]","[5277, 15264, 14194, 3418, 22383]",0.5,1.0,0.7193852663040161,0.9942443370819092,qwen3.5-122b,"Based on the provided context, I cannot answer this question.

**Reasoning:**
Document 1 states that *Folie à Deux* is an album by the American rock band **Fall Out Boy** and mentions that the album was recorded in **Hollywood, California**. However, the document does not state the city where the band Fall Out Boy was originally **formed**. Therefore, the specific information required to answer the question is not present in the provided text.",0.0,0.0,0.0,OK,
144,144,dpr,kmeans_k3,Hugo Rodríguez Romero is a Spanish footballer who plays for a team in the autonomous community of what?,5a8268aa55429940e5e1a8aa,"[18995, 20295]","[1523, 5193, 12238, 12931, 19026]",0.0,0.0,0.5926938652992249,0.05079752579331398,qwen3.5-122b,I cannot answer this based on the provided context.,0.0,0.0,0.0,OK,
145,145,dpr,kmeans_k3,How many rooms does the Tropicana Hotel have where the 7th annual Adult Video News awards ceremony were held in 1980?,5a8284b555429954d2e2eb5f,"[22471, 24289]","[24463, 22471, 13234, 4050, 24289]",1.0,0.5,0.7114802598953247,0.9987812638282776,qwen3.5-122b,"I cannot answer this based on the provided context.

The provided documents state that the 7th AVN Awards took place in 1990 (not 1980) at the Tropicana Hotel & Casino in Paradise, Nevada. While Document 5 mentions that the Tropicana Las Vegas has 1,467 rooms, it does not confirm if this is the same location or provide room counts for the specific year 1990 or 1980. Additionally, the question's premise regarding the year 1980 is not supported by the text.",0.0,0.0,0.0,OK,
146,146,dpr,kmeans_k3,Are the Barton Mine and Hermiston-McCauley Mine located in The United States of America?,5a82accd55429966c78a6a78,"[8158, 11498]","[16330, 7360, 8158, 16015, 10031]",0.5,0.3333333333333333,0.6682717800140381,0.039283767342567444,qwen3.5-122b,I cannot answer this based on the provided context.,0.0,0.0,0.0,OK,
147,147,dpr,kmeans_k3,The Plymouth fury produced from 1955 to 1989  was replaced by what for police and fleet applications?,5a8303c255429954d2e2ec01,"[25198, 1050]","[2631, 6411, 1050, 13690, 6900]",0.5,0.3333333333333333,0.6409081220626831,0.043657492846250534,qwen3.5-122b,I cannot answer this based on the provided context.,0.0,0.0,0.0,OK,
148,148,dpr,kmeans_k3,How many Grammy awards were won by an album named after the Joni Mitchell song from Love Actually?,5a8318955542990548d0b177,"[4544, 23978]","[7716, 23978, 11866, 8354, 25409]",0.5,0.5,0.7197701334953308,0.019600719213485718,qwen3.5-122b,I cannot answer this based on the provided context.,0.0,0.0,0.0,OK,
149,149,dpr,kmeans_k3,Are the 1908 Ex parte Young and 1948 McCollum v. Board of Education United States Supreme Court cases related to each other in any way?,5a831af855429954d2e2ec1e,"[3747, 18694]","[9402, 8907, 18694, 16071, 3747]",1.0,0.3333333333333333,0.6326594352722168,0.7830318808555603,qwen3.5-122b,"Based on the provided context, there is no information indicating that the 1908 *Ex parte Young* case and the 1948 *McCollum v. Board of Education* case are related to each other.

*   **Ex parte Young** (Document 5) is described as a case allowing suits against state officials for unconstitutional actions despite sovereign immunity.
*   **McCollum v. Board of Education** (Document 3) is described as a case related to the separation of church and state regarding religious instruction in public schools.

The documents do not mention any connection between these two specific cases.",0.0,0.0,0.0,OK,
150,150,dpr,kmeans_k3,What city is the most populous city in Australia and Oceania and the birthplace of a silver and bronze medalist from the 1992 Barcelona Paralympics?,5a831fc955429954d2e2ec28,"[12693, 10170]","[14118, 21806, 12693, 18107, 4379]",0.5,0.3333333333333333,0.6543942093849182,0.999525249004364,qwen3.5-122b,"Based on the provided context, the athlete who won a silver and bronze medal at the 1992 Barcelona Paralympics is Marsha Green, and she was born in **Sydney** (Document 3).

However, the provided context does not contain information stating that Sydney is the most populous city in Australia and Oceania. Therefore, while the birthplace can be identified, the claim about it being the most populous city cannot be verified using only the provided documents.

**Answer:** I cannot answer this based on the provided context. (While the context identifies Sydney as the birthplace of the medalist, it does not confirm that Sydney is the most populous city in Australia and Oceania).",0.0,0.0,0.0,OK,
151,151,dpr,kmeans_k3,In which U.S. state are MedStar Georgetown University Hospital and Providence Hospital?,5a83305d55429966c78a6b4a,"[21829, 1214]","[24977, 7189, 1214, 12837, 11031]",0.5,0.3333333333333333,0.647339403629303,0.07352714985609055,qwen3.5-122b,I cannot answer this based on the provided context.,0.0,0.0,0.0,OK,
152,152,dpr,kmeans_k3,What summit is located in the county who's county seat is Helena?,5a8333115542993344745feb,"[18612, 25717]","[19553, 25717, 1615, 18612, 25545]",1.0,0.5,0.5995345115661621,0.24761639535427094,qwen3.5-122b,"Based on the provided context, the county whose county seat is Helena is **Lewis and Clark County** (Document 2). The summit located in Lewis and Clark County is **Scapegoat Mountain** (Document 4).",0.0,0.0,0.0,OK,
153,153,dpr,kmeans_k3,"Which tower is taller, 712 Fifth Avenue or Manhattan Life Insurance Building?",5a834ed95542990548d0b1ca,"[4368, 25509]","[246, 7799, 4368, 4380, 25509]",1.0,0.3333333333333333,0.6117373704910278,0.009915699250996113,qwen3.5-122b,"Based on the provided context, **712 Fifth Avenue** is taller.

*   **712 Fifth Avenue** is described as a **650 ft** skyscraper (Document 3).
*   The **Manhattan Life Insurance Building** is described as a **348 ft** tower (Document 5).",0.0,0.0,0.0,OK,
154,154,dpr,kmeans_k3,"The publication of which magazine ended first, Right On! or Castle of Frankenstein?",5a835a7b554299123d8c20fc,"[2583, 8980]","[1345, 13725, 8980, 23634, 6429]",0.5,0.3333333333333333,0.6909266114234924,0.050347186625003815,qwen3.5-122b,I cannot answer this based on the provided context.,0.0,0.0,0.0,OK,
155,155,dpr,kmeans_k3,are Mikhail Glinka and Jean-Baptiste Lully both composers ?,5a836a765542996488c2e446,"[8998, 7856]","[24941, 12162, 8998, 20857, 1086]",0.5,0.3333333333333333,0.6868141889572144,0.04587113484740257,qwen3.5-122b,I cannot answer this based on the provided context.,0.0,0.0,0.0,OK,
156,156,dpr,kmeans_k3,What is the date of the reissue of one of Rhihanna's album that features three newly recorded songs and a DVD showing exclusive behind-the-scenes footage of Rihanna's worldwide tour that was the second overall and first world concert tour by Rihanna?,5a83938c5542993344746049,"[15652, 4702]","[22632, 23485, 15652, 23079, 4702]",1.0,0.3333333333333333,0.6157241463661194,0.908094048500061,qwen3.5-122b,"Based on the provided context, the reissue of Rihanna's album that features three newly recorded songs and a DVD showing exclusive behind-the-scenes footage of her second overall and first world concert tour (the Good Girl Gone Bad Tour) is **Good Girl Gone Bad: Reloaded**.

According to Document 3, this album was first released digitally in selected countries on **June 2, 2008**.",0.0,0.0,0.0,OK,
157,157,dpr,kmeans_k3,"Who was the brother of the architect of Hook and Ladder No. 4 located in Albany, NY?",5a8485fa5542992a431d1a41,"[10116, 12352]","[11470, 6095, 10116, 16718, 23667]",0.5,0.3333333333333333,0.6935721635818481,0.20009441673755646,qwen3.5-122b,I cannot answer this based on the provided context.,0.0,0.0,0.0,OK,
158,158,dpr,kmeans_k3,"Does Jimmy Barnes have more hits, both solo and in a group, than Yang Seung-ho has with his group?",5a84a4e35542992a431d1a81,"[755, 15530]","[463, 6233, 12840, 25160, 20232]",0.0,0.0,0.6295566558837891,0.09941571950912476,qwen3.5-122b,I cannot answer this based on the provided context.,0.0,0.0,0.0,OK,
159,159,dpr,kmeans_k3,Who was the First Prophert to the sixth Pharaoh of the Eighteenth Dynasty?,5a84a8ce5542997175ce1f1c,"[4427, 3287]","[3287, 3623, 4427, 9709, 13661]",1.0,1.0,0.6671129465103149,0.1735227108001709,qwen3.5-122b,"Based on the provided context, the First Prophet to the sixth Pharaoh of the Eighteenth Dynasty (Thutmose III) was **Khonsu**.

Document 1 identifies Thutmose III as the sixth Pharaoh of the Eighteenth Dynasty. Document 3 states that the Theban Tomb TT31 is the burial place of Khonsu, who was the ""First Prophet of Menkheperre (Thutmose III).""",0.0,0.0,0.0,OK,
160,160,dpr,kmeans_k3,What notable work from French music video director Yoann Lemoine features an apology and plea for forgiveness?,5a84ad3a5542992a431d1a8b,"[11957, 10715]","[6353, 22701, 98, 543, 20012]",0.0,0.0,0.7517510652542114,0.0676509290933609,qwen3.5-122b,I cannot answer this based on the provided context.,0.0,0.0,0.0,OK,
161,161,dpr,kmeans_k3,What movies has Juno Temple starred in?,5a84b2995542994c784dda11,"[22906, 53]","[20697, 22976, 10042, 53, 18119]",0.5,0.25,0.7022501230239868,0.9997255206108093,qwen3.5-122b,"Based on the provided context, Juno Temple has starred in the following films:

*   Black Mass
*   The Other Boleyn Girl
*   Wild Child
*   Atonement
*   Maleficent
*   The Three Musketeers
*   The Dark Knight Rises

She also had a starring role in the HBO period drama series ""Vinyl"".",0.0,0.0,0.0,OK,
162,162,dpr,kmeans_k3,"Which Bulldog includes breeds such as ""Standard"" and ""Classic,"" the French Bulldog or the American Bulldog?",5a84b5ac5542991dd0999da4,"[24617, 23869]","[5957, 4667, 23869, 8148, 24617]",1.0,0.3333333333333333,0.5674775838851929,0.00575209129601717,qwen3.5-122b,"Based on the provided context, the **American Bulldog** includes breeds such as ""Standard"" and ""Classic.""

Document 3 states: ""There are two specific types of American Bulldog, Standard and Classic."" Document 5 describes the French Bulldog as a small breed resulting from a cross between bulldog ancestors and local ratters, but does not mention these specific types.",0.0,0.0,0.0,OK,
163,163,dpr,kmeans_k3,Both Mulled wine and Blue Lagoon are considered primarily alcoholic or non-alcoholic?,5a84b6e15542991dd0999daa,"[3851, 157]","[965, 9066, 3851, 7366, 13348]",0.5,0.3333333333333333,0.5851348042488098,0.02294207364320755,qwen3.5-122b,I cannot answer this based on the provided context.,0.0,0.0,0.0,OK,
164,164,dpr,kmeans_k3,Is Awolnation an American alternative rock band and This Mortal Coil was a music collective,5a84b6ed5542994c784dda18,"[11544, 22983]","[874, 11596, 22983, 11544, 24981]",1.0,0.3333333333333333,0.6701934933662415,0.05369077995419502,qwen3.5-122b,"Yes, based on the provided context, Awolnation is an American alternative rock band, and This Mortal Coil was a music collective.

- Document 4 states: ""Awolnation is an American alternative rock band, formed and fronted by Aaron Bruno...""
- Document 3 states: ""This Mortal Coil was a music collective led by Ivo Watts-Russell...""",0.0,0.0,0.0,OK,
165,165,dpr,kmeans_k3,What is  Cyaxares relationship to the man that governed for 53 years?,5a84b9c95542997b5ce3ff35,"[17543, 17487]","[11154, 2660, 17487, 9358, 10030]",0.5,0.3333333333333333,0.6279373168945312,0.8625723719596863,qwen3.5-122b,I cannot answer this based on the provided context.,0.0,0.0,0.0,OK,
166,166,dpr,kmeans_k3,Are Yingkou and Fuding the same level of city?,5a84c4135542994c784dda31,"[2059, 23960]","[9486, 4343, 2059, 24616, 8633]",0.5,0.3333333333333333,0.5669757723808289,0.0398886539041996,qwen3.5-122b,I cannot answer this based on the provided context.,0.0,0.0,0.0,OK,
167,167,dpr,kmeans_k3,Who was involved in observing the natural progression of untreated syphilis in rural African-American men in Alabama?,5a84c4bb5542991dd0999dec,"[10764, 5668]","[885, 21793, 5668, 7674, 13105]",0.5,0.3333333333333333,0.6886927485466003,0.9977580308914185,qwen3.5-122b,"Based on the provided context, the **U.S. Public Health Service** conducted the study (known as the Tuskegee Study of Untreated Syphilis in the Negro Male) to observe the natural progression of untreated syphilis in rural African-American men in Alabama.",0.0,0.0,0.0,OK,
168,168,dpr,kmeans_k3,Which singer of the Bee Gees sung a middle part of a song in which the majority was sung by Barry Gibb?,5a84cb255542991dd0999dfa,"[14245, 2955]","[24135, 2955, 21082, 17992, 1006]",0.5,0.5,0.7115832567214966,0.07024870067834854,qwen3.5-122b,I cannot answer this based on the provided context.,0.0,0.0,0.0,OK,
169,169,dpr,kmeans_k3,"WHich college is located in the United States, Grand Valley State University or Carleton University?",5a84ee4c5542997175ce1f2b,"[10040, 6317]","[10040, 8453, 22390, 6317, 5176]",1.0,1.0,0.6127231121063232,0.34343791007995605,qwen3.5-122b,"Based on the provided context, **Grand Valley State University** is located in the United States.

Document 1 states that Grand Valley State University is ""located in Allendale, Michigan, United States."" In contrast, Document 4 states that Carleton University is ""located in Ottawa, Ontario, Canada.""",0.0,0.0,0.0,OK,
170,170,dpr,kmeans_k3,The birthplace of George McCall Theal is a port city of what bay?,5a852cd05542997b5ce3ffb0,"[551, 10682]","[24846, 23207, 10682, 7143, 933]",0.5,0.3333333333333333,0.6737164855003357,0.026171544566750526,qwen3.5-122b,I cannot answer this based on the provided context.,0.0,0.0,0.0,OK,
171,171,dpr,kmeans_k3,"The Azad Hind Dal was created by an Indian nationalist whose defiant patriotism made him a hero in India, but whose attempt to rid India of British rule during what war left a troubled legacy?",5a85a3005542991dd0999e72,"[2667, 6042]","[18726, 22511, 6042, 2996, 3893]",0.5,0.3333333333333333,0.647926926612854,0.994685173034668,qwen3.5-122b,"Based on the provided context, I cannot answer this question.

While Document 3 describes an Indian nationalist (Subhas Chandra Bose) whose ""defiant patriotism made him a hero in India"" and whose attempt to rid India of British rule during **World War II** left a ""troubled legacy,"" the text does not mention the ""Azad Hind Dal."" Therefore, the specific connection between the organization named in the question and the individual described cannot be confirmed using only the provided documents.",0.0,0.0,0.0,OK,
172,172,dpr,kmeans_k3,Are Hoodoo Gurus and Pierre Bouvier of the same nationality?,5a85e24a5542994775f6067f,"[25104, 2028]","[18378, 20232, 24455, 21619, 25104]",0.5,0.2,0.7109717130661011,0.11735670268535614,qwen3.5-122b,I cannot answer this based on the provided context.,0.0,0.0,0.0,OK,
173,173,dpr,kmeans_k3,"Just Before I Go stars an actress who plays what character in the series ""24""?",5a85e2775542994775f60680,"[16208, 6157]","[10388, 10433, 16208, 936, 14935]",0.5,0.3333333333333333,0.6901737451553345,0.15549401938915253,qwen3.5-122b,I cannot answer this based on the provided context.,0.0,0.0,0.0,OK,
174,174,dpr,kmeans_k3,Which mechanical device which engages and disengages power transmission  uses brake fluid?,5a85e5345542991dd0999ebb,"[2093, 23925]","[18266, 4570, 2093, 5507, 9718]",0.5,0.3333333333333333,0.5981661677360535,0.009145276620984077,qwen3.5-122b,I cannot answer this based on the provided context.,0.0,0.0,0.0,OK,
175,175,dpr,kmeans_k3,Are both Ride a Wild Pony and Frozen 2 computer-animated films?,5a85ebe75542996432c5712a,"[9305, 18606]","[6645, 16228, 18606, 4705, 16711]",0.5,0.3333333333333333,0.6840207576751709,0.05232952907681465,qwen3.5-122b,I cannot answer this based on the provided context.,0.0,0.0,0.0,OK,
176,176,dpr,kmeans_k3,Were Robert Holdstock and H. L. Mencken both known for being satirists?,5a861ea85542994775f60700,"[18049, 22681]","[1155, 20147, 22681, 3723, 3211]",0.5,0.3333333333333333,0.6264317631721497,0.09824035316705704,qwen3.5-122b,I cannot answer this based on the provided context.,0.0,0.0,0.0,OK,
177,177,dpr,kmeans_k3,When was the publisher of Traveller Supplement 4: Citizens of the Imperium in business?,5a86481b5542996432c571b5,"[23140, 427]","[23140, 2476, 10813, 3950, 3677]",0.5,1.0,0.642151951789856,0.13629600405693054,qwen3.5-122b,"Based on the provided context, I cannot answer this question.

Document 1 states that *Traveller Supplement 4: Citizens of the Imperium* was published in 1979 by Game Designers' Workshop, but it does not provide information about the years Game Designers' Workshop was in business.",0.0,0.0,0.0,OK,
178,178,dpr,kmeans_k3,"Yoann Lemoine, a French video director, has created music videos for Lana Del Rey, Katy Perry, and an orchestral country pop ballad by which top pop artist?",5a864ff7554299211dda2af2,"[11957, 10715]","[23563, 11957, 8354, 5156, 6851]",0.5,0.5,0.7413111925125122,0.16826438903808594,qwen3.5-122b,"Based on the provided context, Yoann Lemoine created music videos for Lana Del Rey and Katy Perry, as well as Taylor Swift's single ""Back to December.""

Answer: Taylor Swift",0.0,0.0,0.0,OK,
179,179,dpr,kmeans_k3,Does Erodium or Cymbidium include more species?,5a86ec9f55429960ec39b6d7,"[24018, 21915]","[23526, 5564, 10198, 12303, 9340]",0.0,0.0,0.6398981809616089,0.010013376362621784,qwen3.5-122b,I cannot answer this based on the provided context.,0.0,0.0,0.0,OK,
180,180,dpr,kmeans_k3,What is the birthplace of the Senator who represents the first of 62 districts in the State Senate?,5a8739a05542994775f607ab,"[12497, 24340]","[11095, 16967, 7960, 18696, 16977]",0.0,0.0,0.6806361079216003,0.08705268055200577,qwen3.5-122b,I cannot answer this based on the provided context.,0.0,0.0,0.0,OK,
181,181,dpr,kmeans_k3,Which KaBoom! Entertainment Inc. film is based on a story by Rudyard Kipling?,5a8740ee5542994846c1cd35,"[13551, 5824]","[13551, 10804, 6070, 8032, 1595]",0.5,1.0,0.7170284390449524,0.042304057627916336,qwen3.5-122b,"Based on the provided context, I cannot answer this question. While Document 1 lists ""The Jungle Book"" as a film content curated by Kaboom! Entertainment, it does not mention Rudyard Kipling or state that the film is based on his story.",0.0,0.0,0.0,OK,
182,182,dpr,kmeans_k3,"Who is affiliated with more countries as a director, Robert Florey and R. G. Springsteen?",5a8765ad5542996e4f3087cf,"[3409, 5215]","[7139, 25913, 17678, 2929, 24585]",0.0,0.0,0.6708664894104004,0.07592063397169113,qwen3.5-122b,I cannot answer this based on the provided context.,0.0,0.0,0.0,OK,
183,183,dpr,kmeans_k3,"Which occurred first, Phillips v. Martin Marietta Corp. or Roth v. United States?",5a8782a25542993e715abf95,"[8907, 23565]","[7708, 8907, 23565, 22470, 9402]",1.0,0.5,0.6428877115249634,0.015841208398342133,qwen3.5-122b,"Based on the provided context, **Roth v. United States** occurred first.

*   **Roth v. United States** is dated **1957** (Document 3).
*   **Phillips v. Martin Marietta Corp.** is dated **1971** (Document 2).",0.0,0.0,0.0,OK,
184,184,dpr,kmeans_k3,"Which genus has more species, Bactris and Epigaea?",5a87954f5542996e4f308856,"[6868, 4383]","[10198, 12872, 23526, 3341, 23280]",0.0,0.0,0.6461151242256165,0.022143658250570297,qwen3.5-122b,I cannot answer this based on the provided context.,0.0,0.0,0.0,OK,
185,185,dpr,kmeans_k3,What other political position did the person who introduced the DISCLOSE Act hold?,5a879adb5542996e4f30887f,"[10692, 16977]","[7215, 21770, 1198, 12304, 9458]",0.0,0.0,0.6960641145706177,0.3150950074195862,qwen3.5-122b,I cannot answer this based on the provided context.,0.0,0.0,0.0,OK,
186,186,dpr,kmeans_k3,What is the weight limit of the weight class that Takeyasu Hirono fights in?,5a87c7dc5542996e4f30891b,"[18551, 23748]","[13781, 12340, 23748, 11871, 20241]",0.5,0.3333333333333333,0.6557537913322449,0.04730851203203201,qwen3.5-122b,I cannot answer this based on the provided context.,0.0,0.0,0.0,OK,
187,187,dpr,kmeans_k3,Were the films Tonka and 101 Dalmatians released in the same decade?,5a886211554299206df2b24a,"[11268, 4548]","[22008, 4548, 893, 24301, 4018]",0.5,0.5,0.7173979878425598,0.0677909329533577,qwen3.5-122b,I cannot answer this based on the provided context.,0.0,0.0,0.0,OK,
188,188,dpr,kmeans_k3,What literary style describes the 1968 book that features a 1939 international Harvester school bus?,5a88a42f554299206df2b317,"[12448, 11245]","[2771, 16147, 11245, 2330, 16906]",0.5,0.3333333333333333,0.6847385764122009,0.9892544150352478,qwen3.5-122b,"Based on the provided context, I cannot answer this question.

While Document 3 identifies *The Electric Kool-Aid Acid Test* (published in 1968) as an example of the literary style called **New Journalism**, the text does not mention the specific year **1939** or the make **International Harvester** regarding the school bus (it only describes it as a ""colorfully painted school bus named 'Further'""). Therefore, the specific details in your question are not fully supported by the provided documents.",0.0,0.0,0.0,OK,
189,189,dpr,kmeans_k3,E! Hollywood Hold'em was hosted by a poker player of what nationality?,5a88c68d55429938390d3fba,"[111, 3616]","[16655, 626, 111, 23551, 25790]",0.5,0.3333333333333333,0.6877073049545288,0.2940179705619812,qwen3.5-122b,"Based on the provided context, I cannot answer this question.

While Document 3 states that professional poker player **Phil Laak** served as the host and dealer for *E! Hollywood Hold'em*, the text does not mention his nationality.",0.0,0.0,0.0,OK,
190,190,dpr,kmeans_k3,Who directed a 2005 supernatural horror film starring an actress who appeared in The Patriot and Kill Your Darlings,5a88cf7e5542993b751ca85b,"[2814, 7002]","[8757, 23907, 7002, 1543, 18119]",0.5,0.3333333333333333,0.6265255212783813,0.9112223982810974,qwen3.5-122b,"Based on the provided context, the actress who appeared in *The Patriot* (2000) and *Kill Your Darlings* (2006) is **Skye McCole Bartusiak** (Document 3). She also appeared in the 2005 film **Boogeyman** (Document 3).

However, the provided documents do not state who directed the film *Boogeyman*. Document 4 mentions a 2009 film called *Prey* directed by George T. Miller, but this is a different film and year.

Therefore, I cannot answer this based on the provided context.",0.0,0.0,0.0,OK,
191,191,dpr,kmeans_k3,Futbolita has interviewed what Spanish Professional footballer who plays as a striker for New York City FC?,5a88d7fc5542993b751ca879,"[11340, 12238]","[18302, 16823, 11340, 12505, 23594]",0.5,0.3333333333333333,0.6802915334701538,0.7456901669502258,qwen3.5-122b,"Based on the provided context, Futbolita (Ash Hashim) has interviewed **Fernando Torres**, who is listed among the world-renowned sports personalities she has interviewed.

(Note: While the provided text confirms she interviewed Fernando Torres, it does not explicitly state that he plays as a striker for New York City FC; however, he is the only Spanish striker mentioned in the list of interviewees in Document 3.)",0.0,0.0,0.0,OK,
192,192,dpr,kmeans_k3,Which of the following buildings was designed by SHoP Architects: 247 Cherry or General Motors Building?,5a88e75c5542993b751ca8c7,"[21257, 3033]","[20233, 21257, 12648, 9046, 3033]",1.0,0.5,0.6520326137542725,0.24643728137016296,qwen3.5-122b,"Based on the provided context, **247 Cherry** was designed by SHoP Architects.

Document 2 states: ""The building [247 Cherry] was designed by SHoP Architects."" Document 5 states that the General Motors Building was designed by ""Edward Durell Stone & Associates with Emery Roth & Sons.""",0.0,0.0,0.0,OK,
193,193,dpr,kmeans_k3,What movie did Chris Duesterdiek work on that was directed by Seth Rogen and Evan Goldberg?,5a88f7bf5542997e5c09a6dd,"[20552, 16976]","[8490, 344, 24718, 10048, 19180]",0.0,0.0,0.6584601402282715,0.10315645486116409,qwen3.5-122b,I cannot answer this based on the provided context.,0.0,0.0,0.0,OK,
194,194,dpr,kmeans_k3,The Jeep Cherokee was originally sold as a variant of a Jeep model produced during what years?,5a88f9555542995153361214,"[21632, 897]","[6411, 11133, 21632, 25126, 3471]",0.5,0.3333333333333333,0.624921441078186,0.043657492846250534,qwen3.5-122b,I cannot answer this based on the provided context.,0.0,0.0,0.0,OK,
195,195,dpr,kmeans_k3,What philosophical system did the author of a novel about Howard Roark develop?,5a89e0ec5542992e4fca8427,"[4605, 13115]","[19078, 17262, 4605, 25534, 9516]",0.5,0.3333333333333333,0.736869215965271,0.5100377202033997,qwen3.5-122b,"Based on the provided context, the author of the novel about Howard Roark is Ayn Rand (author of *The Fountainhead*). However, the text only mentions her beliefs regarding individualism and collectivism; it does not state that she developed a specific philosophical system.

Therefore, I cannot answer this based on the provided context.",0.0,0.0,0.0,OK,
196,196,dpr,kmeans_k3,The United States Senate election in Hawaii that took place in 1992 ended with the winning of which Japanese-American politician?,5a89e1bf5542992e4fca8433,"[9199, 15240]","[2916, 15240, 9199, 3544, 10725]",1.0,0.5,0.6543843150138855,0.05141470581293106,qwen3.5-122b,"Based on the provided context, the United States Senate election in Hawaii that took place in 1992 ended with the winning of **Daniel Ken ""Dan"" Inouye** (also referred to as Daniel Inouye).

Document 3 states that ""Incumbent Democrat U.S. Senator Daniel Inouye won re-election to a sixth term"" in the 1992 election. Document 2 confirms that Inouye was the ""highest-ranking Japanese American politician in U.S. history.""",0.0,0.0,0.0,OK,
197,197,dpr,kmeans_k3,"Between Frederick King Keller and Ian Schneider, which filmmaker had more diverse job experiences?",5a8a265b5542992d82986ecc,"[25208, 18473]","[6229, 18210, 13311, 11019, 4018]",0.0,0.0,0.7598321437835693,0.04730797931551933,qwen3.5-122b,I cannot answer this based on the provided context.,0.0,0.0,0.0,OK,
198,198,dpr,kmeans_k3,What dance academy did the starring actress from The Glory of Tang Dynasty graduate from?,5a8aa1685542992d82986f32,"[22540, 20079]","[10828, 20079, 7647, 6447, 22540]",1.0,0.5,0.6780763864517212,0.823859453201294,qwen3.5-122b,"Based on the provided context, the starring actress from *The Glory of Tang Dynasty* is Jing Tian. According to Document 2, she graduated from the **Beijing Dance Academy** (as well as the Beijing Film Academy).",0.0,0.0,0.0,OK,
199,199,dpr,kmeans_k3,"In 2001, Hampton Pirates men's basketball defeated a second seed team that was coached by who ?",5a8ac5595542992d82986f77,"[10004, 7110]","[10004, 9032, 6066, 21204, 11690]",0.5,1.0,0.6710318922996521,0.07408354431390762,qwen3.5-122b,I cannot answer this based on the provided context.,0.0,0.0,0.0,OK,
200,200,dpr,kmeans_k3,"Which is headquarter farther south, Jet's Pizza or Chuck E. Cheese's?",5a8adc935542992d82986fb0,"[15744, 6028]","[20275, 23675, 15744, 23538, 17471]",0.5,0.3333333333333333,0.657099723815918,0.07070236653089523,qwen3.5-122b,I cannot answer this based on the provided context.,0.0,0.0,0.0,OK,
201,201,dpr,kmeans_k3,How many beer brands are in the portfolio of the company that hired Leonardus (Leo) Petrus Beukeboom to decorate cafes?,5a8aecff55429950cd6afbef,"[21745, 2109]","[17277, 21745, 9406, 2430, 23222]",0.5,0.5,0.7009550333023071,0.04861878231167793,qwen3.5-122b,I cannot answer this based on the provided context.,0.0,0.0,0.0,OK,
202,202,dpr,kmeans_k3,"What vehicle, made by UROVESA, is most like the four-wheel drive military light truck produced by AM General?",5a8aed1555429970aeb70334,"[4994, 2632]","[21965, 897, 2632, 11064, 6788]",0.5,0.3333333333333333,0.5754495859146118,0.036133501678705215,qwen3.5-122b,I cannot answer this based on the provided context.,0.0,0.0,0.0,OK,
203,203,dpr,kmeans_k3,Pluto was the debut album of this artist who also performed on this live music venue that reopened in March 2015.,5a8b04df55429950cd6afc49,"[21132, 13553]","[13255, 8414, 15718, 20312, 21132]",0.5,0.2,0.7840552926063538,0.06479844450950623,qwen3.5-122b,I cannot answer this based on the provided context.,0.0,0.0,0.0,OK,
204,204,dpr,kmeans_k3,"The actor known for his role as ""Freddie""  in The Deep Blue Sea won the Laurence Olivier Award for his role in which play?",5a8b1a925542997f31a41c6e,"[25815, 2970]","[3718, 2970, 25815, 7346, 12279]",1.0,0.5,0.6825066804885864,0.0337553471326828,qwen3.5-122b,"Based on the provided context, the actor who played ""Freddie"" in the film adaptation of *The Deep Blue Sea* is **Tom Hiddleston** (Document 3).

According to Document 2, Tom Hiddleston won the Laurence Olivier Award for Best Newcomer in a Play for his role in **Cymbeline**.",0.0,0.0,0.0,OK,
205,205,dpr,kmeans_k3,Where is the 1999 British comedy-drama film starring Jimi Mistry set?,5a8b5c8155429949d91db56d,"[23205, 1595]","[23205, 8874, 1595, 22538, 12938]",1.0,1.0,0.6903626918792725,0.9696819186210632,qwen3.5-122b,"Based on the provided context, the 1999 British comedy-drama film starring Jimi Mistry is *East Is East*. According to Document 3, this film is set in **Salford, Lancashire, in 1971**.",0.0,0.0,0.0,OK,
206,206,dpr,kmeans_k3,A writer for The Kenyon Review won a Pulitzer Prize in what year?,5a8ba0855542995d1e6f1427,"[1102, 9424]","[3437, 1102, 8387, 9424, 1550]",1.0,0.5,0.678199827671051,0.9993075728416443,qwen3.5-122b,"Based on the provided context, **Robert Penn Warren** is listed as a writer whose early works were published in *The Kenyon Review* (Document 2). According to Document 4, he won the Pulitzer Prize for the Novel in **1947**, the Pulitzer Prize for Poetry in **1958**, and the Pulitzer Prize for Poetry again in **1979**.

Therefore, a writer for *The Kenyon Review* won a Pulitzer Prize in **1947**, **1958**, and **1979**.",0.0,0.0,0.0,OK,
207,207,dpr,kmeans_k3,Camp Courtney was named after the Major killed in action at the battle codenamed what?,5a8ba9d255429971feec4759,"[6487, 20841]","[8397, 14666, 6487, 21398, 25760]",0.5,0.3333333333333333,0.7370625138282776,0.999576985836029,qwen3.5-122b,"Based on the provided context, Camp Courtney was named after Major Henry A. Courtney, Jr., who was killed in action in the **Battle of Okinawa**.",0.0,0.0,0.0,OK,
208,208,dpr,kmeans_k3,What variety of mockingbird is the mascot of the University of Tennessee at Chattanooga?,5a8bf0835542995d1e6f146b,"[17971, 15681]","[10605, 21183, 17971, 2229, 8948]",0.5,0.3333333333333333,0.63619464635849,0.4860920011997223,qwen3.5-122b,"Based on the provided context, the mascot of the University of Tennessee at Chattanooga is a mockingbird, but the text does not specify the particular variety of mockingbird. It only states that the mockingbird is the state bird of Tennessee.

Therefore, I cannot answer this based on the provided context.",0.0,0.0,0.0,OK,
209,209,dpr,kmeans_k3,How many members exist in the conference represented by the Michigan State Spartans in the 1993 Liberty Bowl?,5a8c5bff554299240d9c2139,"[6381, 24769]","[7155, 11846, 24769, 19753, 6381]",1.0,0.3333333333333333,0.6137179732322693,0.04484950378537178,qwen3.5-122b,"Based on the provided context, the Michigan State Spartans are members of the Big Ten Conference (Document 5). According to Document 3, the Big Ten Conference consists of **14 members** (as of 2016).",0.0,0.0,0.0,OK,
210,210,dpr,kmeans_k3,What are the anchor stores for the shopping mall constructed by C.J. Segerstrom & Sons in California?,5a8c5eca554299240d9c213d,"[5548, 22212]","[8921, 7176, 22212, 3033, 3796]",0.5,0.3333333333333333,0.6464594006538391,0.041201427578926086,qwen3.5-122b,I cannot answer this based on the provided context.,0.0,0.0,0.0,OK,
211,211,dpr,kmeans_k3,"jean Sagbo, considered ""Russia's Obama"" is considered to belong to what ethnic group based on his having African heritage or dark skin?",5a8c6bd55542995e66a475ea,"[10326, 9394]","[12353, 1452, 10326, 12151, 9394]",1.0,0.3333333333333333,0.695380449295044,0.9642894864082336,qwen3.5-122b,"Based on the provided context, Jean Gregoire Sagbo is considered to belong to the **Afro-Russian** ethnic group. Document 3 identifies him as the first ""Afro-Russian"" to be elected in the Russian Federation, and Document 5 defines Afro-Russians as people of recent African descent or those perceived to be dark-skinned who have migrated to and settled in Russia.",0.0,0.0,0.0,OK,
212,212,dpr,kmeans_k3,"Who was appointed to the board of supervisors first, Jeff Sheehy or Ed Lee?",5a8c8502554299585d9e36d0,"[22017, 11355]","[5105, 11355, 24433, 9299, 13927]",0.5,0.5,0.7023462057113647,0.09010462462902069,qwen3.5-122b,I cannot answer this based on the provided context.,0.0,0.0,0.0,OK,
213,213,dpr,kmeans_k3,John Seasock was a professional monster truck driver that last drove a truck sponsored by a company headquartered in what city?,5a8ceb7a554299441c6b9f7b,"[11213, 25686]","[3516, 22718, 11213, 23906, 12093]",0.5,0.3333333333333333,0.6391568779945374,0.04973301663994789,qwen3.5-122b,I cannot answer this based on the provided context.,0.0,0.0,0.0,OK,
214,214,dpr,kmeans_k3,What is the english translation of the name of style of novel of which The Company is an example?,5a8cefc155429941ae14df55,"[1980, 3971]","[3971, 8387, 1980, 4643, 23115]",1.0,1.0,0.7241788506507874,0.9853391051292419,qwen3.5-122b,"Based on the provided context, *The Company* is described as a ""roman à clef"" novel. According to Document 1, the English translation of ""roman à clef"" is **""novel with a key""**.",0.0,0.0,0.0,OK,
215,215,dpr,kmeans_k3,What color was the dog that Socks had conflicts with?,5a8d51355542994ba4e3dc6b,"[12447, 20180]","[8170, 5110, 12447, 24068, 20180]",1.0,0.3333333333333333,0.6312262415885925,0.8480083346366882,qwen3.5-122b,"Based on the provided context, the dog that Socks had conflicts with was **chocolate-colored**.

Document 3 states that Socks had ""continuing conflicts with Clinton's dog Buddy,"" and Document 5 describes Buddy as a ""male chocolate-colored Labrador Retriever.""",0.0,0.0,0.0,OK,
216,216,dpr,kmeans_k3,"What Province in Sicily, founded in the eighth century B.C., was the birthplace of the famous historical mathematician Archimedes?",5a8d64305542994ba4e3dc80,"[2748, 10491]","[22928, 10491, 20640, 7518, 2748]",1.0,0.5,0.6240650415420532,0.9721641540527344,qwen3.5-122b,"Based on the provided context, the **Province of Syracuse** (or the city of Syracuse, which is its capital) fits the description.

*   **Document 5** states that the city of Syracuse was ""established by Greek colonists arriving from Corinth in the **eighth century B.C.**"" and is the capital of the **Province of Syracuse**.
*   **Document 2** identifies Syracuse as the ""birthplace of the preeminent mathematician and engineer **Archimedes**.""

Therefore, the Province of Syracuse is the answer.",0.0,0.0,0.0,OK,
217,217,dpr,kmeans_k3,"Which male singer performed together with a female American singer, who was born in 1954 and whose third studio album was named Through His Eyes, have a hit duet with in 1985?",5a8db788554299653c1aa145,"[16151, 25249]","[25249, 16151, 23485, 7716, 17532]",1.0,1.0,0.6647695899009705,0.027471404522657394,qwen3.5-122b,"Based on the provided context, the female American singer born in 1954 whose third studio album was named *Through His Eyes* is **Marilyn Martin** (Document 1 and Document 2).

According to Document 1, she is best known for her 1985 hit duet with the male singer **Phil Collins**.

Answer: Phil Collins",0.0,0.0,0.0,OK,
218,218,dpr,kmeans_k3,"Many right wing WNP were  connected to a clandestine operation ran by a ""stay-behind""  operation ran by what organization?",5a8dcbc0554299068b959df4,"[10519, 1185]","[23653, 20809, 14949, 13251, 2667]",0.0,0.0,0.6359701156616211,0.049817826598882675,qwen3.5-122b,I cannot answer this based on the provided context.,0.0,0.0,0.0,OK,
219,219,dpr,kmeans_k3,What political party is the current Attorney General of Missouri associated with?,5a8dd5b855429917b4a5bcc6,"[10020, 20296]","[16967, 6426, 20296, 11988, 6824]",0.5,0.3333333333333333,0.6407085657119751,0.08028203994035721,qwen3.5-122b,I cannot answer this based on the provided context.,0.0,0.0,0.0,OK,
220,220,dpr,kmeans_k3,What team did Robbie Keane play for after Inter Milan?,5a8de02b554299068b959e13,"[9806, 23728]","[16395, 19170, 23728, 4946, 12238]",0.5,0.3333333333333333,0.6996424198150635,0.040380265563726425,qwen3.5-122b,I cannot answer this based on the provided context.,0.0,0.0,0.0,OK,
221,221,dpr,kmeans_k3,What is the prefix given to the end of the name to avoid confusion for the winner of the 1996 Record of the Year Grammy?,5a8de4595542995085b37348,"[6562, 7698]","[136, 3590, 20138, 5196, 23180]",0.0,0.0,0.6707602143287659,0.05854343995451927,qwen3.5-122b,I cannot answer this based on the provided context.,0.0,0.0,0.0,OK,
222,222,dpr,kmeans_k3,Are Ferocactus and Silene both types of plant?,5a8e068b5542995085b37384,"[3470, 24631]","[24018, 10198, 24631, 12303, 10794]",0.5,0.3333333333333333,0.6084328293800354,0.24760709702968597,qwen3.5-122b,"Based on the provided context, I cannot answer this based on the provided context.

The context confirms that **Silene** is a genus of flowering plants (Document 3), but it does not contain any information about **Ferocactus**.",0.0,0.0,0.0,OK,
223,223,dpr,kmeans_k3,In which county of New York was Circumstantial Productions founded?,5a8e3e9b5542995085b37402,"[14603, 1623]","[21629, 14603, 15593, 10245, 4913]",0.5,0.5,0.6772793531417847,0.957258403301239,qwen3.5-122b,"I cannot answer this based on the provided context.

The provided text states that Circumstantial Productions was founded in ""Nyack, New York,"" but it does not specify which county Nyack is located in.",0.0,0.0,0.0,OK,
224,224,dpr,kmeans_k3,Olivia DeJonge starred in an American horror film directed by Shyamalan called what,5a8ed10b5542995085b374a0,"[20000, 18119]","[18119, 20000, 16662, 23907, 15877]",1.0,1.0,0.6119205951690674,0.9991157054901123,qwen3.5-122b,"Based on the provided context, Olivia DeJonge starred in the American horror film directed by M. Night Shyamalan called **The Visit**.",0.0,0.0,0.0,OK,
225,225,dpr,kmeans_k3,What city is between Normanby le Wold and the A46 Junction between Lincoln and Grimsby?,5a8f18d555429918e830d189,"[12378, 25386]","[555, 25240, 3166, 4279, 2969]",0.0,0.0,0.6839752197265625,0.02216028794646263,qwen3.5-122b,I cannot answer this based on the provided context.,0.0,0.0,0.0,OK,
226,226,dpr,kmeans_k3,John DiMaggio voices the character Shnitzel on Cartoon Network series created by who?,5a8f1adc554299458435d577,"[15705, 25405]","[22481, 19694, 15705, 19445, 15539]",0.5,0.3333333333333333,0.678906261920929,0.8463664054870605,qwen3.5-122b,"Based on the provided context, John DiMaggio voices the character Shnitzel on the series *Chowder*. However, the text does not mention who created *Chowder*. It only states that Kyle Adam Carrozza created *Mighty Magiswords* and MooBeard the Cow Pirate.

Therefore, I cannot answer this based on the provided context.",0.0,0.0,0.0,OK,
227,227,dpr,kmeans_k3,Bill Bryson grew up in a city that is the seat of which county ?,5a8f5273554299458435d5b1,"[24172, 25542]","[24117, 17161, 24172, 7711, 16700]",0.5,0.3333333333333333,0.7431141138076782,0.15821146965026855,qwen3.5-122b,"I cannot answer this based on the provided context.

While Document 3 states that Bill Bryson grew up in Des Moines, Iowa, none of the provided documents mention which county Des Moines is the seat of.",0.0,0.0,0.0,OK,
228,228,dpr,kmeans_k3,"What year did the infantry regiment featured in the 2006 film ""Only the Brave"" begin?",5a8f53ad5542992414482a50,"[24880, 2658]","[24880, 665, 782, 8988, 15764]",0.5,1.0,0.6463331580162048,0.28755682706832886,qwen3.5-122b,"Based on the provided context, the 2006 film ""Only the Brave"" features the 100th Infantry Battalion/442nd Regimental Combat Team. However, the text does not state the year this infantry regiment began.

I cannot answer this based on the provided context.",0.0,0.0,0.0,OK,
229,229,dpr,kmeans_k3,"What member of the South Korean-Chinese boy group EXO stars in the upcoming movie ""The Underdog""?",5a8f68795542992414482ab5,"[22255, 13849]","[7268, 17649, 22255, 10828, 22273]",0.5,0.3333333333333333,0.6566717028617859,0.9998831152915955,qwen3.5-122b,"Based on the provided context, the member of the South Korean-Chinese boy group EXO who stars in the upcoming movie ""The Underdog"" is **Do Kyung-soo**.

Document 3 states that the film ""The Underdog"" stars ""Do Kyung-soo, Park So-dam and Park Chul-min in the lead roles."" While the provided text does not explicitly mention that Do Kyung-soo is a member of EXO, he is the only actor listed in the cast of ""The Underdog"" who fits the description of a member of a South Korean-Chinese boy group (a fact known generally, though the specific group affiliation is not detailed in the provided snippets). However, strictly adhering to the instruction to answer *only* based on the provided context, the text identifies **Do Kyung-soo** as the star of the film.

*Note: The provided context does not explicitly state that Do Kyung-soo is a member of EXO, but he is the only cast member mentioned for ""The Underdog"" who is widely known to be from that group. If strict adherence to ""only provided context"" prevents inferring his group membership, the answer based solely on the text is that Do Kyung-soo stars in the film.*

**Refined Answer based strictly on text:**
The provided context states that **Do Kyung-soo** stars in the upcoming movie ""The Underdog"" (Document 3). However, the provided text does not explicitly mention that he is a member of the boy group EXO.",0.0,0.0,0.0,OK,
230,230,dpr,kmeans_k3,"What national historic district is located near a village in the town of Philipstown, New York?",5a8f69b55542997ba9cb324f,"[20402, 1612]","[4418, 1623, 7529, 22424, 1938]",0.0,0.0,0.6284798383712769,0.02912336215376854,qwen3.5-122b,I cannot answer this based on the provided context.,0.0,0.0,0.0,OK,
231,231,dpr,kmeans_k3,Which NFL team did both Don Looney and DeSean Jackson play for?,5a8f7c9a55429918e830d239,"[5540, 25260]","[19497, 8366, 25260, 19751, 23997]",0.5,0.3333333333333333,0.6161970496177673,0.05541582033038139,qwen3.5-122b,I cannot answer this based on the provided context.,0.0,0.0,0.0,OK,
232,232,dpr,kmeans_k3,"The name od the Jason Hook album ""Safety Dunce"" is a play on the words of a song released in what year?",5a8f93f5554299458435d67e,"[3996, 5962]","[3996, 9221, 19336, 12066, 23204]",0.5,1.0,0.6958358883857727,0.05224323272705078,qwen3.5-122b,"Based on the provided context, the album title ""Safety Dunce"" is a play on the words of the song ""The Safety Dance"" by Men Without Hats. However, the text does not state the year in which ""The Safety Dance"" was released.

I cannot answer this based on the provided context.",0.0,0.0,0.0,OK,
233,233,dpr,kmeans_k3,"Which feature film was released earlier, One Magic Christmas or Muppet Treasure Island?",5a8fd9ac5542990a98493570,"[7363, 2743]","[22008, 893, 7363, 6668, 24158]",0.5,0.3333333333333333,0.6017551422119141,0.0927119106054306,qwen3.5-122b,I cannot answer this based on the provided context.,0.0,0.0,0.0,OK,
234,234,dpr,kmeans_k3,"Who co-starred in an episode of The ABC Comedy Hour with the man who played Duke Slater in ""Gomer Pyle, U.S.M.C.""?",5a8ff69655429916514e73f1,"[7326, 25678]","[6712, 25678, 7326, 23498, 5951]",1.0,0.5,0.6816712617874146,0.08005446940660477,qwen3.5-122b,"Based on the provided context, the man who played Duke Slater in ""Gomer Pyle, U.S.M.C."" is **Ronnie Schell** (Document 2).

According to Document 3, Ronnie Schell starred in a revival of the musical ""Hellzapoppin'"" on *The ABC Comedy Hour* alongside **Jack Cassidy**.

Therefore, the person who co-starred with him in that episode is **Jack Cassidy**.",0.0,0.0,0.0,OK,
235,235,dpr,kmeans_k3,What are the names of the members of the Detroit-based hip hop duo who has worked with Jason Gilbert?,5a90605d5542995651fb514d,"[12263, 5918]","[1375, 12263, 21505, 8546, 20232]",0.5,0.5,0.6189661026000977,0.07107605785131454,qwen3.5-122b,I cannot answer this based on the provided context.,0.0,0.0,0.0,OK,
236,236,dpr,kmeans_k3,Which of the three worst hotel fires in modern US History occurred most recently?,5ab1e76c554299449642c800,"[16361, 13234]","[10271, 19526, 13234, 2553, 22079]",0.5,0.3333333333333333,0.7336352467536926,0.9677836298942566,qwen3.5-122b,"Based on the provided context, the three hotel fires mentioned are:

1.  **Winecoff Hotel fire**: December 7, 1946 (119 fatalities)
2.  **La Salle Hotel fire**: June 5, 1946 (61 fatalities)
3.  **Canfield Hotel fire**: June 19, 1946 (19 fatalities)

The Winecoff Hotel fire occurred most recently among these three.",0.0,0.0,0.0,OK,
237,237,dpr,kmeans_k3,which is larger Asante Traditional Buildings or Gulangyu?,5ab1e984554299340b525428,"[9719, 8420]","[11267, 2764, 8420, 10600, 3179]",0.5,0.3333333333333333,0.6883185505867004,0.10361697524785995,qwen3.5-122b,I cannot answer this based on the provided context.,0.0,0.0,0.0,OK,
238,238,dpr,kmeans_k3,August R. Lindt served as chairman of a UN program from 1956 to 1960 that won how many noble prizes ?,5ab236645542993be8fa98c9,"[21485, 12156]","[8837, 8975, 21485, 25092, 23556]",0.5,0.3333333333333333,0.6723194718360901,0.06308824568986893,qwen3.5-122b,I cannot answer this based on the provided context.,0.0,0.0,0.0,OK,
239,239,dpr,kmeans_k3,Which City in the Miami metropolitan area is home to the Primetime Race Group?,5ab23d8a55429970612095c9,"[7539, 471]","[7539, 13715, 526, 24357, 20446]",0.5,1.0,0.639260470867157,0.9419125318527222,qwen3.5-122b,"Based on the provided context, the Primetime Race Group is from **Hollywood, Florida**.

(Note: While the text states the team is from Hollywood, Florida, it does not explicitly confirm that Hollywood is part of the Miami metropolitan area, but it is the only city mentioned in relation to the team.)",0.0,0.0,0.0,OK,
240,240,dpr,kmeans_k3,What word or phrase is found in both the history of Belgium and cockfighting?,5ab259b25542993be8fa98de,"[17447, 22977]","[22977, 17447, 20607, 24597, 2591]",1.0,1.0,0.7350470423698425,0.3481106162071228,qwen3.5-122b,"Based on the provided context, the word found in both the history of Belgium and cockfighting is **""cockpit""**.

*   **Document 1** states that a cockfight is held in a ring called a **cockpit**.
*   **Document 2** states that Belgium has often been called the ""**cockpit** of Europe"".",0.0,0.0,0.0,OK,
241,241,dpr,kmeans_k3,"From March 631 to April 631, Farrukhzad Khosrau V was the king of an empire that succeeded which empire?",5ab2659e554299340b5254b2,"[16861, 23420]","[23420, 16861, 8880, 11489, 22696]",1.0,1.0,0.5985637307167053,0.6688410043716431,qwen3.5-122b,"Based on the provided context, Farrukhzad Khosrau V was the king of the Sasanian Empire (Document 2). The Sasanian Empire succeeded the **Parthian Empire** (Document 1).",0.0,0.0,0.0,OK,
242,242,dpr,kmeans_k3,The term Moneybomb was coined by Trevor Lyman to describe a massive online donation drive on behalf of a presidential candidate that was the first chairman of what PAC?,5ab266b5554299340b5254b4,"[2736, 3970]","[3544, 18210, 2736, 25388, 17269]",0.5,0.3333333333333333,0.6985999345779419,0.0694509819149971,qwen3.5-122b,I cannot answer this based on the provided context.,0.0,0.0,0.0,OK,
243,243,dpr,kmeans_k3,Do The Importance of Being Icelandic and The Five Obstructions belong to different film genres ?,5ab271fe554299449642c8a6,"[863, 15854]","[15854, 489, 863, 12361, 19427]",1.0,1.0,0.6931095719337463,0.31955263018608093,qwen3.5-122b,"Yes, based on the provided context, they belong to the same film genre. Both *The Importance of Being Icelandic* (Document 3) and *The Five Obstructions* (Document 1) are described as **documentary films**.",0.0,0.0,0.0,OK,
244,244,dpr,kmeans_k3,Which tendencies does a group like Uyoku dantai fall under?,5ab29bdc554299545a2cf9d1,"[7963, 7054]","[6608, 7963, 244, 8958, 6918]",0.5,0.5,0.712910532951355,0.9997996687889099,qwen3.5-122b,"Based on the provided context, a group like Uyoku dantai falls under the tendencies of being **Japanese ultranationalist far-right groups**.",0.0,0.0,0.0,OK,
245,245,dpr,kmeans_k3,"Who married a man who starred in Marcus Welby, M.D.?",5ab2b666554299194fa934ca,"[25085, 13771]","[21265, 15786, 25085, 16208, 25009]",0.5,0.3333333333333333,0.7571747899055481,0.08700544387102127,qwen3.5-122b,I cannot answer this based on the provided context.,0.0,0.0,0.0,OK,
246,246,dpr,kmeans_k3,"The author of ""The New American Story "" served three terms as a US Senator from what state?",5ab2e3a15542992953946893,"[178, 10649]","[11095, 178, 3547, 15240, 8984]",0.5,0.5,0.7016684412956238,0.8519142270088196,qwen3.5-122b,"I cannot answer this based on the provided context.

The provided text states that ""The New American Story"" was written by Bill Bradley, a former United States Senator, but it does not specify which state he represented or the number of terms he served.",0.0,0.0,0.0,OK,
247,247,dpr,kmeans_k3,"Which type of character is featured by the P.L. Travers's third book and last novel in the ""Mary Poppins"" series?",5ab322b1554299194fa93570,"[75, 24937]","[11989, 9958, 75, 21336, 24676]",0.5,0.3333333333333333,0.6415666341781616,0.9994562864303589,qwen3.5-122b,"Based on the provided context, the character featured in P.L. Travers's third book and last novel in the ""Mary Poppins"" series is a **magical English nanny** named Mary Poppins.",0.0,0.0,0.0,OK,
248,248,dpr,kmeans_k3,"What boy band formed in Orlando, Florida in 1993 performed at the 2001 Kids Choice Awards?",5ab3244c554299233954ff29,"[4050, 986]","[2813, 4050, 6808, 25754, 19351]",0.5,0.5,0.668258547782898,0.07852143049240112,qwen3.5-122b,I cannot answer this based on the provided context.,0.0,0.0,0.0,OK,
249,249,dpr,kmeans_k3,How do the Peter Laufer books Forbidden Creatures and No Animals Were Harmed differ in their focus on animals?,5ab3cecd5542992ade7c6eae,"[14697, 14692]","[5824, 114, 14692, 6906, 23290]",0.5,0.3333333333333333,0.6824773550033569,0.08915627747774124,qwen3.5-122b,I cannot answer this based on the provided context.,0.0,0.0,0.0,OK,
250,250,dpr,kmeans_k3,Who was the team president of the 2012 Cleveland Browns?,5ab42d6055429942dd415eb0,"[13279, 1484]","[1484, 23137, 22614, 13279, 15240]",1.0,1.0,0.709025502204895,0.9383895397186279,qwen3.5-122b,"Based on the provided context, the team president of the 2012 Cleveland Browns was **Mike Holmgren** (also referred to as Michael George Holmgren).

Document 4 states: ""The 2012 season was the third season under the leadership of team president Mike Holmgren...""",0.0,0.0,0.0,OK,
251,251,dpr,kmeans_k3,To where did the war criminal who is the fictional defendant in the film After the Truth flee in real life ?,5ab4304a55429942dd415ec5,"[16694, 25092]","[10271, 16694, 11570, 5209, 24811]",0.5,0.5,0.7041447758674622,0.20959001779556274,qwen3.5-122b,I cannot answer this based on the provided context.,0.0,0.0,0.0,OK,
252,252,dpr,kmeans_k3,Do Lush and P.O.D. both consist of four band members?,5ab4428c5542990594ba9bda,"[4103, 6701]","[22983, 4103, 21391, 23631, 24390]",0.5,0.5,0.6807687878608704,0.08460458368062973,qwen3.5-122b,I cannot answer this based on the provided context.,0.0,0.0,0.0,OK,
253,253,dpr,kmeans_k3,Who provided the source material for the 2015 Australian revenge comedy-drama film in which Rebecca Gibney featured?,5ab46f4e5542991751b4d770,"[14935, 18366]","[10433, 7568, 18366, 4109, 14326]",0.5,0.3333333333333333,0.7217022776603699,0.9397066235542297,qwen3.5-122b,"I cannot answer this based on the provided context.

(Note: While Document 3 describes the 2015 Australian revenge comedy-drama film *The Dressmaker* and states it is based on a novel by Rosalie Ham, the provided text does not mention that Rebecca Gibney featured in the film.)",0.0,0.0,0.0,OK,
254,254,dpr,kmeans_k3,"At the 46th Grammy Awards, which award did the album by The White Stripes, which included the song Seven Nation Army, win?",5ab474135542991751b4d77b,"[8564, 10963]","[4124, 13255, 8564, 16176, 12942]",0.5,0.3333333333333333,0.7035996317863464,0.07736457139253616,qwen3.5-122b,I cannot answer this based on the provided context.,0.0,0.0,0.0,OK,
255,255,dpr,kmeans_k3,"Which facility was founded in Missouri, Discovery Zone or Valentino's?",5ab484415542990594ba9c44,"[25725, 10636]","[25725, 11092, 14883, 10636, 7176]",1.0,1.0,0.6649696230888367,0.3047245144844055,qwen3.5-122b,"Based on the provided context, **Discovery Zone** was founded in Missouri.

Document 1 states that the first Discovery Zone location was opened in Kansas City, Missouri, in October 1989. In contrast, Document 4 indicates that Valentino's is based in Lincoln, Nebraska.",0.0,0.0,0.0,OK,
256,256,dpr,kmeans_k3,Both Truth in Science and Discovery embrace what campaign?,5ab4e3065542990594ba9cb4,"[25109, 17812]","[23034, 4831, 25109, 12304, 17812]",1.0,0.3333333333333333,0.649777352809906,0.5753315687179565,qwen3.5-122b,"Based on the provided context, both Truth in Science and the Discovery Institute embrace the ""Teach the Controversy"" campaign.

*   **Document 3** states that Truth in Science ""promotes the Discovery Institute's 'Teach the Controversy' campaign.""
*   **Document 5** states that the Discovery Institute's ""'Teach the Controversy' campaign aims to permit teaching of anti-evolution, intelligent-design beliefs.""",0.0,0.0,0.0,OK,
257,257,dpr,kmeans_k3,What is the nationality of the most successful female ski racer ever?,5ab503db5542990594ba9cc8,"[191, 15876]","[10821, 11340, 191, 2815, 10433]",0.5,0.3333333333333333,0.7018629312515259,0.9982415437698364,qwen3.5-122b,"Based on the provided context, I cannot answer this question.

Document 3 states that Verena ""Vreni"" Schneider is the ""third most successful female ski racer ever (after Lindsey Vonn and Annemarie Moser-Pröll),"" but it does not provide the nationalities of Lindsey Vonn or Annemarie Moser-Pröll, who are the two racers ranked higher than her. Therefore, the nationality of the *most* successful female ski racer ever cannot be determined from the text.",0.0,0.0,0.0,OK,
258,258,dpr,kmeans_k3,What was the budget of the film in which Kodi Smit-McPhee voiced Norman Babcock?,5ab5062f55429942dd415fd1,"[854, 12076]","[23546, 24476, 10750, 2235, 5175]",0.0,0.0,0.6924756765365601,0.13628563284873962,qwen3.5-122b,I cannot answer this based on the provided context.,0.0,0.0,0.0,OK,
259,259,dpr,kmeans_k3,"Who won the 2007 Copa America Final, with help from Julio Baptista?",5ab514dc5542990594ba9cfa,"[10234, 6555]","[1175, 20053, 10234, 1168, 12760]",0.5,0.3333333333333333,0.5725988149642944,0.9994533061981201,qwen3.5-122b,"Based on the provided context, **Brazil** won the 2007 Copa América Final. The match was held on July 15, 2007, against Argentina, and Brazil secured a 3–0 victory with goals from Júlio Baptista, an own goal by Roberto Ayala, and a goal by Dani Alves.",0.0,0.0,0.0,OK,
260,260,dpr,kmeans_k3,God Is Not Great is by a journalist which due to his actions made him what?,5ab53bee554299637185c526,"[611, 7524]","[9830, 611, 24555, 20450, 14528]",0.5,0.5,0.7054222226142883,0.3154903054237366,qwen3.5-122b,I cannot answer this based on the provided context.,0.0,0.0,0.0,OK,
261,261,dpr,kmeans_k3,"The producer of ""Live By NIght"" began his film career playing what role in ""Critters 3""?",5ab545d3554299494045ef5c,"[13962, 21971]","[8974, 22337, 24794, 21619, 17423]",0.0,0.0,0.7169033288955688,0.12111447006464005,qwen3.5-122b,I cannot answer this based on the provided context.,0.0,0.0,0.0,OK,
262,262,dpr,kmeans_k3,"What is the birthdate of this American actor, director, and producer, who starred in Not Another B Movie?",5ab58ee6554299488d4d99d6,"[13066, 6018]","[14405, 13066, 13771, 16700, 5373]",0.5,0.5,0.6611518859863281,0.2174375057220459,qwen3.5-122b,"I cannot answer this based on the provided context.

The provided text states that *Not Another B Movie* was written and directed by John Wesley Norton and lists several actors who starred in it (Byron Thames, Larry Thomas, James Vallo, David Faustino, Joe Estevez, and Ed Asner). However, none of the documents provide the birthdate for John Wesley Norton or any of the listed actors.",0.0,0.0,0.0,OK,
263,263,dpr,kmeans_k3,Prominent Danish Tibetologist Per Kjeld Sørensen is a professor of Central Asian Studies at Leipzig University that was founded by who?,5ab5ac345542992aa134a37f,"[20323, 13198]","[20323, 4966, 2784, 15280, 12638]",0.5,1.0,0.6234570145606995,0.037734344601631165,qwen3.5-122b,I cannot answer this based on the provided context.,0.0,0.0,0.0,OK,
264,264,dpr,kmeans_k3,"Who is Bruce Spizer an expert on, known as the most influential act of the rock era?",5ab5ed505542997d4ad1f255,"[8469, 11122]","[11122, 12060, 8469, 20415, 23272]",1.0,1.0,0.6357883214950562,0.9562563896179199,qwen3.5-122b,"Based on the provided context, Bruce Spizer is an expert on **The Beatles**.

Document 3 identifies David ""Bruce"" Spizer as an expert on The Beatles, and Document 1 describes The Beatles as ""widely regarded as the foremost and most influential act of the rock era.""",0.0,0.0,0.0,OK,
265,265,dpr,kmeans_k3,"Which is in the family Rutaceae, the Diplolaena or the Arenaria?",5ab5eed65542997d4ad1f25c,"[25467, 11029]","[20880, 24835, 9510, 1723, 23737]",0.0,0.0,0.681693434715271,0.03473846986889839,qwen3.5-122b,I cannot answer this based on the provided context.,0.0,0.0,0.0,OK,
266,266,dpr,kmeans_k3,The Church of England's Oxford Movement was opposed by a clergyman who wrote what type of literature?,5ab61798554299488d4d9aaa,"[2415, 10019]","[24597, 10019, 4262, 11503, 25154]",0.5,0.5,0.6669995188713074,0.14333459734916687,qwen3.5-122b,I cannot answer this based on the provided context.,0.0,0.0,0.0,OK,
267,267,dpr,kmeans_k3,Are Broughtonia and Laeliocattleya both orchids?,5ab642845542995eadeeff8e,"[10779, 10794]","[10794, 24884, 25058, 10198, 3341]",0.5,1.0,0.631240963935852,0.023611046373844147,qwen3.5-122b,I cannot answer this based on the provided context.,0.0,0.0,0.0,OK,
268,268,dpr,kmeans_k3,"Which American audio engineer and clandestine chemist, who was a key figure in the San Francisco Bay Area hippie movement during the 1960s recorded the album ""Old and in the Way?""",5ab69c25554299110f219a39,"[24595, 25033]","[20775, 5024, 25033, 5367, 4839]",0.5,0.3333333333333333,0.7225235104560852,0.07123380899429321,qwen3.5-122b,I cannot answer this based on the provided context.,0.0,0.0,0.0,OK,
269,269,dpr,kmeans_k3,What kind of act does Whaling in Australia and Right whale have in common?,5ab6cebd55429954757d3378,"[22824, 11260]","[22824, 9246, 14276, 11260, 4326]",1.0,1.0,0.6603727340698242,0.43959105014801025,qwen3.5-122b,"Based on the provided context, the common act is **whaling** (or being hunted/killed by whalers).

*   **Document 1** states that ""Whaling in Australia commenced in 1791"" and that ""right whales"" were among the main varieties hunted.
*   **Document 4** explains that right whales were identified by whalers as the ""right"" whale to **kill on a hunt**.",0.0,0.0,0.0,OK,
270,270,dpr,kmeans_k3,The football manager who recruited David Beckham managed Manchester United during what timeframe?,5ab6d09255429954757d337d,"[2569, 17883]","[17883, 25350, 2569, 25870, 12505]",1.0,1.0,0.6163004636764526,0.06175642088055611,qwen3.5-122b,"Based on the provided context, the football manager who recruited David Beckham is Alex Ferguson (as noted in Document 3, where he drafted in young players including David Beckham). According to Document 1, Sir Alexander Chapman Ferguson managed Manchester United from **1986 to 2013**.",0.0,0.0,0.0,OK,
271,271,dpr,kmeans_k3,Roden Brothers were taken over in 1953 by a group headquartered in which Canadian city ?,5ab6ddb655429953192ad39e,"[17797, 5009]","[9972, 6132, 17797, 7696, 6283]",0.5,0.3333333333333333,0.6632126569747925,0.9039899706840515,qwen3.5-122b,"Based on the provided context, I cannot answer this based on the provided context.

Document 3 states that Roden Brothers were taken over by ""Henry Birks and Sons"" in 1953, but it does not specify the city where Henry Birks and Sons was headquartered.",0.0,0.0,0.0,OK,
272,272,dpr,kmeans_k3,Who was a supporting cast member of King Rat and was knighted in February 2001?,5ab6e8e6554299710c8d1faf,"[1130, 3718]","[3761, 5165, 1130, 22589, 4811]",0.5,0.3333333333333333,0.7137098908424377,0.08439145237207413,qwen3.5-122b,I cannot answer this based on the provided context.,0.0,0.0,0.0,OK,
273,273,dpr,kmeans_k3,"What is the name of the physician who studied the cause of the 1854 Broad Street cholera outbreak in London, England?",5ab70c41554299110f219a9d,"[4072, 885]","[16514, 11045, 885, 19098, 4072]",1.0,0.3333333333333333,0.6542508602142334,0.9425212144851685,qwen3.5-122b,"Based on the provided context, the physician who studied the cause of the 1854 Broad Street cholera outbreak in London, England, is **John Snow**.

Document 3 identifies him as an English physician who traced the source of a cholera outbreak in Soho, London, in 1854. Document 4 further confirms that the outbreak is best known for his study of its causes and his hypothesis that contaminated water was the source.",0.0,0.0,0.0,OK,
274,274,dpr,kmeans_k3,SS Ionic was built by the industrial company based in what city?,5ab7b0775542992aa3b8c83e,"[2648, 6388]","[12854, 6388, 2648, 24841, 22794]",1.0,0.5,0.6068839430809021,0.7983503341674805,qwen3.5-122b,"Based on the provided context, SS Ionic was built by Harland and Wolff, which is located in **Belfast**.

(Document 3 states: ""SS Ionic was a steam-powered ocean liner built in 1902 by Harland and Wolff in Belfast..."")
(Document 2 confirms: ""Harland & Wolff Heavy Industries... located in Belfast, Northern Ireland."")",0.0,0.0,0.0,OK,
275,275,dpr,kmeans_k3,"Why are many of the band, Hirsute Pursuit's songs considered controversial?",5ab804305542995dae37ea14,"[21048, 17630]","[21048, 24571, 25409, 24458, 20313]",0.5,1.0,0.7284256219863892,0.999908983707428,qwen3.5-122b,"Based on the provided context, many of Hirsute Pursuit's songs are considered controversial due to their **explicit nature** and their thematic focus on **homosexuality, gay sex, and the gay bear subculture**. This controversial and explicit content has frequently led to their videos being taken down from YouTube.",0.0,0.0,0.0,OK,
276,276,dpr,kmeans_k3,Which direction do both the M1 and the M6 Motorways travel?,5ab815865542995dae37ea2d,"[4673, 4672]","[24503, 10883, 4672, 19723, 4673]",1.0,0.3333333333333333,0.5821665525436401,0.07756717503070831,qwen3.5-122b,"Based on the provided context, both the M1 and the M6 motorways travel in a **south-north** direction.

*   **Document 5** states: ""The M1 is a **south-north** motorway in England...""
*   **Document 3** states: ""The M6 motorway runs from junction 19 of the M1... and **heads north**...""",0.0,0.0,0.0,OK,
277,277,dpr,kmeans_k3,Carlos Alberto Hurtado played on loan from a mexican team which plays where?,5ab833ad5542990e739ec86f,"[20173, 1268]","[6555, 19026, 12238, 25037, 14978]",0.0,0.0,0.6282755732536316,0.05079752579331398,qwen3.5-122b,I cannot answer this based on the provided context.,0.0,0.0,0.0,OK,
278,278,dpr,kmeans_k3,The Red Queen's Race is a science fiction short story that uses the Red Queen's race from a novel by Lewis Carroll that is the sequel to what?,5ab84f2c55429934fafe6d54,"[1512, 11989]","[1512, 11199, 19898, 3853, 22710]",0.5,1.0,0.6498230695724487,0.8010826706886292,qwen3.5-122b,"Based on the provided context, the Red Queen's race is from Lewis Carroll's ""Through the Looking-Glass,"" which is the sequel to ""Alice's Adventures in Wonderland."" However, the provided text does not explicitly state what ""Through the Looking-Glass"" is the sequel to.

Therefore, I cannot answer this based on the provided context.",0.0,0.0,0.0,OK,
279,279,dpr,kmeans_k3,Erskine Academy is located in a village in what county?,5ab850795542990e739ec8bd,"[1923, 2677]","[3774, 1923, 2544, 25827, 16927]",0.5,0.5,0.6256130933761597,0.09594175219535828,qwen3.5-122b,I cannot answer this based on the provided context.,0.0,0.0,0.0,OK,
280,280,dpr,kmeans_k3,"Which peak is flanked by Manaslu, Shispare or Ngadi Chuli?",5ab852c05542990e739ec8c5,"[18147, 11093]","[23866, 14563, 18147, 11374, 10572]",0.5,0.3333333333333333,0.5609291791915894,0.02449778839945793,qwen3.5-122b,I cannot answer this based on the provided context.,0.0,0.0,0.0,OK,
281,281,dpr,kmeans_k3,Substorm was described in qualitative terms by a scientist nominated for what seven times?,5ab864945542990e739ec8e1,"[9605, 23854]","[9605, 4831, 24363, 5388, 15356]",0.5,1.0,0.6896041631698608,0.04668930172920227,qwen3.5-122b,I cannot answer this based on the provided context.,0.0,0.0,0.0,OK,
282,282,dpr,kmeans_k3,Lucas da Silva Carvalho was an unused reserve runner for a Brazilian athletics track event which at top class events is run in lanes for the first what?,5ab865235542992aa3b8c8db,"[22927, 5523]","[17586, 23651, 5523, 25102, 17454]",0.5,0.3333333333333333,0.7207887768745422,0.018968557938933372,qwen3.5-122b,I cannot answer this based on the provided context.,0.0,0.0,0.0,OK,
283,283,dpr,kmeans_k3,What profession was both John Updike and Bret Easton Ellis ?,5ab8764155429919ba4e22fe,"[3437, 4643]","[24234, 17069, 4643, 22166, 3437]",1.0,0.3333333333333333,0.6881107091903687,0.4715487062931061,qwen3.5-122b,"Based on the provided context, both John Updike and Bret Easton Ellis were **authors** (specifically, Updike is described as an ""American novelist"" and Ellis as an ""American author"").

Additionally, both are described as **short story writers**.",0.0,0.0,0.0,OK,
284,284,dpr,kmeans_k3,Are John le Carré and Tim Winton both novelists?,5ab90e9755429934fafe6e51,"[4612, 165]","[24493, 4643, 6422, 13207, 2330]",0.0,0.0,0.706706166267395,0.11255985498428345,qwen3.5-122b,I cannot answer this based on the provided context.,0.0,0.0,0.0,OK,
285,285,dpr,kmeans_k3,Is there fruit juice in both a Fizz and a Painkiller cocktail?,5ab934465542996be202043e,"[25675, 1128]","[15125, 4622, 1128, 23265, 25675]",1.0,0.3333333333333333,0.669748067855835,0.3094337582588196,qwen3.5-122b,"Yes, based on the provided context, both cocktails contain fruit juice.

*   **Document 5** states that a ""fizz"" is defined by features including an **acidic juice (such as lemon or lime)**.
*   **Document 3** states that a ""Painkiller"" is a blend that includes **pineapple juice** and **orange juice**.",0.0,0.0,0.0,OK,
286,286,dpr,kmeans_k3,"The non-fiction book ""Finding Chandra"" is about an affair between the victim and a congressman that holds a B.B.A from what school?",5ab973b35542996be20204fd,"[9608, 22274]","[4912, 12119, 9608, 25268, 24811]",0.5,0.3333333333333333,0.7568073272705078,0.16089487075805664,qwen3.5-122b,I cannot answer this based on the provided context.,0.0,0.0,0.0,OK,
287,287,dpr,kmeans_k3,"Which sister of Margarita ""Peggy"" Schuyler Van Rensselaer is sometimes called Betsey?",5ab9d0b755429955dce3ed8f,"[21216, 252]","[24964, 12667, 21216, 252, 7079]",1.0,0.3333333333333333,0.5945430994033813,0.9526193141937256,qwen3.5-122b,"Based on the provided context, the sister of Margarita ""Peggy"" Schuyler Van Rensselaer who is sometimes called ""Betsey"" is **Elizabeth Hamilton** (née Schuyler).

Document 3 identifies Elizabeth Schuyler Hamilton as Peggy's sister, and Document 4 states that Elizabeth Hamilton was ""sometimes called 'Eliza' or 'Betsey'.""",0.0,0.0,0.0,OK,
288,288,dpr,kmeans_k3,Are Eve Beglarian and Zach Bogosian both of Armenian descent?,5ab9ddef5542994dbf019875,"[22531, 4421]","[10271, 15879, 737, 4780, 10533]",0.0,0.0,0.6950176358222961,0.5762379169464111,qwen3.5-122b,I cannot answer this based on the provided context.,0.0,0.0,0.0,OK,
289,289,dpr,kmeans_k3,"The English actor Kris Marshall played which character in the highly rated comedy-drama television series ""Death in Paradise""?",5ab9debb55429955dce3ed97,"[17157, 12938]","[21657, 24586, 12938, 24868, 25229]",0.5,0.3333333333333333,0.6917821168899536,0.971171498298645,qwen3.5-122b,"I cannot answer this based on the provided context.

The provided text states that Kris Marshall starred in ""Death in Paradise"" for series 3–6, but it does not specify the name of the character he played.",0.0,0.0,0.0,OK,
290,290,dpr,kmeans_k3,In what year was the scientific journal for which Danilo Erricolo is currently Editor-in-Chief established?,5aba18ee5542994dbf0198b4,"[22478, 9472]","[5190, 24665, 11372, 21435, 15162]",0.0,0.0,0.641600489616394,0.07045863568782806,qwen3.5-122b,I cannot answer this based on the provided context.,0.0,0.0,0.0,OK,
291,291,dpr,kmeans_k3,Yakuza Kiwami is a remake of the first video game in what video game series that is an open world action-adventure beat 'em up video game franchise?,5aba510f5542994dbf0198d6,"[22508, 8958]","[6608, 24000, 8958, 17571, 15367]",0.5,0.3333333333333333,0.693923830986023,0.8098251223564148,qwen3.5-122b,"Based on the provided context, the video game series described as an ""open world action-adventure beat 'em up video game franchise"" is **Yakuza** (known in Japan as *Ryū ga Gotoku*).

The text states: ""Yakuza, known in Japan as Ryū ga Gotoku (龍が如く , ""Like a Dragon"") , is an open world action-adventure beat 'em up video game franchise created, owned and published by Sega.""

(Note: While the provided text does not explicitly mention ""Yakuza Kiwami"" or state that it is a remake, it identifies ""Yakuza"" as the franchise matching the specific genre description in your question.)",0.0,0.0,0.0,OK,
292,292,dpr,kmeans_k3,"Giuseppe Tornatore, an italian film director and screenwriter, wrote and directed his film ""The Best Offer"" in what language?",5aba6d4b5542994dbf019906,"[17780, 14963]","[14963, 14954, 17780, 15258, 23804]",1.0,1.0,0.6793004870414734,0.8989301323890686,qwen3.5-122b,"Based on Document 1, Giuseppe Tornatore's film ""The Best Offer"" is an **Italian English-language** film.",0.0,0.0,0.0,OK,
293,293,dpr,kmeans_k3,The Indigenous Team of the Century's coach played over how many games at senior level?,5aba7a22554299232ef4a2e7,"[9170, 25933]","[5710, 17436, 9170, 25331, 18944]",0.5,0.3333333333333333,0.6514333486557007,0.03307275474071503,qwen3.5-122b,I cannot answer this based on the provided context.,0.0,0.0,0.0,OK,
294,294,dpr,kmeans_k3,"Which Canadian Province was captured with the support of the Mi'kmaq, Maliseet, Passamaquoddy, Abenaki, and Penobscot?",5aba916c55429901930fa83b,"[9455, 2012]","[9455, 5755, 2012, 10549, 2159]",1.0,1.0,0.692806601524353,0.9803361296653748,qwen3.5-122b,"Based on the provided context, the Canadian Province is **Nova Scotia** (formerly known as peninsular Acadia).

According to Document 1, the Siege of Port Royal (1710) was conducted against a French Acadian garrison and the **Wabanaki Confederacy**. Document 3 identifies the Wabanaki Confederacy as a confederation of five principal nations: the **Mi'kmaq, Maliseet, Passamaquoddy, Abenaki, and Penobscot**. Document 1 further states that the successful British siege marked the beginning of permanent British control over the peninsular portion of Acadia, which they renamed **Nova Scotia**.",0.0,0.0,0.0,OK,
295,295,dpr,kmeans_k3,Which Formula One World Champion had a teammate named Richie Ginther?,5aba926f55429901930fa83e,"[654, 8570]","[25336, 25690, 8570, 6900, 9110]",0.5,0.3333333333333333,0.6521223783493042,0.05880405008792877,qwen3.5-122b,I cannot answer this based on the provided context.,0.0,0.0,0.0,OK,
296,296,dpr,kmeans_k3,What was the title of the failed magazine that preceded and inspired the The Science Fiction League?,5aba97ed55429901930fa84d,"[18108, 3044]","[14886, 2730, 18108, 18728, 17266]",0.5,0.3333333333333333,0.6777193546295166,0.03774800896644592,qwen3.5-122b,I cannot answer this based on the provided context.,0.0,0.0,0.0,OK,
297,297,dpr,kmeans_k3,Andrew Stanton co-directed which film which featured greedy grasshoppers?,5aba9e545542994dbf019986,"[4757, 19185]","[23546, 25829, 25913, 2801, 14954]",0.0,0.0,0.7108423113822937,0.10457803308963776,qwen3.5-122b,I cannot answer this based on the provided context.,0.0,0.0,0.0,OK,
298,298,dpr,kmeans_k3,How many Golden Globe Awards did this English retired actress whose career has spanned over six decades and who appeared in the two-act drama Moby Dick—Rehearsed by Orson Welles?,5abac89d55429901930fa8b5,"[17457, 11151]","[17203, 11151, 7620, 5165, 128]",0.5,0.5,0.7305287718772888,0.997908353805542,qwen3.5-122b,"Based on the provided context, I cannot answer this question.

While Document 2 describes an English retired actress (Joan Ann Plowright) whose career has spanned over six decades and who won two Golden Globe Awards, the provided text does not mention that she appeared in the two-act drama *Moby Dick—Rehearsed* by Orson Welles. Therefore, I cannot confirm if the question refers to the actress in the text based solely on the information given.",0.0,0.0,0.0,OK,
299,299,dpr,kmeans_k3,In what part of England is John Folwes' country house located?,5abacac45542996cc5e49e94,"[20071, 6422]","[19423, 16885, 20071, 10347, 3461]",0.5,0.3333333333333333,0.6098424792289734,0.9643271565437317,qwen3.5-122b,"Based on the provided context, John Fowles' country house, Belmont, is located near Lyme Regis in **West Dorset, South West England**.

*(Note: The context refers to the novelist as ""John Fowles,"" not ""John Folwes"" as written in the question.)*",0.0,0.0,0.0,OK,
300,300,dpr,kmeans_k3,Curious is a women's fragrance by a singer born in what city and state?,5abaccd1554299660624161b,"[14248, 13075]","[7639, 5156, 14248, 7546, 21291]",0.5,0.3333333333333333,0.6935338377952576,0.0723719522356987,qwen3.5-122b,I cannot answer this based on the provided context.,0.0,0.0,0.0,OK,
301,301,dpr,kmeans_k3,What award did the writer of Never Let Me Go novel win in 1989?,5abae3205542996cc5e49edc,"[4031, 2087]","[4031, 4537, 14630, 2476, 2730]",0.5,1.0,0.6451319456100464,0.993139922618866,qwen3.5-122b,"Based on the provided context, the writer of the novel *Never Let Me Go* is Kazuo Ishiguro. He won the **Booker Prize** in 1989 for his novel *The Remains of the Day*.",0.0,0.0,0.0,OK,
302,302,dpr,kmeans_k3,White love was what number of single created by a record label est in 2008 by Kim Shi Dao?,5abafb6d5542992ccd8e7e92,"[16888, 12840]","[18405, 17649, 16888, 20934, 1014]",0.5,0.3333333333333333,0.5985857844352722,0.08032888174057007,qwen3.5-122b,I cannot answer this based on the provided context.,0.0,0.0,0.0,OK,
303,303,dpr,kmeans_k3,How many constituents does Greg Gianforte's district have?,5abb14a55542992ccd8e7f06,"[11988, 25940]","[19764, 17857, 7960, 10692, 21844]",0.0,0.0,0.6921719312667847,0.03895832970738411,qwen3.5-122b,I cannot answer this based on the provided context.,0.0,0.0,0.0,OK,
304,304,dpr,kmeans_k3,Harry Emerson Fosdick was called to serve as pastor at a church that opened its doors on what date?,5abb2f2f554299232ef4a3d7,"[25912, 1349]","[19139, 128, 25912, 3111, 20694]",0.5,0.3333333333333333,0.7253934144973755,0.07077017426490784,qwen3.5-122b,I cannot answer this based on the provided context.,0.0,0.0,0.0,OK,
305,305,dpr,kmeans_k3,"The world's greatest Super-Heroes anthology showcased one of four superheroes known for speaking the phrase ""SHAZAM"", what was their name?",5abb342055429966062416e8,"[2617, 16362]","[17461, 2617, 16362, 7172, 4494]",1.0,0.5,0.6531923413276672,0.7859476804733276,qwen3.5-122b,"Based on the provided context, the superhero known for speaking the phrase ""SHAZAM"" is **Captain Marvel** (also known as Shazam).

Document 2 states that the *The World's Greatest Super-Heroes* anthology included four graphic novels celebrating DC main characters: Superman, Batman, Captain Marvel, and Wonder Woman. Document 3 confirms that Captain Marvel is the character who transforms by speaking the magic word ""SHAZAM"".",0.0,0.0,0.0,OK,
306,306,dpr,kmeans_k3,Jean-Paul Sartre or George Bernard Shaw  have more influence on turn of the century literature?,5abbb42555429931dba144af,"[3723, 1726]","[1155, 16390, 6422, 3623, 3971]",0.0,0.0,0.6698559522628784,0.0385575070977211,qwen3.5-122b,I cannot answer this based on the provided context.,0.0,0.0,0.0,OK,
307,307,dpr,kmeans_k3,"Which genus of plant grows originally in Mexico and Guatemala, Phylica or Weldenia?",5abbc4d255429931dba144fe,"[1787, 11876]","[25058, 11876, 10198, 1787, 18186]",1.0,0.5,0.6021836996078491,0.23017552495002747,qwen3.5-122b,"Based on the provided context, **Weldenia** is the genus that grows originally in Mexico and Guatemala.

Document 2 states: ""Weldenia candida, which grows originally in Mexico and Guatemala."" In contrast, Document 4 indicates that *Phylica* is primarily restricted to South Africa.",0.0,0.0,0.0,OK,
308,308,dpr,kmeans_k3,Are Cardinal Health and Kansas City Southern located in the same state?,5abbd58d554299660624172f,"[205, 18601]","[205, 7189, 25942, 4330, 24831]",0.5,1.0,0.6071764826774597,0.07352714985609055,qwen3.5-122b,I cannot answer this based on the provided context.,0.0,0.0,0.0,OK,
309,309,dpr,kmeans_k3,"Which is larger, Garajonay National Park or Guadarrama National Park?",5abbdb195542993f40c73bf1,"[11172, 24782]","[11172, 19940, 8690, 24782, 9598]",1.0,1.0,0.6552625894546509,0.9499471187591553,qwen3.5-122b,"Based on the provided context, **Guadarrama National Park** (Sierra de Guadarrama National Park) is larger.

*   **Garajonay National Park** occupies **40 km²** (15 sq mi).
*   **Guadarrama National Park** covers nearly **34,000 hectares**.

Since 34,000 hectares is equivalent to 340 km², Guadarrama National Park is significantly larger than Garajonay National Park.",0.0,0.0,0.0,OK,
310,310,dpr,kmeans_k3,Who directed the 1971 film in which Pat Ashton starred in?,5abbdd6955429931dba145b5,"[16644, 6235]","[8376, 8946, 6208, 12709, 2721]",0.0,0.0,0.6436700820922852,0.12408284842967987,qwen3.5-122b,I cannot answer this based on the provided context.,0.0,0.0,0.0,OK,
311,311,dpr,kmeans_k3,Rolls-Royce Welland's name is taken from this river that is low long,5abbe4c0554299642a094bc0,"[3379, 2969]","[2969, 24378, 19423, 3379, 25437]",1.0,1.0,0.6674546003341675,0.8975052237510681,qwen3.5-122b,"Based on the provided context, the Rolls-Royce Welland's name is taken from the **River Welland**, which is described as a lowland river that is **some 65 mi long**.",0.0,0.0,0.0,OK,
312,312,dpr,kmeans_k3,Are both Viken Babikian and Don Manoukian American ?,5abbf8bc5542993f40c73c35,"[23897, 18284]","[20232, 25647, 21073, 1386, 19662]",0.0,0.0,0.7217639684677124,0.0659080520272255,qwen3.5-122b,I cannot answer this based on the provided context.,0.0,0.0,0.0,OK,
313,313,dpr,kmeans_k3,Are Wake Forest University and Pennsylvania State University both located in the US?,5abc081e5542993f40c73c54,"[8163, 1172]","[20595, 24769, 24409, 6996, 15471]",0.0,0.0,0.594650387763977,0.032414697110652924,qwen3.5-122b,I cannot answer this based on the provided context.,0.0,0.0,0.0,OK,
314,314,dpr,kmeans_k3,"Which Argentine telenovela broadcast by Telefe from March 12 to December 19, 2012 starred Isabel Macedo as Jimena Benitez?",5abc5951554299114383a116,"[18916, 14305]","[18916, 2166, 16741, 19345, 24851]",0.5,1.0,0.5599743723869324,0.6644564867019653,qwen3.5-122b,"Based on the provided context, the Argentine telenovela is **Graduados**.

Document 1 states that Patricia Longo, also known as **Jimena Benìtez**, is a fictional character in the 2012 Argentine telenovela ""**Graduados**"" and is played by **Isabel Macedo**. While the provided text does not explicitly mention the broadcast channel (Telefe) or the specific dates (March 12 to December 19, 2012), it is the only telenovela in the context that matches the character name, actress, and year.",0.0,0.0,0.0,OK,
315,315,dpr,kmeans_k3,"Which movie was released first, Return to Oz or Midnight Madness?",5abc5955554299114383a118,"[23385, 7388]","[23385, 16228, 7388, 23220, 18119]",1.0,1.0,0.673334002494812,0.004653533920645714,qwen3.5-122b,"Based on the provided context, **Midnight Madness** was released first.

*   **Midnight Madness** was released in **1980** (Document 3).
*   **Return to Oz** was released in **1985** (Document 1).",0.0,0.0,0.0,OK,
316,316,dpr,kmeans_k3,Matthew Butturini was born in a town on the Tweed River how many km north-east of Sydney?,5abc8d00554299700f9d78fd,"[13650, 25718]","[23053, 21104, 10772, 19959, 13650]",0.5,0.2,0.708802342414856,0.025103870779275894,qwen3.5-122b,I cannot answer this based on the provided context.,0.0,0.0,0.0,OK,
317,317,dpr,kmeans_k3,"Soundcloud rap has been used by which rapper from Lauderhill, Florida?",5abce43855429959677d6b18,"[23066, 22127]","[23796, 7644, 23066, 21570, 10765]",0.5,0.3333333333333333,0.68025803565979,0.02362237684428692,qwen3.5-122b,I cannot answer this based on the provided context.,0.0,0.0,0.0,OK,
318,318,dpr,kmeans_k3,"The composer for the music in the film ""A Clockwork Orange"" was born in which state?",5abcf46255429959677d6b6b,"[10937, 13226]","[4447, 528, 10937, 3915, 9440]",0.5,0.3333333333333333,0.6892051100730896,0.40881022810935974,qwen3.5-122b,"I cannot answer this based on the provided context.

The provided text states that the soundtrack to ""A Clockwork Orange"" comprises music composed by Wendy Carlos (then Walter Carlos), but it does not mention the state in which Wendy Carlos was born.",0.0,0.0,0.0,OK,
319,319,dpr,kmeans_k3,Carlos Hasselbaink is the older brother of the footballer of what nationality?,5abcf51c554299700f9d7949,"[3825, 23157]","[8670, 3825, 22944, 3371, 11248]",0.5,0.5,0.724601149559021,0.32089197635650635,qwen3.5-122b,"Based on the provided context, Carlos Hasselbaink is the older brother of Jimmy Floyd Hasselbaink, who is described as a ""former Chelsea and Middlesbrough striker."" The text identifies Carlos Hasselbaink as a ""former Dutch football (soccer) player,"" but it does not explicitly state the nationality of his brother, Jimmy Floyd Hasselbaink.

Therefore, I cannot answer this based on the provided context.",0.0,0.0,0.0,OK,
320,320,dpr,kmeans_k3,"Archie Norman will succeed Robert Swannell as chairman of what British multinational retailer that is headquartered in the city of Westminster, London?",5abd0553554299700f9d7963,"[16997, 3212]","[18418, 4334, 16997, 3212, 19448]",1.0,0.3333333333333333,0.6354337930679321,0.6489424109458923,qwen3.5-122b,"Based on the provided context, Archie Norman (Archibald John Norman) will succeed Robert Swannell as chairman of **Marks & Spencer** (also known as M&S).

Document 3 states that Norman will succeed Robert Swannell as chairman of Marks & Spencer in September 2017. Document 4 confirms that Marks and Spencer plc is a major British multinational retailer headquartered in the City of Westminster, London.",0.0,0.0,0.0,OK,
321,321,dpr,kmeans_k3,Are Muzzle and Screaming Trees both alternative rock bands?,5abd0eae5542996e802b46d4,"[826, 5214]","[5214, 7364, 2683, 826, 23431]",1.0,1.0,0.6651147603988647,0.9996148347854614,qwen3.5-122b,"Yes, based on the provided context, both Muzzle and Screaming Trees are alternative rock bands.

*   **Muzzle** is explicitly described in Document 4 as ""an alternative rock band.""
*   **Screaming Trees** is described in Document 1 as an ""American rock band"" that is ""widely associated with grunge"" and incorporated ""hard rock and psychedelic elements."" While the text does not use the exact phrase ""alternative rock"" for Screaming Trees, grunge is a subgenre of alternative rock, and the description of their sound fits within that broader category. However, strictly adhering to the text, Document 1 calls them a ""rock band"" associated with ""grunge,"" while Document 4 explicitly calls Muzzle an ""alternative rock band.""

If the question requires the exact phrase ""alternative rock"" to appear for both:
*   Document 4 explicitly states Muzzle is an ""alternative rock band.""
*   Document 1 states Screaming Trees is an ""American rock band"" associated with ""grunge.""

Since grunge is widely considered a form of alternative rock, the answer is generally yes, but the text only explicitly labels Muzzle as ""alternative rock.""

**Strict Answer based ONLY on the text provided:**
The text explicitly states that **Muzzle** is an ""alternative rock band."" For **Screaming Trees**, the text states they are an ""American rock band"" widely associated with ""grunge,"" but it does not explicitly use the term ""alternative rock."" Therefore, based *strictly* on the provided text, we can confirm Muzzle is an alternative rock band, but the text only describes Screaming Trees as a rock band associated with grunge.

However, in common medical/general knowledge contexts (though I must stick to the text), grunge is a subset of alternative rock. But since the instruction is to answer **ONLY** based on the provided context:

**Final Answer:**
The provided context explicitly states that **Muzzle** is an ""alternative rock band."" Regarding **Screaming Trees**, the context describes them as an ""American rock band"" widely associated with ""grunge,"" but it does not explicitly use the term ""alternative rock."" Therefore, the text confirms Muzzle is an alternative rock band, but does not explicitly label Screaming Trees as such, only as a rock band associated with grunge.",0.0,0.0,0.0,OK,
322,322,dpr,kmeans_k3,What is Peter Daou's website's slogan?,5abd6be55542993062266c89,"[8639, 23051]","[17269, 16521, 23051, 11702, 13265]",0.5,0.3333333333333333,0.729422390460968,0.9846845865249634,qwen3.5-122b,"Based on the provided context, Peter Daou's website's slogan is ""media for the 65.8 million.""",0.0,0.0,0.0,OK,
323,323,dpr,kmeans_k3,Were both Eugene Dynkin and Vladimir Voevodsky mathematicians from Russia?,5abd7aba55429924427fcfed,"[2170, 224]","[18027, 21339, 2170, 8998, 20414]",0.5,0.3333333333333333,0.6182534098625183,0.05464986339211464,qwen3.5-122b,I cannot answer this based on the provided context.,0.0,0.0,0.0,OK,
324,324,dpr,kmeans_k3,"What village in Nassau County, New York with a name meaning ""a pleasant place"" is represented by Kathleen Rice in the United States House of Representatives?",5abd8ee05542993062266cc8,"[21639, 24844]","[9004, 23274, 21639, 9000, 1007]",0.5,0.3333333333333333,0.7073327898979187,0.07172082364559174,qwen3.5-122b,I cannot answer this based on the provided context.,0.0,0.0,0.0,OK,
325,325,dpr,kmeans_k3,A private university that beat Georgetown during a basketball tournament is from what U.S. city?,5abd93115542996e802b47e0,"[4002, 7214]","[19075, 13843, 11690, 6087, 15471]",0.0,0.0,0.6940438151359558,0.07453078776597977,qwen3.5-122b,I cannot answer this based on the provided context.,0.0,0.0,0.0,OK,
326,326,dpr,kmeans_k3,When was the former IBF World title holder born?,5abde7ba5542991f6610609e,"[12654, 9705]","[23938, 22408, 12813, 14090, 24550]",0.0,0.0,0.6600539684295654,0.05626897141337395,qwen3.5-122b,I cannot answer this based on the provided context.,0.0,0.0,0.0,OK,
327,327,dpr,kmeans_k3,In Ancient Egyptian religion how would a citizen be weighted to decide if they where worthy of damnation and would face the torment in the lake of fire ?,5abdf06355429976d4830a2d,"[2121, 159]","[6908, 159, 2121, 12008, 4219]",1.0,0.5,0.7171611189842224,0.9997819662094116,qwen3.5-122b,"Based on the provided context, in Ancient Egyptian religious tradition, a citizen's worthiness was decided by weighing their **heart against the feather of truth**. This process involved the citizen reciting the **42 negative confessions of Maat**. If the citizen's heart was found to be **heavier than the feather**, they would face torment in a lake of fire.",0.0,0.0,0.0,OK,
328,328,dpr,kmeans_k3,What is the population of the city as of the 2010 Census where the band Quincy Mumford & The Reason Why is based?,5abdf7055542993f32c2a06c,"[14194, 1496]","[534, 24458, 14194, 2994, 6701]",0.5,0.3333333333333333,0.7397120594978333,0.04422038421034813,qwen3.5-122b,"I cannot answer this based on the provided context.

The provided text states that the band Quincy Mumford & The Reason Why is based in Asbury Park, New Jersey (Document 3), but it does not provide the population of Asbury Park as of the 2010 Census. The population figures in the context refer to East Point, Georgia (Document 1) and Northville, Michigan (Document 4), neither of which is the city where the band is based.",0.0,0.0,0.0,OK,
329,329,dpr,kmeans_k3,At what theater is the composer and lyricist for the musical Big Fish a residential artist?,5abdff775542993f32c2a082,"[16335, 613]","[23187, 15350, 16335, 25670, 23856]",0.5,0.3333333333333333,0.6780785322189331,0.030555838719010353,qwen3.5-122b,I cannot answer this based on the provided context.,0.0,0.0,0.0,OK,
330,330,dpr,kmeans_k3,"In the Morpeth Arms pub in London, there's a Spying Room with a view overlooking the headquarters of which organisation?",5abe64bf55429976d4830b13,"[19930, 2308]","[23402, 15249, 19930, 1898, 2308]",1.0,0.3333333333333333,0.6667667031288147,0.06985533237457275,qwen3.5-122b,"Based on the provided context, the Spying Room in the Morpeth Arms pub overlooks the headquarters of the **Secret Intelligence Service** (also known as SIS or MI6).

This is supported by:
*   **Document 3**, which states the Morpeth Arms ""contains a Spying Room which provides a good view of the headquarters of the Secret Intelligence Service across the river.""
*   **Document 5**, which confirms that the SIS Building houses the headquarters of the Secret Intelligence Service.",0.0,0.0,0.0,OK,
331,331,dpr,kmeans_k3,"Which university did one of the key figures in the American documentary film, released in 2015, directed by Malcolm Ingram, pay for, before being drafted 18th overall pick for the New Jersey Nets?",5abe65e25542993f32c2a101,"[18826, 6731]","[15917, 8449, 11690, 7215, 15350]",0.0,0.0,0.7374807596206665,0.3150950074195862,qwen3.5-122b,I cannot answer this based on the provided context.,0.0,0.0,0.0,OK,
332,332,dpr,kmeans_k3,Mesih Pasha's uncle became emperor in what year?,5abe79c755429976d4830b2a,"[10700, 23898]","[7714, 3287, 7253, 22696, 16861]",0.0,0.0,0.6269295811653137,0.08732723444700241,qwen3.5-122b,I cannot answer this based on the provided context.,0.0,0.0,0.0,OK,
333,333,dpr,kmeans_k3,Millennium Greens were funded in part by a what type of lottery?,5abe87cb5542993f32c2a156,"[18446, 5511]","[18446, 5511, 7597, 6959, 7373]",1.0,1.0,0.6558112502098083,0.8846571445465088,qwen3.5-122b,"Based on the provided context, Millennium Greens were funded in part by the **National Lottery**.

Document 1 states: ""Their creation was funded in part by the National Lottery via the Countryside Agency."" Document 2 further clarifies that the National Lottery is the ""state-franchised national lottery in the United Kingdom.""",0.0,0.0,0.0,OK,
334,334,dpr,kmeans_k3,Lake Wales Ridge National Wildlife Refuge is on the US route that runs between a city in what Florida county?,5abecdf45542997719eab5d4,"[23487, 508]","[14053, 23487, 14578, 14352, 24052]",0.5,0.5,0.6479995250701904,0.998020350933075,qwen3.5-122b,"Based on the provided context, I cannot answer this based on the provided context.

**Reasoning:**
Document 2 states that the Lake Wales Ridge National Wildlife Refuge is located ""east of US 27 between Davenport and Sebring Florida."" However, the provided text does not specify which Florida county Davenport or Sebring are located in, nor does it mention the county where the refuge is situated. Therefore, the specific county cannot be identified using only the given documents.",0.0,0.0,0.0,OK,
335,335,dpr,kmeans_k3,Are Tantrix and Personal Preference both types of games?,5abed4d55542990832d3a0e0,"[24203, 11189]","[9600, 24203, 11189, 3651, 14512]",1.0,0.5,0.6696168184280396,0.9689204692840576,qwen3.5-122b,"Yes, both Tantrix and Personal Preference are types of games.

- **Tantrix** is described as a ""hexagonal tile-based abstract game.""
- **Personal Preference** is described as a ""1987 board game.""

Therefore, both are explicitly identified as games in the provided context.",0.0,0.0,0.0,OK,
336,336,dpr,kmeans_k3,The 1966 Football League Cup Final was contested with which team that is based in the West Midlands?,5abee69c5542993fe9a41d8b,"[722, 13134]","[722, 7460, 11384, 1175, 13267]",0.5,1.0,0.5777744054794312,0.9487937092781067,qwen3.5-122b,"Based on the provided context, the 1966 Football League Cup Final was contested between West Bromwich Albion and West Ham United. West Bromwich Albion is the team based in the West Midlands (as indicated by the name ""West Brom"" and its location in the West Midlands region of England, though the text only explicitly names the teams).

Answer: West Bromwich Albion",0.0,0.0,0.0,OK,
337,337,dpr,kmeans_k3,The evil clown is a subversion of the traditional comic clown character with the modern archetype popularised by a book that follows the experiences of how many children?,5abef8fd5542990832d3a111,"[18683, 9854]","[8105, 18683, 7639, 2576, 9854]",1.0,0.5,0.6761555671691895,0.589341938495636,qwen3.5-122b,"Based on the provided context, the modern archetype of the evil clown was popularized by Stephen King's 1986 novel ""It"" (Document 2). According to Document 5, the story of ""It"" follows the experiences of **seven** children.

Answer: 7",0.0,0.0,0.0,OK,
338,338,dpr,kmeans_k3,What empire was Aleksei Gen born into?,5abf8ae85542990832d3a14b,"[15809, 9132]","[13810, 24492, 10531, 11333, 3428]",0.0,0.0,0.6030490398406982,0.08786673098802567,qwen3.5-122b,I cannot answer this based on the provided context.,0.0,0.0,0.0,OK,
339,339,dpr,kmeans_k3,"When ""Good Night"" was aired on ""The Simpsons 138th Epsiode Spectacular,"" which actress did the voice of the character named after Matt Groening's mother?",5abfd5c45542994516f4550e,"[11132, 25916]","[6187, 7326, 25916, 23385, 11019]",0.5,0.3333333333333333,0.7083198428153992,0.05697581544518471,qwen3.5-122b,I cannot answer this based on the provided context.,0.0,0.0,0.0,OK,
340,340,dpr,kmeans_k3,What is the middle name of the actor who hosted the24th People's Choice Awards with  Reba McEntire ?,5abffa095542990832d3a1de,"[11679, 7514]","[6087, 18341, 11679, 2183, 16396]",0.5,0.3333333333333333,0.7055597305297852,0.36728906631469727,qwen3.5-122b,"Based on the provided context, I cannot answer this question.

Document 3 states that the 24th People's Choice Awards were hosted by Reba McEntire and Ray Romano, but it does not provide Ray Romano's middle name.",0.0,0.0,0.0,OK,
341,341,dpr,kmeans_k3,What date was the person born that Samuel Flores Borrego was the right hand man of?,5ac00584554299012d1db575,"[13432, 5900]","[24059, 12797, 22944, 11248, 16166]",0.0,0.0,0.7093946933746338,0.1684214472770691,qwen3.5-122b,I cannot answer this based on the provided context.,0.0,0.0,0.0,OK,
342,342,dpr,kmeans_k3,"Which actress, who debuted in Friday Night Lights also starred in The River Why?",5ac027005542996f0d89cb3d,"[5019, 395]","[5321, 19737, 5019, 7568, 15828]",0.5,0.3333333333333333,0.6318971514701843,0.10086163878440857,qwen3.5-122b,I cannot answer this based on the provided context.,0.0,0.0,0.0,OK,
343,343,dpr,kmeans_k3,In which Navy was the single-engine BAE Systems Hawk operated?,5ac04a265542997d642959f1,"[2528, 12046]","[6765, 2528, 12046, 99, 23473]",1.0,0.5,0.6021639108657837,0.8906256556510925,qwen3.5-122b,"Based on the provided context, the single-engine BAE Systems Hawk was operated by the **Royal Navy** (specifically by the Fleet Requirements and Air Direction Unit, or FRADU, of the Royal Navy's Fleet Air Arm).

Document 2 states that the FRADU was ""a unit of the Royal Navy's Fleet Air Arm"" and was ""equipped with 13 BAE Systems Hawk T1 advanced jet trainer aircraft."" Document 3 confirms the BAE Systems Hawk is a ""British single-engine, jet-powered advanced trainer aircraft.""",0.0,0.0,0.0,OK,
344,344,dpr,kmeans_k3,Ambrose Mendy has managed and/or advised a British professional boxer that as of July 2017 is ranked the world's seventh best super middleweight by who?,5ac056385542997d64295a08,"[5327, 4250]","[12340, 5391, 5327, 13797, 24550]",0.5,0.3333333333333333,0.6599008440971375,0.05626897141337395,qwen3.5-122b,I cannot answer this based on the provided context.,0.0,0.0,0.0,OK,
345,345,dpr,kmeans_k3,"What genre did the writer whose novel was based on ""I'll Take Manhattan"" writes?",5ac0a18a5542992a796ded41,"[21629, 24273]","[25957, 2771, 21629, 4605, 11245]",0.5,0.3333333333333333,0.6887826919555664,0.909187912940979,qwen3.5-122b,"Based on the provided context, I cannot answer this question.

Document 3 states that the miniseries ""I'll Take Manhattan"" was adapted from a novel by **Judith Krantz**, but it does not specify the genre of the novels she writes. The other documents discuss different authors (Nicholson Baker, Jack Kerouac, Ayn Rand, Tom Wolfe) and their works, but none provide information about Judith Krantz's genre.",0.0,0.0,0.0,OK,
346,346,dpr,kmeans_k3,At what university is the organic chemist who headed the group that designed the nanocar a professor?,5ac160af5542994d76dccdfa,"[11360, 4535]","[18930, 11360, 3363, 6574, 15136]",0.5,0.5,0.6881210803985596,0.7956976294517517,qwen3.5-122b,"I cannot answer this based on the provided context.

The provided text states that the nanocar was designed by a group headed by Professor James Tour at Rice University, but it does not specify James Tour's field of study (e.g., whether he is an organic chemist) or confirm his current professorial status at that university.",0.0,0.0,0.0,OK,
347,347,dpr,kmeans_k3,What was the alternate slang name for the World War I era grenade that the egg grenade was less awkward than to handle?,5ac1725c5542994d76dcce2c,"[17932, 18966]","[23697, 17562, 17932, 7592, 6910]",0.5,0.3333333333333333,0.7369387745857239,0.9944063425064087,qwen3.5-122b,"Based on the provided context, the alternate slang name for the World War I era grenade that the egg grenade (Model 17 Eierhandgranate) was less awkward to handle than is the **Stick grenade**.

Document 3 states: ""It was more portable than the heavier Kugelhandgranate and less awkward to handle than the Stick grenade.""",0.0,0.0,0.0,OK,
348,348,dpr,kmeans_k3,"What was the official religion of the lands of the husband of Dorothea of Denmark, Duchess of Prussia?",5ac194db55429964131be23a,"[10253, 3048]","[4375, 3048, 11647, 19282, 8015]",0.5,0.5,0.6164509057998657,0.027743490412831306,qwen3.5-122b,I cannot answer this based on the provided context.,0.0,0.0,0.0,OK,
349,349,dpr,kmeans_k3,What was the nationality of Bernhard Heiden's teacher?,5ac1c7605542994ab5c67e14,"[22644, 24941]","[13660, 3111, 24406, 12638, 21184]",0.0,0.0,0.6208657026290894,0.037734344601631165,qwen3.5-122b,I cannot answer this based on the provided context.,0.0,0.0,0.0,OK,
350,350,dpr,kmeans_k3,"What year was a joint venture between RLJ Companies and this film studio founded in 2005, founded?",5ac240ef55429951e9e684ef,"[623, 4913]","[19361, 4498, 7139, 18752, 22719]",0.0,0.0,0.6721693873405457,0.06036439910531044,qwen3.5-122b,I cannot answer this based on the provided context.,0.0,0.0,0.0,OK,
351,351,dpr,kmeans_k3,"Which Oxford University graduate did Midge Mackenzie interview in ""Women Talking""?",5ac24cea55429951e9e6853a,"[9575, 23693]","[12905, 7399, 9575, 15284, 5209]",0.5,0.3333333333333333,0.6313689947128296,0.10451199114322662,qwen3.5-122b,I cannot answer this based on the provided context.,0.0,0.0,0.0,OK,
352,352,dpr,kmeans_k3,Who is the film dedicated to that Paramount Classics and MTV Films co-purchased the rights to?,5ac26ac15542992f1f2b38bc,"[15795, 20033]","[8353, 3746, 15795, 14730, 14603]",0.5,0.3333333333333333,0.6942051649093628,0.09071753919124603,qwen3.5-122b,I cannot answer this based on the provided context.,0.0,0.0,0.0,OK,
353,353,dpr,kmeans_k3,What facility is shared by RAAF Base Williamtown and Newcastle Airport in New South Wales?,5ac290e85542992f1f2b3916,"[3944, 15788]","[5237, 8252, 15788, 17380, 12925]",0.5,0.3333333333333333,0.5988801717758179,0.9924131035804749,qwen3.5-122b,"Based on the provided context, the facility shared by RAAF Base Williamtown and Newcastle Airport is the **site** (specifically, the airport occupies a 28 ha site on the southern border of RAAF Base Williamtown).",0.0,0.0,0.0,OK,
354,354,dpr,kmeans_k3,This sister company  of Líneas Aéreas Privadas Argentinas is most commonly known by its shortened name Austral?,5ac298805542990b17b15429,"[15259, 6103]","[8779, 25133, 6103, 6829, 25475]",0.5,0.3333333333333333,0.6290460228919983,0.8152658939361572,qwen3.5-122b,"I cannot answer this based on the provided context.

The provided text mentions ""Austral Líneas Aéreas"" (commonly known as Austral) as the sister company of **Aerolíneas Argentinas**, not ""Líneas Aéreas Privadas Argentinas."" There is no information in the context regarding a company named ""Líneas Aéreas Privadas Argentinas.""",0.0,0.0,0.0,OK,
355,355,dpr,kmeans_k3,Which band My Darkest Days or Human Drama had only one constant member?,5ac29da5554299218029dac3,"[10229, 193]","[193, 9896, 10229, 19171, 284]",1.0,1.0,0.7021756172180176,0.4239400029182434,qwen3.5-122b,"Based on the provided context, **Human Drama** is the band that had only one constant member.

Document 1 states: ""With Indovina the only constant member, the band released six studio albums before splitting in 2005.""

In contrast, Document 3 lists four specific members for My Darkest Days (Matt Walst, Brendan McMillan, Doug Oliver, and Reid Henry) but does not mention that only one was constant.",0.0,0.0,0.0,OK,
356,356,dpr,kmeans_k3,Choi Jun-hong  is best known as a member of a group formed in which year ?,5ac2ca84554299218029db55,"[13471, 13401]","[12003, 13471, 13388, 463, 17522]",0.5,0.5,0.6295567750930786,0.08732923865318298,qwen3.5-122b,"Based on the provided context, Choi Jun-hong (Zelo) is best known as a member of the South Korean boy group B.A.P. However, the text does not state the year in which the group B.A.P. was formed; it only mentions his recording debut with a sub-unit in November 2011.

I cannot answer this based on the provided context.",0.0,0.0,0.0,OK,
357,357,dpr,kmeans_k3,Where are Neoregelia and Aloysia known to grow,5ac2cdaa554299657fa29070,"[18186, 1723]","[25058, 24884, 18186, 19654, 1733]",0.5,0.3333333333333333,0.635661244392395,0.023611046373844147,qwen3.5-122b,I cannot answer this based on the provided context.,0.0,0.0,0.0,OK,
358,358,dpr,kmeans_k3,"Which film featured Rosalind Cash prior to the release of ""Sister, Sister""?",5ac2d9f65542996773102631,"[7447, 25009]","[19210, 12949, 7447, 7388, 20504]",0.5,0.3333333333333333,0.6274042129516602,0.2140403687953949,qwen3.5-122b,I cannot answer this based on the provided context.,0.0,0.0,0.0,OK,
359,359,dpr,kmeans_k3,"Name the movie that was cowritten by Paul Rudd and the director of the 2011 British science fiction horror comedy film written and directed by Joe Cornish and starring John Boyega, Nick Frost, Jodie Whittaker and Luke Treadaway.",5ac2eaab5542990b17b154a4,"[4146, 11226]","[2929, 16711, 21657, 936, 11226]",0.5,0.2,0.6451253294944763,0.15549401938915253,qwen3.5-122b,I cannot answer this based on the provided context.,0.0,0.0,0.0,OK,
360,360,dpr,kmeans_k3,"Operalia, The World Opera Competition helped launch the career of an operatic soprano of what nationality?",5ac3090d5542990b17b154fc,"[7044, 6342]","[6838, 7044, 5500, 160, 1460]",0.5,0.5,0.6580432057380676,0.9705302119255066,qwen3.5-122b,"Based on the provided context, Operalia, The World Opera Competition helped launch the career of several artists, including **Joyce DiDonato**, **Elizabeth Futral**, **Inva Mula**, **Ana María Martínez**, and **Sonya Yoncheva**, who are listed as important artists. However, the provided text **does not specify the nationality** of any of these singers, nor does it explicitly identify which of them are sopranos (though Ileana Cotrubaș is identified as a soprano in Document 4, she is not mentioned in Document 2 as a winner of Operalia).

Therefore, I cannot answer this based on the provided context.",0.0,0.0,0.0,OK,
361,361,dpr,kmeans_k3,Where is the stadium at which 1964 Georgia Tech Yellow Jackets football team played their home game located?,5ac32b565542995ef918c154,"[22624, 25606]","[2437, 22624, 25606, 2796, 17971]",1.0,0.5,0.5868951082229614,0.9472529292106628,qwen3.5-122b,"Based on the provided context, the 1964 Georgia Tech Yellow Jackets football team played their home games at Grant Field, which is located in **Atlanta, Georgia**.

This is supported by Document 2, which states they ""played their home games at Grant Field in Atlanta, Georgia,"" and Document 3, which confirms that ""Bobby Dodd Stadium at Historic Grant Field is the football stadium located... on the campus of the Georgia Institute of Technology in Atlanta.""",0.0,0.0,0.0,OK,
362,362,dpr,kmeans_k3,what language did the ethnic group which Torstein Ellingsen was its drumer  speaks,5ac35a7e554299741d48a257,"[18692, 24078]","[17077, 14654, 19669, 24078, 19912]",0.5,0.25,0.6409013867378235,0.06716222316026688,qwen3.5-122b,I cannot answer this based on the provided context.,0.0,0.0,0.0,OK,
363,363,dpr,kmeans_k3,"Prior to playing for Michigan State, Keith Nichol played football for a school located in what city?",5ac397fe554299218029dbe2,"[9026, 25838]","[11690, 7274, 16962, 4626, 9026]",0.5,0.2,0.6686869263648987,0.5670797228813171,qwen3.5-122b,"Based on the provided context, Keith Nichol played for the Oklahoma Sooners before Michigan State. However, the text does not specify the city where the Oklahoma Sooners are located.

I cannot answer this based on the provided context.",0.0,0.0,0.0,OK,
364,364,dpr,kmeans_k3,"Who released the song ""With or Without You"" first, Jai McDowall or U2?",5ac3a76e554299741d48a2be,"[12942, 7741]","[8354, 19260, 7741, 24502, 20747]",0.5,0.3333333333333333,0.7489142417907715,0.17275482416152954,qwen3.5-122b,"Based on the provided context, **U2** released the song ""With or Without You."" The text states that it is a song by the Irish rock band U2, released as a single on 16 March 1987. The context does not mention Jai McDowall.",0.0,0.0,0.0,OK,
365,365,dpr,kmeans_k3,Whitford Lodge once held a branch of the bank that later became which national bank?,5ac3b4cc554299741d48a2eb,"[15790, 24702]","[4898, 4334, 15731, 20533, 15790]",0.5,0.2,0.6685961484909058,0.998081624507904,qwen3.5-122b,"Based on the provided context, Whitford Lodge once housed a branch of the Hudson United Bank, which became **TD Bank**.",0.0,0.0,0.0,OK,
366,366,dpr,kmeans_k3,SLS station was designed to allow access to the area of Las Vegas that includes a hotel and casino in what other town?,5ac3c0495542995ef918c215,"[399, 4425]","[17625, 399, 24289, 24111, 14343]",0.5,0.5,0.5648816823959351,0.06521367281675339,qwen3.5-122b,I cannot answer this based on the provided context.,0.0,0.0,0.0,OK,
367,367,dpr,kmeans_k3,"The court in which the most important decisions of the ""Black Book of the Admiralty"" where established under a monarch who was also known as the what of Scots?",5ac3c1805542995ef918c21f,"[650, 19296]","[650, 12517, 19296, 7621, 23607]",1.0,1.0,0.6200932264328003,0.753495991230011,qwen3.5-122b,"Based on the provided context, the ""Black Book of the Admiralty"" states that the High Court of Admiralty was established during the reign of **Edward I**. According to Document 3, Edward I was also known as the **Hammer of the Scots** (Latin: ""Malleus Scotorum"").

Answer: Hammer of the Scots",0.0,0.0,0.0,OK,
368,368,dpr,kmeans_k3,The Feminine Touch is a drama film starring which English actress?,5ac3d7f8554299076e296cb0,"[11779, 7099]","[14082, 7620, 11779, 10629, 53]",0.5,0.3333333333333333,0.7149873971939087,0.6186939477920532,qwen3.5-122b,"Based on the provided context, **The Feminine Touch** is a 1956 British drama film starring **Belinda Lee** (along with George Baker and Delphi Lawrence).

*Note: While the text lists Belinda Lee as a star, it does not explicitly state her nationality as ""English"" within Document 3, though she is the actress fitting the description in the context provided.*",0.0,0.0,0.0,OK,
369,369,dpr,kmeans_k3,What sport is featured in the film in which Kwon Yu-ri made her film debut ?,5ac3e80b554299076e296ccd,"[7268, 15846]","[8531, 7268, 18912, 11454, 15846]",1.0,0.5,0.6681790351867676,0.3922256529331207,qwen3.5-122b,"Based on the provided context, Kwon Yu-ri made her film debut in the movie ""No Breathing"" (Document 2). According to Document 5, ""No Breathing"" is a sports film set in the world of **competitive swimming**.

Answer: Competitive swimming",0.0,0.0,0.0,OK,
370,370,dpr,kmeans_k3,"Is Ohio State University or California State University, Dominguez Hills further west?",5ac41f1d5542991943173924,"[7131, 24258]","[79, 4140, 24258, 25775, 15307]",0.5,0.3333333333333333,0.6005541086196899,0.046345215290784836,qwen3.5-122b,I cannot answer this based on the provided context.,0.0,0.0,0.0,OK,
371,371,dpr,kmeans_k3,What river runs along the neighborhood where Ashley Estes Kavanaugh's wedding was held?,5ac434cb5542997ea680ca2f,"[13428, 5700]","[24052, 13428, 4019, 2966, 5799]",0.5,0.5,0.6812942624092102,0.04002007097005844,qwen3.5-122b,I cannot answer this based on the provided context.,0.0,0.0,0.0,OK,
372,372,dpr,kmeans_k3,"Which became a Cathedral first St Chad's Cathedral, Birmingham or Chelmsford Cathedral?",5ac44b47554299194317396c,"[8589, 13981]","[2271, 10019, 8589, 3892, 13139]",0.5,0.3333333333333333,0.6278759837150574,0.049528881907463074,qwen3.5-122b,I cannot answer this based on the provided context.,0.0,0.0,0.0,OK,
373,373,dpr,kmeans_k3,Was Princess Charlotte of Cambridge born before or after the repealing of the Royal Marriages Act 1772?,5ac46a8b5542991943173980,"[8112, 18207]","[4815, 18207, 11970, 11046, 8112]",1.0,0.5,0.6076920628547668,0.9989014863967896,qwen3.5-122b,"Princess Charlotte of Cambridge was born after the repealing of the Royal Marriages Act 1772.

According to the provided context:
- Princess Charlotte of Cambridge was born on **2 May 2015** (Document 2).
- The Royal Marriages Act 1772 was repealed on **26 March 2015** (Document 5).

Since 2 May 2015 comes after 26 March 2015, she was born after the Act was repealed.",0.0,0.0,0.0,OK,
374,374,dpr,kmeans_k3,Are Pago Pago International Airport and Hoonah Airport both on American territory?,5ac4a5de5542995c82c4ad6e,"[20582, 23936]","[20582, 16345, 18680, 24701, 7971]",0.5,1.0,0.6291101574897766,0.0023399326018989086,qwen3.5-122b,"Based on the provided context, I cannot answer this question.

The context confirms that Pago Pago International Airport is located in American Samoa, an unincorporated territory of the United States. However, the provided documents do not contain any information regarding Hoonah Airport or its location.",0.0,0.0,0.0,OK,
375,375,dpr,kmeans_k3,Where was Nobel Laureate in Physics know for his contributions with Abdus Salam and Steven Weinberg a professor?,5ac50bca55429924173fb57f,"[6117, 16002]","[24226, 10382, 6117, 21083, 16887]",0.5,0.3333333333333333,0.6276307106018066,0.03575242683291435,qwen3.5-122b,I cannot answer this based on the provided context.,0.0,0.0,0.0,OK,
376,376,dpr,kmeans_k3,What is the name of one the ex-security officials that means The Institute?,5ac51a055542994611c8b390,"[19063, 10056]","[16219, 8577, 21738, 14230, 16785]",0.0,0.0,0.7242594957351685,0.46968409419059753,qwen3.5-122b,I cannot answer this based on the provided context.,0.0,0.0,0.0,OK,
377,377,dpr,kmeans_k3,"Which town is the venue, in which the APRA Music Awards of 2009 were held, located?",5ac52f8e5542996feb3fea14,"[9824, 10367]","[10367, 5401, 9824, 25819, 1341]",1.0,1.0,0.575227677822113,0.9454007744789124,qwen3.5-122b,"Based on the provided context, the APRA Music Awards of 2009 were held at the Peninsula in **Melbourne**.

(Note: Document 3 states, ""The APRA Music Awards ceremony occurred on 23 June at the Peninsula in Melbourne."")",0.0,0.0,0.0,OK,
378,378,dpr,kmeans_k3,Edmundas Malūkas was the former mayor of the lake resort how far west of the capital of Lithuania?,5ac536485542996feb3fea2e,"[22411, 5146]","[10812, 16375, 22411, 11167, 5862]",0.5,0.3333333333333333,0.6790593862533569,0.05423977971076965,qwen3.5-122b,I cannot answer this based on the provided context.,0.0,0.0,0.0,OK,
379,379,dpr,kmeans_k3,Brian Newman's wife performs for what genre of variety show?,5ac54cef5542993e66e822da,"[16380, 11654]","[23175, 7326, 16380, 300, 16191]",0.5,0.3333333333333333,0.6991040706634521,0.9394869804382324,qwen3.5-122b,"Based on the provided context, Brian Newman's wife, Angie Pontani, is an American **burlesque** performer. The text does not explicitly state that she performs for a ""variety show,"" but it identifies her performance genre as burlesque.

Answer: Burlesque",0.0,0.0,0.0,OK,
380,380,dpr,kmeans_k3,"What award has the composer of ""Shady Lady"" received five times?",5adbc8e25542996e68525230,"[3663, 24928]","[16852, 3663, 6701, 8682, 24502]",0.5,0.5,0.7466143369674683,0.07142772525548935,qwen3.5-122b,I cannot answer this based on the provided context.,0.0,0.0,0.0,OK,
381,381,dpr,kmeans_k3,Was 9/11: Press for Truth released prior to Chasing Coral?,5adbe1c5554299438c868cc4,"[22843, 24220]","[24220, 22843, 12898, 1145, 25874]",1.0,1.0,0.6463521718978882,0.9871176481246948,qwen3.5-122b,"Yes, 9/11: Press for Truth was released prior to Chasing Coral. According to the provided context, 9/11: Press for Truth is a 2006 documentary film, while Chasing Coral is a 2017 documentary film.",0.0,0.0,0.0,OK,
382,382,dpr,kmeans_k3,"Tolex and General Tire manufacture very different products, but both make accessories for what type of transportation vehicle?",5adbf69c55429947ff173871,"[1471, 9212]","[1471, 24500, 9212, 2093, 5945]",1.0,1.0,0.6033697128295898,0.10907153785228729,qwen3.5-122b,"Based on the provided context, both Tolex and General Tire manufacture accessories for **automobiles** (or motor vehicles).

*   **Document 1** states that Tolex was used in ""Packard **automobiles**.""
*   **Document 3** states that The General Tire and Rubber Company is a manufacturer of tires for ""**motor vehicles**.""",0.0,0.0,0.0,OK,
383,383,dpr,kmeans_k3,"What nationality is the singer who recorded ""Who I Was Born to Be""?",5adc2b6255429947ff173901,"[16183, 7216]","[23724, 2813, 16183, 7636, 23303]",0.5,0.3333333333333333,0.7061319351196289,0.14326848089694977,qwen3.5-122b,"Based on the provided context, I cannot answer this question. While Document 3 states that Susan Boyle recorded the song ""Who I Was Born to Be,"" it does not mention her nationality.",0.0,0.0,0.0,OK,
384,384,dpr,kmeans_k3,Were Triumph of the Will and The End of America both made in the same year?,5adc2f53554299438c868d6d,"[11206, 5878]","[18766, 22451, 11206, 17660, 1649]",0.5,0.3333333333333333,0.6668121218681335,0.15329256653785706,qwen3.5-122b,I cannot answer this based on the provided context.,0.0,0.0,0.0,OK,
385,385,dpr,kmeans_k3,"In what year was the composer of ""Anthem"" born?",5adc46665542994650320cc8,"[9668, 12411]","[487, 4660, 16681, 8998, 15094]",0.0,0.0,0.6788406372070312,0.047352228313684464,qwen3.5-122b,I cannot answer this based on the provided context.,0.0,0.0,0.0,OK,
386,386,dpr,kmeans_k3,Are Norman Z. McLeod and Sam Wanamaker both directors?,5adc6eb65542994650320cf3,"[23388, 7346]","[24910, 16997, 15795, 16521, 6832]",0.0,0.0,0.7256284952163696,0.05177788808941841,qwen3.5-122b,I cannot answer this based on the provided context.,0.0,0.0,0.0,OK,
387,387,dpr,kmeans_k3,Who is an Australian philosopher that inspired Living High and Letting Die?,5adc85b855429944faac24e9,"[114, 8037]","[4605, 16272, 10573, 2611, 20762]",0.0,0.0,0.6927968859672546,0.05717390030622482,qwen3.5-122b,I cannot answer this based on the provided context.,0.0,0.0,0.0,OK,
388,388,dpr,kmeans_k3,"""One Less Set of Footsteps"" is a song written and performed by a singer born in which year ?",5adca0845542994d58a2f684,"[11428, 3888]","[8454, 19847, 11428, 10276, 13141]",0.5,0.3333333333333333,0.6971758604049683,0.9220019578933716,qwen3.5-122b,"Based on the provided context, I cannot answer this question.

Document 3 states that ""One Less Set of Footsteps"" was written and performed by Jim Croce, but it does not mention his birth year. The other documents refer to different artists (Tommy Sands, A Silent Film, Chris Tompkins, and Charlie Simpson) and do not provide information about Jim Croce's birth date.",0.0,0.0,0.0,OK,
389,389,dpr,kmeans_k3,What did the American writer who wrote Into Thin Air  primarily known for in his writings,5adcad175542994ed6169bc3,"[25149, 11173]","[22681, 1980, 25149, 4612, 24172]",0.5,0.3333333333333333,0.7178735733032227,0.0562412329018116,qwen3.5-122b,"Based on the provided context, the American writer who wrote *Into Thin Air* is Jon Krakauer. The text identifies him as the author of a ""bestselling non-fiction book"" detailing the 1996 Mount Everest disaster. The provided documents do not contain information about what he is primarily known for in his writings beyond this specific non-fiction account.

I cannot answer this based on the provided context.",0.0,0.0,0.0,OK,
390,390,dpr,kmeans_k3,"Akademik Lomonosov was named after a Russian polymath, scientist, and writer, who discovered the atmosphere of what planet?",5adcc7515542994ed6169bff,"[8144, 23807]","[8998, 6975, 23807, 25929, 1593]",0.5,0.3333333333333333,0.6672881841659546,0.8906270265579224,qwen3.5-122b,"Based on the provided context, Mikhail Vasilyevich Lomonosov was a Russian polymath, scientist, and writer who made the discovery of the **atmosphere of Venus**.

(Note: While the context confirms Lomonosov's discovery, it does not explicitly state that an ""Akademik Lomonosov"" was named after him, though the description of Lomonosov matches the question's details.)

Answer: Venus",0.0,0.0,0.0,OK,
391,391,dpr,kmeans_k3,Were Illinois Institute of Technology and Boise State University both bounded before 1950?,5add10ca5542994ed6169c59,"[24453, 25246]","[24453, 9387, 15307, 7567, 25559]",0.5,1.0,0.6428555250167847,0.028958043083548546,qwen3.5-122b,I cannot answer this based on the provided context.,0.0,0.0,0.0,OK,
392,392,dpr,kmeans_k3,What is the start date of this tour that was the third concert tour by an American singer-songwriter and was completed in support of the album Red?,5add21555542992ae4cec496,"[14540, 14870]","[12099, 16408, 14870, 23485, 3917]",0.5,0.3333333333333333,0.6120689511299133,0.975967526435852,qwen3.5-122b,"Based on the provided context, the tour described is **The Red Tour** by Taylor Swift. According to Document 3, the tour began on **March 13, 2013**.",0.0,0.0,0.0,OK,
393,393,dpr,kmeans_k3,"What 1997 song was on the Garth Brooks album that debuted at #1 on the ""Billboard"" 200?",5add3fe05542992c1e3a2580,"[24565, 24667]","[24667, 23405, 5478, 18037, 3788]",0.5,1.0,0.6619216799736023,0.9288464188575745,qwen3.5-122b,"I cannot answer this based on the provided context.

While the context states that Garth Brooks' album *Sevens* was released in 1997 and debuted at #1 on the ""Billboard"" 200, it only mentions the duet ""In Another's Eyes"" (which won a Grammy in 1998) and does not list any specific songs released in 1997 from that album.",0.0,0.0,0.0,OK,
394,394,dpr,kmeans_k3,A Therapy was written and directed by what French-Polish film director who was born in Paris?,5add44c25542997545bbbd0a,"[14082, 8974]","[19081, 14082, 13389, 20012, 9560]",0.5,0.5,0.6816730499267578,0.9933671951293945,qwen3.5-122b,"Based on the provided context, **A Therapy** was written and directed by **Roman Polanski** (Document 2).

However, the provided text does not contain information confirming that Roman Polanski is French-Polish or that he was born in Paris. Therefore, while I can identify the director from the text, I cannot confirm the specific biographical details requested in the question based **only** on the provided context.

Answer: I cannot answer this based on the provided context.",0.0,0.0,0.0,OK,
395,395,dpr,kmeans_k3,"What resort in Biloxi, Mississippi does the Chief Operating Officer of the largest single hotel in the United States oversee?",5add56ad5542992200553abf,"[17783, 24255]","[18568, 24255, 12699, 22820, 14343]",0.5,0.5,0.5479764938354492,0.06521367281675339,qwen3.5-122b,I cannot answer this based on the provided context.,0.0,0.0,0.0,OK,
396,396,dpr,kmeans_k3,What was the release date and price for the release of Mac OS X that has the software for creating WWF files?,5add63845542992ae4cec541,"[11204, 23859]","[1287, 23983, 11204, 23778, 24279]",0.5,0.3333333333333333,0.6366952657699585,0.04707282781600952,qwen3.5-122b,I cannot answer this based on the provided context.,0.0,0.0,0.0,OK,
397,397,dpr,kmeans_k3,Who conducted the negotiations  with the owners and the longest serving commandant of Auschwitz concentration and extermination camp?,5add8f055542990dbb2f7e6d,"[8837, 16702]","[8334, 25092, 8837, 16702, 7123]",1.0,0.3333333333333333,0.6785143613815308,0.01786397024989128,qwen3.5-122b,"Based on the provided context:

*   **Kurt Gerstein** conducted the negotiations with the owners (of Degesch) regarding the supply of Zyklon B (Document 3).
*   **Rudolf Höss** was the longest-serving commandant of Auschwitz concentration and extermination camp (Document 4).",0.0,0.0,0.0,OK,
398,398,dpr,kmeans_k3,Were Maurice Tourneur and Greg Mottola both American film directors?,5addf05a5542997dc79070cd,"[190, 344]","[21073, 25913, 344, 20012, 24213]",0.5,0.3333333333333333,0.7102293968200684,0.04899601265788078,qwen3.5-122b,I cannot answer this based on the provided context.,0.0,0.0,0.0,OK,
399,399,dpr,kmeans_k3,What role did Kim Dong-wook play in the 2012 South Korean historical film directed by Kim Dae-seung?,5ade0bc55542997545bbbe30,"[3016, 13406]","[16976, 22588, 10828, 18912, 10079]",0.0,0.0,0.6193550825119019,0.0690281093120575,qwen3.5-122b,I cannot answer this based on the provided context.,0.0,0.0,0.0,OK,
400,400,dpr,kmeans_k3,Which member of Odd Future also had a guest appearance on the album too Cozy?,5ade0e115542995b365fabf3,"[22632, 11661]","[19770, 2100, 24842, 9874, 23641]",0.0,0.0,0.6864134073257446,0.06899691373109818,qwen3.5-122b,I cannot answer this based on the provided context.,0.0,0.0,0.0,OK,
401,401,dpr,kmeans_k3,Where did Henri Christophe and other slaves hold an uprising from 1791 to 1804 that led to the founding of a state which was both free from slavery and ruled by non-whites and former captives?,5ade1c9e55429939a52fe822,"[2531, 25996]","[9901, 25996, 6246, 20061, 2531]",1.0,0.5,0.6131452918052673,0.22235390543937683,qwen3.5-122b,"Based on the provided context, Henri Christophe and other slaves held an uprising in **Saint-Domingue** (now the sovereign nation of **Haiti**).

According to Document 2, the Haitian Revolution was a successful anti-slavery and anti-colonial insurrection by self-liberated slaves against French colonial rule in Saint-Domingue. It began in 1791 and ended in 1804, leading to the founding of a state that was free from slavery and ruled by non-whites and former captives. Document 5 confirms that Henri Christophe was a key leader in this revolution.",0.0,0.0,0.0,OK,
402,402,dpr,kmeans_k3,"Which actor starred in Angels in the Outfield, Predator 2, and Places in the Heart?",5ade1f0555429975fa854e74,"[736, 14580]","[14405, 20736, 736, 13962, 73]",0.5,0.3333333333333333,0.7230889201164246,0.06407838314771652,qwen3.5-122b,I cannot answer this based on the provided context.,0.0,0.0,0.0,OK,
403,403,dpr,kmeans_k3,Why is Bangor Daily News talkin about Sawin Millett?,5ade26db5542997c77aded77,"[13288, 6939]","[8799, 20716, 9711, 1550, 7215]",0.0,0.0,0.6639097332954407,0.3150950074195862,qwen3.5-122b,I cannot answer this based on the provided context.,0.0,0.0,0.0,OK,
404,404,dpr,kmeans_k3,What was the middle name of the pilot who was portrayed by Levon Helm in the film The Right Stuff ?,5ade3b925542992fa25da70a,"[734, 16575]","[24175, 14028, 734, 3691, 9449]",0.5,0.3333333333333333,0.6968062520027161,0.6954270601272583,qwen3.5-122b,"Based on the provided context, I cannot answer this question.

Document 3 states that Levon Helm had a co-starring role as Air Force test pilot **Jack Ridley**, but it does not provide his middle name.",0.0,0.0,0.0,OK,
405,405,dpr,kmeans_k3,My Neighbor Totoro was produced by a Japanese animation film studio founded in what year?,5ade4da055429939a52fe878,"[6166, 2897]","[6166, 25, 21453, 20458, 11915]",0.5,1.0,0.6489836573600769,0.04836857691407204,qwen3.5-122b,I cannot answer this based on the provided context.,0.0,0.0,0.0,OK,
406,406,dpr,kmeans_k3,Get Off is an album by a group using which style originating in NYC in the early 1970s?,5ade61fd554299728e26c704,"[11978, 24847]","[24847, 20908, 11978, 20775, 21594]",1.0,1.0,0.6772974729537964,0.9584147930145264,qwen3.5-122b,"Based on the provided context, **Get Off** is an album by the group **Foxy**, which is described as a **Latin Dance/Disco** group (Document 3).

According to Document 1, **Disco** is the musical style that originated in **New York City** in the **early 1970s**.

Therefore, the style is **Disco**.",0.0,0.0,0.0,OK,
407,407,dpr,kmeans_k3,Easter Airways' head office is located at which airport owned by Manchester Airports Group?,5ade66f055429939a52fe8a0,"[2288, 5788]","[13716, 23765, 5788, 25133, 5237]",0.5,0.3333333333333333,0.6046172380447388,0.04365157708525658,qwen3.5-122b,I cannot answer this based on the provided context.,0.0,0.0,0.0,OK,
408,408,dpr,kmeans_k3,The infantry rifle regiment of the British Army that Talaiasi Labalaba served in was first created in what year?,5adea19a55429939a52fe919,"[23194, 6758]","[8379, 23194, 23680, 11576, 10323]",0.5,0.5,0.650537371635437,0.28864413499832153,qwen3.5-122b,I cannot answer this based on the provided context.,0.0,0.0,0.0,OK,
409,409,dpr,kmeans_k3,"What was the name of the fanzine that interviewed the Sex Pistols bassist when he was in the band ""The Flowers of Romance?""",5adea9ea55429939a52fe934,"[4775, 3444]","[25344, 4775, 24087, 17039, 23268]",0.5,0.5,0.688444972038269,0.9984941482543945,qwen3.5-122b,"Based on the provided context, the fanzine that interviewed Sid Vicious (who was a member of The Flowers of Romance and later the Sex Pistols) was named **SKUM**.",0.0,0.0,0.0,OK,
410,410,dpr,kmeans_k3,The Robey-Peters Gun-Carrier was built at a commuter village with at population of what at the 2001 census?,5adeab4555429975fa854f5f,"[11818, 3166]","[24391, 11818, 12038, 619, 13341]",0.5,0.5,0.7055508494377136,0.1237003281712532,qwen3.5-122b,I cannot answer this based on the provided context.,0.0,0.0,0.0,OK,
411,411,dpr,kmeans_k3,In what state is the manufacturer of Bisquick headquartered?,5adeb78a554299728e26c77a,"[10074, 3796]","[17156, 25036, 13430, 2475, 10074]",0.5,0.2,0.6882271766662598,0.042218636721372604,qwen3.5-122b,I cannot answer this based on the provided context.,0.0,0.0,0.0,OK,
412,412,dpr,kmeans_k3,"Northland Mall was the first directionally-named shopping center in Columbus, 5 years before which shopping center at the intersection of US-40 and I-270?",5adebbbd554299728e26c793,"[3173, 23627]","[23982, 15277, 3173, 25725, 21194]",0.5,0.3333333333333333,0.6952440738677979,0.03836202621459961,qwen3.5-122b,I cannot answer this based on the provided context.,0.0,0.0,0.0,OK,
413,413,dpr,kmeans_k3,Mark Newhouse finished 9th in a 2013 series of poker tournaments sponsored by what corporation?,5adec5055542995534e8c707,"[18644, 12743]","[9024, 18644, 15116, 3142, 12743]",1.0,0.5,0.7089332342147827,0.8212486505508423,qwen3.5-122b,"Based on the provided context, Mark Newhouse finished 9th in the 2013 World Series of Poker Main Event. According to Document 5, the World Series of Poker (WSOP) is sponsored by **Caesars Entertainment Corporation** (known as Harrah's Entertainment until 2010).

Answer: Caesars Entertainment Corporation",0.0,0.0,0.0,OK,
414,414,dpr,kmeans_k3,which Mexican and American film actress is Ethel Houbiers  French voice of,5adef1b35542993a75d263af,"[12483, 10107]","[10755, 12483, 22326, 22002, 10107]",1.0,0.5,0.7041552662849426,0.9276273846626282,qwen3.5-122b,"Based on the provided context, Ethel Houbiers is the French voice of **Salma Hayek** (also known as Salma Hayek Pinault), who is described in Document 5 as a Mexican and American film actress.",0.0,0.0,0.0,OK,
415,415,dpr,kmeans_k3,"Who is considered the more well known author, Roger Angell or Harry Stephen Keeler?",5adf32165542993344016c15,"[9474, 2385]","[15201, 18104, 20299, 38, 24676]",0.0,0.0,0.6808350682258606,0.1140473261475563,qwen3.5-122b,I cannot answer this based on the provided context.,0.0,0.0,0.0,OK,
416,416,dpr,kmeans_k3,Who was the president of the Sinn Fein political party during the Hume-Adams Dialogue?,5adf34d35542993a75d26425,"[12101, 15187]","[4825, 13545, 12101, 4693, 23653]",0.5,0.3333333333333333,0.660493016242981,0.9353578090667725,qwen3.5-122b,"Based on the provided context, the leader of Sinn Féin during the Hume–Adams dialogue was **Gerry Adams**.

Document 3 states: ""The Hume–Adams dialogue was a series of talks between then Social Democratic and Labour Party leader John Hume and Sinn Féin leader Gerry Adams...""",0.0,0.0,0.0,OK,
417,417,dpr,kmeans_k3,Who has more productions under their belt Ridley Scott or Elmer Clifton?,5adf53dc5542995534e8c791,"[9006, 24239]","[10839, 4913, 22737, 11578, 6920]",0.0,0.0,0.6291786432266235,0.06604262441396713,qwen3.5-122b,I cannot answer this based on the provided context.,0.0,0.0,0.0,OK,
418,418,dpr,kmeans_k3,Which number-one single is Michael Steele responsible for?,5adf62d05542992d7e9f932d,"[874, 11413]","[8729, 6051, 15173, 19835, 20713]",0.0,0.0,0.6708737015724182,0.17036235332489014,qwen3.5-122b,I cannot answer this based on the provided context.,0.0,0.0,0.0,OK,
419,419,dpr,kmeans_k3,"Which contributor to Fear: 13 Stories of Suspense and Horror was born on March 15, 1953 ?",5adf6b405542992d7e9f9341,"[11162, 5416]","[8134, 10271, 11162, 11402, 24811]",0.5,0.3333333333333333,0.6918021440505981,0.09727691113948822,qwen3.5-122b,I cannot answer this based on the provided context.,0.0,0.0,0.0,OK,
420,420,dpr,kmeans_k3,"The College of Arts and Sciences of Ohio University is located on the university's central quadrangle lawn, which sits aligned to the cardinal directions, with what building facing true north?",5adf8ad25542993344016ce7,"[15309, 15307]","[13637, 1081, 15307, 7446, 15309]",1.0,0.3333333333333333,0.6224324107170105,0.15383301675319672,qwen3.5-122b,"Based on the provided context, the building facing true north is **Manasseh Cutler Hall**.

Document 3 states that the College Green of Ohio University ""roughly sits aligned to the cardinal directions, with Manasseh Cutler Hall facing true north."" Document 5 confirms that the College of Arts and Sciences is centrally located on this College Green.",0.0,0.0,0.0,OK,
421,421,dpr,kmeans_k3,"What is the name of the actress who has received a Drama Desk award and was part of the cast album for the 2007 Broadway production of the hit musical, ""Grease""?",5adf9dc3554299025d62a2e6,"[2133, 25803]","[25709, 24502, 2133, 16380, 8341]",0.5,0.3333333333333333,0.7376030087471008,0.018785981461405754,qwen3.5-122b,I cannot answer this based on the provided context.,0.0,0.0,0.0,OK,
422,422,dpr,kmeans_k3,The first Latina Supreme Court Justice was part of the majority decision of a case that upheld which previous supreme court case?,5adfa451554299025d62a319,"[16071, 6348]","[3747, 6348, 308, 18694, 15920]",0.5,0.5,0.6215133666992188,0.05236884579062462,qwen3.5-122b,I cannot answer this based on the provided context.,0.0,0.0,0.0,OK,
423,423,dpr,kmeans_k3,Is Edison Sault Power Canal somehow linked with or used with the Cayuga–Seneca Canal?,5adfc77b554299603e4183ab,"[7758, 9704]","[20336, 11346, 9704, 10967, 7758]",1.0,0.3333333333333333,0.5733494758605957,0.9915083050727844,qwen3.5-122b,"Based on the provided context, there is no information indicating that the Edison Sault Power Canal is linked with or used with the Cayuga–Seneca Canal.

*   **Document 5** states that the Edison Sault Power Canal is located in Sault Ste. Marie, Michigan, and supplies the Saint Marys Falls Hydropower Plant.
*   **Document 3** states that the Cayuga–Seneca Canal is located in New York and is part of the New York State Canal System.

The documents describe them as separate entities in different locations with no mentioned connection.",0.0,0.0,0.0,OK,
424,424,dpr,kmeans_k3,What Andy Williams' album did a song written by Charles Wesley appear on?,5adfd0d455429942ec259b4d,"[13018, 487]","[24062, 22709, 318, 2098, 22200]",0.0,0.0,0.7229694128036499,0.051839590072631836,qwen3.5-122b,I cannot answer this based on the provided context.,0.0,0.0,0.0,OK,
425,425,dpr,kmeans_k3,Kasper Peter Schmeichel is the son of a professional footballer who was voted what in 1992 and 1993?,5adfe37c554299025d62a377,"[8670, 16900]","[23256, 16359, 16900, 17098, 7882]",0.5,0.3333333333333333,0.6938720941543579,0.839777946472168,qwen3.5-122b,"Based on the provided context, Kasper Peter Schmeichel's father is Peter Bolesław Schmeichel, who was voted the **IFFHS World's Best Goalkeeper** in 1992 and 1993.",0.0,0.0,0.0,OK,
426,426,dpr,kmeans_k3,What career did Markus Feehily and Bobby Fuller have in common?,5adff2aa554299603e4183d0,"[2101, 3767]","[11690, 2101, 17671, 14204, 9587]",0.5,0.5,0.731823205947876,0.07603272050619125,qwen3.5-122b,I cannot answer this based on the provided context.,0.0,0.0,0.0,OK,
427,427,dpr,kmeans_k3,What year was George Harrison's top UK charted song voted the nations 11th favorite 1980s number?,5adffb4655429925eb1afbbf,"[14264, 9792]","[11122, 15887, 15173, 20134, 8504]",0.0,0.0,0.7264308929443359,0.09393373876810074,qwen3.5-122b,I cannot answer this based on the provided context.,0.0,0.0,0.0,OK,
428,428,dpr,kmeans_k3,"Which genus is native to arid or semi-desert areas, Alopecurus or Echeveria?",5ae022ab554299025d62a428,"[25058, 815]","[6868, 15271, 25058, 9074, 815]",1.0,0.3333333333333333,0.6262733936309814,0.163431778550148,qwen3.5-122b,"Based on the provided context, **Echeveria** is the genus native to semi-desert areas.

Document 5 states that Echeveria is ""native to semi-desert areas of Central America, Mexico and northwestern South America."" In contrast, Document 3 describes Alopecurus as being common across ""temperate and subtropical parts"" of various regions, without mentioning arid or semi-desert habitats.",0.0,0.0,0.0,OK,
429,429,dpr,kmeans_k3,Are Columbia University and University of Colorado both private universities?,5ae04a2755429924de1b7091,"[23784, 7189]","[4500, 7189, 23784, 22723, 22390]",1.0,0.5,0.545261025428772,0.8827733993530273,qwen3.5-122b,"Based on the provided context, Columbia University is a private university, but the University of Colorado is a public university.

*   **Document 3** states that Columbia University is a ""private Ivy League research university.""
*   **Document 2** states that the University of Colorado system is a ""system of public universities.""

Therefore, they are not both private universities.",0.0,0.0,0.0,OK,
430,430,dpr,kmeans_k3,Are Steve Perry and Dennis Lyxzén both members of the same band ?,5ae0616255429924de1b70ca,"[58, 10674]","[25754, 17671, 58, 25503, 7828]",0.5,0.3333333333333333,0.699449360370636,0.025010280311107635,qwen3.5-122b,I cannot answer this based on the provided context.,0.0,0.0,0.0,OK,
431,431,dpr,kmeans_k3,Are Ash Lieb and Elswyth Thane both artists?,5ae074aa5542993d6555eb54,"[15677, 38]","[19056, 15677, 22139, 17671, 12493]",0.5,0.5,0.6837900876998901,0.047949254512786865,qwen3.5-122b,I cannot answer this based on the provided context.,0.0,0.0,0.0,OK,
432,432,dpr,kmeans_k3,Drachen Fire was a roller coaster located behind which suspended coaster at Busch Gardens Williamsburg?,5ae07e5b55429945ae959381,"[7792, 23654]","[4669, 9009, 7792, 1590, 23239]",0.5,0.3333333333333333,0.6598799824714661,0.9736837148666382,qwen3.5-122b,"Based on the provided context, Drachen Fire was located behind the **Big Bad Wolf**.

Document 3 states: ""It featured electric-blue track and silver supports, and was located in the Oktoberfest portion of the park, behind the Big Bad Wolf and Das Festhaus.""",0.0,0.0,0.0,OK,
433,433,dpr,kmeans_k3,Lee Sung-jae stars in the film Barking Dogs Never Bite which is what film genre?,5ae09d6155429945ae9593d4,"[1187, 14085]","[9351, 17628, 14085, 11593, 21453]",0.5,0.3333333333333333,0.6832208037376404,0.05026651918888092,qwen3.5-122b,I cannot answer this based on the provided context.,0.0,0.0,0.0,OK,
434,434,dpr,kmeans_k3,What food does one of Daniel Greene's subjects' restaurant chain specialize in?,5ae0b2f25542993d6555ec1c,"[4706, 25507]","[11189, 24904, 24408, 13870, 20864]",0.0,0.0,0.6668688058853149,0.09943001717329025,qwen3.5-122b,I cannot answer this based on the provided context.,0.0,0.0,0.0,OK,
435,435,dpr,kmeans_k3,Glaramara is a fell in the English Lake District in Cumbria that stretches from Stonethwaite which is a part of a valley and civil parrish in what Borough?,5ae0b60655429945ae959437,"[23610, 2839]","[2839, 7199, 23610, 24223, 21885]",1.0,1.0,0.5795547366142273,0.6148163676261902,qwen3.5-122b,"Based on the provided context, Glaramara is part of a ridge stretching from Stonethwaite in Borrowdale. Document 1 states that Borrowdale is a valley and civil parish in the **Borough of Allerdale**.

Answer: Borough of Allerdale",0.0,0.0,0.0,OK,
436,436,dpr,kmeans_k3,"How was Ada Lovelace, the first computer programmer, related to Lord Byron in Childe Byron?",5ae0ec48554299422ee9955a,"[15476, 25879]","[24676, 5626, 15476, 24937, 3540]",0.5,0.3333333333333333,0.7065730690956116,0.9981168508529663,qwen3.5-122b,"Based on the provided context, in the play *Childe Byron*, Ada Lovelace is the **daughter** of the poet Lord Byron.",0.0,0.0,0.0,OK,
437,437,dpr,kmeans_k3,The uncle of Paul Capellani died at a military operation during a battle was fought between who?,5ae122465542997b2ef7d0f4,"[1866, 24447]","[13350, 8334, 4630, 6782, 2531]",0.0,0.0,0.7479487657546997,0.1675141602754593,qwen3.5-122b,I cannot answer this based on the provided context.,0.0,0.0,0.0,OK,
438,438,dpr,kmeans_k3,Bethpage State Parkway begins with an interchange at which Long Island-based limited access highway?,5ae1389655429901ffe4ae05,"[14612, 9419]","[14053, 2118, 14612, 24927, 20774]",0.5,0.3333333333333333,0.64215087890625,0.9954097867012024,qwen3.5-122b,"Based on the provided context, the Bethpage State Parkway begins at a trumpet interchange with the **Southern State Parkway**.",0.0,0.0,0.0,OK,
439,439,dpr,kmeans_k3,What is the genre of music shared by vocalists Barney Greenway and Jens Kidman?,5ae165aa5542997b2ef7d1d1,"[794, 22630]","[20886, 24390, 11661, 4426, 20232]",0.0,0.0,0.6971714496612549,0.08460458368062973,qwen3.5-122b,I cannot answer this based on the provided context.,0.0,0.0,0.0,OK,
440,440,dpr,kmeans_k3,Celebrity Fifteen to One has had more than one appearance by an English writer and former Conservative Member of what?,5ae172c155429920d52343de,"[17821, 17032]","[3142, 14630, 17821, 14230, 14976]",0.5,0.3333333333333333,0.6977070569992065,0.7554898262023926,qwen3.5-122b,"Based on the provided context, **Celebrity Fifteen to One** featured appearances by **Gyles Brandreth**, who is noted as the only person to have appeared on episodes presented by both hosts. While the text identifies him as an appearance on the show, it does not explicitly state that he is an ""English writer and former Conservative Member"" or specify what he was a member of (e.g., Parliament).

However, the question asks ""former Conservative Member of **what**?"" implying the answer is the body he was a member of. The provided text **does not contain information** about Gyles Brandreth being a writer, a Conservative, or a member of any specific body.

Therefore, based **ONLY** on the provided context:

I cannot answer this based on the provided context.",0.0,0.0,0.0,OK,
441,441,dpr,kmeans_k3,Which radioshow did Frank Sinatra appear on the year he won an Academy Award?,5ae17d6855429901ffe4aea7,"[18362, 626]","[626, 15300, 10232, 20264, 17856]",0.5,1.0,0.7112385034561157,0.998783528804779,qwen3.5-122b,"I cannot answer this based on the provided context.

The provided text states that Frank Sinatra won an Academy Award in 1953 for ""From Here to Eternity,"" but it does not mention any specific radio show he appeared on during that year. While Document 3 mentions a radio show called ""The Magic Key of RCA,"" it does not link Frank Sinatra to it or specify the year he appeared on it.",0.0,0.0,0.0,OK,
442,442,dpr,kmeans_k3,Where is the Cocoa Krispies and former Superman sponsor located?,5ae1801955429901ffe4aec4,"[23255, 22769]","[23255, 3796, 15485, 1590, 18149]",0.5,1.0,0.7294350862503052,0.9933770895004272,qwen3.5-122b,"I cannot answer this based on the provided context.

(Note: The provided context mentions that *Adventures of Superman* was sponsored by Kellogg's (Document 1) and lists Cheerios, Trix, Cocoa Puffs, and Lucky Charms as brands of General Mills (Document 2), but it does not mention ""Cocoa Krispies,"" nor does it state that General Mills was a former sponsor of Superman. Therefore, the specific location of the ""Cocoa Krispies and former Superman sponsor"" cannot be determined from the text.)",0.0,0.0,0.0,OK,
443,443,dpr,kmeans_k3,What is the genus and species of the bear in which the Florida black bear is a subspecies of?,5ae1e4095542997283cd22bf,"[5294, 21301]","[749, 19624, 5294, 17616, 12353]",0.5,0.3333333333333333,0.6588446497917175,0.998845100402832,qwen3.5-122b,"Based on the provided context, the Florida black bear (""Ursus americanus floridanus"") is a subspecies of the **American black bear**. The scientific name provided in the text indicates the genus is **Ursus** and the species is **americanus**.",0.0,0.0,0.0,OK,
444,444,dpr,kmeans_k3,"Underfist: Halloween Bash was going to be the setup for a new series spin-off but the contract expired with a cable and television station that was launched on October 1, 19962 by whom?",5ae22f4e5542996483e6492f,"[5695, 4199]","[8962, 5695, 12176, 11560, 25684]",0.5,0.5,0.6868879199028015,0.8800674080848694,qwen3.5-122b,"I cannot answer this based on the provided context.

The provided text states that the contract of Maxwell Atoms with **Cartoon Network** expired, but it does not mention when Cartoon Network was launched or by whom it was founded. Additionally, the date ""October 1, 19962"" appears to be a typo in the question and is not supported by the context.",0.0,0.0,0.0,OK,
445,445,dpr,kmeans_k3,"What is the name of the largest film production company in Hong Kong that won the ""Best Cinematography"" at the 21st Asia Pacific Film Festival?",5ae277575542996483e649b2,"[9351, 5383]","[24045, 12001, 6238, 7355, 17938]",0.0,0.0,0.5876582860946655,0.09884784370660782,qwen3.5-122b,I cannot answer this based on the provided context.,0.0,0.0,0.0,OK,
446,446,dpr,kmeans_k3,What three categories does income get levied under the Parliament of Australia's tax code?,5ae28b76554299495565daa8,"[12746, 12250]","[6486, 21764, 12250, 3073, 23692]",0.5,0.3333333333333333,0.618004560470581,0.5954586267471313,qwen3.5-122b,"Based on the provided context, income tax in Australia is levied upon the following three sources:

1.  **Personal earnings** (such as salary and wages)
2.  **Business income**
3.  **Capital gains**

(Note: This information is found in Document 3. While the document does not explicitly name the ""Parliament of Australia's tax code,"" it describes the Australian taxation system where these levies apply.)",0.0,0.0,0.0,OK,
447,447,dpr,kmeans_k3,What building in the capital of city of Brandenburg has a roof that is 1 m bigger than the roof of the Der Oderturm?,5ae29d92554299492dc91c36,"[17165, 20535]","[20535, 8015, 17165, 10227, 25200]",1.0,1.0,0.6141918897628784,0.505530595779419,qwen3.5-122b,"Based on the provided context, the capital of the German federal state of Brandenburg is **Potsdam** (Document 1).

According to Document 3, the **Der Oderturm** has a roof that is 89 m high. The text states that this is ""1 m less than that of the **Stern-Plaza** in Potsdam, built in 1998."" Therefore, the Stern-Plaza has a roof that is 1 m bigger than the Der Oderturm.

Answer: The Stern-Plaza",0.0,0.0,0.0,OK,
448,448,dpr,kmeans_k3,Which New Jersey-based manufacturer of suitcases and bags for travel is located in the Shops at Columbus Circle in New York City?,5ae2a9c6554299492dc91c42,"[23675, 13345]","[7799, 18225, 23675, 4126, 5009]",0.5,0.3333333333333333,0.6654505133628845,0.07627595216035843,qwen3.5-122b,I cannot answer this based on the provided context.,0.0,0.0,0.0,OK,
449,449,dpr,kmeans_k3,When was the producer of  Michel'le born?,5ae2b794554299495565db10,"[3089, 24906]","[19127, 13840, 3089, 22008, 16104]",0.5,0.3333333333333333,0.680040717124939,0.0677909329533577,qwen3.5-122b,I cannot answer this based on the provided context.,0.0,0.0,0.0,OK,
450,450,dpr,kmeans_k3,How many member universities are there in this conference of which the Connecticut Huskies baseball team is a competing member?,5ae2c2c05542996483e64a4a,"[12288, 15471]","[12288, 17192, 15471, 23569, 22723]",1.0,1.0,0.6400231719017029,0.5306340456008911,qwen3.5-122b,"Based on the provided context, the Connecticut Huskies baseball team competes in the American Athletic Conference. According to Document 3, the American Athletic Conference features **12** member universities.",0.0,0.0,0.0,OK,
451,451,dpr,kmeans_k3,"Who has a wider scope of profession, Hrag Vartanian or Hovsep Pushman?",5ae2d59755429928c42394ec,"[24185, 6846]","[2301, 17211, 24185, 17937, 10683]",0.5,0.3333333333333333,0.6629287600517273,0.03381219133734703,qwen3.5-122b,I cannot answer this based on the provided context.,0.0,0.0,0.0,OK,
452,452,dpr,kmeans_k3,What year did the father of Willem van Oldenbarnevelt die?,5ae331fb55429928c4239670,"[11722, 13903]","[11722, 23712, 10540, 13903, 4375]",1.0,1.0,0.6465619802474976,0.9778907299041748,qwen3.5-122b,"Based on the provided context, Willem van Oldenbarnevelt's father was Johan van Oldenbarnevelt. According to Document 4, Johan van Oldenbarnevelt died on 13 May 1619.

Therefore, the year he died was **1619**.",0.0,0.0,0.0,OK,
453,453,dpr,kmeans_k3,Estrojam's Decibelle Music and Culture Festival has been headlined by which American singer-songwriter and model?,5ae33cf55542992f92d82268,"[8414, 11984]","[8414, 12493, 16408, 21132, 5156]",0.5,1.0,0.6948935985565186,0.9820653796195984,qwen3.5-122b,"Based on the provided context, I cannot answer this based on the provided context.

**Reasoning:**
*   **Document 1** lists the past headliners of the Decibelle festival (formerly Estrojam) as Wanda Jackson, Nina Hagen, Concrete Blonde, Cat Power, The Gossip, Peaches, Amy Ray, Margaret Cho, and ESG.
*   **Document 5** describes **Caroline D'Amore** as an ""American DJ, actress, songwriter and former model.""
*   However, Document 1 does not list Caroline D'Amore as a headliner for the Decibelle festival, nor does any other document link her to the festival. Therefore, the provided text does not contain information confirming that an American singer-songwriter and model (specifically Caroline D'Amore or any other matching description) headlined the festival.",0.0,0.0,0.0,OK,
454,454,dpr,kmeans_k3,When was the University established where Laura Landweber is a professor ?,5ae37b4d5542991a06ce99ce,"[20307, 23784]","[14969, 22189, 4500, 21378, 2195]",0.0,0.0,0.7095335721969604,0.0734255462884903,qwen3.5-122b,I cannot answer this based on the provided context.,0.0,0.0,0.0,OK,
455,455,dpr,kmeans_k3,Are the genera Gordonia and Osbeckia in the same family?,5ae3f4fe5542995ad6573ce8,"[4528, 106]","[21242, 23526, 4528, 12303, 106]",1.0,0.3333333333333333,0.6280515789985657,0.998687207698822,qwen3.5-122b,"No, the genera *Gordonia* and *Osbeckia* are not in the same family. According to the provided context:

- *Gordonia* is a genus in the family **Theaceae** (Document 3).
- *Osbeckia* is a genus in the family **Melastomataceae** (Document 5).

Therefore, they belong to different plant families.",0.0,0.0,0.0,OK,
456,456,dpr,kmeans_k3,Santa Bring My Baby Back was released on which fourth Elvis studio album in 1957?,5ae4094655429970de88d896,"[11787, 23307]","[5234, 23405, 11787, 16176, 23307]",1.0,0.3333333333333333,0.6456013917922974,0.9934405088424683,qwen3.5-122b,"Based on the provided context, ""Santa Bring My Baby Back (To Me)"" was released on **Elvis' Christmas Album**, which is described as the fourth studio album by Elvis Presley, released in 1957.",0.0,0.0,0.0,OK,
457,457,dpr,kmeans_k3,Which band has more members Band of Skulls or Live ?,5ae4585c5542996836b02c89,"[7364, 2870]","[19171, 6701, 7364, 14414, 11377]",0.5,0.3333333333333333,0.7466586828231812,0.973996102809906,qwen3.5-122b,"I cannot answer this based on the provided context.

The provided text mentions the band ""Band of Skulls"" and lists its three members (Russell Marsden, Emma Richardson, and Matt Hayward). However, there is no mention of a band named ""Live"" in the context. The word ""live"" appears in the text only as an adjective describing albums or concerts (e.g., ""live album,"" ""live DVD""), not as the name of a band.",0.0,0.0,0.0,OK,
458,458,dpr,kmeans_k3,"Tommy Faile sang the song ""the legend of Brown Moutain Lights"", about a series of ghost lights that can be seen from which viewpoint outside Linville Falls?",5ae45cba5542991a06ce9a4a,"[9168, 3704]","[3370, 9168, 4508, 12881, 6130]",0.5,0.5,0.7067328691482544,0.11759433895349503,qwen3.5-122b,I cannot answer this based on the provided context.,0.0,0.0,0.0,OK,
459,459,dpr,kmeans_k3,This Australian racing driver currently drives the No. 22 Holden VF Commodore produced by Holden Commodore which manufactures what other models?,5ae47fe255429913cc204482,"[17674, 11959]","[12857, 22443, 11959, 25690, 14153]",0.5,0.3333333333333333,0.6303790807723999,0.04547911882400513,qwen3.5-122b,I cannot answer this based on the provided context.,0.0,0.0,0.0,OK,
460,460,dpr,kmeans_k3,When did the place in Canada where François Beaucourt (1740-1794) was mainly active acquired its present name?,5ae4b8fc55429913cc2044e5,"[14494, 15690]","[5856, 3623, 12468, 16061, 7662]",0.0,0.0,0.6896385550498962,0.046507950872182846,qwen3.5-122b,I cannot answer this based on the provided context.,0.0,0.0,0.0,OK,
461,461,dpr,kmeans_k3,Which former mill town is near Rivington Hall Barn?,5ae4c39f5542995dadf243fb,"[10081, 13764]","[10081, 11476, 14851, 3461, 3081]",0.5,1.0,0.6308789849281311,0.776195764541626,qwen3.5-122b,"Based on the provided context, I cannot answer this question.

While Document 1 states that Rivington Hall Barn is near Chorley and Bolton, it does not identify which of these (or any other nearby town) is a ""former mill town."" Document 2 mentions Burnley as an area with historic cotton mills, but it does not state that Burnley is near Rivington Hall Barn.",0.0,0.0,0.0,OK,
462,462,dpr,kmeans_k3,"Who is the current drummer of the band who did the song ""What Lovers Do""?",5ae5072e55429960a22e0246,"[23022, 21391]","[8354, 14194, 23022, 2870, 2100]",0.5,0.3333333333333333,0.7178928256034851,0.040261413902044296,qwen3.5-122b,I cannot answer this based on the provided context.,0.0,0.0,0.0,OK,
463,463,dpr,kmeans_k3,"Liz Rose has co-written songs with which artist including ""White Horse"" and ""You Belong with Me""?",5ae520315542993aec5ec152,"[9350, 5992]","[20882, 10528, 9350, 373, 24502]",0.5,0.3333333333333333,0.7297741770744324,0.9988988041877747,qwen3.5-122b,"Based on the provided context, Liz Rose has co-written songs with **Taylor Swift**, including ""White Horse"" and ""You Belong with Me.""",0.0,0.0,0.0,OK,
464,464,dpr,kmeans_k3,Æthelweard was an author of a Latin version of which collection of Old English annals?,5ae5366e5542990ba0bbb22b,"[2738, 8365]","[2591, 20450, 8365, 127, 24555]",0.5,0.3333333333333333,0.6810370683670044,0.3154903054237366,qwen3.5-122b,I cannot answer this based on the provided context.,0.0,0.0,0.0,OK,
465,465,dpr,kmeans_k3,"The royal anthem is changed from what to ""long live our noble Duke""?",5ae544035542992663a4f1af,"[19499, 1338]","[487, 12209, 19499, 19158, 1338]",1.0,0.3333333333333333,0.6706515550613403,0.9951900839805603,qwen3.5-122b,"Based on the provided context, specifically Document 3, the line ""Long live our noble Duke"" is an alteration made to the anthem ""God Save the Queen"" (or ""God Save the King""). The specific line that is changed is the second line, which originally reads **""Long live our noble Queen""**.

Therefore, the royal anthem is changed from **""Long live our noble Queen""** to ""Long live our noble Duke"".",0.0,0.0,0.0,OK,
466,466,dpr,kmeans_k3,"Who was the original recording artist of the song which was chosen over If You've Got Trouble for the Beatles' ""Help!"" film?",5ae547f85542990ba0bbb254,"[22628, 7312]","[22628, 3370, 19738, 23155, 5672]",0.5,1.0,0.7116402983665466,0.948403537273407,qwen3.5-122b,"Based on the provided context, the song chosen over ""If You've Got Trouble"" for the Beatles' ""Help!"" film was **""Act Naturally""**.

The text states that ""If You've Got Trouble"" was intended for the film but was replaced by ""Act Naturally."" However, the provided documents **do not mention** who the original recording artist of ""Act Naturally"" was.

Therefore, I cannot answer this based on the provided context.",0.0,0.0,0.0,OK,
467,467,dpr,kmeans_k3,"Musical artist Diabolic and Vinnie Paz, who was featured on Diabolic's second studio album Fightin' Words, are both what type of musicians?",5ae5621655429908b63265fc,"[15095, 23531]","[24458, 6701, 15095, 193, 23035]",0.5,0.3333333333333333,0.7237476110458374,0.9973654747009277,qwen3.5-122b,"Based on the provided context, both Diabolic and Vinnie Paz are **rappers**.

Document 3 identifies Diabolic as an ""American rapper"" and states that his second studio album, *Fightin' Words*, features Vinnie Paz. While the text does not explicitly label Vinnie Paz as a rapper in that specific sentence, the context of him being featured on a rapper's album alongside other artists known in the hip-hop genre (such as Sean Price, Celph Titled, and Apathy) implies his role, and Diabolic is explicitly defined as a rapper.",0.0,0.0,0.0,OK,
468,468,dpr,kmeans_k3,"How many albums does the duo who sang ""Yesterday Once More"" have?",5ae56c875542990ba0bbb2a2,"[535, 2228]","[535, 17853, 23485, 2228, 24667]",1.0,1.0,0.6637225151062012,0.9737582802772522,qwen3.5-122b,"Based on the provided context, the duo who sang ""Yesterday Once More"" is The Carpenters. According to Document 4, during their 14-year career, The Carpenters recorded **11 albums**.",0.0,0.0,0.0,OK,
469,469,dpr,kmeans_k3,"what caused the death of over 250 people in Accra, Ghana?",5ae5cf0b55429929b08079aa,"[19529, 19528]","[21353, 5914, 19528, 23507, 5725]",0.5,0.3333333333333333,0.6581693887710571,0.9998993277549744,qwen3.5-122b,"Based on the provided context, the death of over 250 people in Accra, Ghana, was caused by an explosion and a fire that occurred at a petrol station on June 4, 2015.",0.0,0.0,0.0,OK,
470,470,dpr,kmeans_k3,"How many periods in office were held by the British Prime Minister who led the ""Who? Who?"" ministry?",5ae5d82f554299546bf82f9a,"[25105, 7722]","[12101, 7722, 25105, 4693, 5867]",1.0,0.5,0.6482172012329102,0.9914639592170715,qwen3.5-122b,"Based on the provided context, the British Prime Minister who led the ""Who? Who?"" ministry was Edward Smith-Stanley, 14th Earl of Derby (Document 3). According to Document 2, he was a ""three times Prime Minister of the United Kingdom"" and is ""one of only four British Prime Ministers to have three or more separate periods in office.""

Therefore, he held **three** periods in office.",0.0,0.0,0.0,OK,
471,471,dpr,kmeans_k3,"Shane and Friends have interviewed an American YouTube personality who has two active YouTube channels, which have a combined total of how many views?",5ae5db98554299546bf82fa6,"[16396, 18341]","[13765, 16396, 20742, 17269, 11019]",0.5,0.5,0.7281907796859741,0.04730045050382614,qwen3.5-122b,I cannot answer this based on the provided context.,0.0,0.0,0.0,OK,
472,472,dpr,kmeans_k3,"What year did the VIacom subsidary, Paramount Pictures make the silent film Through the Glass Window?",5ae5e0a6554299546bf82fa9,"[18908, 7535]","[18908, 1198, 24476, 19985, 23163]",0.5,1.0,0.7200111746788025,0.5160675048828125,qwen3.5-122b,"Based on the provided context, the film *Through a Glass Window* was released on April 2, **1922**.

(Note: The provided text confirms the release year and the studio (Paramount Pictures), but it does not mention Viacom or that Paramount is a subsidiary of Viacom.)",0.0,0.0,0.0,OK,
473,473,dpr,kmeans_k3,Cardinal Pole Roman Catholic School was named after the last Roman Catholic to hold what position?,5ae5e1985542996de7b71a54,"[375, 24385]","[16892, 24008, 375, 9128, 8126]",0.5,0.3333333333333333,0.6957954168319702,0.9996220469474792,qwen3.5-122b,"Based on the provided context, Cardinal Pole Catholic School was named after Cardinal Reginald Pole, who was the last Roman Catholic **Archbishop of Canterbury**.",0.0,0.0,0.0,OK,
474,474,dpr,kmeans_k3,Giovanna d'Arco is an opera that was created by the composer of what nationality?,5ae5e62455429929b0807a07,"[5500, 1837]","[672, 991, 5500, 20752, 17092]",0.5,0.3333333333333333,0.6137846112251282,0.5978905558586121,qwen3.5-122b,"Based on the provided context, **Giovanna d'Arco** is an opera by **Giuseppe Verdi**. However, the text does not explicitly state Verdi's nationality.

Therefore, I cannot answer this based on the provided context.",0.0,0.0,0.0,OK,
475,475,dpr,kmeans_k3,Where was the Barbadian singer which Rihanna was his then girlfriend raised in,5ae5e762554299546bf82faf,"[1686, 6447]","[13233, 6447, 12198, 13838, 7644]",0.5,0.5,0.6840366125106812,0.06234974041581154,qwen3.5-122b,I cannot answer this based on the provided context.,0.0,0.0,0.0,OK,
476,476,dpr,kmeans_k3,"Turner Field was originally built as what 85,000 seat main stadium of the 1996 Summer Olympic Games and the 1996 Summer Paralympic Games in Atlanta?",5ae5fb55554299546bf82ff6,"[14724, 5208]","[17577, 9064, 5208, 1935, 10873]",0.5,0.3333333333333333,0.6514685750007629,0.9827768206596375,qwen3.5-122b,"Based on the provided context, Turner Field was originally built as **Centennial Olympic Stadium**.

Document 3 states that ""Centennial Olympic Stadium was the 85,000-seat main stadium of the 1996 Summer Olympic Games and the 1996 Summer Paralympic Games in Atlanta"" and that ""After the Olympics and Paralympics, it was reconstructed into the baseball-specific Turner Field.""",0.0,0.0,0.0,OK,
477,477,dpr,kmeans_k3,What type of diary did one of the founders of the John Bishop Memorial Hospital in Srinagar write?,5ae600325542992663a4f237,"[19393, 25339]","[11503, 8697, 25339, 24555, 19393]",1.0,0.3333333333333333,0.7322343587875366,0.9526139497756958,qwen3.5-122b,"Based on the provided context, one of the founders of the John Bishop Memorial Hospital in Srinagar was Isabella Lucy Bird. She wrote a **travel diary** titled *Unbeaten Tracks in Japan*, which documented her trip to Japan in 1878.",0.0,0.0,0.0,OK,
478,478,dpr,kmeans_k3,The Luther seal was designed for the professor of theology of what nationalty at the behest of John Frederick of Saxony?,5ae60db1554299546bf83041,"[8777, 24605]","[3111, 17307, 8777, 12431, 6001]",0.5,0.3333333333333333,0.6187674403190613,0.06888388097286224,qwen3.5-122b,"Based on the provided context, I cannot answer this question.

While Document 3 states that the Luther seal was designed for Martin Luther at the behest of John Frederick of Saxony, it does not mention Martin Luther's nationality or explicitly refer to him as a ""professor of theology.""",0.0,0.0,0.0,OK,
479,479,dpr,kmeans_k3,Cinnamon sugar is a spice used to flavor this traditional Spanish and Portugese fried pastry.,5ae628fd5542995703ce8b33,"[24202, 14102]","[7366, 24653, 24202, 17352, 5205]",0.5,0.3333333333333333,0.610813558101654,0.005585576873272657,qwen3.5-122b,I cannot answer this based on the provided context.,0.0,0.0,0.0,OK,
480,480,dpr,kmeans_k3,"What is the date played of this college football game at Sun Life Stadium in Miami Gardens, Florida, where Clemson defeated the No. 4 Oklahoma Sooners, 37-17?",5ae63b2255429908198fa526,"[19311, 19492]","[25606, 4000, 2788, 25838, 1173]",0.0,0.0,0.6861578226089478,0.04828910529613495,qwen3.5-122b,I cannot answer this based on the provided context.,0.0,0.0,0.0,OK,
481,481,dpr,kmeans_k3,"How many Golden Globe Awards did the artist who published the photo book ""In Mexico"" win?",5ae64ffd5542992ae0d162ce,"[14655, 24120]","[22002, 12547, 14655, 20917, 25316]",0.5,0.3333333333333333,0.6862063407897949,0.06972295790910721,qwen3.5-122b,I cannot answer this based on the provided context.,0.0,0.0,0.0,OK,
482,482,dpr,kmeans_k3,When was the company that produced rectangular crackers that have 18 holes in a 3x6 pattern founded?,5ae66d785542996d980e7b67,"[7917, 24472]","[1471, 24472, 9418, 25281, 3221]",0.5,0.5,0.6698106527328491,0.03963843733072281,qwen3.5-122b,I cannot answer this based on the provided context.,0.0,0.0,0.0,OK,
483,483,dpr,kmeans_k3,Which is the Birthplace of Sir Isaac Newton and has a neighboring village called Belvor?,5ae6808f5542995703ce8b6b,"[5875, 12067]","[8442, 788, 5875, 19423, 10577]",0.5,0.3333333333333333,0.6465899348258972,0.9992538094520569,qwen3.5-122b,"Based on the provided context, **Woolsthorpe** (formally known as Woolsthorpe-by-Colsterworth) is the birthplace of Sir Isaac Newton. The text mentions it is distinguished from ""Woolsthorpe-by-Belvoir,"" but it does not explicitly state that Belvoir is a neighboring village, nor does it mention a village called ""Belvor.""

Therefore, while the birthplace is identified, the specific detail about the neighboring village ""Belvor"" cannot be confirmed from the text.

**Answer:** Woolsthorpe (formally Woolsthorpe-by-Colsterworth) is the birthplace of Sir Isaac Newton. However, the provided context does not contain information about a neighboring village called ""Belvor"" (it only mentions a similarly named location, Woolsthorpe-by-Belvoir, for distinction purposes).",0.0,0.0,0.0,OK,
484,484,dpr,kmeans_k3,"Meomi Design works include The Octonauts book series, how did the adaptations of the series continue?",5ae684fe5542991bbc97610e,"[15485, 11144]","[8560, 5656, 15485, 10785, 13772]",0.5,0.3333333333333333,0.6881089210510254,0.9995508790016174,qwen3.5-122b,"Based on the provided context, the adaptations of The Octonauts book series continued as a TV series for the BBC channel CBeebies by Brown Bag Films and were subsequently broadcast internationally.",0.0,0.0,0.0,OK,
485,485,dpr,kmeans_k3,What river is the city that Cyprus Classic Motorcycle Museum is in on the banks of?,5ae6940e5542991bbc97613f,"[10179, 23269]","[809, 23568, 10179, 6998, 17882]",0.5,0.3333333333333333,0.608849287033081,0.04319767281413078,qwen3.5-122b,I cannot answer this based on the provided context.,0.0,0.0,0.0,OK,
486,486,dpr,kmeans_k3,Why is Minister Pool important to Black Country and the West Midlands in England?,5ae694a15542991bbc976141,"[11511, 7204]","[10836, 18074, 6366, 14667, 18951]",0.0,0.0,0.7209848761558533,0.06904557347297668,qwen3.5-122b,I cannot answer this based on the provided context.,0.0,0.0,0.0,OK,
487,487,dpr,kmeans_k3,Jeff Bhasker won a Grammy Award for a song that was the fourth single from what studio album?,5ae69fa755429908198fa66c,"[6851, 11492]","[20747, 4165, 15264, 8354, 12942]",0.0,0.0,0.7200609445571899,0.04948350042104721,qwen3.5-122b,I cannot answer this based on the provided context.,0.0,0.0,0.0,OK,
488,488,dpr,kmeans_k3,"Sparking the Marian civil war, who helped the recently abdicated queen to escape her imprisonment?",5ae6c2285542995703ce8b9a,"[15127, 23913]","[15127, 23516, 9062, 20061, 778]",0.5,1.0,0.7146124839782715,0.9544935822486877,qwen3.5-122b,I cannot answer this based on the provided context.,0.0,0.0,0.0,OK,
489,489,dpr,kmeans_k3,Bridgewater Trustees major source of income came from a canal that was commissioned by whom/,5ae70c7b5542991bbc9761aa,"[5586, 11843]","[8664, 18006, 5586, 10524, 15386]",0.5,0.3333333333333333,0.6222988367080688,0.030417554080486298,qwen3.5-122b,I cannot answer this based on the provided context.,0.0,0.0,0.0,OK,
490,490,dpr,kmeans_k3,Raúl Arellano played for Mexico in which football tournament in 1954?,5ae721c15542996d980e7cbc,"[12809, 23556]","[10234, 20292, 23556, 25116, 16591]",0.5,0.3333333333333333,0.6034561991691589,0.03897421807050705,qwen3.5-122b,I cannot answer this based on the provided context.,0.0,0.0,0.0,OK,
491,491,dpr,kmeans_k3,Band-e-Amir Dragons is named after the lakes in which Afghan national park?,5ae7316e554299572ea5477e,"[22397, 11167]","[18893, 5659, 11167, 2019, 25595]",0.5,0.3333333333333333,0.6730246543884277,0.03414014354348183,qwen3.5-122b,I cannot answer this based on the provided context.,0.0,0.0,0.0,OK,
492,492,dpr,kmeans_k3,Where do the team that John Grant joined after the 1972 World Cup now play their games ?,5ae731ae5542991bbc9761c1,"[12422, 25143]","[12505, 10558, 23556, 13427, 9032]",0.0,0.0,0.7081900835037231,0.06276505440473557,qwen3.5-122b,I cannot answer this based on the provided context.,0.0,0.0,0.0,OK,
493,493,dpr,kmeans_k3,Bartlett's Bridge was built by the engineer who worked for the county seat of which Massachusetts county?,5ae7385d5542992ae0d163da,"[4910, 25958]","[1938, 6863, 4910, 13441, 22166]",0.5,0.3333333333333333,0.6749868392944336,0.9971802830696106,qwen3.5-122b,"Based on the provided context, I cannot answer this question.

Document 3 states that Bartlett's Bridge was designed by Charles A. Allen, who was a civil engineer for the **city of Worcester**. However, the document does not specify which Massachusetts county has Worcester as its county seat, nor does it explicitly state that Worcester is a county seat. Therefore, the specific county cannot be identified using only the provided text.",0.0,0.0,0.0,OK,
494,494,dpr,kmeans_k3,"YouPorn was surpassed, in 2013, by competitor sites xHamster, Pornhub, LiveJasmin, and this website that is registered to the Polish company WGCZ Holding?",5ae765185542995703ce8c0f,"[824, 12515]","[14173, 13574, 824, 7013, 24973]",0.5,0.3333333333333333,0.6509442925453186,0.9957079887390137,qwen3.5-122b,"Based on the provided context, the website that surpassed YouPorn in the rankings in 2013, along with xHamster, XVideos, and LiveJasmin, is **XVideos**.

However, please note that the provided context (Document 3) does not contain information regarding which of these sites is registered to the Polish company WGCZ Holding. It only lists the sites that surpassed YouPorn.

Answer: XVideos (Note: The context does not confirm the registration to WGCZ Holding).",0.0,0.0,0.0,OK,
495,495,dpr,kmeans_k3,What is the occupation of the Miami Dolphins owner's wife?,5ae76d185542997ec2727641,"[15559, 18387]","[23180, 533, 10890, 15757, 2425]",0.0,0.0,0.6511552929878235,0.04586024954915047,qwen3.5-122b,I cannot answer this based on the provided context.,0.0,0.0,0.0,OK,
496,496,dpr,kmeans_k3,The On Tour Forever album gave Blues Traveler the opportunity to display what musical trademark?,5ae788fa55429952e35ea964,"[1709, 3948]","[23485, 988, 1709, 18353, 22680]",0.5,0.3333333333333333,0.6231549978256226,0.06606338918209076,qwen3.5-122b,I cannot answer this based on the provided context.,0.0,0.0,0.0,OK,
497,497,dpr,kmeans_k3,The Worst Journey in the World is a memoir written by which English explorer of Antarctica?,5ae7ea695542994a481bbe17,"[24621, 25214]","[11438, 18798, 24621, 23984, 3978]",0.5,0.3333333333333333,0.5742723941802979,0.9706506133079529,qwen3.5-122b,"Based on the provided context, *The Worst Journey in the World* was written by **Apsley Cherry-Garrard**, a member of the 1910–1913 British Antarctic Expedition.

(Note: While the text identifies him as a member of the expedition, it does not explicitly label him as an ""English explorer,"" though the expedition itself is described as British.)",0.0,0.0,0.0,OK,
498,498,dpr,kmeans_k3,Jim Betts ran against the first American to orbit what?,5ae7f6be554299540e5a56db,"[10155, 23415]","[24068, 23415, 12304, 24318, 4436]",0.5,0.5,0.7435201406478882,0.11298990249633789,qwen3.5-122b,I cannot answer this based on the provided context.,0.0,0.0,0.0,OK,
499,499,dpr,kmeans_k3,The maternal grandmother of Princess Marie Cécile of Prussia was born in which year ?,5ae81b895542997ec272770c,"[24545, 3230]","[1298, 9701, 24545, 9559, 17539]",0.5,0.3333333333333333,0.5415185689926147,0.04253653436899185,qwen3.5-122b,I cannot answer this based on the provided context.,0.0,0.0,0.0,OK,
