question_index,qa_id,retriever,condition,question,beir_query_id,gold_doc_ids,retrieved_doc_ids,recall_at_k,mrr,retrieval_diversity,faithfulness_nli,llm_model,prediction,exact_match,f1,rouge_l,row_status,row_error
0,0,bm25,mmr_0.0,Which piece did Ludwig van Beethoven publish in 1801 that was dedicated to Count Moritz von Fries?,5a70f1685542994082a3e40f,"[13379, 7304]","[7304, 21484, 25102, 21088, 6685]",0.5,1.0,0.7051810026168823,0.026054028421640396,qwen3.5-122b,I cannot answer this based on the provided context.,0.0,0.0,0.0,OK,
1,1,bm25,mmr_0.0,"Which of these men, Scott Treleaven and Edmund Mortimer, is credited with working in both films and photography?",5a710a915542994082a3e504,"[2917, 2219]","[2917, 13303, 3320, 16632, 14080]",0.5,1.0,0.7394711971282959,0.0022794262040406466,qwen3.5-122b,"Based on the provided context, **Scott Treleaven** is credited with working in both films and photography. Document 1 states that his work employs media including ""film"" and ""photography.""

The provided context does not contain any information about a person named Edmund Mortimer.",0.0,0.0,0.0,OK,
2,2,bm25,mmr_0.0,Albanians in Montenegro which make up 4.91 of the county's total population could be members of the Albanian Coalation Perspect which is a what?,5a711c535542994082a3e59b,"[5958, 20848]","[20848, 10723, 21764, 17835, 3378]",0.5,1.0,0.7622809410095215,0.052570052444934845,qwen3.5-122b,I cannot answer this based on the provided context.,0.0,0.0,0.0,OK,
3,3,bm25,mmr_0.0,Alvaro Mexia had a diplomatic mission with which tribe of indigenous people?,5a713ea95542994082a3e6e4,"[12797, 7948]","[12797, 23108, 18425, 25990, 6524]",0.5,1.0,0.7446946501731873,0.9996500611305237,qwen3.5-122b,"Based on the provided context, Alvaro Mexia had a diplomatic mission with the **Ais** native population.",0.0,0.0,0.0,OK,
4,4,bm25,mmr_0.0,"Riema Juhani Karppinen won the silver medal at what event held outside of Munich, Germany?",5a71419f5542994082a3e70d,"[17083, 12115]","[17083, 4164, 15882, 10713, 21400]",0.5,1.0,0.7022101283073425,0.9816006422042847,qwen3.5-122b,"Based on the provided context, Reima Juhani Karppinen won a silver medal at the **1981 World Rowing Championships**.

(Note: The provided text does not explicitly state the location of the 1981 World Rowing Championships or confirm that it was held outside of Munich, Germany, but it is the only event mentioned where he won a silver medal.)",0.0,0.0,0.0,OK,
5,5,bm25,mmr_0.0,When was the king that started coin production in Copenhagen born?,5a7147fd5542994082a3e758,"[15673, 4375]","[15673, 6151, 17650, 11166, 25131]",0.5,1.0,0.7424372434616089,0.10801786184310913,qwen3.5-122b,I cannot answer this based on the provided context.,0.0,0.0,0.0,OK,
6,6,bm25,mmr_0.0,"Which Istanbul mosque is unique for retaining a Baroque style of architecture, the Bayezid II Mosque or the Nusretiye Mosque?",5a7153d05542994082a3e7dc,"[4824, 2753]","[4824, 2826, 18966, 3591, 13205]",0.5,1.0,0.6965543627738953,0.03190175071358681,qwen3.5-122b,I cannot answer this based on the provided context.,0.0,0.0,0.0,OK,
7,7,bm25,mmr_0.0,"Which publication still relies on paper printing, Human Events or Texas Highways?",5a7199725542994082a3e88f,"[24161, 19285]","[24161, 1136, 21849, 15543, 17613]",0.5,1.0,0.7335159778594971,0.04519443213939667,qwen3.5-122b,I cannot answer this based on the provided context.,0.0,0.0,0.0,OK,
8,8,bm25,mmr_0.0,"Where is the University of North Carolina at Wilmington, population 112,067 located?",5a7243915542990c210a4086,"[16868, 1698]","[16868, 23044, 1546, 5485, 23652]",0.5,1.0,0.7291607856750488,0.23859088122844696,qwen3.5-122b,"Based on the provided context, the University of North Carolina at Wilmington (UNCW) is located in **Wilmington, North Carolina, United States**.

(Note: The provided context in Document 1 confirms the location of the university but does not mention the population figure of 112,067.)",0.0,0.0,0.0,OK,
9,9,bm25,mmr_0.0,"Gail Matthius co-anchored the Weekend Update segment of ""Saturday Night Live"" with the actor who played the villain Nicholas Andre in what movie?",5a728f505542992359bc30f5,"[4902, 21750]","[4902, 9257, 5508, 24543, 25052]",0.5,1.0,0.7804027795791626,0.08639635145664215,qwen3.5-122b,I cannot answer this based on the provided context.,0.0,0.0,0.0,OK,
10,10,bm25,mmr_0.0,Which author wrote about a woman captured by the Symbionese Liberation Army?,5a729cc25542991f9a20c532,"[25934, 23926]","[19993, 23926, 10804, 13635, 7215]",0.5,0.5,0.7540762424468994,0.3150950074195862,qwen3.5-122b,I cannot answer this based on the provided context.,0.0,0.0,0.0,OK,
11,11,bm25,mmr_0.0,What is the name of the pop artist that belongs on the Pledis Entertainment label and has 13 members?,5a72d7b35542991f9a20c5be,"[12748, 19460]","[12748, 17447, 24906, 24436, 11469]",0.5,1.0,0.7791829705238342,0.9985415935516357,qwen3.5-122b,"Based on the provided context, the pop artist that belongs to Pledis Entertainment is **Seventeen**.

Document 1 lists the artists under Pledis Entertainment, including ""Seventeen."" While the document does not explicitly state the number of members, Seventeen is the only group listed that is widely known to have 13 members, fitting the description in your question. The other listed artists (After School, Orange Caramel, NU'EST, Han Dong Geun, Kye Bumzu, Pristin) do not match the 13-member criteria based on general knowledge, and the text itself does not provide member counts for any of them.

*Note: The provided text does not explicitly mention the number ""13"" or the member count for any artist. However, based on the list of artists in Document 1, Seventeen is the only group that fits the description of having 13 members.*

**Answer:** Seventeen",0.0,0.0,0.0,OK,
12,12,bm25,mmr_0.0,"Gaia is a space observatory of the European Space Agency, what is Astrosat?",5a7300b85542994cef4bc41a,"[24876, 25491]","[24876, 1404, 24208, 4055, 4340]",0.5,1.0,0.707858681678772,0.05416515842080116,qwen3.5-122b,I cannot answer this based on the provided context.,0.0,0.0,0.0,OK,
13,13,bm25,mmr_0.0,"In the television series Green Hornet, which actor played the role of Kato?",5a7326cd5542991f29ee2d11,"[9131, 23227]","[23227, 22517, 24442, 17506, 10178]",0.5,1.0,0.7199503779411316,0.9935788512229919,qwen3.5-122b,"Based on the provided context, in the television series *The Green Hornet*, the role of Kato was portrayed by **Bruce Lee**.",0.0,0.0,0.0,OK,
14,14,bm25,mmr_0.0,"Lady Elizabeth Delmé and Her Children (1779) is a portrait given to the National Gallery of Art in 1937, which is located in which state?",5a7336d05542992359bc3293,"[13264, 13967]","[13264, 23132, 20348, 21463, 25332]",0.5,1.0,0.7516099810600281,0.08529825508594513,qwen3.5-122b,I cannot answer this based on the provided context.,0.0,0.0,0.0,OK,
15,15,bm25,mmr_0.0,"Which movie is loosley based off the Brother Grimm's ""Iron Henry""?",5a733b835542991f9a20c6b2,"[23633, 4545]","[15926, 20787, 24507, 19280, 21779]",0.0,0.0,0.6982580423355103,0.09876479208469391,qwen3.5-122b,I cannot answer this based on the provided context.,0.0,0.0,0.0,OK,
16,16,bm25,mmr_0.0,which board game has been around longer Obsession or Battle Sheep ?,5a733caa5542992359bc32a3,"[15389, 19341]","[19341, 10430, 6178, 16453, 6711]",0.5,1.0,0.6955800652503967,0.14672887325286865,qwen3.5-122b,I cannot answer this based on the provided context.,0.0,0.0,0.0,OK,
17,17,bm25,mmr_0.0,"Which famous mine was in service first, the Salmita Mine or the Kanichee Mine?",5a739323554299623ed4abff,"[4244, 25216]","[11498, 25788, 23663, 142, 23780]",0.0,0.0,0.6750966310501099,0.07086338847875595,qwen3.5-122b,I cannot answer this based on the provided context.,0.0,0.0,0.0,OK,
18,18,bm25,mmr_0.0,"What was the lead single from Boys Like Girls album on which frontman, Martin Johnson co-wrote a song with Taylor Swift? A: Love Drunk",5a74122f55429929fddd83da,"[7716, 8612]","[8612, 3074, 11006, 4870, 5467]",0.5,1.0,0.7083708047866821,0.40167438983917236,qwen3.5-122b,"Based on the provided context, the song ""Two Is Better Than One"" was written by Martin Johnson and Taylor Swift and is from the album **Love Drunk**. The text states that this song is the band's **second official single** from the album.

The provided context does not contain information about the **lead single** (first single) from the album *Love Drunk*.

Therefore: I cannot answer this based on the provided context.",0.0,0.0,0.0,OK,
19,19,bm25,mmr_0.0,"Who wrote the music for Billy Elliot the Musical and had at least one song on the ""Billboard"" Hot 100 for 31 consecutive years?",5a74629255429929fddd8402,"[10804, 21082]","[12438, 10804, 21082, 13183, 834]",1.0,0.5,0.7681885957717896,0.3345537781715393,qwen3.5-122b,"Based on the provided context, **Sir Elton Hercules John** (Elton John) wrote the music for *Billy Elliot the Musical* (Document 2) and had at least one song in the ""Billboard"" Hot 100 for 31 consecutive years from 1970 to 2000 (Document 3).",0.0,0.0,0.0,OK,
20,20,bm25,mmr_0.0,Which American main title designer designed sequences for the founder of the Sundance Film Festival?,5a7471f655429979e2882955,"[4890, 23681]","[23681, 12028, 12773, 17751, 5208]",0.5,1.0,0.7672228217124939,0.05018738657236099,qwen3.5-122b,I cannot answer this based on the provided context.,0.0,0.0,0.0,OK,
21,21,bm25,mmr_0.0,What is served shaken with ice and should not be mistaken with the name Margarita?,5a74be7a55429929fddd84e4,"[7079, 4039]","[7079, 13641, 8926, 3690, 17981]",0.5,1.0,0.7227007150650024,0.6851789951324463,qwen3.5-122b,I cannot answer this based on the provided context.,0.0,0.0,0.0,OK,
22,22,bm25,mmr_0.0,What product by FLEXcon represents data by geometric patterns?,5a74c3f455429979e2882a0a,"[7688, 23564]","[7688, 13638, 15264, 23778, 24680]",0.5,1.0,0.7506090402603149,0.5700780749320984,qwen3.5-122b,"Based on the provided context, FLEXcon manufactures **bar coded labels**, which are products that represent data by geometric patterns.",0.0,0.0,0.0,OK,
23,23,bm25,mmr_0.0,Connetquot High School  is a public high school in what city in New York?,5a7506f455429916b0164240,"[2573, 1640]","[2573, 11505, 14782, 3613, 4877]",0.5,1.0,0.5775690078735352,0.9921084046363831,qwen3.5-122b,"Based on the provided context, Connetquot High School is located in **Bohemia**, New York.",0.0,0.0,0.0,OK,
24,24,bm25,mmr_0.0,What year did the movement that Tess Asplund protested in the viral image of her with her fist in the air disband?,5a7526945542993748c897d2,"[21889, 8074]","[21889, 8776, 19862, 12247, 14285]",0.5,1.0,0.7959607839584351,0.041981011629104614,qwen3.5-122b,I cannot answer this based on the provided context.,0.0,0.0,0.0,OK,
25,25,bm25,mmr_0.0,"What song from the fourth studio album made by The Who reached No.4 on the UK charts and No. 19 o nthe U.S. ""Billboard"" Hot 100?",5a753c8c55429916b01642ab,"[5767, 3370]","[5767, 21952, 20981, 4820, 4227]",0.5,1.0,0.733721137046814,0.6163712739944458,qwen3.5-122b,"Based on the provided context, the song is **""Pinball Wizard""**.

Document 1 states that ""Pinball Wizard"" is a song by The Who featured on their 1969 rock opera album ""Tommy"" (which is their fourth studio album, though the text does not explicitly number it as such, it is the only album by The Who mentioned). The text confirms the song reached No. 4 in the UK charts and No. 19 on the U.S. ""Billboard"" Hot 100.",0.0,0.0,0.0,OK,
26,26,bm25,mmr_0.0,"Who was born first, Karen Joy Fowler or Bruce Chatwin?",5a7542425542996c70cfaecc,"[7681, 18798]","[7681, 24358, 10285, 10145, 6502]",0.5,1.0,0.730230450630188,0.13361725211143494,qwen3.5-122b,I cannot answer this based on the provided context.,0.0,0.0,0.0,OK,
27,27,bm25,mmr_0.0,"Michael Mark Brodsky is known for his translation of what Irish avant-garde novelist, playwright, theatre director, and poet?",5a7545605542993748c89807,"[15201, 10071]","[15201, 14625, 15890, 15806, 12308]",0.5,1.0,0.7215834856033325,0.9209718704223633,qwen3.5-122b,"Based on the provided context, Michael Mark Brodsky is known for his translation of **Samuel Beckett's** ""Eleuthéria"".

(Note: While the context identifies Samuel Beckett as the author of the translated work, it does not explicitly describe him as an ""Irish avant-garde novelist, playwright, theatre director, and poet,"" though it does mention the work ""Eleuthéria"" and Beckett's name.)",0.0,0.0,0.0,OK,
28,28,bm25,mmr_0.0,"Which came to market first, ""Hey Pa! There's a Goat on the Roof"" or ""Poleconomy""",5a7555215542996c70cfaee1,"[9446, 2847]","[9446, 15840, 3320, 7313, 23161]",0.5,1.0,0.7280107736587524,0.13908787071704865,qwen3.5-122b,I cannot answer this based on the provided context.,0.0,0.0,0.0,OK,
29,29,bm25,mmr_0.0,"Which ""Roseanne"" star is in Scream 2?",5a7557d75542992d0ec05f68,"[23512, 11186]","[18651, 3003, 15617, 15710, 7152]",0.0,0.0,0.7157479524612427,0.05842720344662666,qwen3.5-122b,I cannot answer this based on the provided context.,0.0,0.0,0.0,OK,
30,30,bm25,mmr_0.0,What show was Elena Shaddow in that was written by a relative of Richard Rodgers?,5a755f0a5542996c70cfaee7,"[25709, 9440]","[7551, 12162, 2355, 25146, 12596]",0.0,0.0,0.7461097836494446,0.020989401265978813,qwen3.5-122b,I cannot answer this based on the provided context.,0.0,0.0,0.0,OK,
31,31,bm25,mmr_0.0,"Which ""Mirrors"" actress made her film debut in the 2005 comedy film ""Hitch""?",5a7571095542992d0ec05f97,"[5780, 24053]","[24053, 2446, 19006, 20501, 10633]",0.5,1.0,0.7482698559761047,0.1333051174879074,qwen3.5-122b,"Based on the provided context, the actress who made her film debut in the 2005 comedy film ""Hitch"" is **Paula Maxine Patton**.

However, please note that the provided text does not mention the film ""Mirrors"" or confirm that Paula Patton starred in it; it only lists her debut in ""Hitch"" and other films like ""Warcraft,"" ""Déjà Vu,"" ""Precious,"" and ""2 Guns.""",0.0,0.0,0.0,OK,
32,32,bm25,mmr_0.0,Who was born first Mahbub ul Haq or Ibn Arabi?,5a7574e25542996c70cfaf01,"[24250, 5838]","[24250, 19944, 12235, 25170, 10382]",0.5,1.0,0.7112685441970825,0.042612820863723755,qwen3.5-122b,I cannot answer this based on the provided context.,0.0,0.0,0.0,OK,
33,33,bm25,mmr_0.0,Andrea Camplone is a football coach in which 22-team competition?,5a75d8dc5542992db94736f0,"[18063, 21614]","[18063, 9399, 14928, 20122, 9401]",0.5,1.0,0.7019659876823425,0.9648541808128357,qwen3.5-122b,"Based on the provided context, Andrea Camplone is currently the head coach of Cesena in the **Serie B** league.

(Note: The provided text does not explicitly state that the Serie B is a ""22-team competition,"" but it is the only competition mentioned in relation to Andrea Camplone.)",0.0,0.0,0.0,OK,
34,34,bm25,mmr_0.0,"The Declaration of Montreal was the founding document of which world event, lasting from July 26-August 5, 2006?",5a75da6d5542992db94736fa,"[23670, 20385]","[23670, 23698, 2031, 12683, 7147]",0.5,1.0,0.7136769890785217,0.9686286449432373,qwen3.5-122b,"Based on the provided context, the Declaration of Montreal was adopted on July 29, 2006, as part of the **first World Outgames**.

(Note: While the context confirms the Declaration was part of the first World Outgames, it does not explicitly state the specific dates of July 26–August 5, 2006, for that event, but it is the only event mentioned in relation to the Declaration.)",0.0,0.0,0.0,OK,
35,35,bm25,mmr_0.0,"Who is younger, Pelle Almqvist or Steve Winwood?",5a75f0bf5542994ccc91866b,"[4900, 6621]","[6621, 24587, 16960, 21189, 5517]",0.5,1.0,0.7542241811752319,0.05407495051622391,qwen3.5-122b,I cannot answer this based on the provided context.,0.0,0.0,0.0,OK,
36,36,bm25,mmr_0.0,"What actress and and writer starred with Jennifer Saunders in bothe ""The Supergrass"" and ""French and Saunders""?",5a7602d8554299109176e5fb,"[10750, 12015]","[12015, 24476, 5125, 2730, 25392]",0.5,1.0,0.7744202017784119,0.07455728203058243,qwen3.5-122b,I cannot answer this based on the provided context.,0.0,0.0,0.0,OK,
37,37,bm25,mmr_0.0,Alfred Balk served as the secretary of the Committee on the Employment of Minority Groups in the News Media under which United States Vice President?,5a760ab65542994ccc918697,"[7215, 5425]","[7215, 15452, 23163, 13114, 15240]",0.5,1.0,0.7819126844406128,0.5624790191650391,qwen3.5-122b,"I cannot answer this based on the provided context.

The provided text states that Alfred Balk served as secretary of ""New York Governor Nelson Rockefeller's Committee on the Employment of Minority Groups in the News Media,"" but it does not mention any United States Vice President in relation to this role.",0.0,0.0,0.0,OK,
38,38,bm25,mmr_0.0,Was the famous opera comique that was based on a Prosper Merimee novella a comedy or a tragedy?,5a7615fb5542992db9473727,"[1460, 15091]","[15091, 9937, 3863, 18388, 5908]",0.5,1.0,0.7559234499931335,0.9264445304870605,qwen3.5-122b,"Based on the provided context, the opera *Carmen* (Document 1) is described as an opera in four acts that broke conventions and shocked its first audiences. However, the text does not explicitly state whether *Carmen* is classified as a comedy or a tragedy.

Therefore, I cannot answer this based on the provided context.",0.0,0.0,0.0,OK,
39,39,bm25,mmr_0.0,Who served as the head coach for the Grizzlies in the 2004-05 season and as head coach for the Brooklyn Nets?,5a7618d85542994ccc9186cf,"[11963, 14818]","[14818, 22764, 6456, 13228, 7362]",0.5,1.0,0.6792986989021301,0.0652119591832161,qwen3.5-122b,I cannot answer this based on the provided context.,0.0,0.0,0.0,OK,
40,40,bm25,mmr_0.0,"Which album did the band Kraftwerk release after their successful album which reached number 25 on the US ""Billboard"" Hot 100 chart?",5a7621bb554299109176e650,"[23154, 4227]","[4227, 5447, 10765, 25503, 834]",0.5,1.0,0.7583904266357422,0.7075344920158386,qwen3.5-122b,"Based on the provided context, I cannot answer this question.

Document 1 states that Kraftwerk's album *Autobahn* (released in November 1974) contained the title track that reached number 25 on the US ""Billboard"" Hot 100 chart. However, the document only mentions that this success came *after* the band had released three previous experimental albums. It does not provide information about any album released *after* *Autobahn*.",0.0,0.0,0.0,OK,
41,41,bm25,mmr_0.0,When was the plaintiff in the 1892 Barbed Wire Patent Case born?,5a7624b85542992db947372c,"[16274, 24579]","[16274, 24978, 4116, 9856, 8060]",0.5,1.0,0.7463394403457642,0.026810824871063232,qwen3.5-122b,I cannot answer this based on the provided context.,0.0,0.0,0.0,OK,
42,42,bm25,mmr_0.0,"Which was fought earlier in our nation's history, the Seven Days Battles or the Battle of Manila?",5a7633ad5542992db9473741,"[25986, 8549]","[25986, 5901, 20023, 13717, 21446]",0.5,1.0,0.6796088814735413,0.025483163073658943,qwen3.5-122b,I cannot answer this based on the provided context.,0.0,0.0,0.0,OK,
43,43,bm25,mmr_0.0,"When was the Chief Aerodynamicist for the British supersonic land vehicle, whose goal is to match or exceed 1000 mph achieving a new world land speed record, born?",5a7633ff5542994ccc918712,"[23901, 5723]","[5723, 11465, 9311, 5293, 14953]",0.5,1.0,0.7549031972885132,0.020052840933203697,qwen3.5-122b,I cannot answer this based on the provided context.,0.0,0.0,0.0,OK,
44,44,bm25,mmr_0.0,Who was the wife of the president when William Bainbridge started his career?,5a7636fb55429976ec32bd79,"[2587, 202]","[2587, 4852, 13550, 7133, 10540]",0.5,1.0,0.763801097869873,0.5453713536262512,qwen3.5-122b,"Based on the provided context, I cannot answer this question.

Document 1 states that William Bainbridge began his career serving under President John Adams, but it does not mention who John Adams' wife was.",0.0,0.0,0.0,OK,
45,45,bm25,mmr_0.0,"Which university has more schools, Ateneo de Davao University or University of Rochester?",5a7651825542992d0ec060a3,"[163, 12131]","[163, 15919, 22395, 18187, 4594]",0.5,1.0,0.7278197407722473,0.034028179943561554,qwen3.5-122b,I cannot answer this based on the provided context.,0.0,0.0,0.0,OK,
46,46,bm25,mmr_0.0,Who founded the collective which released the album Messe I.X-VI.X?,5a7662745542992db9473786,"[16502, 23431]","[16502, 10587, 20710, 16201, 12191]",0.5,1.0,0.7185755968093872,0.18103405833244324,qwen3.5-122b,"Based on the provided context, the album *Messe I.X-VI.X* was released by the Norwegian experimental collective **Ulver** (in collaboration with the Tromsø Chamber Orchestra). However, the text does not state who founded the collective Ulver.

Therefore, I cannot answer this based on the provided context.",0.0,0.0,0.0,OK,
47,47,bm25,mmr_0.0,When did the first bank come into existence that is part of an organization that serves rural areas of India with basic banking and financial services?,5a76db3555429972597f13e7,"[16835, 6646]","[6646, 18779, 17262, 6516, 24114]",0.5,1.0,0.7743011713027954,0.0428277850151062,qwen3.5-122b,I cannot answer this based on the provided context.,0.0,0.0,0.0,OK,
48,48,bm25,mmr_0.0,"Who is older, Ivan Foster or Ian Paisley?",5a77253455429972597f1449,"[18224, 25837]","[18224, 12254, 12778, 2526, 3989]",0.5,1.0,0.6834810972213745,0.07044581323862076,qwen3.5-122b,I cannot answer this based on the provided context.,0.0,0.0,0.0,OK,
49,49,bm25,mmr_0.0,Which software application was originally made for the company that acquired RadioShack in 1963?,5a77322055429972597f1494,"[645, 11956]","[11956, 15918, 11613, 2837, 19846]",0.5,1.0,0.716310441493988,0.8970171809196472,qwen3.5-122b,"Based on the provided context, I cannot answer this question.

**Reasoning:**
1.  **Document 1** states that **Tandy Corporation** acquired RadioShack in 1963.
2.  The question asks for a **software application** originally made for Tandy Corporation.
3.  **Document 2** discusses **DAX** (acquired by Prime Focus Technologies).
4.  **Document 3** discusses **Juphoon System Software**.
5.  **Document 4** discusses **Heureka-Klett** (a German software company).
6.  **Document 5** discusses **Syntorial** (created by Audible Genius).

None of the documents mention a software application that was originally made for Tandy Corporation. While Document 1 mentions Tandy Corporation, it does not list any software applications associated with it. Therefore, the information required to answer the question is not present in the provided context.",0.0,0.0,0.0,OK,
50,50,bm25,mmr_0.0,"Who won Miss America 2013, which was the 86th Miss America pageant held at the PH Live in Las Vegas?",5a7735f55542994aec3b7226,"[15216, 13103]","[13103, 8054, 4843, 3975, 7014]",0.5,1.0,0.7222020030021667,0.9997450709342957,qwen3.5-122b,"Based on the provided context, **Mallory Hagan** (Miss New York 2012) won Miss America 2013. She was crowned by Miss America 2012, Laura Kaeppeler, at the 86th Miss America pageant held at the PH Live in Las Vegas on January 12, 2013.",0.0,0.0,0.0,OK,
51,51,bm25,mmr_0.0,Who starred in Umm-e-Kulsoom whose mother was Afshan Qureshi?,5a77414155429972597f14d7,"[19527, 4872]","[4872, 13629, 6553, 1541, 7599]",0.5,1.0,0.7258824110031128,0.06668735295534134,qwen3.5-122b,I cannot answer this based on the provided context.,0.0,0.0,0.0,OK,
52,52,bm25,mmr_0.0,"What actress is known for a starring role in Robert Bresson's ""Pickpocket"" and has also been directed by Just Jaeckin, a former photographer?",5a77626b5542993569682d77,"[12786, 5419]","[12786, 1543, 25803, 25815, 24307]",0.5,1.0,0.7200778722763062,0.3293854594230652,qwen3.5-122b,"Based on the provided context, the actress known for a starring role in Robert Bresson's ""Pickpocket"" is **Marika Nicolette Green**.

The context states she is famous for this role and also appeared in ""Emmanuelle"" (1974). While the provided text does not explicitly mention that ""Emmanuelle"" was directed by Just Jaeckin or that he was a former photographer, Marika Nicolette Green is the only actress mentioned in the documents associated with ""Pickpocket.""",0.0,0.0,0.0,OK,
53,53,bm25,mmr_0.0,What is the official currency in the country that hosts the Asahi-Ryokuken Yomiuri Memorial tournament?,5a776b82554299373536026f,"[2849, 13370]","[2849, 9257, 13249, 4381, 2718]",0.5,1.0,0.7310488224029541,0.7935317158699036,qwen3.5-122b,"Based on the provided context, the Asahi-Ryokuken Yomiuri Memorial was played in Fukuoka, Japan. The text mentions that the purse for the 2006 event was ¥100,000,000. The symbol ""¥"" represents the **Yen**, which is the currency used in the context of the tournament described.

Answer: Yen",0.0,0.0,0.0,OK,
54,54,bm25,mmr_0.0,"Who was born first, Susan Oliver or W. S. Van Dyke?",5a778b345542992a6e59decf,"[4583, 24476]","[4583, 12187, 15999, 10589, 16129]",0.5,1.0,0.7567374110221863,0.09465242922306061,qwen3.5-122b,I cannot answer this based on the provided context.,0.0,0.0,0.0,OK,
55,55,bm25,mmr_0.0,In what year were the European Athletics Junior Championships held in the capital of Slovenia?,5a779fd95542997042120ab5,"[10126, 17449]","[10126, 370, 22952, 4634, 18333]",0.5,1.0,0.6283978223800659,0.9939016699790955,qwen3.5-122b,"Based on the provided context, the European Athletics Junior Championships were held in Ljubljana, Slovenia (the capital) in **1997**.

(Note: Document 1 states the championships were held in Ljubljana, Slovenia on July 24–27, 1997. While the document does not explicitly name Ljubljana as the capital, it is the only mention of the event in Slovenia in the provided text.)",0.0,0.0,0.0,OK,
56,56,bm25,mmr_0.0,What year did Christopher Nolan's magic-themed drama come out?,5a77a41a5542997042120ab9,"[11314, 10290]","[4376, 21335, 11314, 19853, 592]",0.5,0.3333333333333333,0.7907105684280396,0.04227587580680847,qwen3.5-122b,I cannot answer this based on the provided context.,0.0,0.0,0.0,OK,
57,57,bm25,mmr_0.0,"when was the album that includes the song by Dustin Lynch released to country radio on February 17, 2017?",5a77a65b5542992a6e59df57,"[22947, 22198]","[22198, 13436, 10665, 769, 11006]",0.5,1.0,0.7040654420852661,0.38232356309890747,qwen3.5-122b,"Based on the provided context, the song by Dustin Lynch (""Small Town Boy"") was released to country radio on February 17, 2017. However, the text does not state when the album containing this song (""Current Mood"") was released; it only mentions the release date of the single.

I cannot answer this based on the provided context.",0.0,0.0,0.0,OK,
58,58,bm25,mmr_0.0,What British novelist born in November 1898 wrote Surprised by Joy: The Shape of My Early Life?,5a77a9df55429967ab10521c,"[2490, 23359]","[2490, 10008, 18677, 24189, 22539]",0.5,1.0,0.7603331804275513,0.2584686279296875,qwen3.5-122b,"I cannot answer this based on the provided context.

The provided text states that *Surprised by Joy: The Shape of My Early Life* was written by C. S. Lewis and published in 1955, but it does not mention his birth date or nationality, nor does it confirm he was born in November 1898.",0.0,0.0,0.0,OK,
59,59,bm25,mmr_0.0,"What is the species of animal which the town of Antelope, Kansas was named after?",5a77c09555429967ab105262,"[10221, 5206]","[5206, 16871, 5370, 4466, 13071]",0.5,1.0,0.7606799006462097,0.030718529596924782,qwen3.5-122b,I cannot answer this based on the provided context.,0.0,0.0,0.0,OK,
60,60,bm25,mmr_0.0,"Which song was behind the third single on the album  ""A Lot About Livin' (And a Little 'bout Love)"" for two weeks on the country charts?",5a77c1505542997042120b1b,"[4167, 1573]","[1573, 24194, 10715, 24341, 8477]",0.5,1.0,0.6894632577896118,0.2358742654323578,qwen3.5-122b,I cannot answer this based on the provided context.,0.0,0.0,0.0,OK,
61,61,bm25,mmr_0.0,"Which band formed in England, Of Montreal or Vib Gyor?",5a77c74155429967ab105291,"[23850, 24150]","[24150, 110, 4564, 86, 8705]",0.5,1.0,0.7163485288619995,0.04619356989860535,qwen3.5-122b,"Based on the provided context, **Vib Gyor** is the band that was formed in England (specifically in Leeds). The context does not mention the band ""Of Montreal.""",0.0,0.0,0.0,OK,
62,62,bm25,mmr_0.0,"The voice of Homer Simpson also voices what alien character in the television series ""The Simpsons""?",5a77cb5e55429967ab1052a7,"[18801, 23611]","[23611, 23227, 17182, 13737, 25665]",0.5,1.0,0.7683592438697815,0.057243671268224716,qwen3.5-122b,I cannot answer this based on the provided context.,0.0,0.0,0.0,OK,
63,63,bm25,mmr_0.0,"The True Colors World Tour was by what artist whose debut album was ""She's So Unusual""?",5a77ddb855429967ab1052d8,"[15195, 25141]","[15195, 24688, 17459, 10508, 576]",0.5,1.0,0.7097154855728149,0.09521101415157318,qwen3.5-122b,"Based on the provided context, I cannot answer this question.

Document 1 states that the True Colors World Tour was by Cyndi Lauper, but it does not mention her debut album or whether it was titled ""She's So Unusual.""",0.0,0.0,0.0,OK,
64,64,bm25,mmr_0.0,"What scientist as well as a practising Roman Cathloic described the electronic voice phenomena as typically brief, usually the length of a work or short phrase?",5a77f4755542992a6e59e01f,"[23394, 24534]","[24534, 14699, 7724, 16188, 18730]",0.5,1.0,0.8016926646232605,0.331287682056427,qwen3.5-122b,"I cannot answer this based on the provided context.

The provided text mentions that Parapsychologist Konstantīns Raudive described electronic voice phenomena (EVP) as typically brief, but it does not state that he was a scientist or a practising Roman Catholic.",0.0,0.0,0.0,OK,
65,65,bm25,mmr_0.0,"Spawn, a fictional character who Mustafa Shakir has expressed interest in playing, was created by?",5a78b5f7554299148911f95b,"[22840, 10815]","[22840, 24553, 24811, 21153, 22570]",0.5,1.0,0.7810269594192505,0.09113150089979172,qwen3.5-122b,I cannot answer this based on the provided context.,0.0,0.0,0.0,OK,
66,66,bm25,mmr_0.0,The show featuring a young boy named Gerald Bald Z premiered on what TV channel?,5a78bd515542990784727749,"[10604, 6450]","[6450, 6559, 11479, 25146, 11980]",0.5,1.0,0.7351845502853394,0.9992119669914246,qwen3.5-122b,"Based on the provided context, the show featuring a young boy named Gerald Bald Z is *Perfect Hair Forever*, which premiered on **Cartoon Network's late night programming block Adult Swim**.",0.0,0.0,0.0,OK,
67,67,bm25,mmr_0.0,The southernmost administrative region of Denmark is well-known for creating what products?,5a78ce5d55429974737f78ac,"[8051, 8866]","[8866, 5831, 8245, 5267, 19774]",0.5,1.0,0.6891669034957886,0.021933330222964287,qwen3.5-122b,I cannot answer this based on the provided context.,0.0,0.0,0.0,OK,
68,68,bm25,mmr_0.0,"Orange is the New Black, starring Annie Golden as Norma Romano, takes place in which minimum-security federal prison?",5a78f18855429974737f7915,"[24525, 13229]","[24525, 1036, 5437, 20911, 10161]",0.5,1.0,0.7265410423278809,0.09137240052223206,qwen3.5-122b,I cannot answer this based on the provided context.,0.0,0.0,0.0,OK,
69,69,bm25,mmr_0.0,Mick Carter is the landlord of a public house located at what address?,5a78f59755429970f5fffdf7,"[16943, 5839]","[16943, 8470, 21921, 23044, 10339]",0.5,1.0,0.7606524229049683,0.08026628196239471,qwen3.5-122b,I cannot answer this based on the provided context.,0.0,0.0,0.0,OK,
70,70,bm25,mmr_0.0,What is the birthday of the oldest among Vicente García and Ximena Sariñana?,5a7914e155429974737f7973,"[18678, 4272]","[18678, 8470, 17447, 15264, 22519]",0.5,1.0,0.7641149759292603,0.037698496133089066,qwen3.5-122b,I cannot answer this based on the provided context.,0.0,0.0,0.0,OK,
71,71,bm25,mmr_0.0,"Which Netflix series ""Unbreakable"" character is Elizabeth Claire Kemper known for playing?",5a791a97554299148911f9f2,"[7040, 19925]","[7040, 19929, 22442, 22002, 10971]",0.5,1.0,0.7761763334274292,0.996615469455719,qwen3.5-122b,"Based on the provided context, Elizabeth Claire Kemper is known for playing the character **Kimmy Schmidt** in the Netflix comedy series ""Unbreakable Kimmy Schmidt"".",0.0,0.0,0.0,OK,
72,72,bm25,mmr_0.0,"Who was born first, Brooklyn Decker or Andy Roddick?",5a793bc95542994bb9456fc3,"[25392, 13425]","[25392, 14290, 10246, 10285, 9361]",0.5,1.0,0.7240695953369141,0.991317093372345,qwen3.5-122b,"I cannot answer this based on the provided context.

The provided text states that Brooklyn Danielle Decker was born on April 12, 1987, and mentions that she is married to former tennis player Andy Roddick. However, it does not provide Andy Roddick's birth date, so it is impossible to determine who was born first based solely on the information given.",0.0,0.0,0.0,OK,
73,73,bm25,mmr_0.0,Amil Grove appeared in what  British tabloid published by News UK?,5a793d335542994bb9456fca,"[1497, 9333]","[9333, 11553, 4057, 9977, 10997]",0.5,1.0,0.7243234515190125,0.06400321424007416,qwen3.5-122b,I cannot answer this based on the provided context.,0.0,0.0,0.0,OK,
74,74,bm25,mmr_0.0,"Who was born first, Nellee Hooper or Baz Luhrmann?",5a794119554299029c4b5f3c,"[4565, 3093]","[4565, 23161, 6624, 24968, 15840]",0.5,1.0,0.7789965867996216,0.04996724799275398,qwen3.5-122b,I cannot answer this based on the provided context.,0.0,0.0,0.0,OK,
75,75,bm25,mmr_0.0,Eric Ambler and Carol Shields are both best Known for what profession?,5a79c1335542994bb9457066,"[20299, 23672]","[20299, 18417, 9240, 10948, 17924]",0.5,1.0,0.7294340133666992,0.08026094734668732,qwen3.5-122b,I cannot answer this based on the provided context.,0.0,0.0,0.0,OK,
76,76,bm25,mmr_0.0,Which two occupations does Ronnie Dunn and Annie Lennox have in common?,5a79c9395542994bb94570a2,"[23665, 8341]","[23665, 17401, 24356, 17288, 10161]",0.5,1.0,0.7929741740226746,0.06447803229093552,qwen3.5-122b,I cannot answer this based on the provided context.,0.0,0.0,0.0,OK,
77,77,bm25,mmr_0.0,Special K is a slang word for a medication whose main effects last how long?,5a7a05485542990198eaf04c,"[25402, 4011]","[4011, 13629, 15121, 8737, 4055]",0.5,1.0,0.7554498314857483,0.9958049058914185,qwen3.5-122b,"Based on the provided context, the main effects of the medication (Ketamine, which is known by the slang name ""Special K"") last up to 25 minutes.",0.0,0.0,0.0,OK,
78,78,bm25,mmr_0.0,When did Henrietta Ponsonby's father die?,5a7a0e745542990783324e1d,"[5058, 9931]","[20448, 15436, 7956, 920, 11912]",0.0,0.0,0.748203694820404,0.4475705921649933,qwen3.5-122b,I cannot answer this based on the provided context.,0.0,0.0,0.0,OK,
79,79,bm25,mmr_0.0,The Swallow Bluff Island Mounds is a Mississippian culture archaeological site that is located in this river which was once known by what name?,5a7a3d435542996a35c17154,"[11628, 11499]","[11628, 10328, 15790, 3561, 4051]",0.5,1.0,0.7457178831100464,0.8554061055183411,qwen3.5-122b,"Based on the provided context, the Swallow Bluff Island Mounds is located in the **Tennessee River**. However, the provided documents do not contain information about any previous names for the Tennessee River.

Therefore, I cannot answer this based on the provided context.",0.0,0.0,0.0,OK,
80,80,bm25,mmr_0.0,Near the banks of what river is the city in Romania with a partner Aspen Institute located?,5a7a47be5542994f819ef1b2,"[3254, 14619]","[3254, 2700, 25859, 11801, 12248]",0.5,1.0,0.7325173616409302,0.9043600559234619,qwen3.5-122b,"I cannot answer this based on the provided context.

The provided text mentions that the Aspen Institute has a partner institute in Bucharest, Romania (Document 1), but it does not state which river flows near Bucharest.",0.0,0.0,0.0,OK,
81,81,bm25,mmr_0.0,"Who was born first, Lecrae Devaughn Moore or Gawvi?",5a7a650355429941d65f2615,"[20545, 12316]","[12316, 23161, 9221, 2803, 14290]",0.5,1.0,0.7750109434127808,0.058741495013237,qwen3.5-122b,I cannot answer this based on the provided context.,0.0,0.0,0.0,OK,
82,82,bm25,mmr_0.0,What is the altitude of the town in England that has Leadgate between it and Garrigill?,5a7a94f155429941d65f26ca,"[25349, 15612]","[25349, 25466, 23443, 12702, 25781]",0.5,1.0,0.7208597660064697,0.060257453471422195,qwen3.5-122b,I cannot answer this based on the provided context.,0.0,0.0,0.0,OK,
83,83,bm25,mmr_0.0,"Who was born first, Chester Bennington or Mikael Stanne?",5a7aa2a255429941d65f270e,"[2563, 3708]","[2563, 23161, 15840, 1696, 10285]",0.5,1.0,0.738885760307312,0.10562984645366669,qwen3.5-122b,I cannot answer this based on the provided context.,0.0,0.0,0.0,OK,
84,84,bm25,mmr_0.0,Who passed away first Robert Graves or Dino Buzzati ?,5a7aa9425542992d025e66e4,"[15806, 24994]","[15806, 21051, 11540, 6191, 19343]",0.5,1.0,0.7396094799041748,0.06518642604351044,qwen3.5-122b,I cannot answer this based on the provided context.,0.0,0.0,0.0,OK,
85,85,bm25,mmr_0.0,Beena Sarwar is the editor of a peace initiative sponsored by a newpaper based in what city?,5a7af4cd55429931da12c9a6,"[13627, 25508]","[13627, 21715, 10723, 13345, 15264]",0.5,1.0,0.7818447351455688,0.8785257339477539,qwen3.5-122b,"I cannot answer this based on the provided context.

The context states that the Aman ki Asha initiative is jointly sponsored by the ""Jang group in Pakistan"" and the ""Times of India,"" but it does not specify the city where either of these newspapers is based.",0.0,0.0,0.0,OK,
86,86,bm25,mmr_0.0,Who is the older brother of the king that was overthrown in the Henriad?,5a7b3b4f5542992d025e67ac,"[9541, 19384]","[25084, 12718, 24865, 12988, 9901]",0.0,0.0,0.7465365529060364,0.025722606107592583,qwen3.5-122b,I cannot answer this based on the provided context.,0.0,0.0,0.0,OK,
87,87,bm25,mmr_0.0,"Who was the director behind the Cirque du Soleil show in Las Vegas that was first performed on December 25, 1993?",5a7b443c5542992d025e67ce,"[24681, 1590]","[1590, 12432, 16357, 14784, 16169]",0.5,1.0,0.7758131623268127,0.025888575240969658,qwen3.5-122b,I cannot answer this based on the provided context.,0.0,0.0,0.0,OK,
88,88,bm25,mmr_0.0,"What country does Eric A. Sykes and Eccles, Greater Manchester have ion common?",5a7b4bc35542992d025e67e0,"[13861, 4279]","[13861, 11501, 7677, 10119, 25853]",0.5,1.0,0.7786191701889038,0.9510668516159058,qwen3.5-122b,"Based on the provided context, both Eric A. Sykes and Eccles, Greater Manchester are associated with **England**.

Document 1 states that Eric Anthony Sykes was born in ""Barton-upon-Irwell, Eccles, Greater Manchester, **England**.""",0.0,0.0,0.0,OK,
89,89,bm25,mmr_0.0,The Motion Picture Soundtrack The Woman in Red featured this American Singer who became a United Nations Ambassador for what organization?,5a7b72e15542997c3ec97187,"[23155, 3897]","[3897, 8079, 633, 17140, 15264]",0.5,1.0,0.7553328275680542,0.9914013147354126,qwen3.5-122b,"Based on the provided context, I cannot answer this question.

While Document 1 mentions that Dionne Warwick is an American singer and a United Nations Global Ambassador for the **Food and Agriculture Organization**, the provided text does not mention the soundtrack ""The Woman in Red"" or confirm that Dionne Warwick was featured on it. Therefore, the connection required to answer the specific question is not present in the context.",0.0,0.0,0.0,OK,
90,90,bm25,mmr_0.0,"Who was born first, Ana Kasparian or Andre Agassi?",5a7c34905542996dd594b8d5,"[6559, 23466]","[25728, 23161, 6559, 15840, 7453]",0.5,0.3333333333333333,0.7317966222763062,0.08989159762859344,qwen3.5-122b,I cannot answer this based on the provided context.,0.0,0.0,0.0,OK,
91,91,bm25,mmr_0.0,"Who is older, Simon Neil or Michael McKean?",5a7c64bc5542996dd594b913,"[25306, 25985]","[25306, 12684, 18138, 3691, 25498]",0.5,1.0,0.7140892148017883,0.057172659784555435,qwen3.5-122b,I cannot answer this based on the provided context.,0.0,0.0,0.0,OK,
92,92,bm25,mmr_0.0,What was the sequel of the game that e was published by U.S. Gold in 1992?,5a7c68575542996dd594b91c,"[1860, 25874]","[25874, 15367, 3323, 16235, 12544]",0.5,1.0,0.7297123670578003,0.05105789750814438,qwen3.5-122b,I cannot answer this based on the provided context.,0.0,0.0,0.0,OK,
93,93,bm25,mmr_0.0,What was the population in 2016 of the city that Norman Foote is originally from?,5a7c78c955429935c91b51d2,"[644, 12503]","[11469, 12503, 5370, 540, 854]",0.5,0.5,0.7905392646789551,0.02312830463051796,qwen3.5-122b,I cannot answer this based on the provided context.,0.0,0.0,0.0,OK,
94,94,bm25,mmr_0.0,The 2011 Tennessee Tech Golden Eagles football team competed in a conference with how many members competing in football?,5a7c827e55429907fabeefa7,"[12219, 24831]","[12219, 24769, 17590, 14246, 25077]",0.5,1.0,0.6873298287391663,0.6236582398414612,qwen3.5-122b,"I cannot answer this based on the provided context.

The provided text states that the 2011 Tennessee Tech Golden Eagles were members of the Ohio Valley Conference (OVC), but it does not specify the number of members in the OVC that competed in football. Document 2 mentions the number of members for the Big Ten Conference, but that is a different conference.",0.0,0.0,0.0,OK,
95,95,bm25,mmr_0.0,Focus is a 2015 American romantic crime comedy-drama film starring an Australian actress who was also cast in what soap opera?,5a7c8cea55429935c91b5214,"[15934, 5796]","[15934, 1920, 757, 8214, 3093]",0.5,1.0,0.7389434576034546,0.655616044998169,qwen3.5-122b,"I cannot answer this based on the provided context.

The provided text states that *Focus* stars Margot Robbie, but it does not mention her nationality (Australian) or list any soap operas she has been cast in. Document 2 mentions an actress named Lillian Lehman who was in the soap opera ""Sunset Beach,"" but the text does not link her to the film *Focus*.",0.0,0.0,0.0,OK,
96,96,bm25,mmr_0.0,"As of 2010, what was the population of the county that was named after the 13th Speaker of the House of Representatives?",5a7c9ead5542990527d554e4,"[25549, 3547]","[25549, 19309, 21289, 6030, 24331]",0.5,1.0,0.7187010645866394,0.0949777364730835,qwen3.5-122b,I cannot answer this based on the provided context.,0.0,0.0,0.0,OK,
97,97,bm25,mmr_0.0,"Which restaurant chain is based further south, Pizza Fusion or Imo's Pizza?",5a7ca33f5542990527d554ee,"[4533, 5392]","[5392, 6485, 24819, 14461, 24680]",0.5,1.0,0.6918171644210815,0.03076789528131485,qwen3.5-122b,I cannot answer this based on the provided context.,0.0,0.0,0.0,OK,
98,98,bm25,mmr_0.0,How much change in elevation is there at the site of the 1999 FIA GT Hockenheim 500km?,5a7cb993554299452d57b9c2,"[2797, 25741]","[2797, 24616, 9311, 2553, 22404]",0.5,1.0,0.6987628936767578,0.061552561819553375,qwen3.5-122b,I cannot answer this based on the provided context.,0.0,0.0,0.0,OK,
99,99,bm25,mmr_0.0,How many times has the national team Joseph Raich Garriga played for in 1941 participated in FIFA World Cups?,5a7cc58f554299452d57ba45,"[4128, 23594]","[971, 4699, 20484, 21701, 23594]",0.5,0.2,0.7490103244781494,0.060179293155670166,qwen3.5-122b,I cannot answer this based on the provided context.,0.0,0.0,0.0,OK,
100,100,bm25,mmr_0.0,On what UHF channel is the station that Cindy Williams is on broadcast?,5a7ccc1e55429909bec7680e,"[2958, 264]","[21207, 4376, 13433, 20142, 25464]",0.0,0.0,0.6416865587234497,0.09841998666524887,qwen3.5-122b,I cannot answer this based on the provided context.,0.0,0.0,0.0,OK,
101,101,bm25,mmr_0.0,Getting Married in Buffalo Jump stars an actor who was born in what city?,5a7cdc1b55429907fabef04d,"[10012, 24485]","[10012, 1319, 5314, 2693, 19520]",0.5,1.0,0.744061291217804,0.5891659259796143,qwen3.5-122b,"I cannot answer this based on the provided context.

The provided text states that the movie *Getting Married in Buffalo Jump* stars Wendy Crewson and Paul Gross, but it does not mention the birth cities of either actor.",0.0,0.0,0.0,OK,
102,102,bm25,mmr_0.0,"Which band formed earlier, Edward Sharpe and the Magnetic Zeros or Louis XIV?",5a7cdd6b55429909bec76858,"[3440, 3418]","[3440, 10948, 110, 24978, 4775]",0.5,1.0,0.7847705483436584,0.07710383832454681,qwen3.5-122b,I cannot answer this based on the provided context.,0.0,0.0,0.0,OK,
103,103,bm25,mmr_0.0,"Which was released first, Gasland or To Shoot an Elephant?",5a7ced4355429909bec76895,"[9661, 9151]","[23161, 4207, 15779, 373, 15840]",0.0,0.0,0.7684146165847778,0.02913578599691391,qwen3.5-122b,I cannot answer this based on the provided context.,0.0,0.0,0.0,OK,
104,104,bm25,mmr_0.0,"Who is older, Steven Tyler, or Elizabeth Fraser?",5a7d2c8d5542995ed0d16624,"[17973, 17299]","[17822, 5814, 11782, 7249, 3493]",0.0,0.0,0.7354549169540405,0.07488205283880234,qwen3.5-122b,I cannot answer this based on the provided context.,0.0,0.0,0.0,OK,
105,105,bm25,mmr_0.0,"In what year was the Moldavian, later Romanian writer, known for his work ""The Goat and Her Three Kids"" born?",5a7dedb55542995f4f402317,"[8170, 25534]","[8170, 25709, 2330, 12147, 20079]",0.5,1.0,0.7874104380607605,0.04224322736263275,qwen3.5-122b,I cannot answer this based on the provided context.,0.0,0.0,0.0,OK,
106,106,bm25,mmr_0.0,What is the population of the birth city of Daniela Scalia?,5a7e279d5542995ed0d166b5,"[14020, 9457]","[3988, 13641, 944, 663, 3795]",0.0,0.0,0.7517439126968384,0.02229115553200245,qwen3.5-122b,I cannot answer this based on the provided context.,0.0,0.0,0.0,OK,
107,107,bm25,mmr_0.0,"Who has held more positions in the film industry, Donald Cammell or Justin David Swibel?",5a7e59c855429934daa2fc0f,"[6208, 10322]","[25662, 24807, 9194, 8766, 8583]",0.0,0.0,0.7724345922470093,0.1906203329563141,qwen3.5-122b,I cannot answer this based on the provided context.,0.0,0.0,0.0,OK,
108,108,bm25,mmr_0.0,The Hindmarsh Stadium is sponsored by a brewery that sold how many liters of beer in 2013 ?,5a7eec6f55429934daa2fc7c,"[10554, 24630]","[24630, 7879, 21609, 8051, 11353]",0.5,1.0,0.7254529595375061,0.04927528649568558,qwen3.5-122b,I cannot answer this based on the provided context.,0.0,0.0,0.0,OK,
109,109,bm25,mmr_0.0,What region of Italy was Giorgio Pini born in?,5a7ef6b35542994959419a94,"[8550, 6427]","[8550, 15151, 8472, 23962, 12817]",0.5,1.0,0.7112709283828735,0.9941385984420776,qwen3.5-122b,"Based on the provided context, Giorgio Pini was born in **Bologna**.

Document 1 states: ""Giorgio Pini (1 February 1899, in Bologna – 30 March 1987, in Rome) was an Italian politician and journalist."" While the document does not explicitly name the region (Emilia-Romagna), it specifies the city of his birth as Bologna.",0.0,0.0,0.0,OK,
110,110,bm25,mmr_0.0,How did the prominent member of the Astor family who was a lieutenant colonel in the Spanish-American War die?,5a7efa7a55429930675135ea,"[12667, 11180]","[11180, 10271, 25002, 4114, 20970]",0.5,1.0,0.7369323968887329,0.05565165728330612,qwen3.5-122b,I cannot answer this based on the provided context.,0.0,0.0,0.0,OK,
111,111,bm25,mmr_0.0,"Which band originated from the United States, Milky Chance or Stone Temple Pilots?",5a7f19eb55429934daa2fcdb,"[16719, 24908]","[16719, 1496, 14057, 15569, 2563]",0.5,1.0,0.7488828897476196,0.2463701367378235,qwen3.5-122b,"Based on the provided context, **Stone Temple Pilots** is the band that originated from the United States.

*   **Document 1** states that **Milky Chance** is a ""German folk group.""
*   **Document 5** states that Chester Bennington was an ""American singer"" and served as the frontman for **Stone Temple Pilots**, implying the band's connection to the United States.",0.0,0.0,0.0,OK,
112,112,bm25,mmr_0.0,"The album that contains the song ""Get Together"" by Madonna was mainly recorded in whose home studio?",5a7f22005542993067513657,"[17942, 6805]","[17942, 9939, 17253, 3788, 4407]",0.5,1.0,0.7239619493484497,0.029075589030981064,qwen3.5-122b,I cannot answer this based on the provided context.,0.0,0.0,0.0,OK,
113,113,bm25,mmr_0.0,A man known as one of the most brutal pro-Confederate guerrilla leaders in the American Civil War had a following that included a bank and train robber from western Missouri raised in what area?,5a7f79155542995d8a8dde86,"[9662, 681]","[681, 8023, 7120, 12945, 5292]",0.5,1.0,0.7860843539237976,0.032904841005802155,qwen3.5-122b,I cannot answer this based on the provided context.,0.0,0.0,0.0,OK,
114,114,bm25,mmr_0.0,Did the Beaulieu Mine or the McIntyre Mines yield gold and copper?,5a7f7b365542992097ad2f80,"[4191, 23965]","[23965, 5130, 9080, 17242, 20437]",0.5,1.0,0.7477961778640747,0.026065655052661896,qwen3.5-122b,"Based on the provided context, the McIntyre mine yielded a considerable amount of copper and is identified as an underground gold mine. The context does not contain any information regarding the Beaulieu Mine.",0.0,0.0,0.0,OK,
115,115,bm25,mmr_0.0,IN what year were both Franz Ferdinand and Sunrise Avenue formed?,5a7f9cb55542995d8a8ddec1,"[20134, 24566]","[24566, 11469, 15264, 16905, 25191]",0.5,1.0,0.7735790014266968,0.07541528344154358,qwen3.5-122b,I cannot answer this based on the provided context.,0.0,0.0,0.0,OK,
116,116,bm25,mmr_0.0,Ali Eren Balıkel started a restaurant which hosted a number of famous figures including an English actor who won three consecutive what?,5a7fb6625542994857a767cc,"[22297, 7620]","[22297, 16544, 3718, 18057, 11245]",0.5,1.0,0.8171460032463074,0.9494780898094177,qwen3.5-122b,"I cannot answer this based on the provided context.

The provided text mentions that Ali Eren Balıkel's restaurant hosted famous figures including ""Oscar award-winning actress Helen Mirren"" and ""American actor Robert De Niro,"" but it does not mention an English actor who won three consecutive awards. While Document 3 describes Sir Thomas Daniel Courtenay as an English actor, it does not state that he won three consecutive awards, nor does it link him to Ali Eren Balıkel's restaurant.",0.0,0.0,0.0,OK,
117,117,bm25,mmr_0.0,What Theo Avgerinos movie did the actor known for the role as Matt McNamara appear in?,5a7fc5875542992e7d278d67,"[25913, 10575]","[10575, 14722, 2307, 16320, 24794]",0.5,1.0,0.7138957977294922,0.08066048473119736,qwen3.5-122b,I cannot answer this based on the provided context.,0.0,0.0,0.0,OK,
118,118,bm25,mmr_0.0,"Which magazine has more issues per month, Club or Pro Football Weekly",5a804f01554299485f5985bf,"[20124, 10672]","[10672, 16946, 13134, 11968, 20030]",0.5,1.0,0.6776946783065796,0.03179726377129555,qwen3.5-122b,I cannot answer this based on the provided context.,0.0,0.0,0.0,OK,
119,119,bm25,mmr_0.0,"Bob Edwards was the host of what show, that later was hosted by Renee Montagne?",5a807181554299485f5985ec,"[10537, 14470]","[14470, 9509, 9850, 16169, 4243]",0.5,1.0,0.7689494490623474,0.05143401026725769,qwen3.5-122b,I cannot answer this based on the provided context.,0.0,0.0,0.0,OK,
120,120,bm25,mmr_0.0,What location under Charing Cross railway station did G-A-Y move to?,5a80735b554299485f5985f3,"[2951, 19280]","[2271, 4856, 8222, 19843, 12264]",0.0,0.0,0.6780673265457153,0.043571893125772476,qwen3.5-122b,I cannot answer this based on the provided context.,0.0,0.0,0.0,OK,
121,121,bm25,mmr_0.0,Who conceived the rapid transit system that Klemzig Interchange is a part of?,5a807b44554299485f59860a,"[5865, 781]","[781, 23474, 24999, 2134, 31]",0.5,1.0,0.7204059362411499,0.01637636125087738,qwen3.5-122b,I cannot answer this based on the provided context.,0.0,0.0,0.0,OK,
122,122,bm25,mmr_0.0,"A vehicle that uses hydrogen as its onboard fuel for motive power is cosidered which, Flex-fuel or Bi-fuel?",5a8080365542992097ad2fed,"[5296, 5135]","[5135, 24061, 604, 4761, 4470]",0.5,1.0,0.7011570930480957,0.034947432577610016,qwen3.5-122b,I cannot answer this based on the provided context.,0.0,0.0,0.0,OK,
123,123,bm25,mmr_0.0,Shaqtin' a Fool has included which television personality who worked for 8 yearst at ESPN?,5a80870d5542992bc0c4a752,"[17856, 24380]","[24380, 5515, 17350, 23890, 12147]",0.5,1.0,0.7201205492019653,0.9708290100097656,qwen3.5-122b,"Based on the provided context, the television personality who worked for eight years at ESPN is **Matthew Ward Winer**.

(Note: While the context confirms Winer worked eight years at ESPN, it does not explicitly mention ""Shaqtin' a Fool,"" but he is the only individual in the text matching the description of working eight years at ESPN.)",0.0,0.0,0.0,OK,
124,124,bm25,mmr_0.0,Who's fifth album and debut single are Startin' Fires and Austin respectively?,5a808c215542995d8a8ddf90,"[5696, 568]","[5696, 98, 18168, 544, 18412]",0.5,1.0,0.7113824486732483,0.07780803740024567,qwen3.5-122b,I cannot answer this based on the provided context.,0.0,0.0,0.0,OK,
125,125,bm25,mmr_0.0,Were Sound Team and Dead by Sunrise both formed before 2010?,5a8091515542996402f6a563,"[10691, 284]","[284, 23132, 4873, 5153, 25191]",0.5,1.0,0.7393456697463989,0.054549116641283035,qwen3.5-122b,I cannot answer this based on the provided context.,0.0,0.0,0.0,OK,
126,126,bm25,mmr_0.0,What is the name of the vocalist who collaborated with the rap duo who won the 2002 Grammy Award for Best Rap Performance by a Duo or Group?,5a80a25d5542995d8a8ddfb7,"[21558, 3114]","[3114, 24667, 7620, 18479, 12148]",0.5,1.0,0.7670303583145142,0.03832850232720375,qwen3.5-122b,I cannot answer this based on the provided context.,0.0,0.0,0.0,OK,
127,127,bm25,mmr_0.0,What prominent director worked with Orion Pictures and was born in December of 1935?,5a80b52f554299485f5986d6,"[6920, 12613]","[6920, 6229, 5515, 22884, 24384]",0.5,1.0,0.7818851470947266,0.04730797931551933,qwen3.5-122b,I cannot answer this based on the provided context.,0.0,0.0,0.0,OK,
128,128,bm25,mmr_0.0,"How many seasons has a popular tv show had, in which one of the episodes is called Moho House?",5a80c79155429938b61421da,"[22517, 19429]","[18959, 24582, 7835, 8085, 3726]",0.0,0.0,0.7620968222618103,0.06284347176551819,qwen3.5-122b,I cannot answer this based on the provided context.,0.0,0.0,0.0,OK,
129,129,bm25,mmr_0.0,British Airways and EasyJet are both based out of where?,5a80d2c6554299260e20a17c,"[8537, 4606]","[8537, 8065, 3984, 24841, 10948]",0.5,1.0,0.7159045934677124,0.9989200234413147,qwen3.5-122b,"Based on the provided context, British Airways is centred at its main hub at **London Heathrow Airport**, with a second major hub at **London Gatwick Airport**. The context mentions that EasyJet displaced British Airways as the largest UK airline by passenger numbers in 2008, but it does not state where EasyJet is based.

Therefore, I cannot answer where both are based out of, as the context does not contain information about EasyJet's location.",0.0,0.0,0.0,OK,
130,130,bm25,mmr_0.0,The American actor Chip Zien is best known for this Broadway production by which American composer and lyricist who received an Academy Award and Tony Awards?,5a80ddc555429938b6142224,"[25865, 10847]","[21600, 7620, 21521, 1851, 7806]",0.0,0.0,0.7329575419425964,0.052751846611499786,qwen3.5-122b,I cannot answer this based on the provided context.,0.0,0.0,0.0,OK,
131,131,bm25,mmr_0.0,"""Prostitute"" is a song written by Axl Rose and Paul Tobias with additional work by an American guitarist has played in two different bands on a list of what?",5a80e4b255429938b6142239,"[14206, 25391]","[14206, 24586, 13146, 10772, 22121]",0.5,1.0,0.7714446783065796,0.025783993303775787,qwen3.5-122b,"Based on the provided context, I cannot answer this question.

While Document 1 confirms that the song ""Prostitute"" was written by Axl Rose and Paul Tobias with additional work by Robin Finck, and Document 4 mentions a musician (Matt Cardle) who was a member of two different bands, the text does not identify Robin Finck as an American guitarist who played in two different bands, nor does it mention any specific ""list"" associated with these details.",0.0,0.0,0.0,OK,
132,132,bm25,mmr_0.0,How many of the 12 million immigrants to the United States through Ellis Island were Italian immigrants?,5a80e5f5554299260e20a1ae,"[21537, 25908]","[25908, 14025, 8656, 20841, 15690]",0.5,1.0,0.6975135803222656,0.03499867767095566,qwen3.5-122b,I cannot answer this based on the provided context.,0.0,0.0,0.0,OK,
133,133,bm25,mmr_0.0,"Which breed of dog came first, the Norrbottenspets or the Blue Lacy?",5a812d0555429938b61422e1,"[11627, 22223]","[11627, 23161, 15840, 25041, 16165]",0.5,1.0,0.7432135343551636,0.020553305745124817,qwen3.5-122b,I cannot answer this based on the provided context.,0.0,0.0,0.0,OK,
134,134,bm25,mmr_0.0,The Rhymers' Club met at Ye Olde Cheshire Cheese listed as what type of house?,5a81549055429938b6142338,"[24850, 1616]","[1616, 8023, 17192, 1524, 18791]",0.5,1.0,0.7837953567504883,0.6904094219207764,qwen3.5-122b,"Based on the provided context, Ye Olde Cheshire Cheese is listed as a **Grade II listed public house**.

(Note: The provided text does not mention the Rhymers' Club, but it does define the type of house Ye Olde Cheshire Cheese is.)",0.0,0.0,0.0,OK,
135,135,bm25,mmr_0.0,Where is the closest relative to the whale located?,5a81a4615542995ce29dcc1e,"[13057, 15000]","[12577, 3198, 1741, 4116, 23935]",0.0,0.0,0.7677608728408813,0.3743327856063843,qwen3.5-122b,I cannot answer this based on the provided context.,0.0,0.0,0.0,OK,
136,136,bm25,mmr_0.0,How long did the king who created the coins of the hawaiian dollar rule?,5a81b7205542990a1d231e79,"[24397, 24201]","[24397, 584, 25084, 11402, 9689]",0.5,1.0,0.7592732906341553,0.05419258773326874,qwen3.5-122b,I cannot answer this based on the provided context.,0.0,0.0,0.0,OK,
137,137,bm25,mmr_0.0,"Which college is located in the United States, University of Delaware of University of Debrecen?",5a81b92a5542995ce29dcc52,"[11594, 11762]","[1427, 13387, 11592, 16657, 22409]",0.0,0.0,0.6802383661270142,0.0810830220580101,qwen3.5-122b,I cannot answer this based on the provided context.,0.0,0.0,0.0,OK,
138,138,bm25,mmr_0.0,"Tryon D. Lewis is a lawyer from Odessa, Texas which is located in what county?",5a81d19b55429926c1cdad90,"[10254, 3031]","[10254, 10487, 6803, 25296, 11283]",0.5,1.0,0.7166172862052917,0.9997782707214355,qwen3.5-122b,"Based on the provided context, Tryon Dexter Lewis is an attorney in Odessa, Texas, and a former member of the Texas House of Representatives from District 81, which includes **Ector, Andrews, and Winkler counties**. The text does not explicitly state which of these counties Odessa is located in, only that the district covers them.

However, since the question asks for the county and the context links Odessa to District 81 (Ector, Andrews, and Winkler counties), the most accurate answer derivable strictly from the text is that Odessa is associated with **Ector, Andrews, and Winkler counties** (as part of District 81).

*Note: While general knowledge confirms Odessa is in Ector County, the provided text only links Odessa to the district comprising Ector, Andrews, and Winkler counties.*

**Answer:** Based on the provided context, Odessa, Texas is associated with **Ector, Andrews, and Winkler counties** (as part of District 81). The text does not specify a single county for Odessa itself.",0.0,0.0,0.0,OK,
139,139,bm25,mmr_0.0,Who played the role of Nettie Harris in the 1985 film directed by Steven Spielberg?,5a81e8ea5542995ce29dcc73,"[25839, 12103]","[25839, 24522, 18366, 13962, 4960]",0.5,1.0,0.7746652364730835,0.9246054291725159,qwen3.5-122b,"I cannot answer this based on the provided context.

The provided text states that Akosua Gyamama Busia played the role of Nettie Harris in the 1985 film ""The Color Purple,"" but it does not mention who directed that film. Additionally, while the text mentions Steven Spielberg directed ""War of the Worlds"" (2005), it does not link him to the 1985 film in question.",0.0,0.0,0.0,OK,
140,140,bm25,mmr_0.0,What kind of movie directed by F. Javier gutierrez did an Italian model and actress star in?,5a81ebee554299676cceb16d,"[20162, 19196]","[18530, 24358, 20501, 19853, 2220]",0.0,0.0,0.7432277798652649,0.13361725211143494,qwen3.5-122b,I cannot answer this based on the provided context.,0.0,0.0,0.0,OK,
141,141,bm25,mmr_0.0,What award did the actor in Tales from the Crypt win?,5a8210f355429926c1cdae24,"[360, 3539]","[360, 11314, 13791, 769, 6261]",0.5,1.0,0.8130441904067993,0.04091629758477211,qwen3.5-122b,I cannot answer this based on the provided context.,0.0,0.0,0.0,OK,
142,142,bm25,mmr_0.0,Which physicist known for his work on parity violation has a son who became an American chemist teaching at Cornell University?,5a823b0c55429940e5e1a804,"[22771, 8863]","[22225, 16289, 17075, 19139, 17524]",0.0,0.0,0.7299635410308838,0.05244036763906479,qwen3.5-122b,I cannot answer this based on the provided context.,0.0,0.0,0.0,OK,
143,143,bm25,mmr_0.0,Folie à Deux is a studio album by the American rock band formed in which city?,5a825bb455429940e5e1a874,"[5277, 2683]","[5277, 193, 3219, 3370, 10888]",0.5,1.0,0.7074495553970337,0.9211323857307434,qwen3.5-122b,"I cannot answer this based on the provided context.

The provided text states that *Folie à Deux* is by the American rock band Fall Out Boy and that the album was recorded in Hollywood, California, but it does not mention the city where the band itself was formed.",0.0,0.0,0.0,OK,
144,144,bm25,mmr_0.0,Hugo Rodríguez Romero is a Spanish footballer who plays for a team in the autonomous community of what?,5a8268aa55429940e5e1a8aa,"[18995, 20295]","[18995, 4995, 13845, 7190, 21560]",0.5,1.0,0.6461963057518005,0.9942340850830078,qwen3.5-122b,"Based on the provided context, Hugo Rodríguez Romero plays for FC Cartagena. However, the documents do not specify the autonomous community where FC Cartagena is located. While Document 3 mentions the autonomous community of Madrid and Document 4 mentions the autonomous community of Asturias, neither document links FC Cartagena to a specific autonomous community.

Therefore, I cannot answer this based on the provided context.",0.0,0.0,0.0,OK,
145,145,bm25,mmr_0.0,How many rooms does the Tropicana Hotel have where the 7th annual Adult Video News awards ceremony were held in 1980?,5a8284b555429954d2e2eb5f,"[22471, 24289]","[22471, 19189, 21313, 22136, 22131]",0.5,1.0,0.6970806121826172,0.9554537534713745,qwen3.5-122b,"I cannot answer this based on the provided context.

The provided text states that the 7th AVN Awards took place on January 8, 1990 (not 1980) at the Tropicana Hotel & Casino, but it does not mention the number of rooms in that hotel. The only room count mentioned in the context (101 rooms) refers to Hotel Agrabad in Bangladesh.",0.0,0.0,0.0,OK,
146,146,bm25,mmr_0.0,Are the Barton Mine and Hermiston-McCauley Mine located in The United States of America?,5a82accd55429966c78a6a78,"[8158, 11498]","[11498, 25788, 23663, 142, 23780]",0.5,1.0,0.6750966310501099,0.07086338847875595,qwen3.5-122b,I cannot answer this based on the provided context.,0.0,0.0,0.0,OK,
147,147,bm25,mmr_0.0,The Plymouth fury produced from 1955 to 1989  was replaced by what for police and fleet applications?,5a8303c255429954d2e2ec01,"[25198, 1050]","[1050, 16169, 5464, 9808, 24850]",0.5,1.0,0.7894642949104309,0.19384165108203888,qwen3.5-122b,I cannot answer this based on the provided context.,0.0,0.0,0.0,OK,
148,148,bm25,mmr_0.0,How many Grammy awards were won by an album named after the Joni Mitchell song from Love Actually?,5a8318955542990548d0b177,"[4544, 23978]","[4544, 4870, 6851, 17942, 10528]",0.5,1.0,0.7290578484535217,0.9552453756332397,qwen3.5-122b,"Based on the provided context, the album named after the Joni Mitchell song is **Both Sides Now**, which was released in 2000. According to Document 1, this album won **two** Grammy awards in 2001.

(Note: The context does not mention the movie *Love Actually*, but it does confirm the album name and the number of awards won.)

**Answer:** 2",0.0,0.0,0.0,OK,
149,149,bm25,mmr_0.0,Are the 1908 Ex parte Young and 1948 McCollum v. Board of Education United States Supreme Court cases related to each other in any way?,5a831af855429954d2e2ec1e,"[3747, 18694]","[18694, 16731, 8734, 19507, 20378]",0.5,1.0,0.7102468013763428,0.07480674982070923,qwen3.5-122b,I cannot answer this based on the provided context.,0.0,0.0,0.0,OK,
150,150,bm25,mmr_0.0,What city is the most populous city in Australia and Oceania and the birthplace of a silver and bronze medalist from the 1992 Barcelona Paralympics?,5a831fc955429954d2e2ec28,"[12693, 10170]","[2153, 25358, 10682, 15991, 17079]",0.0,0.0,0.7650715708732605,0.06361617147922516,qwen3.5-122b,I cannot answer this based on the provided context.,0.0,0.0,0.0,OK,
151,151,bm25,mmr_0.0,In which U.S. state are MedStar Georgetown University Hospital and Providence Hospital?,5a83305d55429966c78a6b4a,"[21829, 1214]","[1214, 11579, 5318, 19388, 13978]",0.5,1.0,0.7378981113433838,0.7815555334091187,qwen3.5-122b,"Based on the provided context, I cannot answer this question.

The text states that **MedStar Georgetown University Hospital** is located in **Washington, D.C.** (Document 1). While Document 3 mentions a band named ""Someday Providence"" from **Providence, Rhode Island**, it does not mention a ""Providence Hospital"" or its location. Therefore, the context does not contain enough information to determine the U.S. state for both hospitals.",0.0,0.0,0.0,OK,
152,152,bm25,mmr_0.0,What summit is located in the county who's county seat is Helena?,5a8333115542993344745feb,"[18612, 25717]","[25811, 1755, 12492, 5345, 540]",0.0,0.0,0.637952446937561,0.05323020741343498,qwen3.5-122b,I cannot answer this based on the provided context.,0.0,0.0,0.0,OK,
153,153,bm25,mmr_0.0,"Which tower is taller, 712 Fifth Avenue or Manhattan Life Insurance Building?",5a834ed95542990548d0b1ca,"[4368, 25509]","[3033, 25334, 12390, 16094, 25499]",0.0,0.0,0.7447147965431213,0.041201427578926086,qwen3.5-122b,I cannot answer this based on the provided context.,0.0,0.0,0.0,OK,
154,154,bm25,mmr_0.0,"The publication of which magazine ended first, Right On! or Castle of Frankenstein?",5a835a7b554299123d8c20fc,"[2583, 8980]","[4344, 11260, 23913, 8427, 10217]",0.0,0.0,0.7726449966430664,0.15412788093090057,qwen3.5-122b,I cannot answer this based on the provided context.,0.0,0.0,0.0,OK,
155,155,bm25,mmr_0.0,are Mikhail Glinka and Jean-Baptiste Lully both composers ?,5a836a765542996488c2e446,"[8998, 7856]","[7856, 19315, 5037, 6118, 16589]",0.5,1.0,0.753530740737915,0.28237321972846985,qwen3.5-122b,"Based on the provided context, I cannot answer this question. The text confirms that Jean-Baptiste Lully was a composer (Document 1), but it does not contain any information about Mikhail Glinka.",0.0,0.0,0.0,OK,
156,156,bm25,mmr_0.0,What is the date of the reissue of one of Rhihanna's album that features three newly recorded songs and a DVD showing exclusive behind-the-scenes footage of Rihanna's worldwide tour that was the second overall and first world concert tour by Rihanna?,5a83938c5542993344746049,"[15652, 4702]","[15652, 15718, 6077, 24520, 24907]",0.5,1.0,0.7390173673629761,0.928704023361206,qwen3.5-122b,"Based on the provided context, the reissue of Rihanna's album that features three newly recorded songs and a DVD showing exclusive behind-the-scenes footage of her worldwide tour is **Good Girl Gone Bad: Reloaded**.

According to Document 1, it was first released digitally in selected countries on **June 2, 2008**.

*(Note: While the context confirms the album details and release date, it does not explicitly state that the ""Good Girl Gone Bad Tour"" was Rihanna's ""second overall and first world concert tour,"" though it does identify it as her worldwide tour.)*",0.0,0.0,0.0,OK,
157,157,bm25,mmr_0.0,"Who was the brother of the architect of Hook and Ladder No. 4 located in Albany, NY?",5a8485fa5542992a431d1a41,"[10116, 12352]","[10116, 25084, 9409, 18521, 21452]",0.5,1.0,0.7219734787940979,0.055697645992040634,qwen3.5-122b,I cannot answer this based on the provided context.,0.0,0.0,0.0,OK,
158,158,bm25,mmr_0.0,"Does Jimmy Barnes have more hits, both solo and in a group, than Yang Seung-ho has with his group?",5a84a4e35542992a431d1a81,"[755, 15530]","[755, 17556, 7352, 18341, 17821]",0.5,1.0,0.7856512069702148,0.040523502975702286,qwen3.5-122b,I cannot answer this based on the provided context.,0.0,0.0,0.0,OK,
159,159,bm25,mmr_0.0,Who was the First Prophert to the sixth Pharaoh of the Eighteenth Dynasty?,5a84a8ce5542997175ce1f1c,"[4427, 3287]","[3287, 25697, 11979, 22084, 16260]",0.5,1.0,0.7270104885101318,0.7387730479240417,qwen3.5-122b,I cannot answer this based on the provided context.,0.0,0.0,0.0,OK,
160,160,bm25,mmr_0.0,What notable work from French music video director Yoann Lemoine features an apology and plea for forgiveness?,5a84ad3a5542992a431d1a8b,"[11957, 10715]","[11957, 15264, 24962, 25482, 19704]",0.5,1.0,0.7430384159088135,0.033788252621889114,qwen3.5-122b,I cannot answer this based on the provided context.,0.0,0.0,0.0,OK,
161,161,bm25,mmr_0.0,What movies has Juno Temple starred in?,5a84b2995542994c784dda11,"[22906, 53]","[53, 181, 644, 22719, 2150]",0.5,1.0,0.7092465162277222,0.9997024536132812,qwen3.5-122b,"Based on the provided context, Juno Temple has appeared in the following films:

*   Black Mass
*   The Other Boleyn Girl
*   Wild Child
*   Atonement
*   Maleficent
*   The Three Musketeers
*   The Dark Knight Rises

She also had a starring role in the HBO period drama series ""Vinyl"".",0.0,0.0,0.0,OK,
162,162,bm25,mmr_0.0,"Which Bulldog includes breeds such as ""Standard"" and ""Classic,"" the French Bulldog or the American Bulldog?",5a84b5ac5542991dd0999da4,"[24617, 23869]","[24617, 7476, 14457, 11989, 15612]",0.5,1.0,0.7473811507225037,0.04162399470806122,qwen3.5-122b,I cannot answer this based on the provided context.,0.0,0.0,0.0,OK,
163,163,bm25,mmr_0.0,Both Mulled wine and Blue Lagoon are considered primarily alcoholic or non-alcoholic?,5a84b6e15542991dd0999daa,"[3851, 157]","[3851, 11262, 23190, 10948, 18771]",0.5,1.0,0.7327281832695007,0.9071202278137207,qwen3.5-122b,"Based on the provided context, Mulled wine is considered primarily **alcoholic**, as Document 1 states it is ""alcoholic, although there are non-alcoholic versions.""

However, the provided context does not contain information about ""Blue Lagoon"" (Document 2 discusses ""Budaki, or Budaksky Lagoon,"" which is a geographical location, not a beverage). Therefore, I cannot determine the alcoholic or non-alcoholic status of Blue Lagoon based on the text.",0.0,0.0,0.0,OK,
164,164,bm25,mmr_0.0,Is Awolnation an American alternative rock band and This Mortal Coil was a music collective,5a84b6ed5542994c784dda18,"[11544, 22983]","[853, 10946, 25402, 11544, 4832]",0.5,0.25,0.7445346117019653,0.24321678280830383,qwen3.5-122b,"Based on the provided context, I can confirm that Awolnation is an American alternative rock band, as stated in Document 4. However, the provided documents do not contain any information regarding ""This Mortal Coil"" or whether it was a music collective. Therefore, I cannot answer the second part of your question based on the provided context.",0.0,0.0,0.0,OK,
165,165,bm25,mmr_0.0,What is  Cyaxares relationship to the man that governed for 53 years?,5a84b9c95542997b5ce3ff35,"[17543, 17487]","[17487, 24956, 25853, 7724, 8776]",0.5,1.0,0.7867723703384399,0.8625723719596863,qwen3.5-122b,I cannot answer this based on the provided context.,0.0,0.0,0.0,OK,
166,166,bm25,mmr_0.0,Are Yingkou and Fuding the same level of city?,5a84c4135542994c784dda31,"[2059, 23960]","[2059, 13735, 13335, 11289, 15566]",0.5,1.0,0.7551125884056091,0.0398886539041996,qwen3.5-122b,I cannot answer this based on the provided context.,0.0,0.0,0.0,OK,
167,167,bm25,mmr_0.0,Who was involved in observing the natural progression of untreated syphilis in rural African-American men in Alabama?,5a84c4bb5542991dd0999dec,"[10764, 5668]","[5668, 25191, 10383, 5846, 23194]",0.5,1.0,0.7457345724105835,0.9960765838623047,qwen3.5-122b,"Based on the provided context, the **U.S. Public Health Service** conducted the study to observe the natural progression of untreated syphilis in rural African-American men in Alabama.",0.0,0.0,0.0,OK,
168,168,bm25,mmr_0.0,Which singer of the Bee Gees sung a middle part of a song in which the majority was sung by Barry Gibb?,5a84cb255542991dd0999dfa,"[14245, 2955]","[14245, 17288, 899, 1787, 18680]",0.5,1.0,0.7744557857513428,0.9935465455055237,qwen3.5-122b,"Based on the provided context, **Robin Gibb** sang a little part in the middle of the song ""I Laugh in Your Face,"" while the majority of the vocal solos were performed by Barry Gibb.",0.0,0.0,0.0,OK,
169,169,bm25,mmr_0.0,"WHich college is located in the United States, Grand Valley State University or Carleton University?",5a84ee4c5542997175ce1f2b,"[10040, 6317]","[25942, 7015, 12632, 6317, 1106]",0.5,0.25,0.7065252065658569,0.9987162947654724,qwen3.5-122b,"Based on the provided context, I cannot answer this question.

The context mentions **Carleton University** is located in Ottawa, Ontario, Canada (Document 4). However, the provided text does not contain any information about **Grand Valley State University**, nor does it mention a ""Grand Valley"" in the United States. While Document 1 mentions ""Mississippi Valley State University"" and Document 2 mentions a ""valley"" in Colorado, neither refers to Grand Valley State University. Therefore, I cannot determine which of the two specific universities listed in your question is located in the United States using only the provided documents.",0.0,0.0,0.0,OK,
170,170,bm25,mmr_0.0,The birthplace of George McCall Theal is a port city of what bay?,5a852cd05542997b5ce3ffb0,"[551, 10682]","[551, 10491, 19078, 5875, 6508]",0.5,1.0,0.7255651354789734,0.09928123652935028,qwen3.5-122b,I cannot answer this based on the provided context.,0.0,0.0,0.0,OK,
171,171,bm25,mmr_0.0,"The Azad Hind Dal was created by an Indian nationalist whose defiant patriotism made him a hero in India, but whose attempt to rid India of British rule during what war left a troubled legacy?",5a85a3005542991dd0999e72,"[2667, 6042]","[6042, 15247, 17582, 13629, 20130]",0.5,1.0,0.7778531312942505,0.6289981007575989,qwen3.5-122b,"Based on the provided context, the Indian nationalist described is Subhas Chandra Bose, whose attempt to rid India of British rule with the help of Nazi Germany and Imperial Japan occurred during **World War II**.

(Note: While the provided text mentions his attempt during World War II, it does not explicitly name the ""Azad Hind Dal,"" but the description of the person and the war matches the details in Document 1.)

Answer: World War II",0.0,0.0,0.0,OK,
172,172,bm25,mmr_0.0,Are Hoodoo Gurus and Pierre Bouvier of the same nationality?,5a85e24a5542994775f6067f,"[25104, 2028]","[25104, 25446, 2028, 17210, 34]",1.0,1.0,0.7827955484390259,0.0030297967605292797,qwen3.5-122b,"No, they are not of the same nationality. Based on the provided context:

*   **Hoodoo Gurus** are described as an **Australian** rock band formed in Sydney.
*   **Pierre Charles Bouvier** is described as a **Canadian** singer.",0.0,0.0,0.0,OK,
173,173,bm25,mmr_0.0,"Just Before I Go stars an actress who plays what character in the series ""24""?",5a85e2775542994775f60680,"[16208, 6157]","[14268, 5419, 23502, 19929, 17194]",0.0,0.0,0.7729870080947876,0.041544679552316666,qwen3.5-122b,I cannot answer this based on the provided context.,0.0,0.0,0.0,OK,
174,174,bm25,mmr_0.0,Which mechanical device which engages and disengages power transmission  uses brake fluid?,5a85e5345542991dd0999ebb,"[2093, 23925]","[23925, 19945, 3855, 16817, 17613]",0.5,1.0,0.7364435195922852,0.039989177137613297,qwen3.5-122b,I cannot answer this based on the provided context.,0.0,0.0,0.0,OK,
175,175,bm25,mmr_0.0,Are both Ride a Wild Pony and Frozen 2 computer-animated films?,5a85ebe75542996432c5712a,"[9305, 18606]","[9305, 7792, 19315, 3472, 9719]",0.5,1.0,0.7437079548835754,0.128742054104805,qwen3.5-122b,I cannot answer this based on the provided context.,0.0,0.0,0.0,OK,
176,176,bm25,mmr_0.0,Were Robert Holdstock and H. L. Mencken both known for being satirists?,5a861ea85542994775f60700,"[18049, 22681]","[18049, 9266, 19664, 532, 9127]",0.5,1.0,0.7332577109336853,0.13406500220298767,qwen3.5-122b,I cannot answer this based on the provided context.,0.0,0.0,0.0,OK,
177,177,bm25,mmr_0.0,When was the publisher of Traveller Supplement 4: Citizens of the Imperium in business?,5a86481b5542996432c571b5,"[23140, 427]","[23140, 1427, 19939, 8288, 795]",0.5,1.0,0.6906751394271851,0.23861020803451538,qwen3.5-122b,"Based on the provided context, I cannot answer this question.

Document 1 states that *Traveller Supplement 4: Citizens of the Imperium* was published by ""Game Designers' Workshop"" in 1979, but it does not provide the dates when Game Designers' Workshop was in business. The other documents discuss unrelated topics (University of Saskatchewan, Falasteen 48, Ross River Dena Council, and The Seattle Times Company).",0.0,0.0,0.0,OK,
178,178,bm25,mmr_0.0,"Yoann Lemoine, a French video director, has created music videos for Lana Del Rey, Katy Perry, and an orchestral country pop ballad by which top pop artist?",5a864ff7554299211dda2af2,"[11957, 10715]","[11957, 13436, 14572, 23303, 3325]",0.5,1.0,0.7707650065422058,0.9959449768066406,qwen3.5-122b,"Based on the provided context, I cannot answer this question.

Document 1 states that Yoann Lemoine created music videos for Lana Del Rey (""Born to Die"") and Katy Perry (""Teenage Dream""), as well as Taylor Swift's ""Back to December"" and Mystery Jets' ""Dreaming of Another World."" However, the text does not describe ""Back to December"" (or any other song listed) as an ""orchestral country pop ballad,"" nor does it explicitly identify Taylor Swift as the ""top pop artist"" in the specific context of that description. Therefore, the specific details required to confirm the answer are not present in the provided documents.",0.0,0.0,0.0,OK,
179,179,bm25,mmr_0.0,Does Erodium or Cymbidium include more species?,5a86ec9f55429960ec39b6d7,"[24018, 21915]","[2671, 23717, 24018, 17552, 23474]",0.5,0.3333333333333333,0.7544239163398743,0.01637636125087738,qwen3.5-122b,I cannot answer this based on the provided context.,0.0,0.0,0.0,OK,
180,180,bm25,mmr_0.0,What is the birthplace of the Senator who represents the first of 62 districts in the State Senate?,5a8739a05542994775f607ab,"[12497, 24340]","[12497, 3925, 8656, 23361, 12798]",0.5,1.0,0.6895979642868042,0.07495822012424469,qwen3.5-122b,I cannot answer this based on the provided context.,0.0,0.0,0.0,OK,
181,181,bm25,mmr_0.0,Which KaBoom! Entertainment Inc. film is based on a story by Rudyard Kipling?,5a8740ee5542994846c1cd35,"[13551, 5824]","[13551, 7449, 2929, 16976, 1859]",0.5,1.0,0.7358798980712891,0.0677018091082573,qwen3.5-122b,"Based on the provided context, I cannot answer this question. While Document 1 lists ""The Jungle Book"" as a feature film content curated by Kaboom! Entertainment, it does not mention Rudyard Kipling or state that the film is based on his story.",0.0,0.0,0.0,OK,
182,182,bm25,mmr_0.0,"Who is affiliated with more countries as a director, Robert Florey and R. G. Springsteen?",5a8765ad5542996e4f3087cf,"[3409, 5215]","[3409, 10556, 13629, 11389, 13336]",0.5,1.0,0.7270604372024536,0.0724673941731453,qwen3.5-122b,I cannot answer this based on the provided context.,0.0,0.0,0.0,OK,
183,183,bm25,mmr_0.0,"Which occurred first, Phillips v. Martin Marietta Corp. or Roth v. United States?",5a8782a25542993e715abf95,"[8907, 23565]","[23565, 21644, 5603, 11202, 2719]",0.5,1.0,0.7361605763435364,0.037503041326999664,qwen3.5-122b,"Based on the provided context, I cannot answer this question. The context mentions *Roth v. United States* (1957) in Document 1, but it does not contain any information about *Phillips v. Martin Marietta Corp.* or its date.",0.0,0.0,0.0,OK,
184,184,bm25,mmr_0.0,"Which genus has more species, Bactris and Epigaea?",5a87954f5542996e4f308856,"[6868, 4383]","[7968, 7639, 4528, 22647, 5646]",0.0,0.0,0.7164627313613892,0.03426351770758629,qwen3.5-122b,I cannot answer this based on the provided context.,0.0,0.0,0.0,OK,
185,185,bm25,mmr_0.0,What other political position did the person who introduced the DISCLOSE Act hold?,5a879adb5542996e4f30887f,"[10692, 16977]","[10692, 24735, 18167, 10480, 10902]",0.5,1.0,0.7630414962768555,0.13897281885147095,qwen3.5-122b,I cannot answer this based on the provided context.,0.0,0.0,0.0,OK,
186,186,bm25,mmr_0.0,What is the weight limit of the weight class that Takeyasu Hirono fights in?,5a87c7dc5542996e4f30891b,"[18551, 23748]","[18551, 7609, 8926, 11201, 18251]",0.5,1.0,0.7696036100387573,0.6851789951324463,qwen3.5-122b,I cannot answer this based on the provided context.,0.0,0.0,0.0,OK,
187,187,bm25,mmr_0.0,Were the films Tonka and 101 Dalmatians released in the same decade?,5a886211554299206df2b24a,"[11268, 4548]","[1802, 15535, 24217, 6467, 23155]",0.0,0.0,0.7789887189865112,0.07394964247941971,qwen3.5-122b,I cannot answer this based on the provided context.,0.0,0.0,0.0,OK,
188,188,bm25,mmr_0.0,What literary style describes the 1968 book that features a 1939 international Harvester school bus?,5a88a42f554299206df2b317,"[12448, 11245]","[12448, 4831, 14573, 13332, 2490]",0.5,1.0,0.7692146897315979,0.8415703177452087,qwen3.5-122b,"Based on the provided context, I cannot answer this question.

Document 1 mentions that the 1939 International Harvester school bus (Furthur) featured prominently in Tom Wolfe's 1968 book ""The Electric Kool-Aid Acid Test,"" but it does not specify the literary style of that book.",0.0,0.0,0.0,OK,
189,189,bm25,mmr_0.0,E! Hollywood Hold'em was hosted by a poker player of what nationality?,5a88c68d55429938390d3fba,"[111, 3616]","[111, 19078, 2437, 23277, 25364]",0.5,1.0,0.7185031175613403,0.36073896288871765,qwen3.5-122b,"Based on the provided context, I cannot answer this question. While Document 1 states that professional poker player Phil Laak served as the host, it does not mention his nationality.",0.0,0.0,0.0,OK,
190,190,bm25,mmr_0.0,Who directed a 2005 supernatural horror film starring an actress who appeared in The Patriot and Kill Your Darlings,5a88cf7e5542993b751ca85b,"[2814, 7002]","[2814, 20578, 8214, 1379, 4724]",0.5,1.0,0.7056365609169006,0.9917065501213074,qwen3.5-122b,"Based on the provided context, I cannot answer this question.

While Document 1 identifies **Stephen T. Kay** as the director of the 2005 supernatural horror film *Boogeyman* and lists **Emily Deschanel** as a star, the provided text does not mention that Emily Deschanel (or any other actress in the film) appeared in *The Patriot* or *Kill Your Darlings*. Therefore, the specific condition regarding the actress's other films cannot be verified using only the given documents.",0.0,0.0,0.0,OK,
191,191,bm25,mmr_0.0,Futbolita has interviewed what Spanish Professional footballer who plays as a striker for New York City FC?,5a88d7fc5542993b751ca879,"[11340, 12238]","[12238, 13852, 10576, 20010, 14148]",0.5,1.0,0.6399275660514832,0.22076715528964996,qwen3.5-122b,"Based on the provided context, the Spanish professional footballer who plays as a striker for New York City FC is **David Villa Sánchez**.

(Note: The provided context does not mention ""Futbolita"" or any interviews, but it does confirm David Villa Sánchez's role and team as described in the question.)",0.0,0.0,0.0,OK,
192,192,bm25,mmr_0.0,Which of the following buildings was designed by SHoP Architects: 247 Cherry or General Motors Building?,5a88e75c5542993b751ca8c7,"[21257, 3033]","[21257, 2764, 4122, 2631, 9808]",0.5,1.0,0.7432559728622437,0.006422723177820444,qwen3.5-122b,"Based on the provided context, **247 Cherry** was designed by SHoP Architects.

Document 1 states: ""The building [247 Cherry] was designed by SHoP Architects."" The context does not mention the designer of a ""General Motors Building,"" though Document 4 mentions General Motors (GM) in relation to the Hummer brand.",0.0,0.0,0.0,OK,
193,193,bm25,mmr_0.0,What movie did Chris Duesterdiek work on that was directed by Seth Rogen and Evan Goldberg?,5a88f7bf5542997e5c09a6dd,"[20552, 16976]","[16976, 10012, 20501, 360, 4246]",0.5,1.0,0.7367358803749084,0.07110666483640671,qwen3.5-122b,I cannot answer this based on the provided context.,0.0,0.0,0.0,OK,
194,194,bm25,mmr_0.0,The Jeep Cherokee was originally sold as a variant of a Jeep model produced during what years?,5a88f9555542995153361214,"[21632, 897]","[21632, 24663, 11469, 9571, 10512]",0.5,1.0,0.7688564658164978,0.9799398183822632,qwen3.5-122b,"I cannot answer this based on the provided context.

The provided text states that the Jeep Cherokee was originally sold as a variant of the ""Jeep Wagoneer,"" but it does not specify the years during which the Jeep Wagoneer was produced.",0.0,0.0,0.0,OK,
195,195,bm25,mmr_0.0,What philosophical system did the author of a novel about Howard Roark develop?,5a89e0ec5542992e4fca8427,"[4605, 13115]","[4605, 21394, 21386, 25294, 4376]",0.5,1.0,0.7215366959571838,0.9979013800621033,qwen3.5-122b,"Based on the provided context, the author of the novel about Howard Roark is Ayn Rand. The text states that the protagonist embodies what Rand believed to be the ideal man and that his struggle reflects her belief that **individualism is superior to collectivism**.

The context does not explicitly name a specific philosophical system (such as Objectivism), but it describes her core belief in the superiority of individualism over collectivism.",0.0,0.0,0.0,OK,
196,196,bm25,mmr_0.0,The United States Senate election in Hawaii that took place in 1992 ended with the winning of which Japanese-American politician?,5a89e1bf5542992e4fca8433,"[9199, 15240]","[9199, 12558, 14265, 16287, 18710]",0.5,1.0,0.6413642764091492,0.17390605807304382,qwen3.5-122b,"Based on the provided context, the 1992 United States Senate election in Hawaii ended with the re-election of the incumbent Democrat **Daniel Inouye**.

(Note: While the context confirms Daniel Inouye won, it does not explicitly state that he is Japanese-American, though this is a well-known historical fact. The answer is derived strictly from the name provided in Document 1.)",0.0,0.0,0.0,OK,
197,197,bm25,mmr_0.0,"Between Frederick King Keller and Ian Schneider, which filmmaker had more diverse job experiences?",5a8a265b5542992d82986ecc,"[25208, 18473]","[25208, 25457, 24958, 8015, 7568]",0.5,1.0,0.7369135022163391,0.07748422771692276,qwen3.5-122b,I cannot answer this based on the provided context.,0.0,0.0,0.0,OK,
198,198,bm25,mmr_0.0,What dance academy did the starring actress from The Glory of Tang Dynasty graduate from?,5a8aa1685542992d82986f32,"[22540, 20079]","[22540, 10077, 13539, 19179, 22837]",0.5,1.0,0.7085312008857727,0.944019079208374,qwen3.5-122b,I cannot answer this based on the provided context.,0.0,0.0,0.0,OK,
199,199,bm25,mmr_0.0,"In 2001, Hampton Pirates men's basketball defeated a second seed team that was coached by who ?",5a8ac5595542992d82986f77,"[10004, 7110]","[10004, 6351, 10761, 16549, 2915]",0.5,1.0,0.6435086131095886,0.060263216495513916,qwen3.5-122b,I cannot answer this based on the provided context.,0.0,0.0,0.0,OK,
200,200,bm25,mmr_0.0,"Which is headquarter farther south, Jet's Pizza or Chuck E. Cheese's?",5a8adc935542992d82986fb0,"[15744, 6028]","[15744, 21296, 1386, 8640, 262]",0.5,1.0,0.7045120000839233,0.0978705883026123,qwen3.5-122b,I cannot answer this based on the provided context.,0.0,0.0,0.0,OK,
201,201,bm25,mmr_0.0,How many beer brands are in the portfolio of the company that hired Leonardus (Leo) Petrus Beukeboom to decorate cafes?,5a8aecff55429950cd6afbef,"[21745, 2109]","[21745, 15778, 3796, 176, 5931]",0.5,1.0,0.806640625,0.3811837136745453,qwen3.5-122b,"I cannot answer this based on the provided context.

The provided text states that Leonardus (Leo) Petrus Beukeboom worked for the ""Amsterdam-based Heineken brewery,"" but it does not list the number of beer brands in Heineken's portfolio. Document 3 mentions the number of brands for General Mills, Inc., but that is a different company.",0.0,0.0,0.0,OK,
202,202,bm25,mmr_0.0,"What vehicle, made by UROVESA, is most like the four-wheel drive military light truck produced by AM General?",5a8aed1555429970aeb70334,"[4994, 2632]","[2632, 22716, 16654, 15828, 17336]",0.5,1.0,0.767910897731781,0.08691835403442383,qwen3.5-122b,I cannot answer this based on the provided context.,0.0,0.0,0.0,OK,
203,203,bm25,mmr_0.0,Pluto was the debut album of this artist who also performed on this live music venue that reopened in March 2015.,5a8b04df55429950cd6afc49,"[21132, 13553]","[8340, 21132, 21525, 19812, 19476]",0.5,0.5,0.7701167464256287,0.12417550384998322,qwen3.5-122b,I cannot answer this based on the provided context.,0.0,0.0,0.0,OK,
204,204,bm25,mmr_0.0,"The actor known for his role as ""Freddie""  in The Deep Blue Sea won the Laurence Olivier Award for his role in which play?",5a8b1a925542997f31a41c6e,"[25815, 2970]","[2970, 23499, 11526, 7514, 24442]",0.5,1.0,0.7268333435058594,0.023420436307787895,qwen3.5-122b,I cannot answer this based on the provided context.,0.0,0.0,0.0,OK,
205,205,bm25,mmr_0.0,Where is the 1999 British comedy-drama film starring Jimi Mistry set?,5a8b5c8155429949d91db56d,"[23205, 1595]","[1595, 2074, 21579, 15807, 15934]",0.5,1.0,0.6876120567321777,0.41781896352767944,qwen3.5-122b,"Based on the provided context, the 1999 British comedy-drama film is **East Is East** (Document 1). The text states that it is set in **Salford, Lancashire**, in 1971.

(Note: While the provided text does not explicitly mention Jimi Mistry as a star, it is the only 1999 British comedy-drama film described in the context.)",0.0,0.0,0.0,OK,
206,206,bm25,mmr_0.0,A writer for The Kenyon Review won a Pulitzer Prize in what year?,5a8ba0855542995d1e6f1427,"[1102, 9424]","[20580, 9424, 20218, 10380, 4235]",0.5,0.5,0.7069692611694336,0.09475350379943848,qwen3.5-122b,I cannot answer this based on the provided context.,0.0,0.0,0.0,OK,
207,207,bm25,mmr_0.0,Camp Courtney was named after the Major killed in action at the battle codenamed what?,5a8ba9d255429971feec4759,"[6487, 20841]","[6487, 12290, 5047, 25993, 6663]",0.5,1.0,0.7527864575386047,0.19710232317447662,qwen3.5-122b,"Based on the provided context, Camp Courtney was named after Major Henry A. Courtney, Jr., who was killed in action in the **Battle of Okinawa**.

The text does not mention a specific codename for the Battle of Okinawa.",0.0,0.0,0.0,OK,
208,208,bm25,mmr_0.0,What variety of mockingbird is the mascot of the University of Tennessee at Chattanooga?,5a8bf0835542995d1e6f146b,"[17971, 15681]","[17971, 19894, 4162, 3363, 15923]",0.5,1.0,0.6900531053543091,0.19646677374839783,qwen3.5-122b,"Based on the provided context, the mascot of the University of Tennessee at Chattanooga is a **mockingbird** (specifically, the state bird of Tennessee), but the text does not specify the particular variety or species of the mockingbird.

Therefore, I cannot answer this based on the provided context.",0.0,0.0,0.0,OK,
209,209,bm25,mmr_0.0,How many members exist in the conference represented by the Michigan State Spartans in the 1993 Liberty Bowl?,5a8c5bff554299240d9c2139,"[6381, 24769]","[6381, 24769, 12113, 8731, 8883]",1.0,1.0,0.6942324638366699,0.9784107804298401,qwen3.5-122b,"Based on the provided context, the Michigan State Spartans represented the Big Ten Conference in the 1993 Liberty Bowl. According to Document 2, the Big Ten Conference consists of **14 members** (as of 2016).

*Note: The context does not provide the number of members for the Big Ten Conference specifically in 1993, only the count as of 2016.*",0.0,0.0,0.0,OK,
210,210,bm25,mmr_0.0,What are the anchor stores for the shopping mall constructed by C.J. Segerstrom & Sons in California?,5a8c5eca554299240d9c213d,"[5548, 22212]","[5548, 19131, 15264, 279, 5009]",0.5,1.0,0.7838156819343567,0.04140794649720192,qwen3.5-122b,I cannot answer this based on the provided context.,0.0,0.0,0.0,OK,
211,211,bm25,mmr_0.0,"jean Sagbo, considered ""Russia's Obama"" is considered to belong to what ethnic group based on his having African heritage or dark skin?",5a8c6bd55542995e66a475ea,"[10326, 9394]","[10326, 1422, 23034, 11484, 728]",0.5,1.0,0.7692937850952148,0.9997634291648865,qwen3.5-122b,"Based on the provided context, Jean Gregoire Sagbo is considered to belong to the **Afro-Russian** ethnic group. The text states he is the ""first Russian of African descent, or Afro-Russian, to have been elected in the Russian Federation"" and has been referred to as ""Russia's Obama.""",0.0,0.0,0.0,OK,
212,212,bm25,mmr_0.0,"Who was appointed to the board of supervisors first, Jeff Sheehy or Ed Lee?",5a8c8502554299585d9e36d0,"[22017, 11355]","[22017, 15840, 11711, 23161, 7204]",0.5,1.0,0.750134289264679,0.48824048042297363,qwen3.5-122b,"Based on the provided context, I cannot answer this question.

The text states that Jeff Sheehy was appointed to the San Francisco Board of Supervisors in January 2017 by Mayor Ed Lee. However, the context does not provide information about when Ed Lee was appointed to the Board of Supervisors (or if he ever served on it), only that he was the Mayor at the time of Sheehy's appointment.",0.0,0.0,0.0,OK,
213,213,bm25,mmr_0.0,John Seasock was a professional monster truck driver that last drove a truck sponsored by a company headquartered in what city?,5a8ceb7a554299441c6b9f7b,"[11213, 25686]","[11213, 25102, 16906, 11983, 21609]",0.5,1.0,0.7260051965713501,0.7365804314613342,qwen3.5-122b,"Based on the provided context, John Seasock last drove a truck sponsored by **Advance Auto Parts**. However, the documents do not contain information regarding the city where Advance Auto Parts is headquartered.

Therefore, I cannot answer this based on the provided context.",0.0,0.0,0.0,OK,
214,214,bm25,mmr_0.0,What is the english translation of the name of style of novel of which The Company is an example?,5a8cefc155429941ae14df55,"[1980, 3971]","[16676, 15781, 2196, 11815, 650]",0.0,0.0,0.7636086940765381,0.13558444380760193,qwen3.5-122b,I cannot answer this based on the provided context.,0.0,0.0,0.0,OK,
215,215,bm25,mmr_0.0,What color was the dog that Socks had conflicts with?,5a8d51355542994ba4e3dc6b,"[12447, 20180]","[12447, 20501, 25853, 15208, 4000]",0.5,1.0,0.7707520723342896,0.3967192769050598,qwen3.5-122b,"Based on the provided context, the text states that Socks had conflicts with Clinton's dog, Buddy, but it does not mention the color of the dog. Therefore, I cannot answer this based on the provided context.",0.0,0.0,0.0,OK,
216,216,bm25,mmr_0.0,"What Province in Sicily, founded in the eighth century B.C., was the birthplace of the famous historical mathematician Archimedes?",5a8d64305542994ba4e3dc80,"[2748, 10491]","[10491, 10252, 9538, 8529, 3733]",0.5,1.0,0.7657896280288696,0.9999255537986755,qwen3.5-122b,"Based on the provided context, the city of **Syracuse** is the birthplace of the mathematician Archimedes and is the capital of the **province of Syracuse**.

However, the provided text does not contain information stating that the province (or the city) was founded in the eighth century B.C., nor does it explicitly name a ""Province"" as the birthplace itself (it identifies the city as the birthplace). The text only mentions the city is ""2,700-year-old.""

Therefore, while the text identifies the **province of Syracuse** as the location associated with Archimedes' birthplace (the city of Syracuse), it does not confirm the founding date of the eighth century B.C.

**Answer:** The text identifies the **province of Syracuse** (specifically the city of Syracuse) as the birthplace of Archimedes, but it does not contain information confirming it was founded in the eighth century B.C.",0.0,0.0,0.0,OK,
217,217,bm25,mmr_0.0,"Which male singer performed together with a female American singer, who was born in 1954 and whose third studio album was named Through His Eyes, have a hit duet with in 1985?",5a8db788554299653c1aa145,"[16151, 25249]","[16151, 11981, 20882, 23890, 17279]",0.5,1.0,0.7773644924163818,0.9570046663284302,qwen3.5-122b,"I cannot answer this based on the provided context.

The context states that ""Through His Eyes"" is the third studio album by **Marilyn Martin**, who is an **American singer**. However, the context does not mention Marilyn Martin's birth year (the question asks for a singer born in 1954), nor does it mention any male singer performing a hit duet with her in 1985. Additionally, the only singer mentioned in the context born in 1954 is **Athanasios ""Sakis"" Boulas**, who was Greek, not American.",0.0,0.0,0.0,OK,
218,218,bm25,mmr_0.0,"Many right wing WNP were  connected to a clandestine operation ran by a ""stay-behind""  operation ran by what organization?",5a8dcbc0554299068b959df4,"[10519, 1185]","[1185, 21516, 12754, 10259, 6174]",0.5,1.0,0.7189834713935852,0.038821831345558167,qwen3.5-122b,"Based on the provided context, the clandestine ""stay-behind"" operation (specifically Operation Gladio) was run by the **North Atlantic Treaty Organisation (NATO)**.

However, the provided text does not contain any information regarding ""right wing WNP"" or their connection to this operation.",0.0,0.0,0.0,OK,
219,219,bm25,mmr_0.0,What political party is the current Attorney General of Missouri associated with?,5a8dd5b855429917b4a5bcc6,"[10020, 20296]","[20296, 13641, 25401, 15187, 24271]",0.5,1.0,0.6969687342643738,0.0820879340171814,qwen3.5-122b,I cannot answer this based on the provided context.,0.0,0.0,0.0,OK,
220,220,bm25,mmr_0.0,What team did Robbie Keane play for after Inter Milan?,5a8de02b554299068b959e13,"[9806, 23728]","[9806, 13791, 24497, 5796, 21701]",0.5,1.0,0.747752845287323,0.03302896022796631,qwen3.5-122b,I cannot answer this based on the provided context.,0.0,0.0,0.0,OK,
221,221,bm25,mmr_0.0,What is the prefix given to the end of the name to avoid confusion for the winner of the 1996 Record of the Year Grammy?,5a8de4595542995085b37348,"[6562, 7698]","[10826, 14230, 12432, 14458, 11764]",0.0,0.0,0.7602985501289368,0.06330686807632446,qwen3.5-122b,I cannot answer this based on the provided context.,0.0,0.0,0.0,OK,
222,222,bm25,mmr_0.0,Are Ferocactus and Silene both types of plant?,5a8e068b5542995085b37384,"[3470, 24631]","[3470, 21792, 13208, 3689, 2802]",0.5,1.0,0.7530993819236755,0.03695476055145264,qwen3.5-122b,I cannot answer this based on the provided context.,0.0,0.0,0.0,OK,
223,223,bm25,mmr_0.0,In which county of New York was Circumstantial Productions founded?,5a8e3e9b5542995085b37402,"[14603, 1623]","[14603, 25545, 11971, 11164, 8387]",0.5,1.0,0.7362614870071411,0.05330774560570717,qwen3.5-122b,I cannot answer this based on the provided context.,0.0,0.0,0.0,OK,
224,224,bm25,mmr_0.0,Olivia DeJonge starred in an American horror film directed by Shyamalan called what,5a8ed10b5542995085b374a0,"[20000, 18119]","[20000, 15258, 19053, 5373, 22906]",0.5,1.0,0.6723881959915161,0.11419694125652313,qwen3.5-122b,I cannot answer this based on the provided context.,0.0,0.0,0.0,OK,
225,225,bm25,mmr_0.0,What city is between Normanby le Wold and the A46 Junction between Lincoln and Grimsby?,5a8f18d555429918e830d189,"[12378, 25386]","[12378, 9850, 20779, 421, 9705]",0.5,1.0,0.7453562021255493,0.03382547199726105,qwen3.5-122b,I cannot answer this based on the provided context.,0.0,0.0,0.0,OK,
226,226,bm25,mmr_0.0,John DiMaggio voices the character Shnitzel on Cartoon Network series created by who?,5a8f1adc554299458435d577,"[15705, 25405]","[6991, 15705, 14268, 19925, 21968]",0.5,0.5,0.7009351253509521,0.13570815324783325,qwen3.5-122b,I cannot answer this based on the provided context.,0.0,0.0,0.0,OK,
227,227,bm25,mmr_0.0,Bill Bryson grew up in a city that is the seat of which county ?,5a8f5273554299458435d5b1,"[24172, 25542]","[1698, 24172, 17182, 25794, 678]",0.5,0.5,0.7106524705886841,0.8773293495178223,qwen3.5-122b,"Based on the provided context, Bill Bryson grew up in Des Moines, Iowa. However, the text does not specify which county Des Moines is the seat of. Therefore, I cannot answer this based on the provided context.",0.0,0.0,0.0,OK,
228,228,bm25,mmr_0.0,"What year did the infantry regiment featured in the 2006 film ""Only the Brave"" begin?",5a8f53ad5542992414482a50,"[24880, 2658]","[24659, 15264, 4478, 24206, 25136]",0.0,0.0,0.6771608591079712,0.04164760932326317,qwen3.5-122b,I cannot answer this based on the provided context.,0.0,0.0,0.0,OK,
229,229,bm25,mmr_0.0,"What member of the South Korean-Chinese boy group EXO stars in the upcoming movie ""The Underdog""?",5a8f68795542992414482ab5,"[22255, 13849]","[13848, 21354, 23416, 24907, 22451]",0.0,0.0,0.7475563883781433,0.281894326210022,qwen3.5-122b,I cannot answer this based on the provided context.,0.0,0.0,0.0,OK,
230,230,bm25,mmr_0.0,"What national historic district is located near a village in the town of Philipstown, New York?",5a8f69b55542997ba9cb324f,"[20402, 1612]","[7519, 20964, 17043, 1612, 16828]",0.5,0.25,0.7014418244361877,0.9940983653068542,qwen3.5-122b,"Based on the provided context, the **Cold Spring Historic District** is the national historic district located near a village in the town of Philipstown, New York. Specifically, Document 4 states that the central area of the village of Cold Spring (which is in the town of Philipstown) is on the National Register of Historic Places as the Cold Spring Historic District.",0.0,0.0,0.0,OK,
231,231,bm25,mmr_0.0,Which NFL team did both Don Looney and DeSean Jackson play for?,5a8f7c9a55429918e830d239,"[5540, 25260]","[5540, 13791, 23249, 23301, 237]",0.5,1.0,0.7776330709457397,0.9431481957435608,qwen3.5-122b,"Based on the provided context, both Don Looney and DeSean Jackson played for the **Philadelphia Eagles**.

*   **Document 1** states that John Don Looney played for the Philadelphia Eagles in 1940.
*   The same document mentions that DeSean Jackson, another Eagles wide receiver, equaled Looney's feat in the 2008 NFL season.",0.0,0.0,0.0,OK,
232,232,bm25,mmr_0.0,"The name od the Jason Hook album ""Safety Dunce"" is a play on the words of a song released in what year?",5a8f93f5554299458435d67e,"[3996, 5962]","[3996, 2712, 20714, 16201, 15264]",0.5,1.0,0.7293424606323242,0.047256529331207275,qwen3.5-122b,"Based on the provided context, the album title ""Safety Dunce"" is a play on the words of the song ""The Safety Dance"" by Men Without Hats. However, the text does not state the year in which ""The Safety Dance"" was released.

I cannot answer this based on the provided context.",0.0,0.0,0.0,OK,
233,233,bm25,mmr_0.0,"Which feature film was released earlier, One Magic Christmas or Muppet Treasure Island?",5a8fd9ac5542990a98493570,"[7363, 2743]","[2743, 7765, 13018, 15121, 21940]",0.5,1.0,0.7404239177703857,0.11638069152832031,qwen3.5-122b,I cannot answer this based on the provided context.,0.0,0.0,0.0,OK,
234,234,bm25,mmr_0.0,"Who co-starred in an episode of The ABC Comedy Hour with the man who played Duke Slater in ""Gomer Pyle, U.S.M.C.""?",5a8ff69655429916514e73f1,"[7326, 25678]","[25678, 13444, 19431, 7835, 10633]",0.5,1.0,0.7784439921379089,0.1379888355731964,qwen3.5-122b,I cannot answer this based on the provided context.,0.0,0.0,0.0,OK,
235,235,bm25,mmr_0.0,What are the names of the members of the Detroit-based hip hop duo who has worked with Jason Gilbert?,5a90605d5542995651fb514d,"[12263, 5918]","[5918, 21570, 15564, 11537, 3114]",0.5,1.0,0.7468768358230591,0.03552747517824173,qwen3.5-122b,I cannot answer this based on the provided context.,0.0,0.0,0.0,OK,
236,236,bm25,mmr_0.0,Which of the three worst hotel fires in modern US History occurred most recently?,5ab1e76c554299449642c800,"[16361, 13234]","[16361, 24784, 7549, 4940, 24855]",0.5,1.0,0.7478293776512146,0.9941847920417786,qwen3.5-122b,"Based on the provided context, the three worst hotel fires in modern U.S. history mentioned are:

1.  The 1946 Winecoff Hotel fire in Atlanta (119 killed).
2.  The MGM Grand fire on November 21, 1980 (85 killed).
3.  The Dupont Plaza Hotel fire in San Juan, Puerto Rico, on December 31, 1986 (97 killed).

The most recent of these three is the **Dupont Plaza Hotel fire** on December 31, 1986.",0.0,0.0,0.0,OK,
237,237,bm25,mmr_0.0,which is larger Asante Traditional Buildings or Gulangyu?,5ab1e984554299340b525428,"[9719, 8420]","[8420, 5274, 10260, 23699, 20961]",0.5,1.0,0.7387313842773438,0.015041206032037735,qwen3.5-122b,I cannot answer this based on the provided context.,0.0,0.0,0.0,OK,
238,238,bm25,mmr_0.0,August R. Lindt served as chairman of a UN program from 1956 to 1960 that won how many noble prizes ?,5ab236645542993be8fa98c9,"[21485, 12156]","[21485, 22883, 7273, 19129, 16854]",0.5,1.0,0.7355626225471497,0.05138280987739563,qwen3.5-122b,I cannot answer this based on the provided context.,0.0,0.0,0.0,OK,
239,239,bm25,mmr_0.0,Which City in the Miami metropolitan area is home to the Primetime Race Group?,5ab23d8a55429970612095c9,"[7539, 471]","[471, 18213, 17160, 185, 2994]",0.5,1.0,0.68837970495224,0.03479580581188202,qwen3.5-122b,I cannot answer this based on the provided context.,0.0,0.0,0.0,OK,
240,240,bm25,mmr_0.0,What word or phrase is found in both the history of Belgium and cockfighting?,5ab259b25542993be8fa98de,"[17447, 22977]","[17447, 1846, 10833, 15264, 8783]",0.5,1.0,0.776046633720398,0.06226354092359543,qwen3.5-122b,I cannot answer this based on the provided context.,0.0,0.0,0.0,OK,
241,241,bm25,mmr_0.0,"From March 631 to April 631, Farrukhzad Khosrau V was the king of an empire that succeeded which empire?",5ab2659e554299340b5254b2,"[16861, 23420]","[16861, 23678, 14645, 22638, 12937]",0.5,1.0,0.7238624691963196,0.04605155810713768,qwen3.5-122b,I cannot answer this based on the provided context.,0.0,0.0,0.0,OK,
242,242,bm25,mmr_0.0,The term Moneybomb was coined by Trevor Lyman to describe a massive online donation drive on behalf of a presidential candidate that was the first chairman of what PAC?,5ab266b5554299340b5254b4,"[2736, 3970]","[2736, 21948, 5464, 176, 19078]",0.5,1.0,0.7767543196678162,0.19384165108203888,qwen3.5-122b,I cannot answer this based on the provided context.,0.0,0.0,0.0,OK,
243,243,bm25,mmr_0.0,Do The Importance of Being Icelandic and The Five Obstructions belong to different film genres ?,5ab271fe554299449642c8a6,"[863, 15854]","[863, 5715, 24586, 12763, 4116]",0.5,1.0,0.7645273804664612,0.050278760492801666,qwen3.5-122b,I cannot answer this based on the provided context.,0.0,0.0,0.0,OK,
244,244,bm25,mmr_0.0,Which tendencies does a group like Uyoku dantai fall under?,5ab29bdc554299545a2cf9d1,"[7963, 7054]","[7963, 15099, 23717, 24356, 24542]",0.5,1.0,0.7847182154655457,0.8022922873497009,qwen3.5-122b,"Based on the provided context, a group like Uyoku dantai falls under the tendencies of **ultranationalist** and **far-right**.

Document 1 explicitly defines Uyoku dantai as ""Japanese ultranationalist far-right groups.""",0.0,0.0,0.0,OK,
245,245,bm25,mmr_0.0,"Who married a man who starred in Marcus Welby, M.D.?",5ab2b666554299194fa934ca,"[25085, 13771]","[25085, 24455, 3541, 16458, 7667]",0.5,1.0,0.7792178392410278,0.04299633577466011,qwen3.5-122b,I cannot answer this based on the provided context.,0.0,0.0,0.0,OK,
246,246,bm25,mmr_0.0,"The author of ""The New American Story "" served three terms as a US Senator from what state?",5ab2e3a15542992953946893,"[178, 10649]","[10649, 23011, 16016, 23277, 1512]",0.5,1.0,0.7545188069343567,0.05573447048664093,qwen3.5-122b,I cannot answer this based on the provided context.,0.0,0.0,0.0,OK,
247,247,bm25,mmr_0.0,"Which type of character is featured by the P.L. Travers's third book and last novel in the ""Mary Poppins"" series?",5ab322b1554299194fa93570,"[75, 24937]","[75, 24194, 18683, 5370, 14262]",0.5,1.0,0.7484492063522339,0.9994562864303589,qwen3.5-122b,"Based on the provided context, the character featured in P.L. Travers's third book and last novel in the ""Mary Poppins"" series is a **magical English nanny** named Mary Poppins.",0.0,0.0,0.0,OK,
248,248,bm25,mmr_0.0,"What boy band formed in Orlando, Florida in 1993 performed at the 2001 Kids Choice Awards?",5ab3244c554299233954ff29,"[4050, 986]","[4050, 86, 15264, 13561, 3706]",0.5,1.0,0.727868378162384,0.03114120103418827,qwen3.5-122b,I cannot answer this based on the provided context.,0.0,0.0,0.0,OK,
249,249,bm25,mmr_0.0,How do the Peter Laufer books Forbidden Creatures and No Animals Were Harmed differ in their focus on animals?,5ab3cecd5542992ade7c6eae,"[14697, 14692]","[14697, 14159, 14435, 18567, 13983]",0.5,1.0,0.782518208026886,0.05573789402842522,qwen3.5-122b,I cannot answer this based on the provided context.,0.0,0.0,0.0,OK,
250,250,bm25,mmr_0.0,Who was the team president of the 2012 Cleveland Browns?,5ab42d6055429942dd415eb0,"[13279, 1484]","[13279, 15315, 12029, 23004, 10816]",0.5,1.0,0.7557982206344604,0.9425873756408691,qwen3.5-122b,"Based on the provided context, the team president of the 2012 Cleveland Browns was **Mike Holmgren**.

Document 1 states: ""The 2012 season was the third season under the leadership of team president Mike Holmgren...""",0.0,0.0,0.0,OK,
251,251,bm25,mmr_0.0,To where did the war criminal who is the fictional defendant in the film After the Truth flee in real life ?,5ab4304a55429942dd415ec5,"[16694, 25092]","[16694, 15127, 11114, 23395, 3541]",0.5,1.0,0.7405887842178345,0.20959001779556274,qwen3.5-122b,I cannot answer this based on the provided context.,0.0,0.0,0.0,OK,
252,252,bm25,mmr_0.0,Do Lush and P.O.D. both consist of four band members?,5ab4428c5542990594ba9bda,"[4103, 6701]","[11904, 16638, 5717, 6323, 23596]",0.0,0.0,0.7389015555381775,0.0446041114628315,qwen3.5-122b,I cannot answer this based on the provided context.,0.0,0.0,0.0,OK,
253,253,bm25,mmr_0.0,Who provided the source material for the 2015 Australian revenge comedy-drama film in which Rebecca Gibney featured?,5ab46f4e5542991751b4d770,"[14935, 18366]","[18366, 12170, 24957, 10471, 13826]",0.5,1.0,0.7860309481620789,0.06704868376255035,qwen3.5-122b,I cannot answer this based on the provided context.,0.0,0.0,0.0,OK,
254,254,bm25,mmr_0.0,"At the 46th Grammy Awards, which award did the album by The White Stripes, which included the song Seven Nation Army, win?",5ab474135542991751b4d77b,"[8564, 10963]","[16852, 13436, 25526, 633, 6694]",0.0,0.0,0.7334897518157959,0.035889122635126114,qwen3.5-122b,I cannot answer this based on the provided context.,0.0,0.0,0.0,OK,
255,255,bm25,mmr_0.0,"Which facility was founded in Missouri, Discovery Zone or Valentino's?",5ab484415542990594ba9c44,"[25725, 10636]","[25725, 1300, 15659, 25901, 7440]",0.5,1.0,0.7486300468444824,0.004294542595744133,qwen3.5-122b,"Based on the provided context, **Discovery Zone** was founded in Missouri. The first location was opened in Kansas City, Missouri, in October 1989. The context does not contain any information about a facility named ""Valentino's.""",0.0,0.0,0.0,OK,
256,256,bm25,mmr_0.0,Both Truth in Science and Discovery embrace what campaign?,5ab4e3065542990594ba9cb4,"[25109, 17812]","[25109, 15264, 6460, 14147, 21792]",0.5,1.0,0.7603042125701904,0.9149128198623657,qwen3.5-122b,"Based on the provided context, Truth in Science promotes the Discovery Institute's ""Teach the Controversy"" campaign. The text does not mention an organization called ""Discovery"" embracing a campaign, but it does state that Truth in Science is affiliated with the Discovery Institute and follows its strategy regarding this campaign.

Answer: ""Teach the Controversy"" campaign",0.0,0.0,0.0,OK,
257,257,bm25,mmr_0.0,What is the nationality of the most successful female ski racer ever?,5ab503db5542990594ba9cc8,"[191, 15876]","[191, 5950, 204, 24143, 23562]",0.5,1.0,0.7155343890190125,0.9736456274986267,qwen3.5-122b,"Based on the provided context, I cannot answer this question.

Document 1 states that Verena Schneider is the ""third most successful female ski racer ever"" and mentions that the two racers ahead of her are Lindsey Vonn and Annemarie Moser-Pröll. However, the text does not provide the nationalities of Lindsey Vonn or Annemarie Moser-Pröll, nor does it explicitly state who the single ""most successful female ski racer ever"" is.",0.0,0.0,0.0,OK,
258,258,bm25,mmr_0.0,What was the budget of the film in which Kodi Smit-McPhee voiced Norman Babcock?,5ab5062f55429942dd415fd1,"[854, 12076]","[854, 24992, 13176, 7781, 4243]",0.5,1.0,0.8163320422172546,0.28598520159721375,qwen3.5-122b,I cannot answer this based on the provided context.,0.0,0.0,0.0,OK,
259,259,bm25,mmr_0.0,"Who won the 2007 Copa America Final, with help from Julio Baptista?",5ab514dc5542990594ba9cfa,"[10234, 6555]","[10234, 20284, 5697, 5304, 18023]",0.5,1.0,0.6935595273971558,0.9991726875305176,qwen3.5-122b,"Based on the provided context, **Brazil** won the 2007 Copa América Final. The text states that Brazil won 3–0 with goals from Júlio Baptista, a Roberto Ayala own goal, and Dani Alves.",0.0,0.0,0.0,OK,
260,260,bm25,mmr_0.0,God Is Not Great is by a journalist which due to his actions made him what?,5ab53bee554299637185c526,"[611, 7524]","[611, 24774, 14056, 3468, 15408]",0.5,1.0,0.7419397234916687,0.03850151598453522,qwen3.5-122b,I cannot answer this based on the provided context.,0.0,0.0,0.0,OK,
261,261,bm25,mmr_0.0,"The producer of ""Live By NIght"" began his film career playing what role in ""Critters 3""?",5ab545d3554299494045ef5c,"[13962, 21971]","[21971, 12147, 18361, 2238, 23498]",0.5,1.0,0.7736334800720215,0.0378766804933548,qwen3.5-122b,I cannot answer this based on the provided context.,0.0,0.0,0.0,OK,
262,262,bm25,mmr_0.0,"What is the birthdate of this American actor, director, and producer, who starred in Not Another B Movie?",5ab58ee6554299488d4d99d6,"[13066, 6018]","[23681, 345, 24485, 23988, 13066]",0.5,0.2,0.7359968423843384,0.7241640090942383,qwen3.5-122b,"I cannot answer this based on the provided context.

The provided text states that *Not Another B Movie* was written and directed by John Wesley Norton and lists several actors who starred in it (Byron Thames, Larry Thomas, James Vallo, David Faustino, Joe Estevez, and Ed Asner). However, the text does not specify which of these individuals is an ""American actor, director, and producer,"" nor does it provide birthdates for any of them.",0.0,0.0,0.0,OK,
263,263,bm25,mmr_0.0,Prominent Danish Tibetologist Per Kjeld Sørensen is a professor of Central Asian Studies at Leipzig University that was founded by who?,5ab5ac345542992aa134a37f,"[20323, 13198]","[20323, 23044, 12080, 4519, 20712]",0.5,1.0,0.7054117321968079,0.04534026235342026,qwen3.5-122b,I cannot answer this based on the provided context.,0.0,0.0,0.0,OK,
264,264,bm25,mmr_0.0,"Who is Bruce Spizer an expert on, known as the most influential act of the rock era?",5ab5ed505542997d4ad1f255,"[8469, 11122]","[8469, 23163, 22681, 4293, 18059]",0.5,1.0,0.7332366108894348,0.9986708760261536,qwen3.5-122b,"Based on the provided context, Bruce Spizer is an expert on **The Beatles**.

Document 1 states that David ""Bruce"" Spizer is ""recognized as an expert on The Beatles"" and is ""frequently quoted as an authority on the history of the band and its recordings."" While the context does not explicitly label The Beatles as ""the most influential act of the rock era,"" it confirms his expertise on the band.",0.0,0.0,0.0,OK,
265,265,bm25,mmr_0.0,"Which is in the family Rutaceae, the Diplolaena or the Arenaria?",5ab5eed65542997d4ad1f25c,"[25467, 11029]","[25467, 13807, 23384, 6215, 6276]",0.5,1.0,0.736553966999054,0.062227051705121994,qwen3.5-122b,"Based on the provided context, **Diplolaena** is in the family Rutaceae.

Document 1 states: ""Diplolaena is a genus of evergreen shrubs in the family Rutaceae."" The provided text does not contain any information regarding ""Arenaria.""",0.0,0.0,0.0,OK,
266,266,bm25,mmr_0.0,The Church of England's Oxford Movement was opposed by a clergyman who wrote what type of literature?,5ab61798554299488d4d9aaa,"[2415, 10019]","[10019, 4831, 1524, 14627, 16791]",0.5,1.0,0.739737331867218,0.04668930172920227,qwen3.5-122b,I cannot answer this based on the provided context.,0.0,0.0,0.0,OK,
267,267,bm25,mmr_0.0,Are Broughtonia and Laeliocattleya both orchids?,5ab642845542995eadeeff8e,"[10779, 10794]","[10794, 19386, 21792, 10948, 18968]",0.5,1.0,0.7288048267364502,0.20752683281898499,qwen3.5-122b,"Based on the provided context, I cannot answer this question. The text confirms that Laeliocattleya is a nothogenus of intergeneric orchid hybrids, but it does not contain any information about Broughtonia.",0.0,0.0,0.0,OK,
268,268,bm25,mmr_0.0,"Which American audio engineer and clandestine chemist, who was a key figure in the San Francisco Bay Area hippie movement during the 1960s recorded the album ""Old and in the Way?""",5ab69c25554299110f219a39,"[24595, 25033]","[25033, 576, 16163, 22806, 3440]",0.5,1.0,0.7804116010665894,0.23601046204566956,qwen3.5-122b,"Based on the provided context, I cannot answer this question.

While Document 1 identifies **Owsley Stanley** as the American audio engineer and clandestine chemist who was a key figure in the San Francisco Bay Area hippie movement during the 1960s, the text does not mention that he recorded the album ""Old and in the Way."" It only states that he frequently recorded live tapes for the Grateful Dead.",0.0,0.0,0.0,OK,
269,269,bm25,mmr_0.0,What kind of act does Whaling in Australia and Right whale have in common?,5ab6cebd55429954757d3378,"[22824, 11260]","[22824, 9403, 15264, 17078, 6128]",0.5,1.0,0.7412432432174683,0.03979002311825752,qwen3.5-122b,I cannot answer this based on the provided context.,0.0,0.0,0.0,OK,
270,270,bm25,mmr_0.0,The football manager who recruited David Beckham managed Manchester United during what timeframe?,5ab6d09255429954757d337d,"[2569, 17883]","[17883, 17740, 18572, 23527, 3270]",0.5,1.0,0.6964672207832336,0.10351569205522537,qwen3.5-122b,"Based on the provided context, I cannot answer this question. The documents mention Sir Alexander Chapman Ferguson managed Manchester United from 1986 to 2013, but none of the documents state that he recruited David Beckham.",0.0,0.0,0.0,OK,
271,271,bm25,mmr_0.0,Roden Brothers were taken over in 1953 by a group headquartered in which Canadian city ?,5ab6ddb655429953192ad39e,"[17797, 5009]","[17797, 637, 7235, 10922, 6047]",0.5,1.0,0.7534007430076599,0.9175973534584045,qwen3.5-122b,"Based on the provided context, Roden Brothers was taken over by **Henry Birks and Sons** in 1953. However, the text does not state the city where Henry Birks and Sons is headquartered.

Therefore, I cannot answer this based on the provided context.",0.0,0.0,0.0,OK,
272,272,bm25,mmr_0.0,Who was a supporting cast member of King Rat and was knighted in February 2001?,5ab6e8e6554299710c8d1faf,"[1130, 3718]","[1130, 11970, 7055, 22983, 1931]",0.5,1.0,0.7485573291778564,0.05807192996144295,qwen3.5-122b,I cannot answer this based on the provided context.,0.0,0.0,0.0,OK,
273,273,bm25,mmr_0.0,"What is the name of the physician who studied the cause of the 1854 Broad Street cholera outbreak in London, England?",5ab70c41554299110f219a9d,"[4072, 885]","[4072, 25334, 3733, 13268, 9672]",0.5,1.0,0.7510565519332886,0.9986796975135803,qwen3.5-122b,"The name of the physician who studied the cause of the 1854 Broad Street cholera outbreak in London, England, is John Snow.",0.0,0.0,0.0,OK,
274,274,bm25,mmr_0.0,SS Ionic was built by the industrial company based in what city?,5ab7b0775542992aa3b8c83e,"[2648, 6388]","[2648, 11702, 4243, 8470, 12510]",0.5,1.0,0.7553161978721619,0.9961826205253601,qwen3.5-122b,"Based on the provided context, SS Ionic was built by Harland and Wolff in **Belfast**.

(Document 1 states: ""SS Ionic was a steam-powered ocean liner built in 1902 by Harland and Wolff in Belfast..."")",0.0,0.0,0.0,OK,
275,275,bm25,mmr_0.0,"Why are many of the band, Hirsute Pursuit's songs considered controversial?",5ab804305542995dae37ea14,"[21048, 17630]","[15094, 5786, 22657, 21225, 8017]",0.0,0.0,0.8325506448745728,0.031616341322660446,qwen3.5-122b,I cannot answer this based on the provided context.,0.0,0.0,0.0,OK,
276,276,bm25,mmr_0.0,Which direction do both the M1 and the M6 Motorways travel?,5ab815865542995dae37ea2d,"[4673, 4672]","[4672, 6323, 7439, 13208, 3837]",0.5,1.0,0.7646484375,0.4458000361919403,qwen3.5-122b,"Based on the provided context, I cannot answer this question.

Document 1 states that the M6 runs from junction 19 of the M1 and ""heads north,"" but it does not specify the direction in which the M1 travels. Document 2, 3, 4, and 5 are unrelated to motorways.",0.0,0.0,0.0,OK,
277,277,bm25,mmr_0.0,Carlos Alberto Hurtado played on loan from a mexican team which plays where?,5ab833ad5542990e739ec86f,"[20173, 1268]","[20173, 1053, 25041, 22528, 22950]",0.5,1.0,0.7451894283294678,0.9601305723190308,qwen3.5-122b,"Based on the provided context, Carlos Alberto Hurtado Arteaga plays on loan from **Necaxa**. However, the text does not specify the location (city, state, or country) where the team Necaxa plays.

Therefore, I cannot answer this based on the provided context.",0.0,0.0,0.0,OK,
278,278,bm25,mmr_0.0,The Red Queen's Race is a science fiction short story that uses the Red Queen's race from a novel by Lewis Carroll that is the sequel to what?,5ab84f2c55429934fafe6d54,"[1512, 11989]","[1512, 12718, 25270, 19792, 13253]",0.5,1.0,0.7127856016159058,0.2909410893917084,qwen3.5-122b,"Based on the provided context, I cannot answer this question.

While Document 1 states that ""The Red Queen's Race"" uses the Red Queen's race from Lewis Carroll's ""Through the Looking-Glass,"" the context does not mention what novel ""Through the Looking-Glass"" is a sequel to. Document 3 mentions a sequel relationship, but it refers to Libba Bray's ""The Sweet Far Thing,"" not Lewis Carroll's work.",0.0,0.0,0.0,OK,
279,279,bm25,mmr_0.0,Erskine Academy is located in a village in what county?,5ab850795542990e739ec8bd,"[1923, 2677]","[1923, 19722, 11741, 3646, 5712]",0.5,1.0,0.6701892018318176,0.8932605385780334,qwen3.5-122b,"I cannot answer this based on the provided context.

The provided text states that Erskine Academy is located in ""South China, Maine,"" but it does not specify the county in which South China is located.",0.0,0.0,0.0,OK,
280,280,bm25,mmr_0.0,"Which peak is flanked by Manaslu, Shispare or Ngadi Chuli?",5ab852c05542990e739ec8c5,"[18147, 11093]","[11093, 2471, 4761, 12999, 262]",0.5,1.0,0.7013994455337524,0.37718498706817627,qwen3.5-122b,"Based on the provided context, **Ngadi Chuli** is the peak flanked by Manaslu.

Document 1 states: ""Ngadi Chuli ... is flanked by Manaslu to the north and Himalchuli to the south."" The context does not mention Shispare.",0.0,0.0,0.0,OK,
281,281,bm25,mmr_0.0,Substorm was described in qualitative terms by a scientist nominated for what seven times?,5ab864945542990e739ec8e1,"[9605, 23854]","[9605, 11225, 24143, 18037, 15264]",0.5,1.0,0.7574580907821655,0.04596170037984848,qwen3.5-122b,I cannot answer this based on the provided context.,0.0,0.0,0.0,OK,
282,282,bm25,mmr_0.0,Lucas da Silva Carvalho was an unused reserve runner for a Brazilian athletics track event which at top class events is run in lanes for the first what?,5ab865235542992aa3b8c8db,"[22927, 5523]","[22927, 3317, 3581, 4045, 19170]",0.5,1.0,0.6846309900283813,0.4010959565639496,qwen3.5-122b,"Based on the provided context, Lucas da Silva Carvalho is a sprinter specializing in the **400 metres** and was an unused reserve runner for the Brazilian 4 × 400 metres relay. However, the provided documents do not contain information regarding how many meters of a top-class 400 metres event are run in lanes.

I cannot answer this based on the provided context.",0.0,0.0,0.0,OK,
283,283,bm25,mmr_0.0,What profession was both John Updike and Bret Easton Ellis ?,5ab8764155429919ba4e22fe,"[3437, 4643]","[4643, 14442, 3028, 25670, 15264]",0.5,1.0,0.7566443681716919,0.026440152898430824,qwen3.5-122b,I cannot answer this based on the provided context.,0.0,0.0,0.0,OK,
284,284,bm25,mmr_0.0,Are John le Carré and Tim Winton both novelists?,5ab90e9755429934fafe6e51,"[4612, 165]","[165, 3198, 459, 3061, 10948]",0.5,1.0,0.7579470872879028,0.03849710151553154,qwen3.5-122b,"Based on the provided context, I cannot answer this question. While Document 1 confirms that Tim Winton is a novelist, the provided documents do not contain any information about John le Carré.",0.0,0.0,0.0,OK,
285,285,bm25,mmr_0.0,Is there fruit juice in both a Fizz and a Painkiller cocktail?,5ab934465542996be202043e,"[25675, 1128]","[6311, 19386, 23056, 13682, 7377]",0.0,0.0,0.7272523641586304,0.027071157470345497,qwen3.5-122b,I cannot answer this based on the provided context.,0.0,0.0,0.0,OK,
286,286,bm25,mmr_0.0,"The non-fiction book ""Finding Chandra"" is about an affair between the victim and a congressman that holds a B.B.A from what school?",5ab973b35542996be20204fd,"[9608, 22274]","[9608, 14692, 16906, 1618, 8501]",0.5,1.0,0.7414137125015259,0.19480639696121216,qwen3.5-122b,I cannot answer this based on the provided context.,0.0,0.0,0.0,OK,
287,287,bm25,mmr_0.0,"Which sister of Margarita ""Peggy"" Schuyler Van Rensselaer is sometimes called Betsey?",5ab9d0b755429955dce3ed8f,"[21216, 252]","[21216, 10485, 3221, 23606, 24016]",0.5,1.0,0.7240551710128784,0.5635969042778015,qwen3.5-122b,"Based on the provided context, I cannot answer this question. Document 1 lists Margarita ""Peggy"" Schuyler Van Rensselaer's sisters (Angelica Schuyler Church, Elizabeth Schuyler Hamilton, and Philip Jeremiah Schuyler), but it does not mention which of them is sometimes called ""Betsey.""",0.0,0.0,0.0,OK,
288,288,bm25,mmr_0.0,Are Eve Beglarian and Zach Bogosian both of Armenian descent?,5ab9ddef5542994dbf019875,"[22531, 4421]","[22531, 5828, 10948, 13208, 25531]",0.5,1.0,0.7577847242355347,0.036028698086738586,qwen3.5-122b,I cannot answer this based on the provided context.,0.0,0.0,0.0,OK,
289,289,bm25,mmr_0.0,"The English actor Kris Marshall played which character in the highly rated comedy-drama television series ""Death in Paradise""?",5ab9debb55429955dce3ed97,"[17157, 12938]","[17157, 25601, 12752, 23227, 24442]",0.5,1.0,0.733874499797821,0.9992557168006897,qwen3.5-122b,"Based on the provided context, the English actor Kris Marshall played the character **DI Humphrey Goodman** in the television series ""Death in Paradise"". He took over the role in April 2013 for the show's third series and left in February 2017.",0.0,0.0,0.0,OK,
290,290,bm25,mmr_0.0,In what year was the scientific journal for which Danilo Erricolo is currently Editor-in-Chief established?,5aba18ee5542994dbf0198b4,"[22478, 9472]","[11455, 4446, 4087, 18213, 22478]",0.5,0.2,0.6785367131233215,0.027772193774580956,qwen3.5-122b,I cannot answer this based on the provided context.,0.0,0.0,0.0,OK,
291,291,bm25,mmr_0.0,Yakuza Kiwami is a remake of the first video game in what video game series that is an open world action-adventure beat 'em up video game franchise?,5aba510f5542994dbf0198d6,"[22508, 8958]","[22508, 3323, 1042, 25189, 4788]",0.5,1.0,0.6700179576873779,0.8641452193260193,qwen3.5-122b,"Based on the provided context, **Yakuza Kiwami** is a remake of the first video game in the **""Yakuza""** series.

(Note: While the context confirms it is a remake of the first game in the ""Yakuza"" series and describes it as an action-adventure game, the specific descriptors ""open world"" and ""beat 'em up"" are not explicitly mentioned in the provided text, though the core answer regarding the series name is present.)",0.0,0.0,0.0,OK,
292,292,bm25,mmr_0.0,"Giuseppe Tornatore, an italian film director and screenwriter, wrote and directed his film ""The Best Offer"" in what language?",5aba6d4b5542994dbf019906,"[17780, 14963]","[17780, 73, 24476, 18893, 24794]",0.5,1.0,0.7459128499031067,0.07455728203058243,qwen3.5-122b,I cannot answer this based on the provided context.,0.0,0.0,0.0,OK,
293,293,bm25,mmr_0.0,The Indigenous Team of the Century's coach played over how many games at senior level?,5aba7a22554299232ef4a2e7,"[9170, 25933]","[14527, 9170, 16522, 10761, 9097]",0.5,0.5,0.6645940542221069,0.06970754265785217,qwen3.5-122b,I cannot answer this based on the provided context.,0.0,0.0,0.0,OK,
294,294,bm25,mmr_0.0,"Which Canadian Province was captured with the support of the Mi'kmaq, Maliseet, Passamaquoddy, Abenaki, and Penobscot?",5aba916c55429901930fa83b,"[9455, 2012]","[2012, 9409, 782, 23912, 2619]",0.5,1.0,0.7146941423416138,0.0439419224858284,qwen3.5-122b,I cannot answer this based on the provided context.,0.0,0.0,0.0,OK,
295,295,bm25,mmr_0.0,Which Formula One World Champion had a teammate named Richie Ginther?,5aba926f55429901930fa83e,"[654, 8570]","[654, 14947, 385, 10152, 8570]",1.0,1.0,0.7177649736404419,0.05896834284067154,qwen3.5-122b,"Based on the provided context, the Formula One World Champion who had a teammate named Richie Ginther is **Graham Hill** (also referred to as Norman Graham Hill).

Document 1 states that Graham Hill won the 1962 Italian Grand Prix and that ""His teammate Richie Ginther finished second."" Document 5 confirms that Norman Graham Hill was a ""twice Formula One World Champion.""",0.0,0.0,0.0,OK,
296,296,bm25,mmr_0.0,What was the title of the failed magazine that preceded and inspired the The Science Fiction League?,5aba97ed55429901930fa84d,"[18108, 3044]","[7940, 5872, 7386, 3266, 3535]",0.0,0.0,0.7520561218261719,0.0958046093583107,qwen3.5-122b,I cannot answer this based on the provided context.,0.0,0.0,0.0,OK,
297,297,bm25,mmr_0.0,Andrew Stanton co-directed which film which featured greedy grasshoppers?,5aba9e545542994dbf019986,"[4757, 19185]","[6208, 12103, 14262, 24194, 19185]",0.5,0.2,0.7587894201278687,0.09858915209770203,qwen3.5-122b,I cannot answer this based on the provided context.,0.0,0.0,0.0,OK,
298,298,bm25,mmr_0.0,How many Golden Globe Awards did this English retired actress whose career has spanned over six decades and who appeared in the two-act drama Moby Dick—Rehearsed by Orson Welles?,5abac89d55429901930fa8b5,"[17457, 11151]","[11151, 4127, 10245, 8122, 14230]",0.5,1.0,0.7265633940696716,0.9923492074012756,qwen3.5-122b,"Based on the provided context, the English retired actress described is **Joan Ann Plowright** (Dame Joan Plowright), whose career has spanned over six decades. According to Document 1, she has won **two** Golden Globe Awards.

(Note: The provided context does not mention her appearance in the two-act drama *Moby Dick—Rehearsed* by Orson Welles, but it does confirm the number of Golden Globe Awards won by the actress matching the other descriptions.)

Answer: **Two**",0.0,0.0,0.0,OK,
299,299,bm25,mmr_0.0,In what part of England is John Folwes' country house located?,5abacac45542996cc5e49e94,"[20071, 6422]","[20071, 2571, 2340, 5572, 4744]",0.5,1.0,0.7156723737716675,0.9993019700050354,qwen3.5-122b,"Based on the provided context, John Fowles' country house, Belmont, is located near Lyme Regis in **West Dorset**, South West England.",0.0,0.0,0.0,OK,
300,300,bm25,mmr_0.0,Curious is a women's fragrance by a singer born in what city and state?,5abaccd1554299660624161b,"[14248, 13075]","[14248, 471, 1303, 17016, 10660]",0.5,1.0,0.7245305776596069,0.3271023631095886,qwen3.5-122b,"I cannot answer this based on the provided context.

The provided text states that ""Curious"" is a fragrance by Britney Spears, but it does not mention her birth city or state. The other documents discuss unrelated topics (a city in Florida, an Indian singer, a Russian chess player, and a Dutch city quarter).",0.0,0.0,0.0,OK,
301,301,bm25,mmr_0.0,What award did the writer of Never Let Me Go novel win in 1989?,5abae3205542996cc5e49edc,"[4031, 2087]","[4031, 10480, 10350, 20218, 854]",0.5,1.0,0.7529888153076172,0.9596261382102966,qwen3.5-122b,"Based on the provided context, the writer of the novel *Never Let Me Go*, Kazuo Ishiguro, won the **Booker Prize** in 1989 for his novel *The Remains of the Day*.",0.0,0.0,0.0,OK,
302,302,bm25,mmr_0.0,White love was what number of single created by a record label est in 2008 by Kim Shi Dao?,5abafb6d5542992ccd8e7e92,"[16888, 12840]","[12840, 12148, 7781, 3258, 17928]",0.5,1.0,0.7711986303329468,0.28598520159721375,qwen3.5-122b,I cannot answer this based on the provided context.,0.0,0.0,0.0,OK,
303,303,bm25,mmr_0.0,How many constituents does Greg Gianforte's district have?,5abb14a55542992ccd8e7f06,"[11988, 25940]","[6403, 17401, 15778, 21537, 7193]",0.0,0.0,0.7970220446586609,0.21634070575237274,qwen3.5-122b,I cannot answer this based on the provided context.,0.0,0.0,0.0,OK,
304,304,bm25,mmr_0.0,Harry Emerson Fosdick was called to serve as pastor at a church that opened its doors on what date?,5abb2f2f554299232ef4a3d7,"[25912, 1349]","[25912, 4142, 18596, 15208, 19027]",0.5,1.0,0.7843457460403442,0.2791355550289154,qwen3.5-122b,"I cannot answer this based on the provided context.

While Document 1 states that Harry Emerson Fosdick served as pastor at the First Presbyterian Church and the Riverside Church, it does not provide the opening dates for either of these churches. Document 3 mentions a church opening date (August 5, 1875), but that refers to Old Hjelme Church in Norway, which is unrelated to Fosdick.",0.0,0.0,0.0,OK,
305,305,bm25,mmr_0.0,"The world's greatest Super-Heroes anthology showcased one of four superheroes known for speaking the phrase ""SHAZAM"", what was their name?",5abb342055429966062416e8,"[2617, 16362]","[2617, 19636, 24492, 5074, 20122]",0.5,1.0,0.7724301815032959,0.7729052901268005,qwen3.5-122b,"Based on the provided context, the anthology *The World's Greatest Super-Heroes* reprinted four graphic novels celebrating Superman, Batman, **Captain Marvel**, and Wonder Woman. The text identifies Captain Marvel as the archetype representing ""Magic."" While the context does not explicitly mention the phrase ""SHAZAM,"" Captain Marvel is the superhero among the four listed who is known for speaking that phrase.

Answer: Captain Marvel",0.0,0.0,0.0,OK,
306,306,bm25,mmr_0.0,Jean-Paul Sartre or George Bernard Shaw  have more influence on turn of the century literature?,5abbb42555429931dba144af,"[3723, 1726]","[6422, 5337, 12243, 2340, 23501]",0.0,0.0,0.7527672648429871,0.035803962498903275,qwen3.5-122b,I cannot answer this based on the provided context.,0.0,0.0,0.0,OK,
307,307,bm25,mmr_0.0,"Which genus of plant grows originally in Mexico and Guatemala, Phylica or Weldenia?",5abbc4d255429931dba144fe,"[1787, 11876]","[11876, 3600, 17284, 5370, 6461]",0.5,1.0,0.6864401698112488,0.42760786414146423,qwen3.5-122b,"Based on the provided context, the genus **Weldenia** grows originally in Mexico and Guatemala.

Document 1 states: ""Weldenia is a monotypic genus of flowering plant... It has one single species: Weldenia candida, which grows originally in Mexico and Guatemala."" The context does not mention the genus Phylica.",0.0,0.0,0.0,OK,
308,308,bm25,mmr_0.0,Are Cardinal Health and Kansas City Southern located in the same state?,5abbd58d554299660624172f,"[205, 18601]","[18601, 11262, 25145, 12994, 11587]",0.5,1.0,0.7507955431938171,0.06889132410287857,qwen3.5-122b,I cannot answer this based on the provided context.,0.0,0.0,0.0,OK,
309,309,bm25,mmr_0.0,"Which is larger, Garajonay National Park or Guadarrama National Park?",5abbdb195542993f40c73bf1,"[11172, 24782]","[24782, 10969, 17576, 6032, 1513]",0.5,1.0,0.6808100938796997,0.022346414625644684,qwen3.5-122b,I cannot answer this based on the provided context.,0.0,0.0,0.0,OK,
310,310,bm25,mmr_0.0,Who directed the 1971 film in which Pat Ashton starred in?,5abbdd6955429931dba145b5,"[16644, 6235]","[16644, 12103, 13962, 19006, 14234]",0.5,1.0,0.7646141648292542,0.21528135240077972,qwen3.5-122b,"Based on the provided context, I cannot answer this based on the provided context.

Document 1 states that Pat Ashton appeared in the film spin-off ""On the Buses"" (1971), but it does not mention who directed that film. Document 5 mentions a 1971 film (""Death Walks in High Heels"") directed by Luciano Ercoli, but there is no information linking Pat Ashton to that specific film.",0.0,0.0,0.0,OK,
311,311,bm25,mmr_0.0,Rolls-Royce Welland's name is taken from this river that is low long,5abbe4c0554299642a094bc0,"[3379, 2969]","[3379, 2033, 21195, 925, 2070]",0.5,1.0,0.7477715015411377,0.9626683592796326,qwen3.5-122b,"I cannot answer this based on the provided context.

The provided text states that the Rolls-Royce Welland's name is taken from the River Welland, but it does not mention the length of the river.",0.0,0.0,0.0,OK,
312,312,bm25,mmr_0.0,Are both Viken Babikian and Don Manoukian American ?,5abbf8bc5542993f40c73c35,"[23897, 18284]","[23897, 6118, 362, 16247, 10948]",0.5,1.0,0.7338577508926392,0.07863911241292953,qwen3.5-122b,I cannot answer this based on the provided context.,0.0,0.0,0.0,OK,
313,313,bm25,mmr_0.0,Are Wake Forest University and Pennsylvania State University both located in the US?,5abc081e5542993f40c73c54,"[8163, 1172]","[8163, 21332, 13978, 3757, 19388]",0.5,1.0,0.7232562899589539,0.9996315240859985,qwen3.5-122b,"Yes, both universities are located in the US.

Based on the provided context:
*   **Wake Forest University** is described as being in ""Winston-Salem, North Carolina,"" which is in the United States.
*   **Pennsylvania State University** is not explicitly named in the text; however, **Tobyhanna State Park** is described as a ""Pennsylvania state park"" located in ""Pennsylvania in the United States."" While the text mentions ""Pennsylvania State Game Lands,"" it does not explicitly mention ""Pennsylvania State University.""

**Correction based on strict adherence to the prompt:**
The prompt asks if *Wake Forest University* and *Pennsylvania State University* are both located in the US based **ONLY** on the provided context.

*   Document 1 confirms Wake Forest University is in North Carolina, USA.
*   Document 2 mentions ""Pennsylvania State Game Lands"" and ""Pennsylvania State Park,"" but it **does not mention Pennsylvania State University**.

Therefore, I cannot confirm the location of Pennsylvania State University based *only* on the provided context.

**Final Answer:** I cannot answer this based on the provided context. (While Wake Forest University is confirmed to be in the US, the provided text does not mention Pennsylvania State University, only Pennsylvania state parks and game lands).",0.0,0.0,0.0,OK,
314,314,bm25,mmr_0.0,"Which Argentine telenovela broadcast by Telefe from March 12 to December 19, 2012 starred Isabel Macedo as Jimena Benitez?",5abc5951554299114383a116,"[18916, 14305]","[18916, 8457, 6404, 5784, 7514]",0.5,1.0,0.7133362293243408,0.8971107006072998,qwen3.5-122b,"Based on the provided context, the Argentine telenovela is **Graduados**.

Document 1 states that Patricia Longo, also known as Jimena Benítez, is a fictional character in the 2012 Argentine telenovela ""Graduados"" and is played by Isabel Macedo. While the specific broadcast dates (March 12 to December 19, 2012) and the network (Telefe) are not explicitly mentioned in the text, the character name, actress, year, and country match the details in the question.",0.0,0.0,0.0,OK,
315,315,bm25,mmr_0.0,"Which movie was released first, Return to Oz or Midnight Madness?",5abc5955554299114383a118,"[23385, 7388]","[23519, 23161, 15840, 13215, 24229]",0.0,0.0,0.7297868728637695,0.11480135470628738,qwen3.5-122b,I cannot answer this based on the provided context.,0.0,0.0,0.0,OK,
316,316,bm25,mmr_0.0,Matthew Butturini was born in a town on the Tweed River how many km north-east of Sydney?,5abc8d00554299700f9d78fd,"[13650, 25718]","[25718, 6930, 887, 24622, 12750]",0.5,1.0,0.7115141153335571,0.03565286844968796,qwen3.5-122b,I cannot answer this based on the provided context.,0.0,0.0,0.0,OK,
317,317,bm25,mmr_0.0,"Soundcloud rap has been used by which rapper from Lauderhill, Florida?",5abce43855429959677d6b18,"[23066, 22127]","[23066, 1325, 7653, 11638, 20396]",0.5,1.0,0.7442399263381958,0.01809706725180149,qwen3.5-122b,I cannot answer this based on the provided context.,0.0,0.0,0.0,OK,
318,318,bm25,mmr_0.0,"The composer for the music in the film ""A Clockwork Orange"" was born in which state?",5abcf46255429959677d6b6b,"[10937, 13226]","[10937, 302, 16874, 10847, 18695]",0.5,1.0,0.8217817544937134,0.08449715375900269,qwen3.5-122b,I cannot answer this based on the provided context.,0.0,0.0,0.0,OK,
319,319,bm25,mmr_0.0,Carlos Hasselbaink is the older brother of the footballer of what nationality?,5abcf51c554299700f9d7949,"[3825, 23157]","[3825, 5873, 19078, 13641, 1493]",0.5,1.0,0.7443784475326538,0.8658767938613892,qwen3.5-122b,"Based on the provided context, Carlos Hasselbaink is the older brother of Jimmy Floyd Hasselbaink, who is described as a **Dutch** football (soccer) player.

Answer: Dutch",0.0,0.0,0.0,OK,
320,320,bm25,mmr_0.0,"Archie Norman will succeed Robert Swannell as chairman of what British multinational retailer that is headquartered in the city of Westminster, London?",5abd0553554299700f9d7963,"[16997, 3212]","[16997, 11469, 3733, 854, 3031]",0.5,1.0,0.7381418943405151,0.7610066533088684,qwen3.5-122b,"Based on the provided context, Archie Norman will succeed Robert Swannell as chairman of **Marks & Spencer**.

Document 1 states: ""He will succeed Robert Swannell as chairman of Marks & Spencer in September 2017."" While the document does not explicitly mention that Marks & Spencer is headquartered in Westminster, London, it is the only British multinational retailer mentioned in the text in relation to this succession.",0.0,0.0,0.0,OK,
321,321,bm25,mmr_0.0,Are Muzzle and Screaming Trees both alternative rock bands?,5abd0eae5542996e802b46d4,"[826, 5214]","[826, 6868, 11040, 11527, 25402]",0.5,1.0,0.7552345991134644,0.128518208861351,qwen3.5-122b,I cannot answer this based on the provided context.,0.0,0.0,0.0,OK,
322,322,bm25,mmr_0.0,What is Peter Daou's website's slogan?,5abd6be55542993062266c89,"[8639, 23051]","[2307, 15208, 15264, 12141, 8639]",0.5,0.2,0.7266132831573486,0.052470650523900986,qwen3.5-122b,I cannot answer this based on the provided context.,0.0,0.0,0.0,OK,
323,323,bm25,mmr_0.0,Were both Eugene Dynkin and Vladimir Voevodsky mathematicians from Russia?,5abd7aba55429924427fcfed,"[2170, 224]","[2170, 24568, 4768, 18968, 25412]",0.5,1.0,0.7330114245414734,0.04846543073654175,qwen3.5-122b,I cannot answer this based on the provided context.,0.0,0.0,0.0,OK,
324,324,bm25,mmr_0.0,"What village in Nassau County, New York with a name meaning ""a pleasant place"" is represented by Kathleen Rice in the United States House of Representatives?",5abd8ee05542993062266cc8,"[21639, 24844]","[21639, 4274, 14571, 7635, 1546]",0.5,1.0,0.7355529069900513,0.07172082364559174,qwen3.5-122b,I cannot answer this based on the provided context.,0.0,0.0,0.0,OK,
325,325,bm25,mmr_0.0,A private university that beat Georgetown during a basketball tournament is from what U.S. city?,5abd93115542996e802b47e0,"[4002, 7214]","[4002, 13983, 25957, 1830, 1214]",0.5,1.0,0.7153605222702026,0.9998372197151184,qwen3.5-122b,"Based on the provided context, I cannot answer this question.

**Reasoning:**
*   **Document 1** states that **Life University (Ga.)** defeated Georgetown College (Ky.) in the 63rd NAIA Men's Division I Basketball Tournament.
*   However, the document only specifies that Life University is from Georgia (""Ga."") and does not name the specific **U.S. city** where it is located.
*   Additionally, the context does not explicitly state that Life University is a ""private"" university, nor does it confirm the status of Georgetown College in that specific context (though Georgetown College is in Kentucky, the document does not provide its city or private status).
*   **Document 5** discusses **MedStar Georgetown University Hospital** and **Georgetown University** in Washington, D.C., but this is a different institution from the ""Georgetown College"" mentioned in the basketball context, and the question asks about the university that *beat* Georgetown, not Georgetown itself.

Since the specific city for Life University is not mentioned in the text, the question cannot be answered using *only* the provided context.",0.0,0.0,0.0,OK,
326,326,bm25,mmr_0.0,When was the former IBF World title holder born?,5abde7ba5542991f6610609e,"[12654, 9705]","[12654, 21878, 16083, 4208, 14310]",0.5,1.0,0.7807198762893677,0.0881028100848198,qwen3.5-122b,I cannot answer this based on the provided context.,0.0,0.0,0.0,OK,
327,327,bm25,mmr_0.0,In Ancient Egyptian religion how would a citizen be weighted to decide if they where worthy of damnation and would face the torment in the lake of fire ?,5abdf06355429976d4830a2d,"[2121, 159]","[2121, 13156, 25737, 23905, 23718]",0.5,1.0,0.8072656393051147,0.9993305802345276,qwen3.5-122b,"Based on the provided context, in Ancient Egyptian religious tradition, a citizen's heart was weighed against the **feather of truth**. If the citizen's heart was heavier than the feather, they would face torment in a lake of fire.",0.0,0.0,0.0,OK,
328,328,bm25,mmr_0.0,What is the population of the city as of the 2010 Census where the band Quincy Mumford & The Reason Why is based?,5abdf7055542993f32c2a06c,"[14194, 1496]","[343, 14194, 3988, 25604, 13786]",0.5,0.5,0.7061176300048828,0.8598852753639221,qwen3.5-122b,"I cannot answer this based on the provided context.

The provided text states that the band Quincy Mumford & The Reason Why is based in Asbury Park, New Jersey (Document 2), but it does not provide the population of Asbury Park or any census data for that city.",0.0,0.0,0.0,OK,
329,329,bm25,mmr_0.0,At what theater is the composer and lyricist for the musical Big Fish a residential artist?,5abdff775542993f32c2a082,"[16335, 613]","[21600, 12162, 8368, 16049, 694]",0.0,0.0,0.7522370219230652,0.04380923882126808,qwen3.5-122b,I cannot answer this based on the provided context.,0.0,0.0,0.0,OK,
330,330,bm25,mmr_0.0,"In the Morpeth Arms pub in London, there's a Spying Room with a view overlooking the headquarters of which organisation?",5abe64bf55429976d4830b13,"[19930, 2308]","[19930, 23514, 885, 6215, 20594]",0.5,1.0,0.766629695892334,0.9996004700660706,qwen3.5-122b,"Based on the provided context, the Spying Room in the Morpeth Arms pub offers a good view of the headquarters of the **Secret Intelligence Service**.",0.0,0.0,0.0,OK,
331,331,bm25,mmr_0.0,"Which university did one of the key figures in the American documentary film, released in 2015, directed by Malcolm Ingram, pay for, before being drafted 18th overall pick for the New Jersey Nets?",5abe65e25542993f32c2a101,"[18826, 6731]","[18826, 1511, 3723, 18245, 23230]",0.5,1.0,0.757487952709198,0.8461089730262756,qwen3.5-122b,"I cannot answer this based on the provided context.

The provided text mentions the documentary ""Out to Win"" (2015) directed by Malcolm Ingram and lists several key figures, but it does not contain information about any of these figures being drafted 18th overall by the New Jersey Nets, nor does it mention a university they paid for in that specific context. Additionally, the other documents discuss unrelated individuals (Paul Houck, Jean-Paul Sartre, Francis Barzilauskas, and John Thomas Wilder).",0.0,0.0,0.0,OK,
332,332,bm25,mmr_0.0,Mesih Pasha's uncle became emperor in what year?,5abe79c755429976d4830b2a,"[10700, 23898]","[23968, 4243, 15087, 9838, 9252]",0.0,0.0,0.7442368268966675,0.10432641953229904,qwen3.5-122b,I cannot answer this based on the provided context.,0.0,0.0,0.0,OK,
333,333,bm25,mmr_0.0,Millennium Greens were funded in part by a what type of lottery?,5abe87cb5542993f32c2a156,"[18446, 5511]","[18446, 9512, 10487, 9005, 14123]",0.5,1.0,0.76884925365448,0.9947329163551331,qwen3.5-122b,"Based on the provided context, Millennium Greens were funded in part by the **National Lottery**.",0.0,0.0,0.0,OK,
334,334,bm25,mmr_0.0,Lake Wales Ridge National Wildlife Refuge is on the US route that runs between a city in what Florida county?,5abecdf45542997719eab5d4,"[23487, 508]","[23487, 14459, 25235, 19521, 12417]",0.5,1.0,0.7164835929870605,0.022184815257787704,qwen3.5-122b,I cannot answer this based on the provided context.,0.0,0.0,0.0,OK,
335,335,bm25,mmr_0.0,Are Tantrix and Personal Preference both types of games?,5abed4d55542990832d3a0e0,"[24203, 11189]","[23869, 9233, 13362, 13208, 8384]",0.0,0.0,0.7405879497528076,0.028366535902023315,qwen3.5-122b,I cannot answer this based on the provided context.,0.0,0.0,0.0,OK,
336,336,bm25,mmr_0.0,The 1966 Football League Cup Final was contested with which team that is based in the West Midlands?,5abee69c5542993fe9a41d8b,"[722, 13134]","[722, 25832, 11353, 6516, 8486]",0.5,1.0,0.6773867011070251,0.9734850525856018,qwen3.5-122b,"Based on the provided context, the 1966 Football League Cup Final was contested between **West Bromwich Albion** and West Ham United.

Document 1 states that the final was contested between these two teams. While the provided text does not explicitly state that West Bromwich Albion is based in the West Midlands, it is the only team mentioned in the context associated with the location ""West"" (West Bromwich) and is the correct answer to the question based on general knowledge, though strictly adhering to the ""ONLY on the provided context"" rule, the text confirms West Bromwich Albion was one of the two finalists.

However, since the context does not explicitly mention the ""West Midlands"" region, I must check if I can answer based *only* on the text. The text says: ""contested between West Bromwich Albion and West Ham United."" It does not mention the West Midlands.

Wait, the instruction says ""Answer the question based ONLY on the provided context."" If the context doesn't contain the information that West Bromwich Albion is in the West Midlands, strictly speaking, I cannot confirm the location from the text alone.

Let's re-read the constraint: ""If the context doesn't contain enough information, say 'I cannot answer this based on the provided context.'""

The context (Document 1) identifies the teams: West Bromwich Albion and West Ham United. It does not state where they are based. Therefore, the specific detail that one of them is based in the West Midlands is missing from the provided text.

**Correction**: Often in these tasks, if the entity name implies the location (e.g., ""West Bromwich"" is a town in the West Midlands), the model might be expected to infer or the user might accept the entity name as the answer if the question is ""which team"". But the constraint is strict.

Let's look at the question again: ""The 1966 Football League Cup Final was contested with which team that is based in the West Midlands?""

The text says: ""contested between West Bromwich Albion and West Ham United.""
The text does *not* say West Bromwich Albion is in the West Midlands.
Therefore, based *strictly* on the provided context, I cannot verify the location.

However, usually, in RAG (Retrieval-Augmented Generation) tasks, if the entity is named, and the question asks for the entity that fits a description",0.0,0.0,0.0,OK,
337,337,bm25,mmr_0.0,The evil clown is a subversion of the traditional comic clown character with the modern archetype popularised by a book that follows the experiences of how many children?,5abef8fd5542990832d3a111,"[18683, 9854]","[18683, 15778, 7386, 23502, 7791]",0.5,1.0,0.7794250249862671,0.013840796425938606,qwen3.5-122b,I cannot answer this based on the provided context.,0.0,0.0,0.0,OK,
338,338,bm25,mmr_0.0,What empire was Aleksei Gen born into?,5abf8ae85542990832d3a14b,"[15809, 9132]","[7586, 17529, 15449, 8080, 23962]",0.0,0.0,0.7365024089813232,0.05347956344485283,qwen3.5-122b,I cannot answer this based on the provided context.,0.0,0.0,0.0,OK,
339,339,bm25,mmr_0.0,"When ""Good Night"" was aired on ""The Simpsons 138th Epsiode Spectacular,"" which actress did the voice of the character named after Matt Groening's mother?",5abfd5c45542994516f4550e,"[11132, 25916]","[25916, 16874, 13737, 24553, 21999]",0.5,1.0,0.7825877070426941,0.05921057239174843,qwen3.5-122b,I cannot answer this based on the provided context.,0.0,0.0,0.0,OK,
340,340,bm25,mmr_0.0,What is the middle name of the actor who hosted the24th People's Choice Awards with  Reba McEntire ?,5abffa095542990832d3a1de,"[11679, 7514]","[11679, 5610, 6047, 13053, 12311]",0.5,1.0,0.7043716907501221,0.10395626723766327,qwen3.5-122b,I cannot answer this based on the provided context.,0.0,0.0,0.0,OK,
341,341,bm25,mmr_0.0,What date was the person born that Samuel Flores Borrego was the right hand man of?,5ac00584554299012d1db575,"[13432, 5900]","[13432, 5937, 25737, 3431, 14649]",0.5,1.0,0.8092432022094727,0.9042860269546509,qwen3.5-122b,"Based on the provided context, Samuel Flores Borrego was the right-hand man of **Jorge Eduardo Costilla Sánchez**. However, the text does not contain information regarding Jorge Eduardo Costilla Sánchez's birth date.

Therefore, I cannot answer this based on the provided context.",0.0,0.0,0.0,OK,
342,342,bm25,mmr_0.0,"Which actress, who debuted in Friday Night Lights also starred in The River Why?",5ac027005542996f0d89cb3d,"[5019, 395]","[20159, 4848, 10107, 7742, 20697]",0.0,0.0,0.7654529809951782,0.2784182131290436,qwen3.5-122b,I cannot answer this based on the provided context.,0.0,0.0,0.0,OK,
343,343,bm25,mmr_0.0,In which Navy was the single-engine BAE Systems Hawk operated?,5ac04a265542997d642959f1,"[2528, 12046]","[12046, 332, 11603, 12196, 2044]",0.5,1.0,0.7406713962554932,0.03743554279208183,qwen3.5-122b,I cannot answer this based on the provided context.,0.0,0.0,0.0,OK,
344,344,bm25,mmr_0.0,Ambrose Mendy has managed and/or advised a British professional boxer that as of July 2017 is ranked the world's seventh best super middleweight by who?,5ac056385542997d64295a08,"[5327, 4250]","[5327, 4258, 8096, 13160, 582]",0.5,1.0,0.7375311851501465,0.042474377900362015,qwen3.5-122b,I cannot answer this based on the provided context.,0.0,0.0,0.0,OK,
345,345,bm25,mmr_0.0,"What genre did the writer whose novel was based on ""I'll Take Manhattan"" writes?",5ac0a18a5542992a796ded41,"[21629, 24273]","[23228, 9080, 18366, 15208, 1398]",0.0,0.0,0.7637609243392944,0.06704868376255035,qwen3.5-122b,I cannot answer this based on the provided context.,0.0,0.0,0.0,OK,
346,346,bm25,mmr_0.0,At what university is the organic chemist who headed the group that designed the nanocar a professor?,5ac160af5542994d76dccdfa,"[11360, 4535]","[11360, 8138, 22242, 25769, 17872]",0.5,1.0,0.7280165553092957,0.892112672328949,qwen3.5-122b,"Based on the provided context, the organic chemist who headed the group that designed the nanocar is Professor James Tour, and he is a professor at **Rice University**.

(Note: This information is found in Document 1, which states the nanocar was ""designed in 2005 at Rice University by a group headed by Professor James Tour."")",0.0,0.0,0.0,OK,
347,347,bm25,mmr_0.0,What was the alternate slang name for the World War I era grenade that the egg grenade was less awkward than to handle?,5ac1725c5542994d76dcce2c,"[17932, 18966]","[17932, 16297, 24234, 15264, 8245]",0.5,1.0,0.7513648867607117,0.023749344050884247,qwen3.5-122b,"Based on the provided context, the egg grenade (Model 17 Eierhandgranate) was described as ""less awkward to handle than the **Stick grenade**.""

The text does not mention an ""alternate slang name"" for the Stick grenade, only its formal designation. Therefore, I cannot answer this based on the provided context.",0.0,0.0,0.0,OK,
348,348,bm25,mmr_0.0,"What was the official religion of the lands of the husband of Dorothea of Denmark, Duchess of Prussia?",5ac194db55429964131be23a,"[10253, 3048]","[16001, 2747, 24397, 8289, 22438]",0.0,0.0,0.7134099006652832,0.018616635352373123,qwen3.5-122b,I cannot answer this based on the provided context.,0.0,0.0,0.0,OK,
349,349,bm25,mmr_0.0,What was the nationality of Bernhard Heiden's teacher?,5ac1c7605542994ab5c67e14,"[22644, 24941]","[22644, 4243, 15264, 6680, 23277]",0.5,1.0,0.7480677366256714,0.7201961874961853,qwen3.5-122b,"Based on the provided context, Bernhard Heiden studied under and was heavily influenced by **Paul Hindemith**. However, the text does not state Paul Hindemith's nationality.

Therefore, I cannot answer this based on the provided context.",0.0,0.0,0.0,OK,
350,350,bm25,mmr_0.0,"What year was a joint venture between RLJ Companies and this film studio founded in 2005, founded?",5ac240ef55429951e9e684ef,"[623, 4913]","[623, 9941, 404, 2220, 9418]",0.5,1.0,0.7227119207382202,0.996100127696991,qwen3.5-122b,"I cannot answer this based on the provided context.

The context states that Our Stories Films (the film studio associated with RLJ Companies) was founded on **July 13, 2006**, not 2005. The only joint venture mentioned as being founded in 2005 is Virgin Mobile Canada (Document 2), which is not a film studio. Therefore, the premise of the question does not match the information provided.",0.0,0.0,0.0,OK,
351,351,bm25,mmr_0.0,"Which Oxford University graduate did Midge Mackenzie interview in ""Women Talking""?",5ac24cea55429951e9e6853a,"[9575, 23693]","[9575, 19534, 2323, 12706, 12837]",0.5,1.0,0.745477557182312,0.06675776094198227,qwen3.5-122b,I cannot answer this based on the provided context.,0.0,0.0,0.0,OK,
352,352,bm25,mmr_0.0,Who is the film dedicated to that Paramount Classics and MTV Films co-purchased the rights to?,5ac26ac15542992f1f2b38bc,"[15795, 20033]","[15795, 17374, 134, 5453, 6235]",0.5,1.0,0.7891221046447754,0.508439302444458,qwen3.5-122b,"Based on the provided context, the film that Paramount Classics and MTV Films co-purchased the rights to is **Hustle & Flow**.

However, the provided text does not state who this film is dedicated to. Therefore, I cannot answer this based on the provided context.",0.0,0.0,0.0,OK,
353,353,bm25,mmr_0.0,What facility is shared by RAAF Base Williamtown and Newcastle Airport in New South Wales?,5ac290e85542992f1f2b3916,"[3944, 15788]","[3944, 15264, 2437, 3925, 17814]",0.5,1.0,0.74885493516922,0.9990283250808716,qwen3.5-122b,"Based on the provided context, RAAF Base Williamtown and Newcastle Airport share their **runway facilities**.",0.0,0.0,0.0,OK,
354,354,bm25,mmr_0.0,This sister company  of Líneas Aéreas Privadas Argentinas is most commonly known by its shortened name Austral?,5ac298805542990b17b15429,"[15259, 6103]","[6103, 959, 6493, 23729, 8751]",0.5,1.0,0.7575620412826538,0.7178213000297546,qwen3.5-122b,"I cannot answer this based on the provided context.

The provided text states that Austral Líneas Aéreas (commonly known as Austral) is the sister company of **Aerolíneas Argentinas**, not ""Líneas Aéreas Privadas Argentinas.""",0.0,0.0,0.0,OK,
355,355,bm25,mmr_0.0,Which band My Darkest Days or Human Drama had only one constant member?,5ac29da5554299218029dac3,"[10229, 193]","[10229, 5827, 21849, 9031, 19036]",0.5,1.0,0.7701020240783691,0.060938410460948944,qwen3.5-122b,I cannot answer this based on the provided context.,0.0,0.0,0.0,OK,
356,356,bm25,mmr_0.0,Choi Jun-hong  is best known as a member of a group formed in which year ?,5ac2ca84554299218029db55,"[13471, 13401]","[13471, 1036, 3320, 3123, 17461]",0.5,1.0,0.7473719120025635,0.9815828800201416,qwen3.5-122b,"I cannot answer this based on the provided context.

The provided text states that Choi Jun-hong (Zelo) is best known as a member of the group B.A.P and that he made his recording debut with a sub-unit in November 2011, but it does not specify the year the group B.A.P was formed.",0.0,0.0,0.0,OK,
357,357,bm25,mmr_0.0,Where are Neoregelia and Aloysia known to grow,5ac2cdaa554299657fa29070,"[18186, 1723]","[1723, 9347, 1556, 13152, 19315]",0.5,1.0,0.7458641529083252,0.04154137894511223,qwen3.5-122b,I cannot answer this based on the provided context.,0.0,0.0,0.0,OK,
358,358,bm25,mmr_0.0,"Which film featured Rosalind Cash prior to the release of ""Sister, Sister""?",5ac2d9f65542996773102631,"[7447, 25009]","[19571, 23155, 14982, 1115, 8639]",0.0,0.0,0.7822706699371338,0.27617567777633667,qwen3.5-122b,I cannot answer this based on the provided context.,0.0,0.0,0.0,OK,
359,359,bm25,mmr_0.0,"Name the movie that was cowritten by Paul Rudd and the director of the 2011 British science fiction horror comedy film written and directed by Joe Cornish and starring John Boyega, Nick Frost, Jodie Whittaker and Luke Treadaway.",5ac2eaab5542990b17b154a4,"[4146, 11226]","[11226, 14417, 9006, 18109, 21508]",0.5,1.0,0.71230548620224,0.2821805477142334,qwen3.5-122b,I cannot answer this based on the provided context.,0.0,0.0,0.0,OK,
360,360,bm25,mmr_0.0,"Operalia, The World Opera Competition helped launch the career of an operatic soprano of what nationality?",5ac3090d5542990b17b154fc,"[7044, 6342]","[7044, 83, 3455, 3742, 991]",0.5,1.0,0.7269270420074463,0.8972797393798828,qwen3.5-122b,"I cannot answer this based on the provided context.

(Note: While Document 1 lists several artists launched by Operalia, including Joyce DiDonato, Elizabeth Futral, Inva Mula, Ana María Martínez, and Sonya Yoncheva, the text does not specify the nationality of any of these individuals.)",0.0,0.0,0.0,OK,
361,361,bm25,mmr_0.0,Where is the stadium at which 1964 Georgia Tech Yellow Jackets football team played their home game located?,5ac32b565542995ef918c154,"[22624, 25606]","[22624, 11353, 25106, 16522, 2437]",0.5,1.0,0.6436430215835571,0.9997343420982361,qwen3.5-122b,"Based on the provided context, the 1964 Georgia Tech Yellow Jackets football team played their home games at Grant Field, which is located in **Atlanta, Georgia**.",0.0,0.0,0.0,OK,
362,362,bm25,mmr_0.0,what language did the ethnic group which Torstein Ellingsen was its drumer  speaks,5ac35a7e554299741d48a257,"[18692, 24078]","[18692, 7475, 13791, 10480, 24961]",0.5,1.0,0.7211785316467285,0.04608461633324623,qwen3.5-122b,I cannot answer this based on the provided context.,0.0,0.0,0.0,OK,
363,363,bm25,mmr_0.0,"Prior to playing for Michigan State, Keith Nichol played football for a school located in what city?",5ac397fe554299218029dbe2,"[9026, 25838]","[9026, 15339, 173, 2203, 19653]",0.5,1.0,0.6883472204208374,0.4494231939315796,qwen3.5-122b,"Based on the provided context, prior to playing for Michigan State, Keith Nichol played for the Oklahoma Sooners. However, the documents do not specify the city where the Oklahoma Sooners are located.

I cannot answer this based on the provided context.",0.0,0.0,0.0,OK,
364,364,bm25,mmr_0.0,"Who released the song ""With or Without You"" first, Jai McDowall or U2?",5ac3a76e554299741d48a2be,"[12942, 7741]","[12942, 23161, 5962, 919, 9792]",0.5,1.0,0.7396454811096191,0.03042530082166195,qwen3.5-122b,I cannot answer this based on the provided context.,0.0,0.0,0.0,OK,
365,365,bm25,mmr_0.0,Whitford Lodge once held a branch of the bank that later became which national bank?,5ac3b4cc554299741d48a2eb,"[15790, 24702]","[15790, 24349, 11847, 25955, 21313]",0.5,1.0,0.7577046155929565,0.9976761937141418,qwen3.5-122b,"Based on the provided context, the Whitford Lodge once housed a branch of the Hudson United Bank, which became **TD Bank**.",0.0,0.0,0.0,OK,
366,366,bm25,mmr_0.0,SLS station was designed to allow access to the area of Las Vegas that includes a hotel and casino in what other town?,5ac3c0495542995ef918c215,"[399, 4425]","[399, 17964, 3630, 24681, 10456]",0.5,1.0,0.7685668468475342,0.0724734291434288,qwen3.5-122b,I cannot answer this based on the provided context.,0.0,0.0,0.0,OK,
367,367,bm25,mmr_0.0,"The court in which the most important decisions of the ""Black Book of the Admiralty"" where established under a monarch who was also known as the what of Scots?",5ac3c1805542995ef918c21f,"[650, 19296]","[650, 1370, 17410, 4269, 2196]",0.5,1.0,0.7561259865760803,0.9906097054481506,qwen3.5-122b,"I cannot answer this based on the provided context.

The provided text states that the ""Black Book of the Admiralty"" contains decisions from the High Court of Admiralty and mentions that the book itself claims the court was established during the reign of Edward I, while scholarship suggests Edward III. However, the text does not mention which of these monarchs was also known as the ""King of Scots"" (or any other title related to Scotland), nor does it provide information linking a specific monarch to that title.",0.0,0.0,0.0,OK,
368,368,bm25,mmr_0.0,The Feminine Touch is a drama film starring which English actress?,5ac3d7f8554299076e296cb0,"[11779, 7099]","[11779, 8214, 19853, 15884, 12310]",0.5,1.0,0.7010138630867004,0.9796999096870422,qwen3.5-122b,"Based on the provided context, the English actress starring in the 1956 British drama film *The Feminine Touch* is **Belinda Lee**.

(Note: The context lists the cast as George Baker, Belinda Lee, and Delphi Lawrence. While the text does not explicitly label Belinda Lee as ""English,"" she is the only actress among the three who fits the description of an English actress in the context of a British film, whereas Delphi Lawrence was American and George Baker is male.)",0.0,0.0,0.0,OK,
369,369,bm25,mmr_0.0,What sport is featured in the film in which Kwon Yu-ri made her film debut ?,5ac3e80b554299076e296ccd,"[7268, 15846]","[7268, 12103, 8897, 19006, 11553]",0.5,1.0,0.7694510221481323,0.3054693639278412,qwen3.5-122b,"Based on the provided context, Kwon Yu-ri made her film debut in the 2013 film ""No Breathing."" However, the text does not mention what sport is featured in this film.

I cannot answer this based on the provided context.",0.0,0.0,0.0,OK,
370,370,bm25,mmr_0.0,"Is Ohio State University or California State University, Dominguez Hills further west?",5ac41f1d5542991943173924,"[7131, 24258]","[24258, 5466, 22395, 16578, 15309]",0.5,1.0,0.6710357069969177,0.5368825793266296,qwen3.5-122b,"Based on the provided context, I cannot answer this question.

The documents state that California State University, Dominguez Hills is located in Carson, California, and that Gary Berntson is a professor at Ohio State University. However, the context does not provide the specific location of Ohio State University, nor does it contain information comparing the longitudinal positions (west/east) of the two universities.",0.0,0.0,0.0,OK,
371,371,bm25,mmr_0.0,What river runs along the neighborhood where Ashley Estes Kavanaugh's wedding was held?,5ac434cb5542997ea680ca2f,"[13428, 5700]","[13428, 3166, 4243, 56, 12736]",0.5,1.0,0.7735719084739685,0.05801454558968544,qwen3.5-122b,I cannot answer this based on the provided context.,0.0,0.0,0.0,OK,
372,372,bm25,mmr_0.0,"Which became a Cathedral first St Chad's Cathedral, Birmingham or Chelmsford Cathedral?",5ac44b47554299194317396c,"[8589, 13981]","[13981, 1398, 23003, 20584, 21573]",0.5,1.0,0.7210022807121277,0.046375058591365814,qwen3.5-122b,I cannot answer this based on the provided context.,0.0,0.0,0.0,OK,
373,373,bm25,mmr_0.0,Was Princess Charlotte of Cambridge born before or after the repealing of the Royal Marriages Act 1772?,5ac46a8b5542991943173980,"[8112, 18207]","[8112, 25059, 4809, 4815, 14817]",0.5,1.0,0.6912282109260559,0.9894096255302429,qwen3.5-122b,"Based on the provided context, I cannot answer this question.

While Document 1 states that the Royal Marriages Act 1772 was repealed on 26 March 2015 and lists Princess Charlotte as one of the first six people in the line of succession, the text does not provide her birth date. Therefore, it is impossible to determine from the provided documents whether she was born before or after the repeal.",0.0,0.0,0.0,OK,
374,374,bm25,mmr_0.0,Are Pago Pago International Airport and Hoonah Airport both on American territory?,5ac4a5de5542995c82c4ad6e,"[20582, 23936]","[20582, 1806, 25408, 23765, 25828]",0.5,1.0,0.6757436394691467,0.029460273683071136,qwen3.5-122b,I cannot answer this based on the provided context.,0.0,0.0,0.0,OK,
375,375,bm25,mmr_0.0,Where was Nobel Laureate in Physics know for his contributions with Abdus Salam and Steven Weinberg a professor?,5ac50bca55429924173fb57f,"[6117, 16002]","[6117, 5487, 11782, 8037, 16450]",0.5,1.0,0.755072295665741,0.9773855805397034,qwen3.5-122b,"I cannot answer this based on the provided context.

The provided text mentions Steven Weinberg as a Nobel Laureate in Physics who worked with Abdus Salam and Sheldon Glashow, but it does not state where he was a professor. Additionally, the question contains a factual error by listing ""Steven Weinberg"" as a collaborator of himself; the context identifies his collaborators as Abdus Salam and Sheldon Glashow.",0.0,0.0,0.0,OK,
376,376,bm25,mmr_0.0,What is the name of one the ex-security officials that means The Institute?,5ac51a055542994611c8b390,"[19063, 10056]","[22836, 2196, 21195, 9260, 16871]",0.0,0.0,0.7602684497833252,0.07768002152442932,qwen3.5-122b,I cannot answer this based on the provided context.,0.0,0.0,0.0,OK,
377,377,bm25,mmr_0.0,"Which town is the venue, in which the APRA Music Awards of 2009 were held, located?",5ac52f8e5542996feb3fea14,"[9824, 10367]","[9824, 9293, 23361, 11309, 12481]",0.5,1.0,0.731245219707489,0.9968144297599792,qwen3.5-122b,"Based on the provided context, the APRA Music Awards of 2009 were held at the Peninsula in **Melbourne**.",0.0,0.0,0.0,OK,
378,378,bm25,mmr_0.0,Edmundas Malūkas was the former mayor of the lake resort how far west of the capital of Lithuania?,5ac536485542996feb3fea2e,"[22411, 5146]","[22411, 6928, 22998, 11183, 22404]",0.5,1.0,0.6959487199783325,0.05423977971076965,qwen3.5-122b,I cannot answer this based on the provided context.,0.0,0.0,0.0,OK,
379,379,bm25,mmr_0.0,Brian Newman's wife performs for what genre of variety show?,5ac54cef5542993e66e822da,"[16380, 11654]","[8675, 24715, 5481, 13838, 8826]",0.0,0.0,0.7549888491630554,0.1921403557062149,qwen3.5-122b,I cannot answer this based on the provided context.,0.0,0.0,0.0,OK,
380,380,bm25,mmr_0.0,"What award has the composer of ""Shady Lady"" received five times?",5adbc8e25542996e68525230,"[3663, 24928]","[3663, 10847, 20501, 1851, 20294]",0.5,1.0,0.7764240503311157,0.07142772525548935,qwen3.5-122b,I cannot answer this based on the provided context.,0.0,0.0,0.0,OK,
381,381,bm25,mmr_0.0,Was 9/11: Press for Truth released prior to Chasing Coral?,5adbe1c5554299438c868cc4,"[22843, 24220]","[24220, 23522, 23809, 25626, 23205]",0.5,1.0,0.7156078219413757,0.0620395727455616,qwen3.5-122b,I cannot answer this based on the provided context.,0.0,0.0,0.0,OK,
382,382,bm25,mmr_0.0,"Tolex and General Tire manufacture very different products, but both make accessories for what type of transportation vehicle?",5adbf69c55429947ff173871,"[1471, 9212]","[9212, 12524, 9512, 24586, 16451]",0.5,1.0,0.8054448962211609,0.05584742873907089,qwen3.5-122b,I cannot answer this based on the provided context.,0.0,0.0,0.0,OK,
383,383,bm25,mmr_0.0,"What nationality is the singer who recorded ""Who I Was Born to Be""?",5adc2b6255429947ff173901,"[16183, 7216]","[16183, 6258, 6285, 699, 15264]",0.5,1.0,0.7468985319137573,0.4059322476387024,qwen3.5-122b,"Based on the provided context, the singer who recorded ""Who I Was Born to Be"" is Susan Boyle. However, the text does not explicitly state her nationality. It only mentions that she recorded the song for her debut album and adopted a similar title for her autobiography.

Therefore, I cannot answer this based on the provided context.",0.0,0.0,0.0,OK,
384,384,bm25,mmr_0.0,Were Triumph of the Will and The End of America both made in the same year?,5adc2f53554299438c868d6d,"[11206, 5878]","[3630, 3988, 2569, 14820, 16905]",0.0,0.0,0.7702678442001343,0.07541528344154358,qwen3.5-122b,I cannot answer this based on the provided context.,0.0,0.0,0.0,OK,
385,385,bm25,mmr_0.0,"In what year was the composer of ""Anthem"" born?",5adc46665542994650320cc8,"[9668, 12411]","[5345, 3144, 4243, 3597, 19937]",0.0,0.0,0.6847401857376099,0.04150271415710449,qwen3.5-122b,I cannot answer this based on the provided context.,0.0,0.0,0.0,OK,
386,386,bm25,mmr_0.0,Are Norman Z. McLeod and Sam Wanamaker both directors?,5adc6eb65542994650320cf3,"[23388, 7346]","[23388, 15592, 13208, 9847, 14103]",0.5,1.0,0.7622312903404236,0.11148014664649963,qwen3.5-122b,I cannot answer this based on the provided context.,0.0,0.0,0.0,OK,
387,387,bm25,mmr_0.0,Who is an Australian philosopher that inspired Living High and Letting Die?,5adc85b855429944faac24e9,"[114, 8037]","[114, 24099, 2045, 13011, 25398]",0.5,1.0,0.7208239436149597,0.06378231942653656,qwen3.5-122b,I cannot answer this based on the provided context.,0.0,0.0,0.0,OK,
388,388,bm25,mmr_0.0,"""One Less Set of Footsteps"" is a song written and performed by a singer born in which year ?",5adca0845542994d58a2f684,"[11428, 3888]","[11428, 16984, 3468, 4430, 16131]",0.5,1.0,0.7304442524909973,0.042488716542720795,qwen3.5-122b,I cannot answer this based on the provided context.,0.0,0.0,0.0,OK,
389,389,bm25,mmr_0.0,What did the American writer who wrote Into Thin Air  primarily known for in his writings,5adcad175542994ed6169bc3,"[25149, 11173]","[11173, 18226, 24555, 2307, 22442]",0.5,1.0,0.7818534970283508,0.999782145023346,qwen3.5-122b,"Based on the provided context, the American writer who wrote *Into Thin Air* is Jon Krakauer. He is primarily known for his writings about the outdoors, especially mountain-climbing.",0.0,0.0,0.0,OK,
390,390,bm25,mmr_0.0,"Akademik Lomonosov was named after a Russian polymath, scientist, and writer, who discovered the atmosphere of what planet?",5adcc7515542994ed6169bff,"[8144, 23807]","[23807, 13138, 16166, 19672, 3772]",0.5,1.0,0.7946197390556335,0.8994249105453491,qwen3.5-122b,"Based on the provided context, Mikhail Vasilyevich Lomonosov was a Russian polymath, scientist, and writer who made important contributions to science. Among his discoveries was the atmosphere of **Venus**.

Answer: Venus",0.0,0.0,0.0,OK,
391,391,bm25,mmr_0.0,Were Illinois Institute of Technology and Boise State University both bounded before 1950?,5add10ca5542994ed6169c59,"[24453, 25246]","[24453, 19288, 19388, 11415, 21792]",0.5,1.0,0.7317272424697876,0.03695476055145264,qwen3.5-122b,I cannot answer this based on the provided context.,0.0,0.0,0.0,OK,
392,392,bm25,mmr_0.0,What is the start date of this tour that was the third concert tour by an American singer-songwriter and was completed in support of the album Red?,5add21555542992ae4cec496,"[14540, 14870]","[14870, 1909, 10390, 2600, 15899]",0.5,1.0,0.6142171025276184,0.9962576627731323,qwen3.5-122b,"Based on the provided context, the start date of the tour is **March 13, 2013**.

This refers to ""The Red Tour,"" which Document 1 identifies as the third concert tour by American singer-songwriter Taylor Swift, launched in support of her album ""Red.""",0.0,0.0,0.0,OK,
393,393,bm25,mmr_0.0,"What 1997 song was on the Garth Brooks album that debuted at #1 on the ""Billboard"" 200?",5add3fe05542992c1e3a2580,"[24565, 24667]","[24667, 10765, 13298, 769, 24362]",0.5,1.0,0.745919406414032,0.8815655708312988,qwen3.5-122b,"I cannot answer this based on the provided context.

While Document 1 states that Garth Brooks' album *Sevens* was released on November 25, 1997, and debuted at #1 on the ""Billboard"" 200, it does not list the specific songs on the album or identify which song was released in 1997. It only mentions the duet ""In Another's Eyes"" as a Grammy winner in 1998.",0.0,0.0,0.0,OK,
394,394,bm25,mmr_0.0,A Therapy was written and directed by what French-Polish film director who was born in Paris?,5add44c25542997545bbbd0a,"[14082, 8974]","[14082, 7781, 757, 8897, 18270]",0.5,1.0,0.7325940728187561,0.7242981791496277,qwen3.5-122b,"Based on the provided context, **A Therapy** was written and directed by **Roman Polanski**.

(Note: While the context confirms Roman Polanski wrote and directed the film, it does not explicitly state his nationality as ""French-Polish"" or his birthplace as ""Paris,"" but he is the only director mentioned in relation to the film.)",0.0,0.0,0.0,OK,
395,395,bm25,mmr_0.0,"What resort in Biloxi, Mississippi does the Chief Operating Officer of the largest single hotel in the United States oversee?",5add56ad5542992200553abf,"[17783, 24255]","[24255, 5600, 6049, 13234, 11633]",0.5,1.0,0.7590833306312561,0.04707068204879761,qwen3.5-122b,I cannot answer this based on the provided context.,0.0,0.0,0.0,OK,
396,396,bm25,mmr_0.0,What was the release date and price for the release of Mac OS X that has the software for creating WWF files?,5add63845542992ae4cec541,"[11204, 23859]","[23859, 1115, 3382, 6645, 476]",0.5,1.0,0.7830866575241089,0.02108265645802021,qwen3.5-122b,I cannot answer this based on the provided context.,0.0,0.0,0.0,OK,
397,397,bm25,mmr_0.0,Who conducted the negotiations  with the owners and the longest serving commandant of Auschwitz concentration and extermination camp?,5add8f055542990dbb2f7e6d,"[8837, 16702]","[8837, 16509, 6324, 2216, 15452]",0.5,1.0,0.7935766577720642,0.9990907907485962,qwen3.5-122b,"Based on the provided context, **Kurt Gerstein** conducted the negotiations with the owners (of Degesch) regarding the supply of hydrogen cyanide (Zyklon B).

However, the provided text **does not contain information** regarding who the longest-serving commandant of Auschwitz concentration and extermination camp was. While Document 1 mentions that Gerstein supplied Zyklon B to **Rudolf Höss** in Auschwitz, it does not state that Höss was the longest-serving commandant, nor does it provide details about the duration of his service compared to others.

Therefore, I cannot fully answer the question based on the provided context.",0.0,0.0,0.0,OK,
398,398,bm25,mmr_0.0,Were Maurice Tourneur and Greg Mottola both American film directors?,5addf05a5542997dc79070cd,"[190, 344]","[190, 18968, 14028, 7718, 344]",1.0,1.0,0.719260573387146,0.050671808421611786,qwen3.5-122b,"No, based on the provided context, Maurice Tourneur was a **French** film director, while Greg Mottola was an **American** film director. Therefore, they were not both American.",0.0,0.0,0.0,OK,
399,399,bm25,mmr_0.0,What role did Kim Dong-wook play in the 2012 South Korean historical film directed by Kim Dae-seung?,5ade0bc55542997545bbbe30,"[3016, 13406]","[3016, 7781, 12748, 16976, 123]",0.5,1.0,0.7247381806373596,0.8668718934059143,qwen3.5-122b,"Based on the provided context, Kim Dong-wook played the role of an **obsessed and tormented king** in the 2012 period drama ""The Concubine.""

(Note: While the context confirms the role and the film year, it does not explicitly mention the director's name, Kim Dae-seung, though it identifies the film as a 2012 period drama.)",0.0,0.0,0.0,OK,
400,400,bm25,mmr_0.0,Which member of Odd Future also had a guest appearance on the album too Cozy?,5ade0e115542995b365fabf3,"[22632, 11661]","[3621, 8154, 25570, 6165, 8530]",0.0,0.0,0.7678409218788147,0.09015380591154099,qwen3.5-122b,I cannot answer this based on the provided context.,0.0,0.0,0.0,OK,
401,401,bm25,mmr_0.0,Where did Henri Christophe and other slaves hold an uprising from 1791 to 1804 that led to the founding of a state which was both free from slavery and ruled by non-whites and former captives?,5ade1c9e55429939a52fe822,"[2531, 25996]","[25996, 21174, 72, 15783, 13743]",0.5,1.0,0.7881259918212891,0.9279938340187073,qwen3.5-122b,"Based on the provided context, the uprising that began in 1791 and ended in 1804, leading to the founding of a state free from slavery and ruled by non-whites and former captives, took place in **Saint-Domingue** (now the sovereign nation of **Haiti**).

*Note: While the context confirms the location and details of the Haitian Revolution, it does not specifically mention ""Henri Christophe,"" though it describes the event as a successful insurrection by self-liberated slaves against French colonial rule in Saint-Domingue.*",0.0,0.0,0.0,OK,
402,402,bm25,mmr_0.0,"Which actor starred in Angels in the Outfield, Predator 2, and Places in the Heart?",5ade1f0555429975fa854e74,"[736, 14580]","[20159, 129, 10107, 3225, 11273]",0.0,0.0,0.7365258932113647,0.09266182035207748,qwen3.5-122b,I cannot answer this based on the provided context.,0.0,0.0,0.0,OK,
403,403,bm25,mmr_0.0,Why is Bangor Daily News talkin about Sawin Millett?,5ade26db5542997c77aded77,"[13288, 6939]","[6939, 24260, 1805, 24627, 7661]",0.5,1.0,0.6662044525146484,0.06797748059034348,qwen3.5-122b,I cannot answer this based on the provided context.,0.0,0.0,0.0,OK,
404,404,bm25,mmr_0.0,What was the middle name of the pilot who was portrayed by Levon Helm in the film The Right Stuff ?,5ade3b925542992fa25da70a,"[734, 16575]","[734, 6047, 24992, 16366, 3832]",0.5,1.0,0.7977840304374695,0.522502601146698,qwen3.5-122b,"Based on the provided context, I cannot answer this question. Document 1 states that Levon Helm had a co-starring role as Air Force test pilot **Jack Ridley**, but it does not mention his middle name.",0.0,0.0,0.0,OK,
405,405,bm25,mmr_0.0,My Neighbor Totoro was produced by a Japanese animation film studio founded in what year?,5ade4da055429939a52fe878,"[6166, 2897]","[6166, 12283, 5872, 1821, 18931]",0.5,1.0,0.7187198400497437,0.1484103500843048,qwen3.5-122b,I cannot answer this based on the provided context.,0.0,0.0,0.0,OK,
406,406,bm25,mmr_0.0,Get Off is an album by a group using which style originating in NYC in the early 1970s?,5ade61fd554299728e26c704,"[11978, 24847]","[11978, 20861, 6392, 2074, 2057]",0.5,1.0,0.7332646250724792,0.04052943363785744,qwen3.5-122b,I cannot answer this based on the provided context.,0.0,0.0,0.0,OK,
407,407,bm25,mmr_0.0,Easter Airways' head office is located at which airport owned by Manchester Airports Group?,5ade66f055429939a52fe8a0,"[2288, 5788]","[5788, 20258, 21051, 17005, 16232]",0.5,1.0,0.700006365776062,0.11760308593511581,qwen3.5-122b,I cannot answer this based on the provided context.,0.0,0.0,0.0,OK,
408,408,bm25,mmr_0.0,The infantry rifle regiment of the British Army that Talaiasi Labalaba served in was first created in what year?,5adea19a55429939a52fe919,"[23194, 6758]","[23194, 22031, 2658, 20873, 21018]",0.5,1.0,0.699043333530426,0.36510202288627625,qwen3.5-122b,"Based on the provided context, I cannot answer this question.

Document 1 states that Talaiasi Labalaba initially served in the **Royal Ulster Rifles**, but it does not provide the year that regiment was created. Document 5 discusses the creation year (1685) of the **King's Regiment (Liverpool)**, but there is no information in the text linking Talaiasi Labalaba to that specific regiment.",0.0,0.0,0.0,OK,
409,409,bm25,mmr_0.0,"What was the name of the fanzine that interviewed the Sex Pistols bassist when he was in the band ""The Flowers of Romance?""",5adea9ea55429939a52fe934,"[4775, 3444]","[4775, 25737, 2437, 11469, 24992]",0.5,1.0,0.80790776014328,0.996878445148468,qwen3.5-122b,"Based on the provided context, the name of the fanzine is **SKUM**.

Document 1 states that the band ""The Flowers of Romance"" was interviewed by a fanzine named ""SKUM,"" in which Sid Vicious (who is identified as being of the Sex Pistols) proclaimed, ""I'll just be the yob that I am now.""",0.0,0.0,0.0,OK,
410,410,bm25,mmr_0.0,The Robey-Peters Gun-Carrier was built at a commuter village with at population of what at the 2001 census?,5adeab4555429975fa854f5f,"[11818, 3166]","[11818, 7265, 9277, 4794, 9289]",0.5,1.0,0.7305924296379089,0.5642549395561218,qwen3.5-122b,"I cannot answer this based on the provided context.

The context states that the Robey-Peters Gun-Carrier was built at Bracebridge Heath, Lincoln, but it does not provide the 2001 census population for Bracebridge Heath. The other documents provide population data for Newton Bromswold, Almena, High Wycombe, and Mocache Canton, none of which are identified as the location where the aircraft was built.",0.0,0.0,0.0,OK,
411,411,bm25,mmr_0.0,In what state is the manufacturer of Bisquick headquartered?,5adeb78a554299728e26c77a,"[10074, 3796]","[983, 12225, 9324, 4346, 1279]",0.0,0.0,0.7020602822303772,0.04771081358194351,qwen3.5-122b,I cannot answer this based on the provided context.,0.0,0.0,0.0,OK,
412,412,bm25,mmr_0.0,"Northland Mall was the first directionally-named shopping center in Columbus, 5 years before which shopping center at the intersection of US-40 and I-270?",5adebbbd554299728e26c793,"[3173, 23627]","[3173, 7396, 7632, 4126, 19977]",0.5,1.0,0.7075889110565186,0.030658090487122536,qwen3.5-122b,I cannot answer this based on the provided context.,0.0,0.0,0.0,OK,
413,413,bm25,mmr_0.0,Mark Newhouse finished 9th in a 2013 series of poker tournaments sponsored by what corporation?,5adec5055542995534e8c707,"[18644, 12743]","[18644, 23788, 802, 15455, 12743]",1.0,1.0,0.7540913820266724,0.6882021427154541,qwen3.5-122b,"Based on the provided context, Mark Newhouse finished 9th in the 2013 World Series of Poker (WSOP) Main Event. According to Document 5, the World Series of Poker has been sponsored by **Caesars Entertainment Corporation** since 2005.

Answer: Caesars Entertainment Corporation",0.0,0.0,0.0,OK,
414,414,bm25,mmr_0.0,which Mexican and American film actress is Ethel Houbiers  French voice of,5adef1b35542993a75d263af,"[12483, 10107]","[12483, 14417, 9083, 22874, 18530]",0.5,1.0,0.7199820280075073,0.7952091097831726,qwen3.5-122b,"Based on the provided context, Ethel Houbiers is the French voice of **Penélope Cruz** and **Salma Hayek**.

(Note: While Document 1 confirms she voices these two actresses, the provided text does not explicitly state their nationalities as ""Mexican and American,"" though this is general knowledge outside the provided context.)",0.0,0.0,0.0,OK,
415,415,bm25,mmr_0.0,"Who is considered the more well known author, Roger Angell or Harry Stephen Keeler?",5adf32165542993344016c15,"[9474, 2385]","[25265, 24191, 9930, 2814, 12433]",0.0,0.0,0.7225536108016968,0.03924813121557236,qwen3.5-122b,I cannot answer this based on the provided context.,0.0,0.0,0.0,OK,
416,416,bm25,mmr_0.0,Who was the president of the Sinn Fein political party during the Hume-Adams Dialogue?,5adf34d35542993a75d26425,"[12101, 15187]","[15187, 4387, 21878, 12798, 3547]",0.5,1.0,0.7203631401062012,0.07792099565267563,qwen3.5-122b,I cannot answer this based on the provided context.,0.0,0.0,0.0,OK,
417,417,bm25,mmr_0.0,Who has more productions under their belt Ridley Scott or Elmer Clifton?,5adf53dc5542995534e8c791,"[9006, 24239]","[2304, 11782, 2057, 7416, 13385]",0.0,0.0,0.7417179942131042,0.04533880203962326,qwen3.5-122b,I cannot answer this based on the provided context.,0.0,0.0,0.0,OK,
418,418,bm25,mmr_0.0,Which number-one single is Michael Steele responsible for?,5adf62d05542992d7e9f932d,"[874, 11413]","[7778, 16978, 15173, 24687, 11413]",0.5,0.2,0.7293412089347839,0.04101907089352608,qwen3.5-122b,I cannot answer this based on the provided context.,0.0,0.0,0.0,OK,
419,419,bm25,mmr_0.0,"Which contributor to Fear: 13 Stories of Suspense and Horror was born on March 15, 1953 ?",5adf6b405542992d7e9f9341,"[11162, 5416]","[11162, 17436, 24117, 8313, 3579]",0.5,1.0,0.760695219039917,0.09727691113948822,qwen3.5-122b,I cannot answer this based on the provided context.,0.0,0.0,0.0,OK,
420,420,bm25,mmr_0.0,"The College of Arts and Sciences of Ohio University is located on the university's central quadrangle lawn, which sits aligned to the cardinal directions, with what building facing true north?",5adf8ad25542993344016ce7,"[15309, 15307]","[15307, 1467, 19894, 3033, 163]",0.5,1.0,0.7594470977783203,0.8438975811004639,qwen3.5-122b,"Based on the provided context, the building facing true north is **Manasseh Cutler Hall**.

(Note: While Document 1 confirms that the College Green of Ohio University is the central quadrangle lawn aligned to the cardinal directions with Manasseh Cutler Hall facing true north, the text does not explicitly state that the ""College of Arts and Sciences"" is located there, though it mentions the green is surrounded by academic buildings.)",0.0,0.0,0.0,OK,
421,421,bm25,mmr_0.0,"What is the name of the actress who has received a Drama Desk award and was part of the cast album for the 2007 Broadway production of the hit musical, ""Grease""?",5adf9dc3554299025d62a2e6,"[2133, 25803]","[2133, 24458, 24640, 5181, 17447]",0.5,1.0,0.780857503414154,0.03467116504907608,qwen3.5-122b,I cannot answer this based on the provided context.,0.0,0.0,0.0,OK,
422,422,bm25,mmr_0.0,The first Latina Supreme Court Justice was part of the majority decision of a case that upheld which previous supreme court case?,5adfa451554299025d62a319,"[16071, 6348]","[18101, 6348, 20769, 10793, 24879]",0.5,0.5,0.6831328868865967,0.06671962887048721,qwen3.5-122b,I cannot answer this based on the provided context.,0.0,0.0,0.0,OK,
423,423,bm25,mmr_0.0,Is Edison Sault Power Canal somehow linked with or used with the Cayuga–Seneca Canal?,5adfc77b554299603e4183ab,"[7758, 9704]","[7758, 4217, 16486, 23265, 12792]",0.5,1.0,0.7151533365249634,0.02616441436111927,qwen3.5-122b,I cannot answer this based on the provided context.,0.0,0.0,0.0,OK,
424,424,bm25,mmr_0.0,What Andy Williams' album did a song written by Charles Wesley appear on?,5adfd0d455429942ec259b4d,"[13018, 487]","[15970, 2899, 16645, 8999, 16594]",0.0,0.0,0.7361486554145813,0.06005842238664627,qwen3.5-122b,I cannot answer this based on the provided context.,0.0,0.0,0.0,OK,
425,425,bm25,mmr_0.0,Kasper Peter Schmeichel is the son of a professional footballer who was voted what in 1992 and 1993?,5adfe37c554299025d62a377,"[8670, 16900]","[8670, 19645, 7781, 15264, 4415]",0.5,1.0,0.769842267036438,0.28598520159721375,qwen3.5-122b,I cannot answer this based on the provided context.,0.0,0.0,0.0,OK,
426,426,bm25,mmr_0.0,What career did Markus Feehily and Bobby Fuller have in common?,5adff2aa554299603e4183d0,"[2101, 3767]","[3767, 6460, 10048, 717, 2101]",1.0,1.0,0.7661620378494263,0.01175453420728445,qwen3.5-122b,"Based on the provided context, both Markus Feehily and Bobby Fuller had careers as **singers** and **songwriters**.

*   **Document 1** states that Robert Gaston Fuller (Bobby Fuller) was an ""American rock singer, songwriter, and guitarist.""
*   **Document 5** states that Markus Feehily is an ""Irish singer and songwriter.""",0.0,0.0,0.0,OK,
427,427,bm25,mmr_0.0,What year was George Harrison's top UK charted song voted the nations 11th favorite 1980s number?,5adffb4655429925eb1afbbf,"[14264, 9792]","[14264, 8701, 3468, 25853, 25379]",0.5,1.0,0.7498366236686707,0.9237306714057922,qwen3.5-122b,"I cannot answer this based on the provided context.

The provided text states that in 2015, the song ""China in Your Hand"" by T'Pau was voted the nation's 11th favourite 1980s number one. It mentions that this song kept George Harrison's ""Got My Mind Set on You"" from hitting the top spot, but it does not state that George Harrison's song was the one voted 11th favorite, nor does it provide a year for such a vote regarding Harrison's song.",0.0,0.0,0.0,OK,
428,428,bm25,mmr_0.0,"Which genus is native to arid or semi-desert areas, Alopecurus or Echeveria?",5ae022ab554299025d62a428,"[25058, 815]","[815, 9112, 19624, 15271, 7497]",0.5,1.0,0.7049905061721802,0.013861541636288166,qwen3.5-122b,"Based on the provided context, **Echeveria** is the genus native to semi-desert areas.

Document 1 states that ""Echeveria is a large genus of flowering plants... native to semi-desert areas of Central America, Mexico and northwestern South America."" The provided text does not contain any information regarding the genus *Alopecurus*.",0.0,0.0,0.0,OK,
429,429,bm25,mmr_0.0,Are Columbia University and University of Colorado both private universities?,5ae04a2755429924de1b7091,"[23784, 7189]","[7189, 19894, 13978, 3757, 8146]",0.5,1.0,0.7072260975837708,0.9984044432640076,qwen3.5-122b,"I cannot answer this based on the provided context.

While Document 1 states that the University of Colorado system is a system of **public** universities, and Document 2 mentions Columbia University in the context of David Bennett Madigan's employment, neither document explicitly states whether Columbia University is a private or public institution. Therefore, the provided text does not contain enough information to confirm the status of both universities.",0.0,0.0,0.0,OK,
430,430,bm25,mmr_0.0,Are Steve Perry and Dennis Lyxzén both members of the same band ?,5ae0616255429924de1b70ca,"[58, 10674]","[11303, 6047, 25247, 13285, 21110]",0.0,0.0,0.7127665281295776,0.05077618360519409,qwen3.5-122b,I cannot answer this based on the provided context.,0.0,0.0,0.0,OK,
431,431,bm25,mmr_0.0,Are Ash Lieb and Elswyth Thane both artists?,5ae074aa5542993d6555eb54,"[15677, 38]","[15677, 10948, 24308, 38, 24945]",1.0,1.0,0.7836596965789795,0.9819673895835876,qwen3.5-122b,"Yes, based on the provided context, both Ash Lieb and Elswyth Thane are artists.

*   **Ash Lieb** is explicitly described as an ""Australian artist, writer and comedian"" who creates artworks, books, short films, and comedic performances.
*   **Elswyth Thane** (born Helen Elswyth Thane Ricker Beebe) is described as an ""American romance novelist"" who wrote novels and worked as a screenwriter. As a novelist and writer, she is considered an artist in the literary sense.",0.0,0.0,0.0,OK,
432,432,bm25,mmr_0.0,Drachen Fire was a roller coaster located behind which suspended coaster at Busch Gardens Williamsburg?,5ae07e5b55429945ae959381,"[7792, 23654]","[23654, 7549, 14883, 14569, 15262]",0.5,1.0,0.7436174154281616,0.06389787048101425,qwen3.5-122b,I cannot answer this based on the provided context.,0.0,0.0,0.0,OK,
433,433,bm25,mmr_0.0,Lee Sung-jae stars in the film Barking Dogs Never Bite which is what film genre?,5ae09d6155429945ae9593d4,"[1187, 14085]","[1187, 12355, 302, 8583, 22252]",0.5,1.0,0.7356736063957214,0.05988062173128128,qwen3.5-122b,I cannot answer this based on the provided context.,0.0,0.0,0.0,OK,
434,434,bm25,mmr_0.0,What food does one of Daniel Greene's subjects' restaurant chain specialize in?,5ae0b2f25542993d6555ec1c,"[4706, 25507]","[9094, 25629, 2928, 24904, 433]",0.0,0.0,0.7292792201042175,0.05178480222821236,qwen3.5-122b,I cannot answer this based on the provided context.,0.0,0.0,0.0,OK,
435,435,bm25,mmr_0.0,Glaramara is a fell in the English Lake District in Cumbria that stretches from Stonethwaite which is a part of a valley and civil parrish in what Borough?,5ae0b60655429945ae959437,"[23610, 2839]","[23610, 23566, 24477, 11087, 15396]",0.5,1.0,0.7380768656730652,0.0251926276832819,qwen3.5-122b,I cannot answer this based on the provided context.,0.0,0.0,0.0,OK,
436,436,bm25,mmr_0.0,"How was Ada Lovelace, the first computer programmer, related to Lord Byron in Childe Byron?",5ae0ec48554299422ee9955a,"[15476, 25879]","[15476, 11354, 21338, 6041, 25105]",0.5,1.0,0.7925686836242676,0.9999010562896729,qwen3.5-122b,"Based on the provided context, in the play *Childe Byron*, Ada Lovelace is the daughter of the poet Lord Byron. The play focuses on the strained relationship between them.",0.0,0.0,0.0,OK,
437,437,bm25,mmr_0.0,The uncle of Paul Capellani died at a military operation during a battle was fought between who?,5ae122465542997b2ef7d0f4,"[1866, 24447]","[1866, 20841, 4114, 14216, 12290]",0.5,1.0,0.7090650200843811,0.8417962193489075,qwen3.5-122b,"Based on the provided context, Paul Capellani's uncle, Roger Capellani, died at the **Battle of Dunkirk**. However, the provided documents do not contain information about who fought against whom in the Battle of Dunkirk.

Therefore, I cannot answer this based on the provided context.",0.0,0.0,0.0,OK,
438,438,bm25,mmr_0.0,Bethpage State Parkway begins with an interchange at which Long Island-based limited access highway?,5ae1389655429901ffe4ae05,"[14612, 9419]","[14612, 14450, 141, 14145, 5865]",0.5,1.0,0.72824627161026,0.9954097867012024,qwen3.5-122b,"Based on the provided context, the Bethpage State Parkway begins at a trumpet interchange with the **Southern State Parkway**.",0.0,0.0,0.0,OK,
439,439,bm25,mmr_0.0,What is the genre of music shared by vocalists Barney Greenway and Jens Kidman?,5ae165aa5542997b2ef7d1d1,"[794, 22630]","[3925, 15264, 18059, 2888, 13849]",0.0,0.0,0.7640848159790039,0.024738484993577003,qwen3.5-122b,I cannot answer this based on the provided context.,0.0,0.0,0.0,OK,
440,440,bm25,mmr_0.0,Celebrity Fifteen to One has had more than one appearance by an English writer and former Conservative Member of what?,5ae172c155429920d52343de,"[17821, 17032]","[17032, 17531, 20189, 22805, 23474]",0.5,1.0,0.7907966375350952,0.026871036738157272,qwen3.5-122b,"Based on the provided context, I cannot answer this question. The documents mention Gyles Daubeney Brandreth as an ""English writer, broadcaster, actor, and former Conservative Member of Parliament"" (Document 1), but none of the documents mention the show ""Celebrity Fifteen to One"" or his appearances on it.",0.0,0.0,0.0,OK,
441,441,bm25,mmr_0.0,Which radioshow did Frank Sinatra appear on the year he won an Academy Award?,5ae17d6855429901ffe4aea7,"[18362, 626]","[23928, 237, 549, 1972, 7398]",0.0,0.0,0.7776361703872681,0.05715909227728844,qwen3.5-122b,I cannot answer this based on the provided context.,0.0,0.0,0.0,OK,
442,442,bm25,mmr_0.0,Where is the Cocoa Krispies and former Superman sponsor located?,5ae1801955429901ffe4aec4,"[23255, 22769]","[23148, 19547, 1833, 11283, 20022]",0.0,0.0,0.7505422234535217,0.08939822763204575,qwen3.5-122b,I cannot answer this based on the provided context.,0.0,0.0,0.0,OK,
443,443,bm25,mmr_0.0,What is the genus and species of the bear in which the Florida black bear is a subspecies of?,5ae1e4095542997283cd22bf,"[5294, 21301]","[5294, 5370, 1108, 15014, 5566]",0.5,1.0,0.6926326155662537,0.9997258186340332,qwen3.5-122b,"Based on the provided context, the Florida black bear (""Ursus americanus floridanus"") is a subspecies of the **American black bear**. The text does not explicitly state the genus and species of the American black bear, though the subspecies name ""Ursus americanus floridanus"" implies the genus is *Ursus* and the species is *americanus*. However, strictly adhering to the text provided, it only identifies the parent as the ""American black bear.""

If we infer the scientific name from the subspecies name provided in the text (""Ursus americanus floridanus""), the genus is **Ursus** and the species is **americanus**.

Answer: The genus is **Ursus** and the species is **americanus** (derived from the subspecies name *Ursus americanus floridanus* mentioned in the text).",0.0,0.0,0.0,OK,
444,444,bm25,mmr_0.0,"Underfist: Halloween Bash was going to be the setup for a new series spin-off but the contract expired with a cable and television station that was launched on October 1, 19962 by whom?",5ae22f4e5542996483e6492f,"[5695, 4199]","[5695, 13229, 8853, 25146, 5605]",0.5,1.0,0.7493628859519958,0.9991923570632935,qwen3.5-122b,"Based on the provided context, I cannot answer this question.

**Reasoning:**
1.  **Document 1** states that *Underfist: Halloween Bash* was going to be the setup for a new series spin-off, but the contract of Maxwell Atoms with **Cartoon Network** expired.
2.  However, the provided text **does not contain information** regarding when Cartoon Network was launched, nor does it mention the date ""October 1, 19962"" (which also appears to be a typo in the question).
3.  Since the specific details about the launch date and the entity that launched the station are not present in the context, I cannot answer based *only* on the provided documents.",0.0,0.0,0.0,OK,
445,445,bm25,mmr_0.0,"What is the name of the largest film production company in Hong Kong that won the ""Best Cinematography"" at the 21st Asia Pacific Film Festival?",5ae277575542996483e649b2,"[9351, 5383]","[9351, 15918, 25865, 18489, 4913]",0.5,1.0,0.7451168298721313,0.03256669268012047,qwen3.5-122b,I cannot answer this based on the provided context.,0.0,0.0,0.0,OK,
446,446,bm25,mmr_0.0,What three categories does income get levied under the Parliament of Australia's tax code?,5ae28b76554299495565daa8,"[12746, 12250]","[12250, 5404, 25853, 2928, 8048]",0.5,1.0,0.7454609274864197,0.9952703714370728,qwen3.5-122b,"Based on the provided context, income tax in Australia is levied upon the following three sources of income for individual taxpayers:

1.  **Personal earnings** (such as salary and wages)
2.  **Business income**
3.  **Capital gains**",0.0,0.0,0.0,OK,
447,447,bm25,mmr_0.0,What building in the capital of city of Brandenburg has a roof that is 1 m bigger than the roof of the Der Oderturm?,5ae29d92554299492dc91c36,"[17165, 20535]","[17165, 17585, 11469, 25368, 15911]",0.5,1.0,0.776610791683197,0.9641066789627075,qwen3.5-122b,"Based on the provided context, the building is the **Stern-Plaza** in **Potsdam**.

The text states that the Der Oderturm is in Frankfurt (Oder) and its 89 m roof is ""1 m less than that of the Stern-Plaza in Potsdam."" While the text does not explicitly name Potsdam as the capital of Brandenburg, it is the only building mentioned with a roof 1 m larger than the Der Oderturm.",0.0,0.0,0.0,OK,
448,448,bm25,mmr_0.0,Which New Jersey-based manufacturer of suitcases and bags for travel is located in the Shops at Columbus Circle in New York City?,5ae2a9c6554299492dc91c42,"[23675, 13345]","[13345, 1496, 8739, 22447, 10536]",0.5,1.0,0.714006245136261,0.10891493409872055,qwen3.5-122b,I cannot answer this based on the provided context.,0.0,0.0,0.0,OK,
449,449,bm25,mmr_0.0,When was the producer of  Michel'le born?,5ae2b794554299495565db10,"[3089, 24906]","[3089, 14816, 3414, 1281, 6559]",0.5,1.0,0.7830259799957275,0.045799631625413895,qwen3.5-122b,I cannot answer this based on the provided context.,0.0,0.0,0.0,OK,
450,450,bm25,mmr_0.0,How many member universities are there in this conference of which the Connecticut Huskies baseball team is a competing member?,5ae2c2c05542996483e64a4a,"[12288, 15471]","[12288, 6215, 15995, 13657, 742]",0.5,1.0,0.7015007734298706,0.04589534550905228,qwen3.5-122b,I cannot answer this based on the provided context.,0.0,0.0,0.0,OK,
451,451,bm25,mmr_0.0,"Who has a wider scope of profession, Hrag Vartanian or Hovsep Pushman?",5ae2d59755429928c42394ec,"[24185, 6846]","[24185, 1846, 7390, 5308, 11001]",0.5,1.0,0.7465060949325562,0.030510716140270233,qwen3.5-122b,I cannot answer this based on the provided context.,0.0,0.0,0.0,OK,
452,452,bm25,mmr_0.0,What year did the father of Willem van Oldenbarnevelt die?,5ae331fb55429928c4239670,"[11722, 13903]","[11722, 14052, 2307, 13092, 22553]",0.5,1.0,0.752314031124115,0.052470650523900986,qwen3.5-122b,I cannot answer this based on the provided context.,0.0,0.0,0.0,OK,
453,453,bm25,mmr_0.0,Estrojam's Decibelle Music and Culture Festival has been headlined by which American singer-songwriter and model?,5ae33cf55542992f92d82268,"[8414, 11984]","[8414, 21310, 16932, 12763, 13392]",0.5,1.0,0.756423830986023,0.05439605563879013,qwen3.5-122b,I cannot answer this based on the provided context.,0.0,0.0,0.0,OK,
454,454,bm25,mmr_0.0,When was the University established where Laura Landweber is a professor ?,5ae37b4d5542991a06ce99ce,"[20307, 23784]","[20307, 1427, 6047, 23044, 18417]",0.5,1.0,0.7315681576728821,0.04706856235861778,qwen3.5-122b,I cannot answer this based on the provided context.,0.0,0.0,0.0,OK,
455,455,bm25,mmr_0.0,Are the genera Gordonia and Osbeckia in the same family?,5ae3f4fe5542995ad6573ce8,"[4528, 106]","[17766, 17531, 9510, 8574, 10316]",0.0,0.0,0.7481974959373474,0.03473846986889839,qwen3.5-122b,I cannot answer this based on the provided context.,0.0,0.0,0.0,OK,
456,456,bm25,mmr_0.0,Santa Bring My Baby Back was released on which fourth Elvis studio album in 1957?,5ae4094655429970de88d896,"[11787, 23307]","[11787, 6130, 10571, 5736, 4722]",0.5,1.0,0.703766942024231,0.7903745174407959,qwen3.5-122b,"I cannot answer this based on the provided context.

The provided context states that ""Santa Bring My Baby Back (To Me)"" was released on the RCA Victor ""Elvis' Christmas Album"" in 1957, but it does not specify whether this was Elvis Presley's fourth studio album.",0.0,0.0,0.0,OK,
457,457,bm25,mmr_0.0,Which band has more members Band of Skulls or Live ?,5ae4585c5542996836b02c89,"[7364, 2870]","[7364, 9859, 11968, 25479, 4832]",0.5,1.0,0.7198204398155212,0.9879164099693298,qwen3.5-122b,"Based on the provided context, **Band of Skulls** has three members: Russell Marsden, Emma Richardson, and Matt Hayward.

The context does not provide information about a band named ""Live."" Document 2 mentions ""Zac Brown Band and Friends"" in the title ""Pass the Jar: Zac Brown Band and Friends Live from the Fabulous Fox Theatre in Atlanta,"" but ""Live"" in this context refers to the nature of the performance (a live recording), not the name of a band.

Therefore, based strictly on the provided text, I cannot determine which band has more members because there is no information about a band named ""Live.""

**Answer:** I cannot answer this based on the provided context.",0.0,0.0,0.0,OK,
458,458,bm25,mmr_0.0,"Tommy Faile sang the song ""the legend of Brown Moutain Lights"", about a series of ghost lights that can be seen from which viewpoint outside Linville Falls?",5ae45cba5542991a06ce9a4a,"[9168, 3704]","[3704, 22481, 9580, 2110, 18683]",0.5,1.0,0.8183457255363464,0.020333802327513695,qwen3.5-122b,I cannot answer this based on the provided context.,0.0,0.0,0.0,OK,
459,459,bm25,mmr_0.0,This Australian racing driver currently drives the No. 22 Holden VF Commodore produced by Holden Commodore which manufactures what other models?,5ae47fe255429913cc204482,"[17674, 11959]","[7796, 16452, 4109, 14456, 8859]",0.0,0.0,0.7038073539733887,0.49086806178092957,qwen3.5-122b,"I cannot answer this based on the provided context.

(Note: The provided context mentions James Moffat driving the No. 34 Holden VF Commodore, not the No. 22, and does not list other models manufactured by Holden Commodore.)",0.0,0.0,0.0,OK,
460,460,bm25,mmr_0.0,When did the place in Canada where François Beaucourt (1740-1794) was mainly active acquired its present name?,5ae4b8fc55429913cc2044e5,"[14494, 15690]","[14494, 25266, 20289, 22659, 237]",0.5,1.0,0.7930124402046204,0.22637252509593964,qwen3.5-122b,I cannot answer this based on the provided context.,0.0,0.0,0.0,OK,
461,461,bm25,mmr_0.0,Which former mill town is near Rivington Hall Barn?,5ae4c39f5542995dadf243fb,"[10081, 13764]","[10081, 17700, 19791, 7679, 11938]",0.5,1.0,0.7223008275032043,0.2606672942638397,qwen3.5-122b,I cannot answer this based on the provided context.,0.0,0.0,0.0,OK,
462,462,bm25,mmr_0.0,"Who is the current drummer of the band who did the song ""What Lovers Do""?",5ae5072e55429960a22e0246,"[23022, 21391]","[23022, 10946, 19582, 11027, 3468]",0.5,1.0,0.7640032768249512,0.1335633397102356,qwen3.5-122b,I cannot answer this based on the provided context.,0.0,0.0,0.0,OK,
463,463,bm25,mmr_0.0,"Liz Rose has co-written songs with which artist including ""White Horse"" and ""You Belong with Me""?",5ae520315542993aec5ec152,"[9350, 5992]","[9350, 13255, 24852, 13118, 12369]",0.5,1.0,0.748790442943573,0.9988988041877747,qwen3.5-122b,"Based on the provided context, Liz Rose has co-written songs with **Taylor Swift**, including ""White Horse"" and ""You Belong with Me.""",0.0,0.0,0.0,OK,
464,464,bm25,mmr_0.0,Æthelweard was an author of a Latin version of which collection of Old English annals?,5ae5366e5542990ba0bbb22b,"[2738, 8365]","[2738, 20009, 1045, 25211, 11657]",0.5,1.0,0.7794302105903625,0.9995720386505127,qwen3.5-122b,"Based on the provided context, Æthelweard was the author of a Latin version of the **Anglo-Saxon Chronicle**.",0.0,0.0,0.0,OK,
465,465,bm25,mmr_0.0,"The royal anthem is changed from what to ""long live our noble Duke""?",5ae544035542992663a4f1af,"[19499, 1338]","[19499, 27, 3733, 23750, 1714]",0.5,1.0,0.747249960899353,0.9001863598823547,qwen3.5-122b,"Based on the provided context, the royal anthem is changed from ""Long live our noble Queen"" to ""Long live our noble Duke.""",0.0,0.0,0.0,OK,
466,466,bm25,mmr_0.0,"Who was the original recording artist of the song which was chosen over If You've Got Trouble for the Beatles' ""Help!"" film?",5ae547f85542990ba0bbb254,"[22628, 7312]","[22628, 24571, 13939, 3089, 10923]",0.5,1.0,0.7738696336746216,0.18653951585292816,qwen3.5-122b,"Based on the provided context, the song chosen over ""If You've Got Trouble"" for the Beatles' ""Help!"" film was ""Act Naturally."" However, the text does not state who the original recording artist of ""Act Naturally"" was; it only mentions that the Beatles chose it instead.

I cannot answer this based on the provided context.",0.0,0.0,0.0,OK,
467,467,bm25,mmr_0.0,"Musical artist Diabolic and Vinnie Paz, who was featured on Diabolic's second studio album Fightin' Words, are both what type of musicians?",5ae5621655429908b63265fc,"[15095, 23531]","[15095, 7439, 4820, 15244, 10665]",0.5,1.0,0.7396807670593262,0.9776264429092407,qwen3.5-122b,"Based on the provided context, both Diabolic and Vinnie Paz are **rappers** (or American rappers).

Document 1 identifies Diabolic as an ""American rapper"" and states that the album *Fightin' Words* features Vinnie Paz. While the text does not explicitly label Vinnie Paz as a rapper in this specific snippet, the context of him being featured on a rapper's album alongside other known hip-hop artists (Sean Price, Celph Titled, Apathy, R.A. the Rugged Man) implies they share the same musical type. However, strictly adhering to the text provided, Diabolic is explicitly defined as an **American rapper**.",0.0,0.0,0.0,OK,
468,468,bm25,mmr_0.0,"How many albums does the duo who sang ""Yesterday Once More"" have?",5ae56c875542990ba0bbb2a2,"[535, 2228]","[15778, 7553, 21537, 11360, 24105]",0.0,0.0,0.789031982421875,0.21634070575237274,qwen3.5-122b,I cannot answer this based on the provided context.,0.0,0.0,0.0,OK,
469,469,bm25,mmr_0.0,"what caused the death of over 250 people in Accra, Ghana?",5ae5cf0b55429929b08079aa,"[19529, 19528]","[19528, 1329, 4243, 10192, 10540]",0.5,1.0,0.7691559791564941,0.9998558163642883,qwen3.5-122b,"Based on the provided context, the death of over 250 people in Accra, Ghana, was caused by an **explosion and a fire** that occurred at a petrol station on June 4, 2015.",0.0,0.0,0.0,OK,
470,470,bm25,mmr_0.0,"How many periods in office were held by the British Prime Minister who led the ""Who? Who?"" ministry?",5ae5d82f554299546bf82f9a,"[25105, 7722]","[25105, 17111, 11786, 7156, 4693]",0.5,1.0,0.7733697891235352,0.9997738599777222,qwen3.5-122b,"Based on the provided context, the British Prime Minister who led the ""Who? Who?"" ministry was Edward Smith-Stanley, 14th Earl of Derby. The text states that he held **two** periods in office: his first ministry lasted from February to July 1852, and his second from July to December 1852.",0.0,0.0,0.0,OK,
471,471,bm25,mmr_0.0,"Shane and Friends have interviewed an American YouTube personality who has two active YouTube channels, which have a combined total of how many views?",5ae5db98554299546bf82fa6,"[16396, 18341]","[18341, 3211, 17288, 2498, 14246]",0.5,1.0,0.7857245206832886,0.6332194805145264,qwen3.5-122b,"Based on the provided context, the American YouTube personality described is Joseph Michael Graceffa, who has two active YouTube channels with a combined total of **more than 1.7 billion views**.

(Note: The provided text does not mention ""Shane and Friends,"" but it does confirm the details about the personality and their view count.)",0.0,0.0,0.0,OK,
472,472,bm25,mmr_0.0,"What year did the VIacom subsidary, Paramount Pictures make the silent film Through the Glass Window?",5ae5e0a6554299546bf82fa9,"[18908, 7535]","[7535, 8999, 17390, 14229, 15795]",0.5,1.0,0.7660182118415833,0.07841973751783371,qwen3.5-122b,I cannot answer this based on the provided context.,0.0,0.0,0.0,OK,
473,473,bm25,mmr_0.0,Cardinal Pole Roman Catholic School was named after the last Roman Catholic to hold what position?,5ae5e1985542996de7b71a54,"[375, 24385]","[375, 15508, 4582, 1437, 11288]",0.5,1.0,0.6456487774848938,0.9996166229248047,qwen3.5-122b,"Based on the provided context, Cardinal Pole Roman Catholic School was named after Cardinal Reginald Pole, who was the last Roman Catholic **Archbishop of Canterbury**.",0.0,0.0,0.0,OK,
474,474,bm25,mmr_0.0,Giovanna d'Arco is an opera that was created by the composer of what nationality?,5ae5e62455429929b0807a07,"[5500, 1837]","[5500, 11469, 21999, 8713, 83]",0.5,1.0,0.7152060270309448,0.5579328536987305,qwen3.5-122b,"Based on the provided context, **Giovanna d'Arco** was created by **Giuseppe Verdi**. However, the text does not state Verdi's nationality.

Therefore, I cannot answer this based on the provided context.",0.0,0.0,0.0,OK,
475,475,bm25,mmr_0.0,Where was the Barbadian singer which Rihanna was his then girlfriend raised in,5ae5e762554299546bf82faf,"[1686, 6447]","[6447, 16836, 7999, 8353, 24901]",0.5,1.0,0.8274816274642944,0.5928654670715332,qwen3.5-122b,"Based on the provided context, I cannot answer this question.

Document 1 states that Rihanna was ""raised in Bridgetown,"" but it does not mention a Barbadian singer who was her boyfriend, nor does it provide information about where such a person was raised. The other documents discuss a racehorse, a writer, a screenwriter, and a rabbi, none of whom fit the description.",0.0,0.0,0.0,OK,
476,476,bm25,mmr_0.0,"Turner Field was originally built as what 85,000 seat main stadium of the 1996 Summer Olympic Games and the 1996 Summer Paralympic Games in Atlanta?",5ae5fb55554299546bf82ff6,"[14724, 5208]","[5208, 24112, 11598, 15206, 6389]",0.5,1.0,0.6865882873535156,0.9845791459083557,qwen3.5-122b,"Based on the provided context, Turner Field was originally built as the **Centennial Olympic Stadium**.

Document 1 states: ""Centennial Olympic Stadium was the 85,000-seat main stadium of the 1996 Summer Olympic Games and the 1996 Summer Paralympic Games in Atlanta... After the Olympics and Paralympics, it was reconstructed into the baseball-specific Turner Field.""",0.0,0.0,0.0,OK,
477,477,bm25,mmr_0.0,What type of diary did one of the founders of the John Bishop Memorial Hospital in Srinagar write?,5ae600325542992663a4f237,"[19393, 25339]","[15508, 25339, 10121, 25338, 9973]",0.5,0.5,0.7595991492271423,0.02831636555492878,qwen3.5-122b,I cannot answer this based on the provided context.,0.0,0.0,0.0,OK,
478,478,bm25,mmr_0.0,The Luther seal was designed for the professor of theology of what nationalty at the behest of John Frederick of Saxony?,5ae60db1554299546bf83041,"[8777, 24605]","[8777, 4162, 19848, 10096, 23044]",0.5,1.0,0.7504851818084717,0.03362366929650307,qwen3.5-122b,I cannot answer this based on the provided context.,0.0,0.0,0.0,OK,
479,479,bm25,mmr_0.0,Cinnamon sugar is a spice used to flavor this traditional Spanish and Portugese fried pastry.,5ae628fd5542995703ce8b33,"[24202, 14102]","[24202, 22944, 2593, 12797, 7377]",0.5,1.0,0.7037358283996582,0.030426692217588425,qwen3.5-122b,I cannot answer this based on the provided context.,0.0,0.0,0.0,OK,
480,480,bm25,mmr_0.0,"What is the date played of this college football game at Sun Life Stadium in Miami Gardens, Florida, where Clemson defeated the No. 4 Oklahoma Sooners, 37-17?",5ae63b2255429908198fa526,"[19311, 19492]","[19492, 18779, 11353, 24934, 15631]",0.5,1.0,0.7401393055915833,0.9537371397018433,qwen3.5-122b,"Based on the provided context, the college football game played at Sun Life Stadium in Miami Gardens, Florida, was the 2015 Capital One Orange Bowl, which took place on **December 31, 2015**.

(Note: While the context confirms the date and location of the game at Sun Life Stadium, it does not explicitly mention the teams Clemson and Oklahoma or the final score of 37-17; however, it identifies the specific game held at that venue on that date.)",0.0,0.0,0.0,OK,
481,481,bm25,mmr_0.0,"How many Golden Globe Awards did the artist who published the photo book ""In Mexico"" win?",5ae64ffd5542992ae0d162ce,"[14655, 24120]","[14655, 14542, 11151, 3265, 10245]",0.5,1.0,0.7619489431381226,0.04124830663204193,qwen3.5-122b,I cannot answer this based on the provided context.,0.0,0.0,0.0,OK,
482,482,bm25,mmr_0.0,When was the company that produced rectangular crackers that have 18 holes in a 3x6 pattern founded?,5ae66d785542996d980e7b67,"[7917, 24472]","[7917, 20289, 8032, 19672, 18225]",0.5,1.0,0.7826853394508362,0.2660398781299591,qwen3.5-122b,"Based on the provided context, I cannot answer this question.

Document 1 states that Club Crackers (which are rectangular and have 18 holes in a 3x6 pattern) are made by the American Keebler Company, but it does not mention when the Keebler Company was founded. Document 5 mentions a founding time for a different company (Bottega Giotti), but that is unrelated to the crackers.",0.0,0.0,0.0,OK,
483,483,bm25,mmr_0.0,Which is the Birthplace of Sir Isaac Newton and has a neighboring village called Belvor?,5ae6808f5542995703ce8b6b,"[5875, 12067]","[5875, 23021, 25296, 9492, 11416]",0.5,1.0,0.7462800145149231,0.9916201829910278,qwen3.5-122b,"Based on the provided context, the birthplace of Sir Isaac Newton is **Woolsthorpe** (formally known as Woolsthorpe-by-Colsterworth).

The text states that this name is used to distinguish it from ""Woolsthorpe-by-Belvoir"" in the same county. While the document does not explicitly state that Woolsthorpe-by-Colsterworth has a ""neighboring village called Belvor,"" it identifies Woolsthorpe as Newton's birthplace and mentions the existence of a related location named Woolsthorpe-by-Belvoir.",0.0,0.0,0.0,OK,
484,484,bm25,mmr_0.0,"Meomi Design works include The Octonauts book series, how did the adaptations of the series continue?",5ae684fe5542991bbc97610e,"[15485, 11144]","[11144, 6607, 22481, 10117, 7539]",0.5,1.0,0.7725812792778015,0.6483869552612305,qwen3.5-122b,"Based on the provided context, the TV series *The Octonauts* is based on the American-Canadian children's books written by Vicki Wong and Michael C. Murphy of Meomi Design Inc. The series is animated in Ireland by Brown Bag Films and uses British voice actors. The context does not provide further information on how the adaptations continued beyond the production of this TV series.",0.0,0.0,0.0,OK,
485,485,bm25,mmr_0.0,What river is the city that Cyprus Classic Motorcycle Museum is in on the banks of?,5ae6940e5542991bbc97613f,"[10179, 23269]","[10179, 14619, 17928, 13390, 7729]",0.5,1.0,0.6862367391586304,0.5398296117782593,qwen3.5-122b,"I cannot answer this based on the provided context.

The provided text states that the Cyprus Classic Motorcycle Museum is in Nicosia, the capital of Cyprus, but it does not mention which river (if any) Nicosia is located on.",0.0,0.0,0.0,OK,
486,486,bm25,mmr_0.0,Why is Minister Pool important to Black Country and the West Midlands in England?,5ae694a15542991bbc976141,"[11511, 7204]","[18074, 8753, 10515, 20016, 8222]",0.0,0.0,0.7404530644416809,0.043571893125772476,qwen3.5-122b,I cannot answer this based on the provided context.,0.0,0.0,0.0,OK,
487,487,bm25,mmr_0.0,Jeff Bhasker won a Grammy Award for a song that was the fourth single from what studio album?,5ae69fa755429908198fa66c,"[6851, 11492]","[8564, 6851, 9348, 21894, 23405]",0.5,0.5,0.7248612642288208,0.03371523320674896,qwen3.5-122b,I cannot answer this based on the provided context.,0.0,0.0,0.0,OK,
488,488,bm25,mmr_0.0,"Sparking the Marian civil war, who helped the recently abdicated queen to escape her imprisonment?",5ae6c2285542995703ce8b9a,"[15127, 23913]","[15127, 23284, 3534, 16175, 25619]",0.5,1.0,0.7801228761672974,0.06885255873203278,qwen3.5-122b,I cannot answer this based on the provided context.,0.0,0.0,0.0,OK,
489,489,bm25,mmr_0.0,Bridgewater Trustees major source of income came from a canal that was commissioned by whom/,5ae70c7b5542991bbc9761aa,"[5586, 11843]","[5586, 15991, 6191, 761, 23122]",0.5,1.0,0.7355717420578003,0.07890913635492325,qwen3.5-122b,I cannot answer this based on the provided context.,0.0,0.0,0.0,OK,
490,490,bm25,mmr_0.0,Raúl Arellano played for Mexico in which football tournament in 1954?,5ae721c15542996d980e7cbc,"[12809, 23556]","[12809, 717, 25070, 12981, 19641]",0.5,1.0,0.6811931729316711,0.9997387528419495,qwen3.5-122b,Raúl Arellano played for Mexico in the 1954 FIFA World Cup.,0.0,0.0,0.0,OK,
491,491,bm25,mmr_0.0,Band-e-Amir Dragons is named after the lakes in which Afghan national park?,5ae7316e554299572ea5477e,"[22397, 11167]","[22397, 15910, 16874, 9147, 12901]",0.5,1.0,0.7229768633842468,0.12046084553003311,qwen3.5-122b,"Based on the provided context, the Band-e-Amir Dragons are named after the Band-e Amir, a series of six deep blue lakes in **Bamyan Province**. The text does not mention a specific ""national park"" associated with these lakes.

Therefore, I cannot answer this based on the provided context.",0.0,0.0,0.0,OK,
492,492,bm25,mmr_0.0,Where do the team that John Grant joined after the 1972 World Cup now play their games ?,5ae731ae5542991bbc9761c1,"[12422, 25143]","[12422, 18193, 2437, 1340, 4699]",0.5,1.0,0.7666682600975037,0.46052902936935425,qwen3.5-122b,"Based on the provided context, I cannot answer this question.

Document 1 states that John Grant joined the English club **Warrington** after the 1972 World Cup, but it does not provide information about where Warrington currently plays their games. The other documents discuss unrelated teams and venues (Tennessee State University, Edmonton Oilers/New York Islanders, Belarus national team, and the Philippines national team).",0.0,0.0,0.0,OK,
493,493,bm25,mmr_0.0,Bartlett's Bridge was built by the engineer who worked for the county seat of which Massachusetts county?,5ae7385d5542992ae0d163da,"[4910, 25958]","[4910, 25549, 19309, 20019, 4122]",0.5,1.0,0.7473058104515076,0.4221014976501465,qwen3.5-122b,"I cannot answer this based on the provided context.

The provided text states that the bridge was designed by Charles A. Allen, who was a civil engineer for the **city of Worcester**. It does not mention which county Worcester is the seat of, nor does it provide information linking the engineer to a specific county seat in Massachusetts.",0.0,0.0,0.0,OK,
494,494,bm25,mmr_0.0,"YouPorn was surpassed, in 2013, by competitor sites xHamster, Pornhub, LiveJasmin, and this website that is registered to the Polish company WGCZ Holding?",5ae765185542995703ce8c0f,"[824, 12515]","[824, 24436, 19846, 24698, 205]",0.5,1.0,0.7599786520004272,0.03378787264227867,qwen3.5-122b,I cannot answer this based on the provided context.,0.0,0.0,0.0,OK,
495,495,bm25,mmr_0.0,What is the occupation of the Miami Dolphins owner's wife?,5ae76d185542997ec2727641,"[15559, 18387]","[13942, 19078, 8852, 4740, 16832]",0.0,0.0,0.7167378664016724,0.09928123652935028,qwen3.5-122b,I cannot answer this based on the provided context.,0.0,0.0,0.0,OK,
496,496,bm25,mmr_0.0,The On Tour Forever album gave Blues Traveler the opportunity to display what musical trademark?,5ae788fa55429952e35ea964,"[1709, 3948]","[1709, 9498, 20005, 14540, 15390]",0.5,1.0,0.7521971464157104,0.06606338918209076,qwen3.5-122b,I cannot answer this based on the provided context.,0.0,0.0,0.0,OK,
497,497,bm25,mmr_0.0,The Worst Journey in the World is a memoir written by which English explorer of Antarctica?,5ae7ea695542994a481bbe17,"[24621, 25214]","[24621, 17906, 10217, 11199, 6100]",0.5,1.0,0.7429613471031189,0.9888169765472412,qwen3.5-122b,"Based on the provided context, *The Worst Journey in the World* was written by **Apsley Cherry-Garrard**, a member of the 1910–1913 British Antarctic Expedition led by Robert Falcon Scott.

(Note: While the text identifies Cherry-Garrard as the author and a member of the expedition, it does not explicitly label him as an ""English explorer,"" though it describes the expedition as British.)",0.0,0.0,0.0,OK,
498,498,bm25,mmr_0.0,Jim Betts ran against the first American to orbit what?,5ae7f6be554299540e5a56db,"[10155, 23415]","[10155, 1039, 7708, 5354, 10775]",0.5,1.0,0.725390613079071,0.1520443707704544,qwen3.5-122b,I cannot answer this based on the provided context.,0.0,0.0,0.0,OK,
499,499,bm25,mmr_0.0,The maternal grandmother of Princess Marie Cécile of Prussia was born in which year ?,5ae81b895542997ec272770c,"[24545, 3230]","[24545, 23200, 10334, 22396, 3468]",0.5,1.0,0.7287534475326538,0.0586177334189415,qwen3.5-122b,I cannot answer this based on the provided context.,0.0,0.0,0.0,OK,
