question_index,qa_id,retriever,condition,question,beir_query_id,gold_doc_ids,retrieved_doc_ids,recall_at_k,mrr,retrieval_diversity,faithfulness_nli,llm_model,prediction,exact_match,f1,rouge_l,row_status,row_error
0,0,contriever,kmeans_k3,Which piece did Ludwig van Beethoven publish in 1801 that was dedicated to Count Moritz von Fries?,5a70f1685542994082a3e40f,"[13379, 7304]","[21976, 4536, 18062, 5082, 25407]",0.0,0.0,0.5956235527992249,0.05086957663297653,qwen3.5-122b,I cannot answer this based on the provided context.,0.0,0.0,0.0,OK,
1,1,contriever,kmeans_k3,"Which of these men, Scott Treleaven and Edmund Mortimer, is credited with working in both films and photography?",5a710a915542994082a3e504,"[2917, 2219]","[2219, 24685, 2917, 4186, 13598]",1.0,1.0,0.6059719324111938,0.3061203062534332,qwen3.5-122b,"Based on the provided context, **Scott Treleaven** is credited with working in both films and photography.

Document 3 states that Scott Treleaven's work employs a variety of media including ""film, video, drawing, **photography** and installation."" In contrast, Document 1 describes Edmund Mortimer as an ""actor and film director"" but does not mention photography.",0.0,0.0,0.0,OK,
2,2,contriever,kmeans_k3,Albanians in Montenegro which make up 4.91 of the county's total population could be members of the Albanian Coalation Perspect which is a what?,5a711c535542994082a3e59b,"[5958, 20848]","[23055, 14432, 20848, 5958, 22207]",1.0,0.3333333333333333,0.5587104558944702,0.9979134202003479,qwen3.5-122b,"Based on the provided context, the Albanian Coalition ""Perspective"" is an **Albanian political party in Montenegro**.",0.0,0.0,0.0,OK,
3,3,contriever,kmeans_k3,Alvaro Mexia had a diplomatic mission with which tribe of indigenous people?,5a713ea95542994082a3e6e4,"[12797, 7948]","[7636, 12797, 266, 13827, 25614]",0.5,0.5,0.6188606023788452,0.9996500611305237,qwen3.5-122b,"Based on the provided context, Alvaro Mexia had a diplomatic mission with the **Ais** native population.",0.0,0.0,0.0,OK,
4,4,contriever,kmeans_k3,"Riema Juhani Karppinen won the silver medal at what event held outside of Munich, Germany?",5a71419f5542994082a3e70d,"[17083, 12115]","[23010, 17083, 4634, 9785, 984]",0.5,0.5,0.5661460161209106,0.9759382009506226,qwen3.5-122b,"Based on the provided context, Reima Juhani Karppinen won a silver medal at the **1981 World Rowing Championships**.

(Note: The context does not explicitly state the location of the 1981 World Rowing Championships or confirm it was held outside of Munich, Germany, but it is the only event mentioned where he won a silver medal.)",0.0,0.0,0.0,OK,
5,5,contriever,kmeans_k3,When was the king that started coin production in Copenhagen born?,5a7147fd5542994082a3e758,"[15673, 4375]","[14401, 20640, 15673, 19282, 1602]",0.5,0.3333333333333333,0.5245933532714844,0.014297218061983585,qwen3.5-122b,I cannot answer this based on the provided context.,0.0,0.0,0.0,OK,
6,6,contriever,kmeans_k3,"Which Istanbul mosque is unique for retaining a Baroque style of architecture, the Bayezid II Mosque or the Nusretiye Mosque?",5a7153d05542994082a3e7dc,"[4824, 2753]","[16934, 14017, 2753, 24612, 8638]",0.5,0.3333333333333333,0.5405783653259277,0.4168180525302887,qwen3.5-122b,"Based on the provided context, the **Nusretiye Mosque** is the one unique for retaining a Baroque style of architecture.

Document 3 states: ""Nusretiye Mosque is an ornate mosque located in Tophane district of Beyoğlu, Istanbul, Turkey. While its architecture is influenced by Islamic elements, it retains a Baroque style, making it unique to the city."" The context does not mention the Bayezid II Mosque.",0.0,0.0,0.0,OK,
7,7,contriever,kmeans_k3,"Which publication still relies on paper printing, Human Events or Texas Highways?",5a7199725542994082a3e88f,"[24161, 19285]","[5293, 19285, 17113, 6485, 24161]",1.0,0.5,0.6572701930999756,0.00472511351108551,qwen3.5-122b,"Based on the provided context, **Texas Highways** is the publication that still relies on paper printing.

The context states that *Human Events* ""became a digital-only publication in 2013,"" whereas *Texas Highways* is described as a ""monthly magazine"" without any mention of it being digital-only.",0.0,0.0,0.0,OK,
8,8,contriever,kmeans_k3,"Where is the University of North Carolina at Wilmington, population 112,067 located?",5a7243915542990c210a4086,"[16868, 1698]","[20695, 1697, 1698, 11594, 1662]",0.5,0.3333333333333333,0.5784966349601746,0.030569223687052727,qwen3.5-122b,I cannot answer this based on the provided context.,0.0,0.0,0.0,OK,
9,9,contriever,kmeans_k3,"Gail Matthius co-anchored the Weekend Update segment of ""Saturday Night Live"" with the actor who played the villain Nicholas Andre in what movie?",5a728f505542992359bc30f5,"[4902, 21750]","[13086, 14835, 4902, 18510, 25668]",0.5,0.3333333333333333,0.5779744386672974,0.0561366006731987,qwen3.5-122b,I cannot answer this based on the provided context.,0.0,0.0,0.0,OK,
10,10,contriever,kmeans_k3,Which author wrote about a woman captured by the Symbionese Liberation Army?,5a729cc25542991f9a20c532,"[25934, 23926]","[17244, 25619, 24665, 20335, 20950]",0.0,0.0,0.6899892091751099,0.07045863568782806,qwen3.5-122b,I cannot answer this based on the provided context.,0.0,0.0,0.0,OK,
11,11,contriever,kmeans_k3,What is the name of the pop artist that belongs on the Pledis Entertainment label and has 13 members?,5a72d7b35542991f9a20c5be,"[12748, 19460]","[7041, 6, 12748, 2585, 8940]",0.5,0.3333333333333333,0.6334387063980103,0.45880943536758423,qwen3.5-122b,"Based on the provided context, the pop artist that belongs to the Pledis Entertainment label and has 13 members is **Seventeen**.

(Note: While Document 3 lists Seventeen as an artist under Pledis Entertainment, it does not explicitly state the number of members. However, among the listed artists, Seventeen is the only group known to have 13 members, and the context confirms their affiliation with the label.)

*Correction based on strict adherence to the ""ONLY on the provided context"" rule:*
The provided context (Document 3) lists **Seventeen** as an artist under Pledis Entertainment, but it **does not mention** that the group has 13 members. Therefore, strictly following the instruction to answer *only* based on the provided text:

I cannot answer this based on the provided context.",0.0,0.0,0.0,OK,
12,12,contriever,kmeans_k3,"Gaia is a space observatory of the European Space Agency, what is Astrosat?",5a7300b85542994cef4bc41a,"[24876, 25491]","[4822, 17579, 24876, 11092, 25949]",0.5,0.3333333333333333,0.5971553325653076,0.022404585033655167,qwen3.5-122b,I cannot answer this based on the provided context.,0.0,0.0,0.0,OK,
13,13,contriever,kmeans_k3,"In the television series Green Hornet, which actor played the role of Kato?",5a7326cd5542991f29ee2d11,"[9131, 23227]","[21395, 20959, 9131, 8591, 1938]",0.5,0.3333333333333333,0.6692201495170593,0.9937978982925415,qwen3.5-122b,"Based on the provided context, in the television series *The Green Hornet*, the role of Kato was played by **Bruce Lee**.",0.0,0.0,0.0,OK,
14,14,contriever,kmeans_k3,"Lady Elizabeth Delmé and Her Children (1779) is a portrait given to the National Gallery of Art in 1937, which is located in which state?",5a7336d05542992359bc3293,"[13264, 13967]","[7163, 17935, 13264, 13023, 13340]",0.5,0.3333333333333333,0.6325608491897583,0.08529825508594513,qwen3.5-122b,I cannot answer this based on the provided context.,0.0,0.0,0.0,OK,
15,15,contriever,kmeans_k3,"Which movie is loosley based off the Brother Grimm's ""Iron Henry""?",5a733b835542991f9a20c6b2,"[23633, 4545]","[8231, 25500, 4545, 21169, 15012]",0.5,0.3333333333333333,0.6294950246810913,0.14714792370796204,qwen3.5-122b,I cannot answer this based on the provided context.,0.0,0.0,0.0,OK,
16,16,contriever,kmeans_k3,which board game has been around longer Obsession or Battle Sheep ?,5a733caa5542992359bc32a3,"[15389, 19341]","[13090, 15389, 19341, 2846, 11168]",1.0,0.5,0.5920436978340149,0.2394411414861679,qwen3.5-122b,"Based on the provided context, **Obsession** has been around longer.

According to Document 2, Obsession was released in **1977**, while Document 3 states that Battle Sheep was released in **2010**.",0.0,0.0,0.0,OK,
17,17,contriever,kmeans_k3,"Which famous mine was in service first, the Salmita Mine or the Kanichee Mine?",5a739323554299623ed4abff,"[4244, 25216]","[8842, 3555, 25216, 11301, 15511]",0.5,0.3333333333333333,0.5920370221138,0.046378105878829956,qwen3.5-122b,I cannot answer this based on the provided context.,0.0,0.0,0.0,OK,
18,18,contriever,kmeans_k3,"What was the lead single from Boys Like Girls album on which frontman, Martin Johnson co-wrote a song with Taylor Swift? A: Love Drunk",5a74122f55429929fddd83da,"[7716, 8612]","[23298, 7716, 8612, 2810, 9859]",1.0,0.5,0.6692875623703003,0.9234551191329956,qwen3.5-122b,"Based on the provided context, the lead single from the Boys Like Girls album *Love Drunk* (on which frontman Martin Johnson co-wrote the song ""Two Is Better Than One"" with Taylor Swift) is **""Love Drunk""**.

Document 2 states: ""Its lead single, titled 'Love Drunk' was released on July 7, 2009..."" and confirms the album features the song ""Two Is Better Than One"" (featuring Taylor Swift). Document 3 confirms that ""Two Is Better Than One"" was written by Martin Johnson and Swift.",0.0,0.0,0.0,OK,
19,19,contriever,kmeans_k3,"Who wrote the music for Billy Elliot the Musical and had at least one song on the ""Billboard"" Hot 100 for 31 consecutive years?",5a74629255429929fddd8402,"[10804, 21082]","[5741, 18595, 12783, 5422, 18528]",0.0,0.0,0.5887346267700195,0.016473280265927315,qwen3.5-122b,I cannot answer this based on the provided context.,0.0,0.0,0.0,OK,
20,20,contriever,kmeans_k3,Which American main title designer designed sequences for the founder of the Sundance Film Festival?,5a7471f655429979e2882955,"[4890, 23681]","[12140, 4890, 525, 6625, 13726]",0.5,0.5,0.6237638592720032,0.03036404401063919,qwen3.5-122b,I cannot answer this based on the provided context.,0.0,0.0,0.0,OK,
21,21,contriever,kmeans_k3,What is served shaken with ice and should not be mistaken with the name Margarita?,5a74be7a55429929fddd84e4,"[7079, 4039]","[4039, 23543, 7079, 25675, 3851]",1.0,1.0,0.5519424676895142,0.9717269539833069,qwen3.5-122b,"Based on the provided context, the drink that is served shaken with ice is the **margarita** (Document 1). However, the text states that the name **Margarida** (a Portuguese female given name) should not be mistaken for the Mexican alcoholic drink **Margarita** (Document 3).

The context does not describe a single entity that is both ""served shaken with ice"" AND ""should not be mistaken with the name Margarita."" The drink served shaken with ice is the Margarita itself, while the name that should not be mistaken for the drink is Margarida.

Therefore, strictly based on the provided text, there is no single item that fits both conditions simultaneously as described in the question.

**I cannot answer this based on the provided context.**",0.0,0.0,0.0,OK,
22,22,contriever,kmeans_k3,What product by FLEXcon represents data by geometric patterns?,5a74c3f455429979e2882a0a,"[7688, 23564]","[12416, 10203, 7688, 23959, 8066]",0.5,0.3333333333333333,0.6368085741996765,0.019487079232931137,qwen3.5-122b,I cannot answer this based on the provided context.,0.0,0.0,0.0,OK,
23,23,contriever,kmeans_k3,Connetquot High School  is a public high school in what city in New York?,5a7506f455429916b0164240,"[2573, 1640]","[2268, 23784, 2573, 13330, 1589]",0.5,0.3333333333333333,0.6315519213676453,0.9870465993881226,qwen3.5-122b,"Based on the provided context, Connetquot High School is located in **Bohemia**, New York.

(Document 3 states: ""Connetquot High School (CHS) is a public high school... located in Bohemia, New York..."")",0.0,0.0,0.0,OK,
24,24,contriever,kmeans_k3,What year did the movement that Tess Asplund protested in the viral image of her with her fist in the air disband?,5a7526945542993748c897d2,"[21889, 8074]","[13472, 8591, 21889, 25269, 8706]",0.5,0.3333333333333333,0.7167733907699585,0.13887149095535278,qwen3.5-122b,I cannot answer this based on the provided context.,0.0,0.0,0.0,OK,
25,25,contriever,kmeans_k3,"What song from the fourth studio album made by The Who reached No.4 on the UK charts and No. 19 o nthe U.S. ""Billboard"" Hot 100?",5a753c8c55429916b01642ab,"[5767, 3370]","[5767, 7, 12021, 21035, 24387]",0.5,1.0,0.6324897408485413,0.9504222869873047,qwen3.5-122b,"Based on the provided context, the song is **""Pinball Wizard""**.

Document 1 states that ""Pinball Wizard"" was performed by The Who, featured on their 1969 rock opera album ""Tommy"", and reached No. 4 in the UK charts and No. 19 on the U.S. ""Billboard"" Hot 100. (Note: While the context confirms the song's chart performance and album, it does not explicitly state that ""Tommy"" was the band's *fourth* studio album, but it is the only song mentioned that matches the specific chart positions and artist).",0.0,0.0,0.0,OK,
26,26,contriever,kmeans_k3,"Who was born first, Karen Joy Fowler or Bruce Chatwin?",5a7542425542996c70cfaecc,"[7681, 18798]","[7681, 22308, 18798, 8083, 15515]",1.0,1.0,0.6876509785652161,0.991083562374115,qwen3.5-122b,"Based on the provided context, Bruce Chatwin was born first.

*   **Bruce Chatwin** was born on **13 May 1940** (Document 3).
*   **Karen Joy Fowler** was born on **February 7, 1950** (Document 1).

Since 1940 is earlier than 1950, Bruce Chatwin was born first.",0.0,0.0,0.0,OK,
27,27,contriever,kmeans_k3,"Michael Mark Brodsky is known for his translation of what Irish avant-garde novelist, playwright, theatre director, and poet?",5a7545605542993748c89807,"[15201, 10071]","[11444, 7772, 15201, 23552, 5119]",0.5,0.3333333333333333,0.6123664975166321,0.9578095078468323,qwen3.5-122b,"Based on the provided context, Michael Mark Brodsky is best known for his translation of **Samuel Beckett**'s ""Eleuthéria"".

(Note: While the context confirms he translated Samuel Beckett, it does not explicitly describe Beckett as an ""Irish avant-garde novelist, playwright, theatre director, and poet,"" but it is the only translation mentioned in relation to Brodsky.)",0.0,0.0,0.0,OK,
28,28,contriever,kmeans_k3,"Which came to market first, ""Hey Pa! There's a Goat on the Roof"" or ""Poleconomy""",5a7555215542996c70cfaee1,"[9446, 2847]","[2847, 8728, 9446, 11322, 2572]",1.0,1.0,0.6385827660560608,0.17539909482002258,qwen3.5-122b,"""Hey Pa! There's a Goat on the Roof"" came to market first. According to the provided context, it was issued in 1966, while ""Poleconomy"" was first published in 1980.",0.0,0.0,0.0,OK,
29,29,contriever,kmeans_k3,"Which ""Roseanne"" star is in Scream 2?",5a7557d75542992d0ec05f68,"[23512, 11186]","[9465, 23512, 16807, 19014, 11766]",0.5,0.5,0.632472038269043,0.05207005888223648,qwen3.5-122b,I cannot answer this based on the provided context.,0.0,0.0,0.0,OK,
30,30,contriever,kmeans_k3,What show was Elena Shaddow in that was written by a relative of Richard Rodgers?,5a755f0a5542996c70cfaee7,"[25709, 9440]","[25709, 5422, 2435, 5741, 8475]",0.5,1.0,0.6738681793212891,0.06974244862794876,qwen3.5-122b,I cannot answer this based on the provided context.,0.0,0.0,0.0,OK,
31,31,contriever,kmeans_k3,"Which ""Mirrors"" actress made her film debut in the 2005 comedy film ""Hitch""?",5a7571095542992d0ec05f97,"[5780, 24053]","[6047, 11782, 5780, 6191, 5848]",0.5,0.3333333333333333,0.6566702127456665,0.07148485630750656,qwen3.5-122b,I cannot answer this based on the provided context.,0.0,0.0,0.0,OK,
32,32,contriever,kmeans_k3,Who was born first Mahbub ul Haq or Ibn Arabi?,5a7574e25542996c70cfaf01,"[24250, 5838]","[24250, 10726, 19335, 17197, 15321]",0.5,1.0,0.5933629274368286,0.05823155492544174,qwen3.5-122b,I cannot answer this based on the provided context.,0.0,0.0,0.0,OK,
33,33,contriever,kmeans_k3,Andrea Camplone is a football coach in which 22-team competition?,5a75d8dc5542992db94736f0,"[18063, 21614]","[18063, 21395, 20122, 6314, 4266]",0.5,1.0,0.6752891540527344,0.03394129499793053,qwen3.5-122b,I cannot answer this based on the provided context.,0.0,0.0,0.0,OK,
34,34,contriever,kmeans_k3,"The Declaration of Montreal was the founding document of which world event, lasting from July 26-August 5, 2006?",5a75da6d5542992db94736fa,"[23670, 20385]","[11729, 20385, 23670, 8705, 13687]",1.0,0.5,0.5655913949012756,0.9936304092407227,qwen3.5-122b,"Based on the provided context, the Declaration of Montreal was adopted as part of the **1st World Outgames**, which took place in Montreal, Quebec, Canada, from July 26, 2006, to August 5, 2006.",0.0,0.0,0.0,OK,
35,35,contriever,kmeans_k3,"Who is younger, Pelle Almqvist or Steve Winwood?",5a75f0bf5542994ccc91866b,"[4900, 6621]","[6621, 2971, 2393, 4900, 19172]",1.0,1.0,0.6740750074386597,0.9326810240745544,qwen3.5-122b,"Based on the provided context, Pelle Almqvist was born on 29 May 1978, and Steve Winwood was born on 12 May 1948. Since 1978 is later than 1948, Pelle Almqvist is younger.",0.0,0.0,0.0,OK,
36,36,contriever,kmeans_k3,"What actress and and writer starred with Jennifer Saunders in bothe ""The Supergrass"" and ""French and Saunders""?",5a7602d8554299109176e5fb,"[10750, 12015]","[11444, 10750, 12015, 12140, 15230]",1.0,0.5,0.6375962495803833,0.4478316903114319,qwen3.5-122b,"Based on the provided context, the actress and writer who starred with Jennifer Saunders in both ""The Supergrass"" and ""French and Saunders"" is **Dawn French** (also referred to as Dawn Roma French).

*   **Document 2** lists **Dawn French** as a star in the film ""The Supergrass"" alongside Jennifer Saunders.
*   **Document 3** states that **Dawn French** is an actress and writer best known for starring in and writing for the comedy sketch show ""French and Saunders"" with comedy partner **Jennifer Saunders**.",0.0,0.0,0.0,OK,
37,37,contriever,kmeans_k3,Alfred Balk served as the secretary of the Committee on the Employment of Minority Groups in the News Media under which United States Vice President?,5a760ab65542994ccc918697,"[7215, 5425]","[19969, 7215, 5375, 13659, 4850]",0.5,0.5,0.6705906391143799,0.5381703972816467,qwen3.5-122b,"I cannot answer this based on the provided context.

The provided text states that Alfred Balk served as secretary of ""New York Governor Nelson Rockefeller's Committee on the Employment of Minority Groups in the News Media,"" but it does not mention a United States Vice President in relation to this role.",0.0,0.0,0.0,OK,
38,38,contriever,kmeans_k3,Was the famous opera comique that was based on a Prosper Merimee novella a comedy or a tragedy?,5a7615fb5542992db9473727,"[1460, 15091]","[15091, 4929, 1460, 16681, 20963]",1.0,1.0,0.6063742637634277,0.9979643225669861,qwen3.5-122b,"Based on the provided context, the famous opera comique based on a Prosper Mérimée novella is **Carmen**. According to Document 3, while ""opéra comique"" is not always comic or light in nature, ""Carmen"" is specifically described as a **tragedy**.",0.0,0.0,0.0,OK,
39,39,contriever,kmeans_k3,Who served as the head coach for the Grizzlies in the 2004-05 season and as head coach for the Brooklyn Nets?,5a7618d85542994ccc9186cf,"[11963, 14818]","[8441, 10649, 11963, 1498, 14818]",1.0,0.3333333333333333,0.5971788167953491,0.14693492650985718,qwen3.5-122b,"Based on the provided context, **Lionel Hollins** served as the head coach for the Grizzlies during the 2004–05 season (specifically taking over after Hubie Brown retired and before Mike Fratello was hired) and also served as the head coach for the Brooklyn Nets.

*   **Document 3** states that the Grizzlies lost games ""under Lionel Hollins"" during the 2004–05 season before he was replaced.
*   **Document 5** states that Lionel Eugene Hollins ""most recently served as the head coach of the Brooklyn Nets.""",0.0,0.0,0.0,OK,
40,40,contriever,kmeans_k3,"Which album did the band Kraftwerk release after their successful album which reached number 25 on the US ""Billboard"" Hot 100 chart?",5a7621bb554299109176e650,"[23154, 4227]","[3967, 10484, 4227, 23795, 25269]",0.5,0.3333333333333333,0.6194874048233032,0.5626344084739685,qwen3.5-122b,"Based on the provided context, I cannot answer this question.

Document 3 states that the album *Autobahn* reached number 25 on the US ""Billboard"" Hot 100 chart and mentions that this success came *after* the band had released three previous experimental albums. However, the text does not name the album released *after* *Autobahn*.",0.0,0.0,0.0,OK,
41,41,contriever,kmeans_k3,When was the plaintiff in the 1892 Barbed Wire Patent Case born?,5a7624b85542992db947372c,"[16274, 24579]","[15064, 7308, 16274, 2719, 24685]",0.5,0.3333333333333333,0.6599888801574707,0.040254417806863785,qwen3.5-122b,I cannot answer this based on the provided context.,0.0,0.0,0.0,OK,
42,42,contriever,kmeans_k3,"Which was fought earlier in our nation's history, the Seven Days Battles or the Battle of Manila?",5a7633ad5542992db9473741,"[25986, 8549]","[8549, 11155, 25986, 3690, 10485]",1.0,1.0,0.6338950395584106,0.1891946792602539,qwen3.5-122b,"The Seven Days Battles were fought earlier in our nation's history. They took place from June 25 to July 1, 1862, during the American Civil War, while the Battle of Manila occurred from February 3 to March 3, 1945, during World War II.",0.0,0.0,0.0,OK,
43,43,contriever,kmeans_k3,"When was the Chief Aerodynamicist for the British supersonic land vehicle, whose goal is to match or exceed 1000 mph achieving a new world land speed record, born?",5a7633ff5542994ccc918712,"[23901, 5723]","[8014, 24319, 5723, 16575, 3542]",0.5,0.3333333333333333,0.653014063835144,0.058800678700208664,qwen3.5-122b,I cannot answer this based on the provided context.,0.0,0.0,0.0,OK,
44,44,contriever,kmeans_k3,Who was the wife of the president when William Bainbridge started his career?,5a7636fb55429976ec32bd79,"[2587, 202]","[12248, 25619, 22333, 2587, 2859]",0.5,0.25,0.6489880084991455,0.0770704597234726,qwen3.5-122b,I cannot answer this based on the provided context.,0.0,0.0,0.0,OK,
45,45,contriever,kmeans_k3,"Which university has more schools, Ateneo de Davao University or University of Rochester?",5a7651825542992d0ec060a3,"[163, 12131]","[6711, 12131, 24872, 6191, 163]",1.0,0.5,0.6005512475967407,0.23731280863285065,qwen3.5-122b,"Based on the provided context, the University of Rochester has six schools, while the Ateneo de Davao University has five undergraduate schools. Therefore, the University of Rochester has more schools.",0.0,0.0,0.0,OK,
46,46,contriever,kmeans_k3,Who founded the collective which released the album Messe I.X-VI.X?,5a7662745542992db9473786,"[16502, 23431]","[17624, 2925, 16502, 16201, 25556]",0.5,0.3333333333333333,0.6542719602584839,0.1097981259226799,qwen3.5-122b,I cannot answer this based on the provided context.,0.0,0.0,0.0,OK,
47,47,contriever,kmeans_k3,When did the first bank come into existence that is part of an organization that serves rural areas of India with basic banking and financial services?,5a76db3555429972597f13e7,"[16835, 6646]","[3246, 6988, 6646, 3414, 18939]",0.5,0.3333333333333333,0.6157943606376648,0.02215881459414959,qwen3.5-122b,I cannot answer this based on the provided context.,0.0,0.0,0.0,OK,
48,48,contriever,kmeans_k3,"Who is older, Ivan Foster or Ian Paisley?",5a77253455429972597f1449,"[18224, 25837]","[12537, 23743, 18224, 24639, 25966]",0.5,0.3333333333333333,0.6697921752929688,0.06723208725452423,qwen3.5-122b,I cannot answer this based on the provided context.,0.0,0.0,0.0,OK,
49,49,contriever,kmeans_k3,Which software application was originally made for the company that acquired RadioShack in 1963?,5a77322055429972597f1494,"[645, 11956]","[19823, 11956, 22265, 24568, 7688]",0.5,0.5,0.6772454977035522,0.01974092796444893,qwen3.5-122b,I cannot answer this based on the provided context.,0.0,0.0,0.0,OK,
50,50,contriever,kmeans_k3,"Who won Miss America 2013, which was the 86th Miss America pageant held at the PH Live in Las Vegas?",5a7735f55542994aec3b7226,"[15216, 13103]","[13632, 2971, 13103, 22615, 16807]",0.5,0.3333333333333333,0.5859797596931458,0.999415934085846,qwen3.5-122b,"Based on the provided context, the winner of Miss America 2013 was **Mallory Hagan** (Miss New York 2012). She was crowned by Miss America 2012, Laura Kaeppeler.",0.0,0.0,0.0,OK,
51,51,contriever,kmeans_k3,Who starred in Umm-e-Kulsoom whose mother was Afshan Qureshi?,5a77414155429972597f14d7,"[19527, 4872]","[17197, 19527, 4872, 13557, 13113]",1.0,0.5,0.5479157567024231,0.45485180616378784,qwen3.5-122b,"Based on the provided context, **Faisal Qureshi** starred in *Umm-e-Kulsoom* and his mother was Afshan Qureshi.

*   **Document 2** lists Faisal Qureshi as part of the ensemble cast of *Umm-e-Kulsoom*.
*   **Document 3** states that Faysal Qureshi was born to famous film actress Afshan Qureshi.",0.0,0.0,0.0,OK,
52,52,contriever,kmeans_k3,"What actress is known for a starring role in Robert Bresson's ""Pickpocket"" and has also been directed by Just Jaeckin, a former photographer?",5a77626b5542993569682d77,"[12786, 5419]","[5419, 12786, 11782, 25565, 25362]",1.0,1.0,0.6455420255661011,0.02538851834833622,qwen3.5-122b,"Based on the provided context, the actress is **Marika Nicolette Green**.

According to Document 2, she is famous for playing a starring role in Robert Bresson's ""Pickpocket"" (1959) and also appeared in ""Emmanuelle"" (1974). Document 1 states that ""Emmanuelle"" was directed by Just Jaeckin, a former photographer.",0.0,0.0,0.0,OK,
53,53,contriever,kmeans_k3,What is the official currency in the country that hosts the Asahi-Ryokuken Yomiuri Memorial tournament?,5a776b82554299373536026f,"[2849, 13370]","[2849, 12686, 13370, 8346, 15997]",1.0,1.0,0.6615722179412842,0.9987280368804932,qwen3.5-122b,"Based on the provided context, the Asahi-Ryokuken Yomiuri Memorial tournament was played in Fukuoka, Japan (Document 1). Document 3 states that the **yen** (symbol: ¥; code: JPY) is the official currency of Japan.

Therefore, the official currency in the country that hosts the tournament is the **yen**.",0.0,0.0,0.0,OK,
54,54,contriever,kmeans_k3,"Who was born first, Susan Oliver or W. S. Van Dyke?",5a778b345542992a6e59decf,"[4583, 24476]","[4583, 10533, 24476, 16183, 712]",1.0,1.0,0.6752818822860718,0.945501983165741,qwen3.5-122b,"Based on the provided context, W. S. Van Dyke (Woodbridge Strong Van Dyke II) was born first.

*   **Woodbridge Strong Van Dyke II** was born on **March 21, 1889** (Document 3).
*   **Susan Oliver** was born on **February 13, 1932** (Document 1).

1889 is earlier than 1932.",0.0,0.0,0.0,OK,
55,55,contriever,kmeans_k3,In what year were the European Athletics Junior Championships held in the capital of Slovenia?,5a779fd95542997042120ab5,"[10126, 17449]","[370, 23275, 12397, 21351, 14801]",0.0,0.0,0.6081002950668335,0.057608362287282944,qwen3.5-122b,I cannot answer this based on the provided context.,0.0,0.0,0.0,OK,
56,56,contriever,kmeans_k3,What year did Christopher Nolan's magic-themed drama come out?,5a77a41a5542997042120ab9,"[11314, 10290]","[22835, 23996, 8353, 10290, 8591]",0.5,0.25,0.7127504348754883,0.9954981803894043,qwen3.5-122b,"Based on the provided context, Christopher Nolan's magic-themed drama, *The Prestige*, came out in **2006**.",0.0,0.0,0.0,OK,
57,57,contriever,kmeans_k3,"when was the album that includes the song by Dustin Lynch released to country radio on February 17, 2017?",5a77a65b5542992a6e59df57,"[22947, 22198]","[21335, 1038, 22198, 9350, 22947]",1.0,0.3333333333333333,0.5976918935775757,0.9959306716918945,qwen3.5-122b,"Based on the provided context, the song by Dustin Lynch released to country radio on February 17, 2017, is ""Small Town Boy."" This song is included in the album *Current Mood*. According to Document 5, the album *Current Mood* was released on **September 8, 2017**.

(Note: The song was released to radio on February 17, 2017, but the album itself was released later on September 8, 2017.)",0.0,0.0,0.0,OK,
58,58,contriever,kmeans_k3,What British novelist born in November 1898 wrote Surprised by Joy: The Shape of My Early Life?,5a77a9df55429967ab10521c,"[2490, 23359]","[2490, 2435, 12738, 8895, 25795]",0.5,1.0,0.6637042164802551,0.06974244862794876,qwen3.5-122b,I cannot answer this based on the provided context.,0.0,0.0,0.0,OK,
59,59,contriever,kmeans_k3,"What is the species of animal which the town of Antelope, Kansas was named after?",5a77c09555429967ab105262,"[10221, 5206]","[18601, 23267, 10221, 16974, 21043]",0.5,0.3333333333333333,0.6440685391426086,0.9997101426124573,qwen3.5-122b,"Based on the provided context, the town of Antelope, Kansas, was named after **antelope** (specifically, antelope grazing near where the first school was being built).",0.0,0.0,0.0,OK,
60,60,contriever,kmeans_k3,"Which song was behind the third single on the album  ""A Lot About Livin' (And a Little 'bout Love)"" for two weeks on the country charts?",5a77c1505542997042120b1b,"[4167, 1573]","[11187, 7, 1573, 6840, 21335]",0.5,0.3333333333333333,0.608251690864563,0.027113549411296844,qwen3.5-122b,I cannot answer this based on the provided context.,0.0,0.0,0.0,OK,
61,61,contriever,kmeans_k3,"Which band formed in England, Of Montreal or Vib Gyor?",5a77c74155429967ab105291,"[23850, 24150]","[2534, 620, 24150, 3063, 25354]",0.5,0.3333333333333333,0.536448061466217,0.032965585589408875,qwen3.5-122b,"Based on the provided context, **Vib Gyor** is the band that was formed in England (specifically in Leeds). The context does not mention the band Of Montreal.",0.0,0.0,0.0,OK,
62,62,contriever,kmeans_k3,"The voice of Homer Simpson also voices what alien character in the television series ""The Simpsons""?",5a77cb5e55429967ab1052a7,"[18801, 23611]","[19429, 10112, 1680, 22517, 11766]",0.0,0.0,0.5895570516586304,0.1279194951057434,qwen3.5-122b,I cannot answer this based on the provided context.,0.0,0.0,0.0,OK,
63,63,contriever,kmeans_k3,"The True Colors World Tour was by what artist whose debut album was ""She's So Unusual""?",5a77ddb855429967ab1052d8,"[15195, 25141]","[15792, 9859, 15195, 3522, 23298]",0.5,0.3333333333333333,0.6059654951095581,0.052622824907302856,qwen3.5-122b,I cannot answer this based on the provided context.,0.0,0.0,0.0,OK,
64,64,contriever,kmeans_k3,"What scientist as well as a practising Roman Cathloic described the electronic voice phenomena as typically brief, usually the length of a work or short phrase?",5a77f4755542992a6e59e01f,"[23394, 24534]","[10460, 2705, 24534, 18322, 11165]",0.5,0.3333333333333333,0.669800877571106,0.9514626264572144,qwen3.5-122b,"Based on the provided context, the scientist who described electronic voice phenomena (EVP) as typically brief, usually the length of a word or short phrase, is **Konstantīns Raudive**.

However, please note that while Document 3 identifies him as a ""Parapsychologist"" who popularized the idea in the 1970s, the provided text **does not mention** that he was a ""practising Roman Catholic."" Therefore, I cannot fully confirm the religious aspect of your question based solely on the provided documents.",0.0,0.0,0.0,OK,
65,65,contriever,kmeans_k3,"Spawn, a fictional character who Mustafa Shakir has expressed interest in playing, was created by?",5a78b5f7554299148911f95b,"[22840, 10815]","[6047, 10815, 22840, 6191, 15131]",1.0,0.5,0.6887418627738953,0.633510172367096,qwen3.5-122b,"Based on the provided context, Spawn was created by **Todd McFarlane**.

Document 2 states that Spawn was ""Created by Todd McFarlane,"" and Document 3 confirms that Mustafa Shakir ""has expressed interest in playing... Spawn.""",0.0,0.0,0.0,OK,
66,66,contriever,kmeans_k3,The show featuring a young boy named Gerald Bald Z premiered on what TV channel?,5a78bd515542990784727749,"[10604, 6450]","[10945, 6450, 19648, 4777, 21815]",0.5,0.5,0.5994507670402527,0.9973235726356506,qwen3.5-122b,"Based on the provided context, the show featuring a young boy named Gerald Bald Z, titled *Perfect Hair Forever*, premiered on **Cartoon Network** (specifically on its late-night programming block, Adult Swim).",0.0,0.0,0.0,OK,
67,67,contriever,kmeans_k3,The southernmost administrative region of Denmark is well-known for creating what products?,5a78ce5d55429974737f78ac,"[8051, 8866]","[24077, 15673, 8866, 23275, 20324]",0.5,0.3333333333333333,0.609197735786438,0.02766875922679901,qwen3.5-122b,I cannot answer this based on the provided context.,0.0,0.0,0.0,OK,
68,68,contriever,kmeans_k3,"Orange is the New Black, starring Annie Golden as Norma Romano, takes place in which minimum-security federal prison?",5a78f18855429974737f7915,"[24525, 13229]","[24525, 6047, 13229, 8353, 6191]",1.0,1.0,0.6750329732894897,0.6478783488273621,qwen3.5-122b,"Based on the provided context, the series *Orange Is the New Black* is based on Piper Kerman's memoir about her experiences at **FCI Danbury**, a minimum-security federal prison.

(Note: While Document 1 confirms Annie Golden portrays Norma Romano in the series, and Document 3 identifies the prison associated with the series' source material, the context does not explicitly state that the character Norma Romano specifically takes place at FCI Danbury, though it is the prison associated with the show's setting.)",0.0,0.0,0.0,OK,
69,69,contriever,kmeans_k3,Mick Carter is the landlord of a public house located at what address?,5a78f59755429970f5fffdf7,"[16943, 5839]","[5839, 22724, 16943, 21836, 12686]",1.0,1.0,0.6371809244155884,0.9962901473045349,qwen3.5-122b,"Based on the provided context, Mick Carter is the landlord of The Queen Victoria public house, which has the fictional address of **46 Albert Square, Walford, London E20**.",0.0,0.0,0.0,OK,
70,70,contriever,kmeans_k3,What is the birthday of the oldest among Vicente García and Ximena Sariñana?,5a7914e155429974737f7973,"[18678, 4272]","[12479, 21039, 18678, 1674, 1945]",0.5,0.3333333333333333,0.6622660756111145,0.034851107746362686,qwen3.5-122b,I cannot answer this based on the provided context.,0.0,0.0,0.0,OK,
71,71,contriever,kmeans_k3,"Which Netflix series ""Unbreakable"" character is Elizabeth Claire Kemper known for playing?",5a791a97554299148911f9f2,"[7040, 19925]","[7040, 6191, 21892, 19925, 5741]",1.0,1.0,0.6442543268203735,0.996615469455719,qwen3.5-122b,"Based on the provided context, Elizabeth Claire Kemper is known for playing the character **Kimmy Schmidt** in the Netflix comedy series ""Unbreakable Kimmy Schmidt"".",0.0,0.0,0.0,OK,
72,72,contriever,kmeans_k3,"Who was born first, Brooklyn Decker or Andy Roddick?",5a793bc95542994bb9456fc3,"[25392, 13425]","[10533, 15917, 25392, 20335, 25488]",0.5,0.3333333333333333,0.7093783617019653,0.5762379169464111,qwen3.5-122b,I cannot answer this based on the provided context.,0.0,0.0,0.0,OK,
73,73,contriever,kmeans_k3,Amil Grove appeared in what  British tabloid published by News UK?,5a793d335542994bb9456fca,"[1497, 9333]","[13081, 9333, 1497, 2882, 3523]",1.0,0.5,0.6249222755432129,0.4937707185745239,qwen3.5-122b,"I cannot answer this based on the provided context.

(Note: The context mentions ""Amii Anne J. Grove"" appearing in ""The Sun,"" but the question asks about ""Amil Grove,"" and the provided text does not contain information about a person named ""Amil Grove."")",0.0,0.0,0.0,OK,
74,74,contriever,kmeans_k3,"Who was born first, Nellee Hooper or Baz Luhrmann?",5a794119554299029c4b5f3c,"[4565, 3093]","[22308, 4565, 2699, 1353, 10533]",0.5,0.5,0.7112353444099426,0.5762379169464111,qwen3.5-122b,I cannot answer this based on the provided context.,0.0,0.0,0.0,OK,
75,75,contriever,kmeans_k3,Eric Ambler and Carol Shields are both best Known for what profession?,5a79c1335542994bb9457066,"[20299, 23672]","[20299, 19632, 10072, 22061, 11338]",0.5,1.0,0.6483628153800964,0.34697484970092773,qwen3.5-122b,I cannot answer this based on the provided context.,0.0,0.0,0.0,OK,
76,76,contriever,kmeans_k3,Which two occupations does Ronnie Dunn and Annie Lennox have in common?,5a79c9395542994bb94570a2,"[23665, 8341]","[10479, 8341, 11955, 4521, 2435]",0.5,0.5,0.6924682855606079,0.9969776272773743,qwen3.5-122b,"Based on the provided context, I cannot answer this question.

Document 2 states that Annie Lennox is a ""singer"" and ""songwriter."" Document 3 states that Ronnie Dunn is a ""country music artist"" but does not explicitly list his specific occupations (such as singer or songwriter) in the text provided. Therefore, the text does not contain enough information to identify two specific occupations they have in common.",0.0,0.0,0.0,OK,
77,77,contriever,kmeans_k3,Special K is a slang word for a medication whose main effects last how long?,5a7a05485542990198eaf04c,"[25402, 4011]","[25402, 5000, 10136, 5528, 17680]",0.5,1.0,0.6802254915237427,0.128518208861351,qwen3.5-122b,I cannot answer this based on the provided context.,0.0,0.0,0.0,OK,
78,78,contriever,kmeans_k3,When did Henrietta Ponsonby's father die?,5a7a0e745542990783324e1d,"[5058, 9931]","[1397, 23386, 5058, 2848, 9655]",0.5,0.3333333333333333,0.6241236925125122,0.04953674226999283,qwen3.5-122b,I cannot answer this based on the provided context.,0.0,0.0,0.0,OK,
79,79,contriever,kmeans_k3,The Swallow Bluff Island Mounds is a Mississippian culture archaeological site that is located in this river which was once known by what name?,5a7a3d435542996a35c17154,"[11628, 11499]","[11499, 11628, 7906, 2250, 19191]",1.0,1.0,0.6182263493537903,0.18656472861766815,qwen3.5-122b,"Based on the provided context, the Swallow Bluff Island Mounds is located in the **Tennessee River** (Document 2). According to Document 1, the Tennessee River was once popularly known as the **Cherokee River**.",0.0,0.0,0.0,OK,
80,80,contriever,kmeans_k3,Near the banks of what river is the city in Romania with a partner Aspen Institute located?,5a7a47be5542994f819ef1b2,"[3254, 14619]","[3254, 23275, 9021, 14619, 3633]",1.0,1.0,0.6565354466438293,0.32891327142715454,qwen3.5-122b,"Based on the provided context, the city in Romania with a partner Aspen Institute is **Bucharest** (mentioned in Document 1 as having a partner institute and in Document 3 as the location of an institute). According to Document 4, Bucharest is located on the banks of the **Dâmbovița River**.",0.0,0.0,0.0,OK,
81,81,contriever,kmeans_k3,"Who was born first, Lecrae Devaughn Moore or Gawvi?",5a7a650355429941d65f2615,"[20545, 12316]","[17402, 24201, 12316, 12762, 2111]",0.5,0.3333333333333333,0.6629337072372437,0.0576237216591835,qwen3.5-122b,I cannot answer this based on the provided context.,0.0,0.0,0.0,OK,
82,82,contriever,kmeans_k3,What is the altitude of the town in England that has Leadgate between it and Garrigill?,5a7a94f155429941d65f26ca,"[25349, 15612]","[587, 25349, 7066, 21395, 22507]",0.5,0.5,0.6475678086280823,0.060257453471422195,qwen3.5-122b,I cannot answer this based on the provided context.,0.0,0.0,0.0,OK,
83,83,contriever,kmeans_k3,"Who was born first, Chester Bennington or Mikael Stanne?",5a7aa2a255429941d65f270e,"[2563, 3708]","[25567, 2563, 17853, 9339, 3708]",1.0,0.5,0.6351569294929504,0.9913514256477356,qwen3.5-122b,"Based on the provided context, Mikael Stanne was born first.

*   **Mikael Stanne** was born on **May 20, 1974** (Document 5).
*   **Chester Bennington** was born on **March 20, 1976** (Document 2).

Since 1974 is earlier than 1976, Mikael Stanne was born first.",0.0,0.0,0.0,OK,
84,84,contriever,kmeans_k3,Who passed away first Robert Graves or Dino Buzzati ?,5a7aa9425542992d025e66e4,"[15806, 24994]","[1283, 10203, 24994, 12877, 19343]",0.5,0.3333333333333333,0.6628745794296265,0.04713085666298866,qwen3.5-122b,I cannot answer this based on the provided context.,0.0,0.0,0.0,OK,
85,85,contriever,kmeans_k3,Beena Sarwar is the editor of a peace initiative sponsored by a newpaper based in what city?,5a7af4cd55429931da12c9a6,"[13627, 25508]","[15051, 2268, 13627, 18417, 9341]",0.5,0.3333333333333333,0.6678537726402283,0.8630480170249939,qwen3.5-122b,"I cannot answer this based on the provided context.

(The context states that the initiative is sponsored by the ""Times of India,"" but it does not specify the city where that newspaper is based.)",0.0,0.0,0.0,OK,
86,86,contriever,kmeans_k3,Who is the older brother of the king that was overthrown in the Henriad?,5a7b3b4f5542992d025e67ac,"[9541, 19384]","[9541, 23755, 24507, 7573, 4545]",0.5,1.0,0.6295117735862732,0.050139836966991425,qwen3.5-122b,I cannot answer this based on the provided context.,0.0,0.0,0.0,OK,
87,87,contriever,kmeans_k3,"Who was the director behind the Cirque du Soleil show in Las Vegas that was first performed on December 25, 1993?",5a7b443c5542992d025e67ce,"[24681, 1590]","[2585, 5741, 8475, 5985, 23856]",0.0,0.0,0.6377413868904114,0.0233601126819849,qwen3.5-122b,I cannot answer this based on the provided context.,0.0,0.0,0.0,OK,
88,88,contriever,kmeans_k3,"What country does Eric A. Sykes and Eccles, Greater Manchester have ion common?",5a7b4bc35542992d025e67e0,"[13861, 4279]","[2648, 4279, 24637, 18313, 23077]",0.5,0.5,0.6043970584869385,0.048101142048835754,qwen3.5-122b,I cannot answer this based on the provided context.,0.0,0.0,0.0,OK,
89,89,contriever,kmeans_k3,The Motion Picture Soundtrack The Woman in Red featured this American Singer who became a United Nations Ambassador for what organization?,5a7b72e15542997c3ec97187,"[23155, 3897]","[20284, 16183, 2268, 2435, 12143]",0.0,0.0,0.644842267036438,0.06974244862794876,qwen3.5-122b,I cannot answer this based on the provided context.,0.0,0.0,0.0,OK,
90,90,contriever,kmeans_k3,"Who was born first, Ana Kasparian or Andre Agassi?",5a7c34905542996dd594b8d5,"[6559, 23466]","[10533, 20430, 23466, 16486, 22238]",0.5,0.3333333333333333,0.6669541597366333,0.5762379169464111,qwen3.5-122b,I cannot answer this based on the provided context.,0.0,0.0,0.0,OK,
91,91,contriever,kmeans_k3,"Who is older, Simon Neil or Michael McKean?",5a7c64bc5542996dd594b913,"[25306, 25985]","[12140, 2955, 25306, 12537, 16272]",0.5,0.3333333333333333,0.6788693070411682,0.05127086490392685,qwen3.5-122b,I cannot answer this based on the provided context.,0.0,0.0,0.0,OK,
92,92,contriever,kmeans_k3,What was the sequel of the game that e was published by U.S. Gold in 1992?,5a7c68575542996dd594b91c,"[1860, 25874]","[22227, 1527, 25874, 23996, 18889]",0.5,0.3333333333333333,0.6563114523887634,0.08447418361902237,qwen3.5-122b,I cannot answer this based on the provided context.,0.0,0.0,0.0,OK,
93,93,contriever,kmeans_k3,What was the population in 2016 of the city that Norman Foote is originally from?,5a7c78c955429935c91b51d2,"[644, 12503]","[644, 8152, 421, 3205, 25840]",0.5,1.0,0.7099329829216003,0.04635993018746376,qwen3.5-122b,I cannot answer this based on the provided context.,0.0,0.0,0.0,OK,
94,94,contriever,kmeans_k3,The 2011 Tennessee Tech Golden Eagles football team competed in a conference with how many members competing in football?,5a7c827e55429907fabeefa7,"[12219, 24831]","[12219, 24831, 21183, 15917, 25548]",1.0,1.0,0.6660837531089783,0.8476054668426514,qwen3.5-122b,"Based on the provided context, the 2011 Tennessee Tech Golden Eagles football team was a member of the Ohio Valley Conference (OVC). According to Document 2, the OVC has 12 members, 9 of which compete in football in the conference.

Answer: 9",0.0,0.0,0.0,OK,
95,95,contriever,kmeans_k3,Focus is a 2015 American romantic crime comedy-drama film starring an Australian actress who was also cast in what soap opera?,5a7c8cea55429935c91b5214,"[15934, 5796]","[24376, 20008, 15934, 12598, 17158]",0.5,0.3333333333333333,0.5932304263114929,0.05062681809067726,qwen3.5-122b,I cannot answer this based on the provided context.,0.0,0.0,0.0,OK,
96,96,contriever,kmeans_k3,"As of 2010, what was the population of the county that was named after the 13th Speaker of the House of Representatives?",5a7c9ead5542990527d554e4,"[25549, 3547]","[25666, 24975, 20568, 25660, 22309]",0.0,0.0,0.5167174339294434,0.03892706707119942,qwen3.5-122b,I cannot answer this based on the provided context.,0.0,0.0,0.0,OK,
97,97,contriever,kmeans_k3,"Which restaurant chain is based further south, Pizza Fusion or Imo's Pizza?",5a7ca33f5542990527d554ee,"[4533, 5392]","[16431, 24959, 5392, 25840, 18071]",0.5,0.3333333333333333,0.6442236304283142,0.03076789528131485,qwen3.5-122b,I cannot answer this based on the provided context.,0.0,0.0,0.0,OK,
98,98,contriever,kmeans_k3,How much change in elevation is there at the site of the 1999 FIA GT Hockenheim 500km?,5a7cb993554299452d57b9c2,"[2797, 25741]","[25117, 2797, 7066, 12901, 25741]",1.0,0.5,0.5534412264823914,0.9966200590133667,qwen3.5-122b,"Based on the provided context, the 1999 FIA GT Hockenheim 500 km took place at the Hockenheimring Short Circuit (Document 2). Document 5 states that the Hockenheimring circuit ""has very little change in elevation.""

Therefore, there is **very little change in elevation** at the site.",0.0,0.0,0.0,OK,
99,99,contriever,kmeans_k3,How many times has the national team Joseph Raich Garriga played for in 1941 participated in FIFA World Cups?,5a7cc58f554299452d57ba45,"[4128, 23594]","[4128, 9668, 20122, 17593, 23791]",0.5,1.0,0.636394202709198,0.8907473683357239,qwen3.5-122b,"Based on the provided context, I cannot answer this question.

Document 1 states that Josep Raich Garriga played once for Spain in 1941, but it does not provide information regarding how many times the Spanish national team has participated in FIFA World Cups.",0.0,0.0,0.0,OK,
100,100,contriever,kmeans_k3,On what UHF channel is the station that Cindy Williams is on broadcast?,5a7ccc1e55429909bec7680e,"[2958, 264]","[24501, 18096, 2958, 3558, 1674]",0.5,0.3333333333333333,0.6238926649093628,0.08366958796977997,qwen3.5-122b,I cannot answer this based on the provided context.,0.0,0.0,0.0,OK,
101,101,contriever,kmeans_k3,Getting Married in Buffalo Jump stars an actor who was born in what city?,5a7cdc1b55429907fabef04d,"[10012, 24485]","[25840, 16807, 10012, 8475, 21290]",0.5,0.3333333333333333,0.7043126821517944,0.06757885962724686,qwen3.5-122b,I cannot answer this based on the provided context.,0.0,0.0,0.0,OK,
102,102,contriever,kmeans_k3,"Which band formed earlier, Edward Sharpe and the Magnetic Zeros or Louis XIV?",5a7cdd6b55429909bec76858,"[3440, 3418]","[3440, 3418, 25269, 21724, 25078]",1.0,1.0,0.6428400874137878,0.008016898296773434,qwen3.5-122b,"Based on the provided context, **Louis XIV** formed earlier.

*   **Louis XIV** released their first EPs starting in **2003** (Document 2).
*   **Edward Sharpe and the Magnetic Zeros** was formed in **2007** (Document 1).",0.0,0.0,0.0,OK,
103,103,contriever,kmeans_k3,"Which was released first, Gasland or To Shoot an Elephant?",5a7ced4355429909bec76895,"[9661, 9151]","[18075, 24344, 2396, 13629, 15964]",0.0,0.0,0.682163417339325,0.05302215367555618,qwen3.5-122b,I cannot answer this based on the provided context.,0.0,0.0,0.0,OK,
104,104,contriever,kmeans_k3,"Who is older, Steven Tyler, or Elizabeth Fraser?",5a7d2c8d5542995ed0d16624,"[17973, 17299]","[13629, 17299, 5633, 5493, 10533]",0.5,0.5,0.6810500025749207,0.5762379169464111,qwen3.5-122b,I cannot answer this based on the provided context.,0.0,0.0,0.0,OK,
105,105,contriever,kmeans_k3,"In what year was the Moldavian, later Romanian writer, known for his work ""The Goat and Her Three Kids"" born?",5a7dedb55542995f4f402317,"[8170, 25534]","[9021, 16285, 8170, 6026, 5551]",0.5,0.3333333333333333,0.5758200883865356,0.7789825201034546,qwen3.5-122b,I cannot answer this based on the provided context.,0.0,0.0,0.0,OK,
106,106,contriever,kmeans_k3,What is the population of the birth city of Daniela Scalia?,5a7e279d5542995ed0d166b5,"[14020, 9457]","[20878, 14020, 810, 3858, 10209]",0.5,0.5,0.6627120971679688,0.044698841869831085,qwen3.5-122b,I cannot answer this based on the provided context.,0.0,0.0,0.0,OK,
107,107,contriever,kmeans_k3,"Who has held more positions in the film industry, Donald Cammell or Justin David Swibel?",5a7e59c855429934daa2fc0f,"[6208, 10322]","[5474, 10322, 11782, 20532, 6208]",1.0,0.5,0.660056471824646,0.859100878238678,qwen3.5-122b,"Based on the provided context, Donald Cammell is described as a ""film director"" (one position), while Justin David Swibel is described as a ""screenwriter, director, and producer"" (three positions).

Therefore, **Justin David Swibel** has held more positions in the film industry according to the text.",0.0,0.0,0.0,OK,
108,108,contriever,kmeans_k3,The Hindmarsh Stadium is sponsored by a brewery that sold how many liters of beer in 2013 ?,5a7eec6f55429934daa2fc7c,"[10554, 24630]","[10554, 4313, 4447, 24630, 8346]",1.0,1.0,0.6729590892791748,0.22536994516849518,qwen3.5-122b,"Based on the provided context, the Hindmarsh Stadium is currently known as the Coopers Stadium due to sponsorship from Coopers Brewery. According to Document 4, Coopers Brewery sold **69.7 million litres** of beer in the 2013 financial year.",0.0,0.0,0.0,OK,
109,109,contriever,kmeans_k3,What region of Italy was Giorgio Pini born in?,5a7ef6b35542994959419a94,"[8550, 6427]","[18534, 8550, 20712, 24665, 22844]",0.5,0.5,0.5953097343444824,0.9985448122024536,qwen3.5-122b,"Based on the provided context, Giorgio Pini was born in Bologna.",0.0,0.0,0.0,OK,
110,110,contriever,kmeans_k3,How did the prominent member of the Astor family who was a lieutenant colonel in the Spanish-American War die?,5a7efa7a55429930675135ea,"[12667, 11180]","[24251, 11180, 4929, 2585, 12667]",1.0,0.5,0.6896592378616333,0.9903130531311035,qwen3.5-122b,"Based on the provided context, I cannot answer this based on the provided context.

**Reasoning:**
Document 2 identifies **John Jacob ""Jack"" Astor IV** as the prominent member of the Astor family who was a **lieutenant colonel in the Spanish–American War**. However, Document 2 only provides his birth and death dates (April 15, 1912) and does not state the *cause* or *manner* of his death.

While Document 5 mentions that ""Colonel John Jacob Astor IV, perished on the RMS 'Titanic',"" it does not explicitly link this event to the specific individual described in Document 2 as the ""lieutenant colonel in the Spanish–American War"" (though they are historically the same person, the provided text does not make that explicit connection or confirm the cause of death for the specific person defined by the military rank in the question). Therefore, strictly based *only* on the provided text, the specific cause of death for the person defined by the military rank is not stated.",0.0,0.0,0.0,OK,
111,111,contriever,kmeans_k3,"Which band originated from the United States, Milky Chance or Stone Temple Pilots?",5a7f19eb55429934daa2fcdb,"[16719, 24908]","[2563, 16719, 20415, 24908, 8137]",1.0,0.5,0.6196356415748596,0.5058985352516174,qwen3.5-122b,"Based on the provided context, **Stone Temple Pilots** originated from the United States.

Document 4 states that Stone Temple Pilots is an ""American rock band from San Diego, California."" In contrast, Document 2 states that Milky Chance is a ""German folk group originating from Kassel.""",0.0,0.0,0.0,OK,
112,112,contriever,kmeans_k3,"The album that contains the song ""Get Together"" by Madonna was mainly recorded in whose home studio?",5a7f22005542993067513657,"[17942, 6805]","[25005, 13859, 17942, 100, 16201]",0.5,0.3333333333333333,0.6838051080703735,0.06637097895145416,qwen3.5-122b,I cannot answer this based on the provided context.,0.0,0.0,0.0,OK,
113,113,contriever,kmeans_k3,A man known as one of the most brutal pro-Confederate guerrilla leaders in the American Civil War had a following that included a bank and train robber from western Missouri raised in what area?,5a7f79155542995d8a8dde86,"[9662, 681]","[9662, 23282, 681, 2898, 1327]",1.0,1.0,0.6021765470504761,0.5617883801460266,qwen3.5-122b,"Based on the provided context, the man known as one of the most brutal pro-Confederate guerrilla leaders is William T. Anderson, also known as ""Bloody Bill"" Anderson (Document 3). The context states that Jesse Woodson James, a bank and train robber from western Missouri, was a follower of Anderson (Document 1). Document 1 further specifies that James was raised in the **""Little Dixie""** area of western Missouri.

Answer: Little Dixie",0.0,0.0,0.0,OK,
114,114,contriever,kmeans_k3,Did the Beaulieu Mine or the McIntyre Mines yield gold and copper?,5a7f7b365542992097ad2f80,"[4191, 23965]","[15252, 15339, 4191, 3555, 14494]",0.5,0.3333333333333333,0.5479639768600464,0.062205322086811066,qwen3.5-122b,I cannot answer this based on the provided context.,0.0,0.0,0.0,OK,
115,115,contriever,kmeans_k3,IN what year were both Franz Ferdinand and Sunrise Avenue formed?,5a7f9cb55542995d8a8ddec1,"[20134, 24566]","[12669, 25269, 20134, 13791, 24566]",1.0,0.3333333333333333,0.698701024055481,0.044392623007297516,qwen3.5-122b,"Both Franz Ferdinand and Sunrise Avenue were formed in **2002**.

- Franz Ferdinand: ""formed in 2002"" (Document 3)
- Sunrise Avenue: ""originally formed in 2002"" (Document 5)",0.0,0.0,0.0,OK,
116,116,contriever,kmeans_k3,Ali Eren Balıkel started a restaurant which hosted a number of famous figures including an English actor who won three consecutive what?,5a7fb6625542994857a767cc,"[22297, 7620]","[22297, 12311, 13330, 16816, 23616]",0.5,1.0,0.6271790862083435,0.45099255442619324,qwen3.5-122b,"Based on the provided context, the English actor mentioned is Robert De Niro, who is described as an ""Oscar award-winning actress"" (note: the text incorrectly refers to him as an actress, but identifies him as an Oscar award-winning actor). However, the text **does not state** that he won three consecutive awards, nor does it specify what those awards were. It only mentions he is an ""Oscar award-winning"" actor.

Therefore, I cannot answer this based on the provided context.",0.0,0.0,0.0,OK,
117,117,contriever,kmeans_k3,What Theo Avgerinos movie did the actor known for the role as Matt McNamara appear in?,5a7fc5875542992e7d278d67,"[25913, 10575]","[25913, 2299, 13726, 22227, 3936]",0.5,1.0,0.6855512261390686,0.05714927613735199,qwen3.5-122b,I cannot answer this based on the provided context.,0.0,0.0,0.0,OK,
118,118,contriever,kmeans_k3,"Which magazine has more issues per month, Club or Pro Football Weekly",5a804f01554299485f5985bf,"[20124, 10672]","[14376, 17152, 10672, 9571, 5048]",0.5,0.3333333333333333,0.5407770872116089,0.023460375145077705,qwen3.5-122b,I cannot answer this based on the provided context.,0.0,0.0,0.0,OK,
119,119,contriever,kmeans_k3,"Bob Edwards was the host of what show, that later was hosted by Renee Montagne?",5a807181554299485f5985ec,"[10537, 14470]","[9465, 23893, 14470, 25277, 1886]",0.5,0.3333333333333333,0.6593614816665649,0.0948939174413681,qwen3.5-122b,I cannot answer this based on the provided context.,0.0,0.0,0.0,OK,
120,120,contriever,kmeans_k3,What location under Charing Cross railway station did G-A-Y move to?,5a80735b554299485f5985f3,"[2951, 19280]","[1063, 25687, 2951, 211, 19380]",0.5,0.3333333333333333,0.622211754322052,0.04446026310324669,qwen3.5-122b,I cannot answer this based on the provided context.,0.0,0.0,0.0,OK,
121,121,contriever,kmeans_k3,Who conceived the rapid transit system that Klemzig Interchange is a part of?,5a807b44554299485f59860a,"[5865, 781]","[24592, 25840, 5865, 781, 21823]",1.0,0.3333333333333333,0.6559732556343079,0.9332822561264038,qwen3.5-122b,"Based on the provided context, the rapid transit system that Klemzig Interchange is a part of (the O-Bahn Busway) was conceived by **Daimler-Benz**.

Document 3 states that Klemzig Interchange is an interchange on the O-Bahn Busway, and Document 4 states that ""The O-Bahn system was conceived by Daimler-Benz.""",0.0,0.0,0.0,OK,
122,122,contriever,kmeans_k3,"A vehicle that uses hydrogen as its onboard fuel for motive power is cosidered which, Flex-fuel or Bi-fuel?",5a8080365542992097ad2fed,"[5296, 5135]","[382, 8040, 5135, 4112, 2974]",0.5,0.3333333333333333,0.5197105407714844,0.01123811211436987,qwen3.5-122b,I cannot answer this based on the provided context.,0.0,0.0,0.0,OK,
123,123,contriever,kmeans_k3,Shaqtin' a Fool has included which television personality who worked for 8 yearst at ESPN?,5a80870d5542992bc0c4a752,"[17856, 24380]","[17856, 2168, 12783, 17665, 23293]",0.5,1.0,0.6705981492996216,0.04439267888665199,qwen3.5-122b,I cannot answer this based on the provided context.,0.0,0.0,0.0,OK,
124,124,contriever,kmeans_k3,Who's fifth album and debut single are Startin' Fires and Austin respectively?,5a808c215542995d8a8ddf90,"[5696, 568]","[5696, 2168, 13726, 4577, 24649]",0.5,1.0,0.6662686467170715,0.07780803740024567,qwen3.5-122b,I cannot answer this based on the provided context.,0.0,0.0,0.0,OK,
125,125,contriever,kmeans_k3,Were Sound Team and Dead by Sunrise both formed before 2010?,5a8091515542996402f6a563,"[10691, 284]","[23066, 8137, 284, 8358, 510]",0.5,0.3333333333333333,0.6054472327232361,0.07449746131896973,qwen3.5-122b,I cannot answer this based on the provided context.,0.0,0.0,0.0,OK,
126,126,contriever,kmeans_k3,What is the name of the vocalist who collaborated with the rap duo who won the 2002 Grammy Award for Best Rap Performance by a Duo or Group?,5a80a25d5542995d8a8ddfb7,"[21558, 3114]","[21753, 25059, 12783, 17788, 23743]",0.0,0.0,0.5896918773651123,0.022309504449367523,qwen3.5-122b,I cannot answer this based on the provided context.,0.0,0.0,0.0,OK,
127,127,contriever,kmeans_k3,What prominent director worked with Orion Pictures and was born in December of 1935?,5a80b52f554299485f5986d6,"[6920, 12613]","[22694, 1897, 6920, 13405, 15111]",0.5,0.3333333333333333,0.5904382467269897,0.8059656023979187,qwen3.5-122b,I cannot answer this based on the provided context.,0.0,0.0,0.0,OK,
128,128,contriever,kmeans_k3,"How many seasons has a popular tv show had, in which one of the episodes is called Moho House?",5a80c79155429938b61421da,"[22517, 19429]","[22517, 66, 24562, 20040, 9507]",0.5,1.0,0.6382282972335815,0.9997507333755493,qwen3.5-122b,"Based on the provided context, the episode ""Moho House"" is from the animated television series ""The Simpsons,"" which is in its **twenty-eighth season**.",0.0,0.0,0.0,OK,
129,129,contriever,kmeans_k3,British Airways and EasyJet are both based out of where?,5a80d2c6554299260e20a17c,"[8537, 4606]","[22006, 8367, 8537, 20137, 24518]",0.5,0.3333333333333333,0.6257199645042419,0.5928990244865417,qwen3.5-122b,"Based on the provided context, I cannot answer this question.

Document 3 states that British Airways is centred at its main hub at London Heathrow Airport and has a second major hub at London Gatwick Airport. However, the context does not provide information regarding where EasyJet is based.",0.0,0.0,0.0,OK,
130,130,contriever,kmeans_k3,The American actor Chip Zien is best known for this Broadway production by which American composer and lyricist who received an Academy Award and Tony Awards?,5a80ddc555429938b6142224,"[25865, 10847]","[22227, 5741, 11444, 17665, 15733]",0.0,0.0,0.679073691368103,0.03382737934589386,qwen3.5-122b,I cannot answer this based on the provided context.,0.0,0.0,0.0,OK,
131,131,contriever,kmeans_k3,"""Prostitute"" is a song written by Axl Rose and Paul Tobias with additional work by an American guitarist has played in two different bands on a list of what?",5a80e4b255429938b6142239,"[14206, 25391]","[9950, 19632, 14206, 10866, 13620]",0.5,0.3333333333333333,0.6072790026664734,0.34697484970092773,qwen3.5-122b,I cannot answer this based on the provided context.,0.0,0.0,0.0,OK,
132,132,contriever,kmeans_k3,How many of the 12 million immigrants to the United States through Ellis Island were Italian immigrants?,5a80e5f5554299260e20a1ae,"[21537, 25908]","[6827, 21537, 25908, 14949, 20878]",1.0,0.5,0.6391764879226685,0.21634070575237274,qwen3.5-122b,I cannot answer this based on the provided context.,0.0,0.0,0.0,OK,
133,133,contriever,kmeans_k3,"Which breed of dog came first, the Norrbottenspets or the Blue Lacy?",5a812d0555429938b61422e1,"[11627, 22223]","[11627, 66, 22223, 13266, 20324]",1.0,1.0,0.6647838950157166,0.10055158287286758,qwen3.5-122b,"Based on the provided context, the **Norrbottenspets** came first.

The text describes the Norrbottenspets as an ""ancient breed,"" whereas the Blue Lacy Dog originated in Texas in the ""mid-19th century.""",0.0,0.0,0.0,OK,
134,134,contriever,kmeans_k3,The Rhymers' Club met at Ye Olde Cheshire Cheese listed as what type of house?,5a81549055429938b6142338,"[24850, 1616]","[24850, 4054, 1616, 17143, 11716]",1.0,1.0,0.5891894102096558,0.45648929476737976,qwen3.5-122b,"Based on the provided context, Ye Olde Cheshire Cheese is listed as a **public house** (specifically a Grade II listed public house).

*Source: Document 3 states, ""Ye Olde Cheshire Cheese is a Grade II listed public house..."" and Document 1 confirms the Rhymers' Club met there.*",0.0,0.0,0.0,OK,
135,135,contriever,kmeans_k3,Where is the closest relative to the whale located?,5a81a4615542995ce29dcc1e,"[13057, 15000]","[6216, 5000, 13057, 15354, 10460]",0.5,0.3333333333333333,0.6449486017227173,0.9981799721717834,qwen3.5-122b,"Based on the provided context, the closest living relatives to whales are the **hippopotamuses**. The text states that whales and hippopotamuses diverged about 40 million years ago, but it does not specify the current geographic location where hippopotamuses are found.",0.0,0.0,0.0,OK,
136,136,contriever,kmeans_k3,How long did the king who created the coins of the hawaiian dollar rule?,5a81b7205542990a1d231e79,"[24397, 24201]","[13370, 24201, 24397, 15062, 20959]",1.0,0.5,0.5945822596549988,0.91782546043396,qwen3.5-122b,"I cannot answer this based on the provided context.

The provided documents mention that King Kamehameha III issued the first official coinage (a one-cent copper penny) in 1847 and that King Kalākaua I minted the last official coinage in 1883. However, none of the documents mention the creation of a ""Hawaiian dollar"" or specify which king created it, nor do they provide the specific reign duration for a king associated with a Hawaiian dollar. Document 2 provides the reign dates for Kamehameha III (1825–1854), but the context does not link him to the creation of a ""Hawaiian dollar.""",0.0,0.0,0.0,OK,
137,137,contriever,kmeans_k3,"Which college is located in the United States, University of Delaware of University of Debrecen?",5a81b92a5542995ce29dcc52,"[11594, 11762]","[11762, 19498, 8453, 21476, 25140]",0.5,1.0,0.5752001404762268,0.03300822153687477,qwen3.5-122b,I cannot answer this based on the provided context.,0.0,0.0,0.0,OK,
138,138,contriever,kmeans_k3,"Tryon D. Lewis is a lawyer from Odessa, Texas which is located in what county?",5a81d19b55429926c1cdad90,"[10254, 3031]","[25545, 9048, 10254, 19285, 19686]",0.5,0.3333333333333333,0.6082271337509155,0.06620314717292786,qwen3.5-122b,I cannot answer this based on the provided context.,0.0,0.0,0.0,OK,
139,139,contriever,kmeans_k3,Who played the role of Nettie Harris in the 1985 film directed by Steven Spielberg?,5a81e8ea5542995ce29dcc73,"[25839, 12103]","[11522, 2267, 25839, 16676, 2381]",0.5,0.3333333333333333,0.6331902742385864,0.2436024248600006,qwen3.5-122b,"Based on the provided context, **Akosua Gyamama Busia** played the role of Nettie Harris in the 1985 film ""The Color Purple.""

(Note: While the context confirms Busia played the role in the 1985 film, it does not explicitly mention that Steven Spielberg directed the film.)",0.0,0.0,0.0,OK,
140,140,contriever,kmeans_k3,What kind of movie directed by F. Javier gutierrez did an Italian model and actress star in?,5a81ebee554299676cceb16d,"[20162, 19196]","[20712, 17518, 14075, 20878, 25574]",0.0,0.0,0.628840446472168,0.03908655792474747,qwen3.5-122b,I cannot answer this based on the provided context.,0.0,0.0,0.0,OK,
141,141,contriever,kmeans_k3,What award did the actor in Tales from the Crypt win?,5a8210f355429926c1cdae24,"[360, 3539]","[7806, 3237, 16009, 15154, 4100]",0.0,0.0,0.512190043926239,0.12474274635314941,qwen3.5-122b,I cannot answer this based on the provided context.,0.0,0.0,0.0,OK,
142,142,contriever,kmeans_k3,Which physicist known for his work on parity violation has a son who became an American chemist teaching at Cornell University?,5a823b0c55429940e5e1a804,"[22771, 8863]","[8014, 22771, 3157, 21290, 17604]",0.5,0.5,0.6437249779701233,0.06366917490959167,qwen3.5-122b,I cannot answer this based on the provided context.,0.0,0.0,0.0,OK,
143,143,contriever,kmeans_k3,Folie à Deux is a studio album by the American rock band formed in which city?,5a825bb455429940e5e1a874,"[5277, 2683]","[3235, 5277, 21975, 1118, 10361]",0.5,0.5,0.6018465757369995,0.05655351281166077,qwen3.5-122b,I cannot answer this based on the provided context.,0.0,0.0,0.0,OK,
144,144,contriever,kmeans_k3,Hugo Rodríguez Romero is a Spanish footballer who plays for a team in the autonomous community of what?,5a8268aa55429940e5e1a8aa,"[18995, 20295]","[18995, 18705, 18348, 25969, 6711]",0.5,1.0,0.5338724255561829,0.09099781513214111,qwen3.5-122b,I cannot answer this based on the provided context.,0.0,0.0,0.0,OK,
145,145,contriever,kmeans_k3,How many rooms does the Tropicana Hotel have where the 7th annual Adult Video News awards ceremony were held in 1980?,5a8284b555429954d2e2eb5f,"[22471, 24289]","[24289, 23647, 22471, 12515, 10017]",1.0,1.0,0.6216610670089722,0.9524243474006653,qwen3.5-122b,"I cannot answer this based on the provided context.

The provided text states that the 7th AVN Awards took place on January 8, **1990**, not 1980. While the context mentions that the Tropicana Las Vegas has 1,467 rooms, it does not provide information about the number of rooms the hotel had in 1980, nor does it confirm the hotel's name or room count specifically for the year 1980.",0.0,0.0,0.0,OK,
146,146,contriever,kmeans_k3,Are the Barton Mine and Hermiston-McCauley Mine located in The United States of America?,5a82accd55429966c78a6a78,"[8158, 11498]","[15252, 16186, 11498, 3555, 25618]",0.5,0.3333333333333333,0.5578793287277222,0.056084584444761276,qwen3.5-122b,I cannot answer this based on the provided context.,0.0,0.0,0.0,OK,
147,147,contriever,kmeans_k3,The Plymouth fury produced from 1955 to 1989  was replaced by what for police and fleet applications?,5a8303c255429954d2e2ec01,"[25198, 1050]","[1050, 3837, 24319, 25198, 897]",1.0,1.0,0.6269967555999756,0.9975633025169373,qwen3.5-122b,"Based on the provided context, the Plymouth Fury (specifically in the context of the Chrysler M platform which took on full-sized nameplates like the Plymouth Fury for police and fleet applications) was effectively replaced by the **Chrysler K platform**.

Document 4 states: ""These were effectively replaced by the very successful Chrysler K platform in standard and stretch sizes..."" referring to the vehicles that took on nameplates such as the Plymouth Fury for police and fleet applications.",0.0,0.0,0.0,OK,
148,148,contriever,kmeans_k3,How many Grammy awards were won by an album named after the Joni Mitchell song from Love Actually?,5a8318955542990548d0b177,"[4544, 23978]","[16852, 20131, 4544, 25269, 9859]",0.5,0.3333333333333333,0.6605331301689148,0.9718214273452759,qwen3.5-122b,"Based on the provided context, the album named after the Joni Mitchell song (which is ""Both Sides Now,"" a song featured in the movie *Love Actually*) is the concept album *Both Sides Now*. According to Document 3, this album won **two** Grammy awards in 2001.",0.0,0.0,0.0,OK,
149,149,contriever,kmeans_k3,Are the 1908 Ex parte Young and 1948 McCollum v. Board of Education United States Supreme Court cases related to each other in any way?,5a831af855429954d2e2ec1e,"[3747, 18694]","[18694, 23552, 15064, 3747, 4929]",1.0,1.0,0.6624032258987427,0.99382084608078,qwen3.5-122b,"Based on the provided context, there is no information indicating that the 1908 *Ex parte Young* case and the 1948 *McCollum v. Board of Education* case are related to each other.

*   **Document 1** states that *McCollum v. Board of Education* relates to the power of a state to use its tax-supported public school system to aid religious instruction and the separation of church and state.
*   **Document 4** states that *Ex parte Young* relates to allowing suits in federal courts against state officials acting unconstitutionally despite state sovereign immunity.

The documents describe the subjects of the two cases separately but do not establish a connection between them.",0.0,0.0,0.0,OK,
150,150,contriever,kmeans_k3,What city is the most populous city in Australia and Oceania and the birthplace of a silver and bronze medalist from the 1992 Barcelona Paralympics?,5a831fc955429954d2e2ec28,"[12693, 10170]","[12693, 10170, 15051, 22935, 7946]",1.0,1.0,0.661772608757019,0.018885217607021332,qwen3.5-122b,"Based on the provided context, the city is **Sydney**.

*   **Document 2** states that ""Sydney... is the most populous city in Australia and Oceania.""
*   **Document 1** states that Marsha Green, who ""won a silver medal and bronze medal at the 1992 Barcelona Paralympics,"" was ""born... in Sydney, New South Wales.""",0.0,0.0,0.0,OK,
151,151,contriever,kmeans_k3,In which U.S. state are MedStar Georgetown University Hospital and Providence Hospital?,5a83305d55429966c78a6b4a,"[21829, 1214]","[12286, 17857, 1214, 20695, 21829]",1.0,0.3333333333333333,0.5716366767883301,0.11750348657369614,qwen3.5-122b,"Based on the provided context, both MedStar Georgetown University Hospital and Providence Hospital are located in the **District of Columbia**.

*   **Document 3** states that MedStar Georgetown University Hospital is located in ""Washington, D.C.""
*   **Document 5** states that Providence Hospital is located in the ""District of Columbia.""

(Note: The District of Columbia is a federal district and not a U.S. state, though it is often grouped with states in such contexts.)",0.0,0.0,0.0,OK,
152,152,contriever,kmeans_k3,What summit is located in the county who's county seat is Helena?,5a8333115542993344745feb,"[18612, 25717]","[7066, 24975, 25717, 20834, 22875]",0.5,0.3333333333333333,0.5252300500869751,0.005059428513050079,qwen3.5-122b,I cannot answer this based on the provided context.,0.0,0.0,0.0,OK,
153,153,contriever,kmeans_k3,"Which tower is taller, 712 Fifth Avenue or Manhattan Life Insurance Building?",5a834ed95542990548d0b1ca,"[4368, 25509]","[15234, 25509, 4368, 25840, 21633]",1.0,0.5,0.623537540435791,0.9889200925827026,qwen3.5-122b,"Based on the provided context, **712 Fifth Avenue** is taller.

*   **712 Fifth Avenue** is described as a **650 ft** skyscraper (Document 3).
*   The **Manhattan Life Insurance Building** is described as a **348 ft** tower (Document 2).

650 ft is greater than 348 ft.",0.0,0.0,0.0,OK,
154,154,contriever,kmeans_k3,"The publication of which magazine ended first, Right On! or Castle of Frankenstein?",5a835a7b554299123d8c20fc,"[2583, 8980]","[21251, 19517, 8980, 23996, 15833]",0.5,0.3333333333333333,0.721551239490509,0.050347186625003815,qwen3.5-122b,I cannot answer this based on the provided context.,0.0,0.0,0.0,OK,
155,155,contriever,kmeans_k3,are Mikhail Glinka and Jean-Baptiste Lully both composers ?,5a836a765542996488c2e446,"[8998, 7856]","[2705, 7856, 8998, 25407, 9454]",1.0,0.5,0.5902769565582275,0.0015636953758075833,qwen3.5-122b,"Yes, both Mikhail Glinka and Jean-Baptiste Lully are composers.

- According to Document 3, Mikhail Ivanovich Glinka was ""the first Russian composer to gain wide recognition within his own country.""
- According to Document 2, Jean-Baptiste Lully was ""an Italian-born French composer, instrumentalist, and dancer.""",0.0,0.0,0.0,OK,
156,156,contriever,kmeans_k3,What is the date of the reissue of one of Rhihanna's album that features three newly recorded songs and a DVD showing exclusive behind-the-scenes footage of Rihanna's worldwide tour that was the second overall and first world concert tour by Rihanna?,5a83938c5542993344746049,"[15652, 4702]","[13004, 4702, 1792, 6447, 9859]",0.5,0.5,0.6773418188095093,0.03506553918123245,qwen3.5-122b,I cannot answer this based on the provided context.,0.0,0.0,0.0,OK,
157,157,contriever,kmeans_k3,"Who was the brother of the architect of Hook and Ladder No. 4 located in Albany, NY?",5a8485fa5542992a431d1a41,"[10116, 12352]","[10116, 7979, 11080, 22319, 9454]",0.5,1.0,0.653397262096405,0.6429761052131653,qwen3.5-122b,I cannot answer this based on the provided context.,0.0,0.0,0.0,OK,
158,158,contriever,kmeans_k3,"Does Jimmy Barnes have more hits, both solo and in a group, than Yang Seung-ho has with his group?",5a84a4e35542992a431d1a81,"[755, 15530]","[19306, 25504, 15530, 3633, 20131]",0.5,0.3333333333333333,0.6103751063346863,0.03726011514663696,qwen3.5-122b,I cannot answer this based on the provided context.,0.0,0.0,0.0,OK,
159,159,contriever,kmeans_k3,Who was the First Prophert to the sixth Pharaoh of the Eighteenth Dynasty?,5a84a8ce5542997175ce1f1c,"[4427, 3287]","[12236, 1669, 1162, 11803, 6767]",0.0,0.0,0.5487939119338989,0.6372328996658325,qwen3.5-122b,I cannot answer this based on the provided context.,0.0,0.0,0.0,OK,
160,160,contriever,kmeans_k3,What notable work from French music video director Yoann Lemoine features an apology and plea for forgiveness?,5a84ad3a5542992a431d1a8b,"[11957, 10715]","[25304, 11957, 22065, 14681, 16500]",0.5,0.5,0.663683295249939,0.03234472498297691,qwen3.5-122b,I cannot answer this based on the provided context.,0.0,0.0,0.0,OK,
161,161,contriever,kmeans_k3,What movies has Juno Temple starred in?,5a84b2995542994c784dda11,"[22906, 53]","[20335, 13145, 53, 8152, 22694]",0.5,0.3333333333333333,0.6723290681838989,0.9997875690460205,qwen3.5-122b,"Based on the provided context, Juno Temple has appeared in the following films: ""Black Mass"", ""The Other Boleyn Girl"", ""Wild Child"", ""Atonement"", ""Maleficent"", ""The Three Musketeers"", and ""The Dark Knight Rises"". She also had a starring role in the HBO period drama series ""Vinyl"".",0.0,0.0,0.0,OK,
162,162,contriever,kmeans_k3,"Which Bulldog includes breeds such as ""Standard"" and ""Classic,"" the French Bulldog or the American Bulldog?",5a84b5ac5542991dd0999da4,"[24617, 23869]","[6739, 3238, 23869, 25840, 20998]",0.5,0.3333333333333333,0.6641213297843933,0.28754106163978577,qwen3.5-122b,"Based on the provided context, the **American Bulldog** includes breeds such as ""Standard"" and ""Classic.""

Document 3 states: ""There are two specific types of American Bulldog, Standard and Classic."" The context does not mention the French Bulldog.",0.0,0.0,0.0,OK,
163,163,contriever,kmeans_k3,Both Mulled wine and Blue Lagoon are considered primarily alcoholic or non-alcoholic?,5a84b6e15542991dd0999daa,"[3851, 157]","[4577, 157, 3851, 2502, 13928]",1.0,0.5,0.5676088333129883,0.9911479949951172,qwen3.5-122b,"Based on the provided context:

*   **Mulled wine** is described as an **alcoholic** beverage (though non-alcoholic versions exist).
*   **Blue Lagoon** is described as a cocktail featuring blue Curaçao. While the text does not explicitly state ""alcoholic,"" cocktails are by definition alcoholic beverages, and blue Curaçao is a liqueur.

Therefore, both are considered primarily **alcoholic**.",0.0,0.0,0.0,OK,
164,164,contriever,kmeans_k3,Is Awolnation an American alternative rock band and This Mortal Coil was a music collective,5a84b6ed5542994c784dda18,"[11544, 22983]","[20536, 22983, 21724, 24981, 4976]",0.5,0.5,0.5969590544700623,0.03578095883131027,qwen3.5-122b,I cannot answer this based on the provided context.,0.0,0.0,0.0,OK,
165,165,contriever,kmeans_k3,What is  Cyaxares relationship to the man that governed for 53 years?,5a84b9c95542997b5ce3ff35,"[17543, 17487]","[23642, 25947, 17543, 18624, 2544]",0.5,0.3333333333333333,0.7201720476150513,0.07295448333024979,qwen3.5-122b,I cannot answer this based on the provided context.,0.0,0.0,0.0,OK,
166,166,contriever,kmeans_k3,Are Yingkou and Fuding the same level of city?,5a84c4135542994c784dda31,"[2059, 23960]","[16919, 7375, 2059, 21299, 10579]",0.5,0.3333333333333333,0.6083512902259827,0.0398886539041996,qwen3.5-122b,I cannot answer this based on the provided context.,0.0,0.0,0.0,OK,
167,167,contriever,kmeans_k3,Who was involved in observing the natural progression of untreated syphilis in rural African-American men in Alabama?,5a84c4bb5542991dd0999dec,"[10764, 5668]","[24865, 17093, 5668, 14673, 992]",0.5,0.3333333333333333,0.6324032545089722,0.9988262057304382,qwen3.5-122b,"Based on the provided context, the **U.S. Public Health Service** conducted the study to observe the natural progression of untreated syphilis in rural African-American men in Alabama. This study is known as the Tuskegee Study of Untreated Syphilis in the Negro Male (or Tuskegee Syphilis Study/Experiment) and was carried out between 1932 and 1972.",0.0,0.0,0.0,OK,
168,168,contriever,kmeans_k3,Which singer of the Bee Gees sung a middle part of a song in which the majority was sung by Barry Gibb?,5a84cb255542991dd0999dfa,"[14245, 2955]","[21095, 2435, 2955, 17143, 2585]",0.5,0.3333333333333333,0.637346625328064,0.06974244862794876,qwen3.5-122b,I cannot answer this based on the provided context.,0.0,0.0,0.0,OK,
169,169,contriever,kmeans_k3,"WHich college is located in the United States, Grand Valley State University or Carleton University?",5a84ee4c5542997175ce1f2b,"[10040, 6317]","[13843, 10040, 8453, 19746, 20695]",0.5,0.5,0.6012112498283386,0.12295180559158325,qwen3.5-122b,"Based on the provided context, **Grand Valley State University** is located in the United States.

Document 2 states that Grand Valley State University is a public liberal arts university located in Allendale, Michigan, United States. The provided text does not contain information about Carleton University.",0.0,0.0,0.0,OK,
170,170,contriever,kmeans_k3,The birthplace of George McCall Theal is a port city of what bay?,5a852cd05542997b5ce3ffb0,"[551, 10682]","[20287, 285, 551, 2791, 16784]",0.5,0.3333333333333333,0.6446546316146851,0.03751184791326523,qwen3.5-122b,I cannot answer this based on the provided context.,0.0,0.0,0.0,OK,
171,171,contriever,kmeans_k3,"The Azad Hind Dal was created by an Indian nationalist whose defiant patriotism made him a hero in India, but whose attempt to rid India of British rule during what war left a troubled legacy?",5a85a3005542991dd0999e72,"[2667, 6042]","[2667, 6042, 9334, 19741, 18726]",1.0,1.0,0.5997464060783386,0.6580888032913208,qwen3.5-122b,"Based on the provided context, the Azad Hind Dal was created by Subhas Chandra Bose (Document 1). Document 2 describes Subhas Chandra Bose as an Indian nationalist whose defiant patriotism made him a hero in India, but whose attempt to rid India of British rule during **World War II** left a troubled legacy.

Answer: World War II",0.0,0.0,0.0,OK,
172,172,contriever,kmeans_k3,Are Hoodoo Gurus and Pierre Bouvier of the same nationality?,5a85e24a5542994775f6067f,"[25104, 2028]","[2028, 15943, 25104, 20756, 17102]",1.0,1.0,0.6716607213020325,0.002091623144224286,qwen3.5-122b,"No, they are not of the same nationality. According to the provided context:

*   **Pierre Charles Bouvier** is described as a **Canadian** singer.
*   **Hoodoo Gurus** are described as an **Australian** rock band.",0.0,0.0,0.0,OK,
173,173,contriever,kmeans_k3,"Just Before I Go stars an actress who plays what character in the series ""24""?",5a85e2775542994775f60680,"[16208, 6157]","[1071, 10388, 16208, 25952, 16807]",0.5,0.3333333333333333,0.6875924468040466,0.11796165257692337,qwen3.5-122b,I cannot answer this based on the provided context.,0.0,0.0,0.0,OK,
174,174,contriever,kmeans_k3,Which mechanical device which engages and disengages power transmission  uses brake fluid?,5a85e5345542991dd0999ebb,"[2093, 23925]","[5000, 4112, 23925, 19447, 5559]",0.5,0.3333333333333333,0.5454767942428589,0.006870000157505274,qwen3.5-122b,I cannot answer this based on the provided context.,0.0,0.0,0.0,OK,
175,175,contriever,kmeans_k3,Are both Ride a Wild Pony and Frozen 2 computer-animated films?,5a85ebe75542996432c5712a,"[9305, 18606]","[18606, 8591, 17905, 9305, 3108]",1.0,1.0,0.6627625226974487,0.9972940683364868,qwen3.5-122b,"Based on the provided context, **Frozen 2** is described as a ""computer-animated film."" However, the context for **Ride a Wild Pony** describes it as a ""1975 American-Australian family adventure film"" but does not specify whether it is computer-animated.

Therefore, I cannot confirm if both are computer-animated films based solely on the provided text.",0.0,0.0,0.0,OK,
176,176,contriever,kmeans_k3,Were Robert Holdstock and H. L. Mencken both known for being satirists?,5a861ea85542994775f60700,"[18049, 22681]","[4929, 18049, 22681, 16005, 24227]",1.0,0.5,0.6972213983535767,0.991906464099884,qwen3.5-122b,"Based on the provided context, only H. L. Mencken is described as a satirist. The text states that Henry Louis Mencken was an ""American journalist, satirist, cultural critic and scholar."" In contrast, Robert Paul Holdstock is described as an ""English novelist and author best known for his works of Celtic, Nordic, Gothic and Pictish fantasy literature,"" with no mention of him being a satirist.

Therefore, the context does not support the claim that both were known for being satirists.",0.0,0.0,0.0,OK,
177,177,contriever,kmeans_k3,When was the publisher of Traveller Supplement 4: Citizens of the Imperium in business?,5a86481b5542996432c571b5,"[23140, 427]","[23140, 20284, 2006, 18075, 20560]",0.5,1.0,0.634134829044342,0.013440809212625027,qwen3.5-122b,"Based on the provided context, the publisher of *Traveller Supplement 4: Citizens of the Imperium* is Game Designers' Workshop. The text states that the supplement was published in 1979, but it does not provide information regarding the specific years the publisher was in business.

I cannot answer this based on the provided context.",0.0,0.0,0.0,OK,
178,178,contriever,kmeans_k3,"Yoann Lemoine, a French video director, has created music videos for Lana Del Rey, Katy Perry, and an orchestral country pop ballad by which top pop artist?",5a864ff7554299211dda2af2,"[11957, 10715]","[23647, 12783, 11957, 16500, 4521]",0.5,0.3333333333333333,0.563385546207428,0.16826438903808594,qwen3.5-122b,"Based on the provided context, Yoann Lemoine created music videos for Lana Del Rey and Katy Perry, as well as Taylor Swift's single ""Back to December.""

Answer: Taylor Swift",0.0,0.0,0.0,OK,
179,179,contriever,kmeans_k3,Does Erodium or Cymbidium include more species?,5a86ec9f55429960ec39b6d7,"[24018, 21915]","[21915, 16356, 24018, 5564, 13385]",1.0,1.0,0.635851263999939,0.993842601776123,qwen3.5-122b,"Based on the provided context, **Cymbidium** includes more species.

*   **Document 1** states that *Cymbidium* is a genus of **52** evergreen species.
*   **Document 3** states that *Erodium* includes **about 60** species.

Wait, I made a mistake in my initial quick comparison. Let me re-read carefully.
*   *Cymbidium*: 52 species.
*   *Erodium*: about 60 species.

Therefore, **Erodium** includes more species (about 60) than *Cymbidium* (52).

**Corrected Answer:**
Based on the provided context, **Erodium** includes more species. Document 3 states that *Erodium* includes about 60 species, while Document 1 states that *Cymbidium* is a genus of 52 species.",0.0,0.0,0.0,OK,
180,180,contriever,kmeans_k3,What is the birthplace of the Senator who represents the first of 62 districts in the State Senate?,5a8739a05542994775f607ab,"[12497, 24340]","[24975, 12497, 25825, 4331, 20840]",0.5,0.5,0.5828922390937805,0.13197264075279236,qwen3.5-122b,I cannot answer this based on the provided context.,0.0,0.0,0.0,OK,
181,181,contriever,kmeans_k3,Which KaBoom! Entertainment Inc. film is based on a story by Rudyard Kipling?,5a8740ee5542994846c1cd35,"[13551, 5824]","[23341, 20369, 13551, 6047, 17665]",0.5,0.3333333333333333,0.6932609677314758,0.1804017722606659,qwen3.5-122b,"Based on the provided context, the KaBoom! Entertainment film based on a story by Rudyard Kipling is **The Jungle Book**.

(Note: While the context in Document 3 lists ""The Jungle Book"" as content curated by Kaboom! Entertainment, it does not explicitly mention Rudyard Kipling. However, ""The Jungle Book"" is the only title in the list historically known to be based on Kipling's work. Strictly adhering to the instruction to answer *only* based on the provided text, the text does not contain the author's name. Therefore, the strictly correct answer based *only* on the text is that the information is missing.)

**Correction based on strict constraint:**
The provided context lists ""The Jungle Book"" as a feature film content curated by Kaboom! Entertainment (Document 3), but it **does not mention** Rudyard Kipling or state that the film is based on his story.

Answer: I cannot answer this based on the provided context.",0.0,0.0,0.0,OK,
182,182,contriever,kmeans_k3,"Who is affiliated with more countries as a director, Robert Florey and R. G. Springsteen?",5a8765ad5542996e4f3087cf,"[3409, 5215]","[5215, 3409, 12143, 17678, 5422]",1.0,1.0,0.6486178636550903,0.8948623538017273,qwen3.5-122b,"Based on the provided context, Robert Florey is described as a ""French-American director,"" indicating an affiliation with two countries (France and the United States). R. G. Springsteen is described as an ""American director,"" indicating an affiliation with one country (the United States).

Therefore, **Robert Florey** is affiliated with more countries as a director.",0.0,0.0,0.0,OK,
183,183,contriever,kmeans_k3,"Which occurred first, Phillips v. Martin Marietta Corp. or Roth v. United States?",5a8782a25542993e715abf95,"[8907, 23565]","[8907, 23565, 15064, 10209, 20166]",1.0,1.0,0.563763439655304,0.00104382389690727,qwen3.5-122b,"Roth v. United States occurred first. It was decided in 1957, while Phillips v. Martin Marietta Corp. was decided in 1971.",0.0,0.0,0.0,OK,
184,184,contriever,kmeans_k3,"Which genus has more species, Bactris and Epigaea?",5a87954f5542996e4f308856,"[6868, 4383]","[4383, 5432, 6868, 7965, 22839]",1.0,1.0,0.6555629968643188,0.5566444993019104,qwen3.5-122b,"I cannot answer this based on the provided context.

While Document 1 states that the genus *Epigaea* comprises three species, the provided text does not specify the number of species in the genus *Bactris* (Document 3 only describes its physical characteristics, distribution, and uses). Therefore, a comparison cannot be made.",0.0,0.0,0.0,OK,
185,185,contriever,kmeans_k3,What other political position did the person who introduced the DISCLOSE Act hold?,5a879adb5542996e4f30887f,"[10692, 16977]","[15064, 10692, 1198, 5375, 1103]",0.5,0.5,0.6224201917648315,0.6548293828964233,qwen3.5-122b,"I cannot answer this based on the provided context.

The provided text mentions that the DISCLOSE Act was introduced by Chris Van Hollen and Charles Schumer, but it does not list any other political positions they held.",0.0,0.0,0.0,OK,
186,186,contriever,kmeans_k3,What is the weight limit of the weight class that Takeyasu Hirono fights in?,5a87c7dc5542996e4f30891b,"[18551, 23748]","[23996, 22870, 18551, 6739, 15371]",0.5,0.3333333333333333,0.6502146124839783,0.03905867412686348,qwen3.5-122b,I cannot answer this based on the provided context.,0.0,0.0,0.0,OK,
187,187,contriever,kmeans_k3,Were the films Tonka and 101 Dalmatians released in the same decade?,5a886211554299206df2b24a,"[11268, 4548]","[22694, 4548, 11268, 4186, 23996]",1.0,0.5,0.6970362663269043,0.80305016040802,qwen3.5-122b,"No, the films were not released in the same decade.

Based on the provided context:
*   **Tonka** was released in **1958** (Document 3).
*   **101 Dalmatians** (the live-action version) was released in **1996** (Document 2).

1958 falls in the 1950s, while 1996 falls in the 1990s.",0.0,0.0,0.0,OK,
188,188,contriever,kmeans_k3,What literary style describes the 1968 book that features a 1939 international Harvester school bus?,5a88a42f554299206df2b317,"[12448, 11245]","[12448, 21035, 25619, 20369, 24319]",0.5,1.0,0.7108277678489685,0.017607321962714195,qwen3.5-122b,"Based on the provided context, the 1968 book that features the 1939 International Harvester school bus is Tom Wolfe's ""The Electric Kool-Aid Acid Test."" However, the text does not specify the literary style of this book.

I cannot answer this based on the provided context.",0.0,0.0,0.0,OK,
189,189,contriever,kmeans_k3,E! Hollywood Hold'em was hosted by a poker player of what nationality?,5a88c68d55429938390d3fba,"[111, 3616]","[2971, 23047, 111, 18510, 7689]",0.5,0.3333333333333333,0.5870521068572998,0.05186489596962929,qwen3.5-122b,I cannot answer this based on the provided context.,0.0,0.0,0.0,OK,
190,190,contriever,kmeans_k3,Who directed a 2005 supernatural horror film starring an actress who appeared in The Patriot and Kill Your Darlings,5a88cf7e5542993b751ca85b,"[2814, 7002]","[2507, 15877, 13817, 11782, 7002]",0.5,0.2,0.6307255029678345,0.10807019472122192,qwen3.5-122b,I cannot answer this based on the provided context.,0.0,0.0,0.0,OK,
191,191,contriever,kmeans_k3,Futbolita has interviewed what Spanish Professional footballer who plays as a striker for New York City FC?,5a88d7fc5542993b751ca879,"[11340, 12238]","[11004, 12238, 11340, 23819, 3798]",1.0,0.5,0.6596963405609131,0.8688501715660095,qwen3.5-122b,"Based on the provided context, the Spanish professional footballer who plays as a striker for New York City FC and has been interviewed by Futbolita is **David Villa** (also known as David Villa Sánchez).

*   **Document 2** identifies David Villa as a ""Spanish professional footballer who plays as a striker for New York City FC.""
*   **Document 3** states that Futbolita's website features exclusive interviews with world-renowned sports personalities, ""including David Villa.""",0.0,0.0,0.0,OK,
192,192,contriever,kmeans_k3,Which of the following buildings was designed by SHoP Architects: 247 Cherry or General Motors Building?,5a88e75c5542993b751ca8c7,"[21257, 3033]","[21257, 20118, 25840, 25882, 21395]",0.5,1.0,0.6268807053565979,0.033501967787742615,qwen3.5-122b,"Based on the provided context, **247 Cherry** was designed by SHoP Architects.

Document 1 states: ""The building [247 Cherry] was designed by SHoP Architects."" The context does not contain information about the General Motors Building.",0.0,0.0,0.0,OK,
193,193,contriever,kmeans_k3,What movie did Chris Duesterdiek work on that was directed by Seth Rogen and Evan Goldberg?,5a88f7bf5542997e5c09a6dd,"[20552, 16976]","[13726, 20552, 24121, 9859, 8353]",0.5,0.5,0.6891686320304871,0.9991468191146851,qwen3.5-122b,"Based on the provided context, the movie Chris Duesterdiek worked on that was directed by Seth Rogen and Evan Goldberg is **The Interview** (2014).

(Note: While Document 2 lists ""The Interview"" as a film Chris Duesterdiek worked on, the context provided does not explicitly state that Seth Rogen and Evan Goldberg directed it. However, based strictly on the list of films in Document 2, ""The Interview"" is the only title that matches the real-world fact of being directed by them, though the context itself does not contain the directors' names. If strict adherence to *only* the provided text is required without external knowledge, the text does not mention the directors. 

Let me re-evaluate based on the strict constraint: ""Answer the question based ONLY on the provided context.""

Document 2 states: ""Christopher 'Chris' Robin Duesterdiek is a Canadian sound designer. He is best known for his work on 'The Snow Walker' (2003), 'Elysium' (2013), 'The Interview' (2014) and 'The Revenant' (2015).""

The context **does not** mention Seth Rogen or Evan Goldberg, nor does it state who directed any of the listed movies. Therefore, I cannot answer this based on the provided context.

**Correction:** The prompt asks me to answer based *only* on the provided context. The context lists the movies Chris Duesterdiek worked on, but it does not mention the directors of those movies. Therefore, the information required to link a specific movie to Seth Rogen and Evan Goldberg is missing from the text.

**Final Answer Formulation:** I cannot answer this based on the provided context.",0.0,0.0,0.0,OK,
194,194,contriever,kmeans_k3,The Jeep Cherokee was originally sold as a variant of a Jeep model produced during what years?,5a88f9555542995153361214,"[21632, 897]","[2632, 10512, 21632, 2631, 6411]",0.5,0.3333333333333333,0.614329993724823,0.043657492846250534,qwen3.5-122b,I cannot answer this based on the provided context.,0.0,0.0,0.0,OK,
195,195,contriever,kmeans_k3,What philosophical system did the author of a novel about Howard Roark develop?,5a89e0ec5542992e4fca8427,"[4605, 13115]","[19078, 8152, 4605, 23540, 19161]",0.5,0.3333333333333333,0.6532714366912842,0.9110761880874634,qwen3.5-122b,"Based on the provided context, the author of the novel about Howard Roark (Ayn Rand) developed the belief that **individualism is superior to collectivism**.

Document 3 states that the protagonist Howard Roark is from the novel *The Fountainhead* by Ayn Rand, and that ""his struggle reflects Rand's belief that individualism is superior to collectivism."" The text does not provide a specific name for a philosophical system (such as Objectivism), only this core belief.",0.0,0.0,0.0,OK,
196,196,contriever,kmeans_k3,The United States Senate election in Hawaii that took place in 1992 ended with the winning of which Japanese-American politician?,5a89e1bf5542992e4fca8433,"[9199, 15240]","[20959, 9199, 22577, 11729, 6013]",0.5,0.5,0.58733069896698,0.9377315044403076,qwen3.5-122b,"Based on the provided context, the 1992 United States Senate election in Hawaii resulted in the re-election of **Daniel Inouye**, an incumbent Democrat. While the context does not explicitly state his ethnicity, Daniel Inouye is the politician identified as winning that specific election.

Answer: Daniel Inouye",0.0,0.0,0.0,OK,
197,197,contriever,kmeans_k3,"Between Frederick King Keller and Ian Schneider, which filmmaker had more diverse job experiences?",5a8a265b5542992d82986ecc,"[25208, 18473]","[14703, 18473, 25208, 17645, 13598]",1.0,0.5,0.5815227031707764,0.9997277855873108,qwen3.5-122b,"Based on the provided context, Frederick King Keller had more diverse job experiences.

The text states that Frederick King Keller is an ""American director, producer and screenwriter for film and television."" In contrast, Ian Schneider is described only as an ""independent American film director and screenwriter."" Additionally, the context notes that Keller's father was involved in acting, directing, and producing, and that Keller himself became involved with art house movie theaters, further indicating a broader range of involvement in the industry compared to the specific roles listed for Schneider.",0.0,0.0,0.0,OK,
198,198,contriever,kmeans_k3,What dance academy did the starring actress from The Glory of Tang Dynasty graduate from?,5a8aa1685542992d82986f32,"[22540, 20079]","[17640, 8803, 22540, 21858, 10077]",0.5,0.3333333333333333,0.6441634893417358,0.026072204113006592,qwen3.5-122b,I cannot answer this based on the provided context.,0.0,0.0,0.0,OK,
199,199,contriever,kmeans_k3,"In 2001, Hampton Pirates men's basketball defeated a second seed team that was coached by who ?",5a8ac5595542992d82986f77,"[10004, 7110]","[5578, 20155, 10004, 23601, 21281]",0.5,0.3333333333333333,0.5171096324920654,0.13659940659999847,qwen3.5-122b,I cannot answer this based on the provided context.,0.0,0.0,0.0,OK,
200,200,contriever,kmeans_k3,"Which is headquarter farther south, Jet's Pizza or Chuck E. Cheese's?",5a8adc935542992d82986fb0,"[15744, 6028]","[25840, 21449, 15744, 20284, 8318]",0.5,0.3333333333333333,0.7267526388168335,0.06591305881738663,qwen3.5-122b,I cannot answer this based on the provided context.,0.0,0.0,0.0,OK,
201,201,contriever,kmeans_k3,How many beer brands are in the portfolio of the company that hired Leonardus (Leo) Petrus Beukeboom to decorate cafes?,5a8aecff55429950cd6afbef,"[21745, 2109]","[13928, 21745, 2109, 14879, 25840]",1.0,0.5,0.6363577842712402,0.9475395679473877,qwen3.5-122b,"Based on the provided context, Leonardus (Leo) Petrus Beukeboom was hired by the **Amsterdam-based Heineken brewery** (Document 2). According to Document 3, **Heineken International** owns a worldwide portfolio of **over 170 beer brands**.

Answer: Over 170 beer brands.",0.0,0.0,0.0,OK,
202,202,contriever,kmeans_k3,"What vehicle, made by UROVESA, is most like the four-wheel drive military light truck produced by AM General?",5a8aed1555429970aeb70334,"[4994, 2632]","[22964, 14036, 4994, 6378, 897]",0.5,0.3333333333333333,0.5496099591255188,0.9941401481628418,qwen3.5-122b,"Based on the provided context, the vehicle made by UROVESA that is most like the four-wheel drive military light truck produced by AM General (commonly known as the Humvee) is the **URO VAMTAC**.

Document 3 states that UROVESA is best known for the production of the ""URO VAMTAC, a Humvee-like four-wheel drive motor vehicle.""",0.0,0.0,0.0,OK,
203,203,contriever,kmeans_k3,Pluto was the debut album of this artist who also performed on this live music venue that reopened in March 2015.,5a8b04df55429950cd6afc49,"[21132, 13553]","[1914, 22680, 18553, 4095, 7041]",0.0,0.0,0.6175492405891418,0.03811228275299072,qwen3.5-122b,I cannot answer this based on the provided context.,0.0,0.0,0.0,OK,
204,204,contriever,kmeans_k3,"The actor known for his role as ""Freddie""  in The Deep Blue Sea won the Laurence Olivier Award for his role in which play?",5a8b1a925542997f31a41c6e,"[25815, 2970]","[6223, 23803, 11444, 17629, 17943]",0.0,0.0,0.6107800602912903,0.08222803473472595,qwen3.5-122b,I cannot answer this based on the provided context.,0.0,0.0,0.0,OK,
205,205,contriever,kmeans_k3,Where is the 1999 British comedy-drama film starring Jimi Mistry set?,5a8b5c8155429949d91db56d,"[23205, 1595]","[22694, 8874, 23205, 8353, 2801]",0.5,0.3333333333333333,0.7061547040939331,0.10457803308963776,qwen3.5-122b,I cannot answer this based on the provided context.,0.0,0.0,0.0,OK,
206,206,contriever,kmeans_k3,A writer for The Kenyon Review won a Pulitzer Prize in what year?,5a8ba0855542995d1e6f1427,"[1102, 9424]","[17870, 25619, 1102, 25414, 13629]",0.5,0.3333333333333333,0.6759110689163208,0.06885255873203278,qwen3.5-122b,I cannot answer this based on the provided context.,0.0,0.0,0.0,OK,
207,207,contriever,kmeans_k3,Camp Courtney was named after the Major killed in action at the battle codenamed what?,5a8ba9d255429971feec4759,"[6487, 20841]","[6487, 25250, 11817, 7441, 17674]",0.5,1.0,0.5742133855819702,0.999576985836029,qwen3.5-122b,"Based on the provided context, Camp Courtney was named after Major Henry A. Courtney, Jr., who was killed in action in the **Battle of Okinawa**.",0.0,0.0,0.0,OK,
208,208,contriever,kmeans_k3,What variety of mockingbird is the mascot of the University of Tennessee at Chattanooga?,5a8bf0835542995d1e6f146b,"[17971, 15681]","[17971, 20532, 15681, 11499, 8744]",1.0,1.0,0.626409649848938,0.9713745713233948,qwen3.5-122b,"Based on the provided context, the mascot of the University of Tennessee at Chattanooga, Scrappy, is a **mockingbird** (specifically identified as the state bird of Tennessee). While Document 3 mentions the ""northern mockingbird"" as the only mockingbird commonly found in North America, the provided text does not explicitly state that Scrappy is specifically a *northern* mockingbird, only that he is a mockingbird.

Therefore, based strictly on the text provided: Scrappy is a **mockingbird**.",0.0,0.0,0.0,OK,
209,209,contriever,kmeans_k3,How many members exist in the conference represented by the Michigan State Spartans in the 1993 Liberty Bowl?,5a8c5bff554299240d9c2139,"[6381, 24769]","[23027, 6381, 24831, 164, 17642]",0.5,0.5,0.6233465075492859,0.599789559841156,qwen3.5-122b,"Based on the provided context, I cannot answer this question.

Document 2 states that the Michigan State Spartans are of the Big Ten Conference, but it does not provide the number of members in that conference. Document 3 mentions the number of members for the Ohio Valley Conference (OVC), but not for the Big Ten.",0.0,0.0,0.0,OK,
210,210,contriever,kmeans_k3,What are the anchor stores for the shopping mall constructed by C.J. Segerstrom & Sons in California?,5a8c5eca554299240d9c213d,"[5548, 22212]","[22941, 21642, 5548, 17838, 10949]",0.5,0.3333333333333333,0.6110130548477173,0.026853712275624275,qwen3.5-122b,I cannot answer this based on the provided context.,0.0,0.0,0.0,OK,
211,211,contriever,kmeans_k3,"jean Sagbo, considered ""Russia's Obama"" is considered to belong to what ethnic group based on his having African heritage or dark skin?",5a8c6bd55542995e66a475ea,"[10326, 9394]","[9394, 10326, 7636, 20308, 6246]",1.0,1.0,0.5631140470504761,0.2858027517795563,qwen3.5-122b,"Based on the provided context, Jean Sagbo is considered to belong to the **Afro-Russian** ethnic group.

Document 2 states that Sagbo is the ""first Russian of African descent, or Afro-Russian, to have been elected in the Russian Federation"" and has been referred to as ""Russia's Obama."" Document 1 defines Afro-Russians as ""people of recent African descent, or those who are perceived to be dark-skinned compared to other given populations that have migrated to and settled in Russia.""",0.0,0.0,0.0,OK,
212,212,contriever,kmeans_k3,"Who was appointed to the board of supervisors first, Jeff Sheehy or Ed Lee?",5a8c8502554299585d9e36d0,"[22017, 11355]","[22017, 6665, 11355, 6141, 3038]",1.0,1.0,0.623795211315155,0.6580116152763367,qwen3.5-122b,"Based on the provided context, **Jeff Sheehy** was appointed to the Board of Supervisors first.

According to Document 1, Jeff Sheehy was appointed to the San Francisco Board of Supervisors in **January 2017**. Document 3 states that Ed Lee was appointed by the Board of Supervisors on **January 11, 2011**, but this appointment was to serve as **Mayor**, not as a member of the Board of Supervisors. The text does not mention Ed Lee ever being appointed to the Board of Supervisors. Therefore, between the two individuals, only Jeff Sheehy is recorded in the text as being appointed to the Board of Supervisors.",0.0,0.0,0.0,OK,
213,213,contriever,kmeans_k3,John Seasock was a professional monster truck driver that last drove a truck sponsored by a company headquartered in what city?,5a8ceb7a554299441c6b9f7b,"[11213, 25686]","[11766, 20548, 11213, 9175, 24319]",0.5,0.3333333333333333,0.6806577444076538,0.07105088233947754,qwen3.5-122b,I cannot answer this based on the provided context.,0.0,0.0,0.0,OK,
214,214,contriever,kmeans_k3,What is the english translation of the name of style of novel of which The Company is an example?,5a8cefc155429941ae14df55,"[1980, 3971]","[25795, 5119, 25871, 5528, 16850]",0.0,0.0,0.6327213048934937,0.029181884601712227,qwen3.5-122b,I cannot answer this based on the provided context.,0.0,0.0,0.0,OK,
215,215,contriever,kmeans_k3,What color was the dog that Socks had conflicts with?,5a8d51355542994ba4e3dc6b,"[12447, 20180]","[587, 15997, 12447, 22227, 11599]",0.5,0.3333333333333333,0.7170071601867676,0.5179781317710876,qwen3.5-122b,"Based on the provided context, the document mentions that Socks had conflicts with Clinton's dog named Buddy, but it does not specify the color of the dog.

I cannot answer this based on the provided context.",0.0,0.0,0.0,OK,
216,216,contriever,kmeans_k3,"What Province in Sicily, founded in the eighth century B.C., was the birthplace of the famous historical mathematician Archimedes?",5a8d64305542994ba4e3dc80,"[2748, 10491]","[4266, 18865, 10491, 20640, 8367]",0.5,0.3333333333333333,0.6244571208953857,0.09930126368999481,qwen3.5-122b,"Based on the provided context, the city is **Syracuse**, which is the capital of the **province of Syracuse**.

Document 3 states that Syracuse is a historic city in Sicily, the capital of the province of Syracuse, and is the birthplace of the mathematician Archimedes. However, please note that the provided text does not mention that the city was founded in the eighth century B.C.",0.0,0.0,0.0,OK,
217,217,contriever,kmeans_k3,"Which male singer performed together with a female American singer, who was born in 1954 and whose third studio album was named Through His Eyes, have a hit duet with in 1985?",5a8db788554299653c1aa145,"[16151, 25249]","[2435, 19815, 25249, 24387, 11228]",0.5,0.3333333333333333,0.622239351272583,0.08218240737915039,qwen3.5-122b,I cannot answer this based on the provided context.,0.0,0.0,0.0,OK,
218,218,contriever,kmeans_k3,"Many right wing WNP were  connected to a clandestine operation ran by a ""stay-behind""  operation ran by what organization?",5a8dcbc0554299068b959df4,"[10519, 1185]","[14949, 249, 10519, 5608, 10151]",0.5,0.3333333333333333,0.6672981381416321,0.8354635834693909,qwen3.5-122b,"Based on the provided context, the far-right movement Westland New Post (WNP) is linked to **Operation Gladio**. However, the provided documents do not specify which organization ran Operation Gladio as a ""stay-behind"" operation.

Therefore, I cannot answer this based on the provided context.",0.0,0.0,0.0,OK,
219,219,contriever,kmeans_k3,What political party is the current Attorney General of Missouri associated with?,5a8dd5b855429917b4a5bcc6,"[10020, 20296]","[20759, 6232, 2898, 10020, 5375]",0.5,0.25,0.6151999235153198,0.11535315215587616,qwen3.5-122b,I cannot answer this based on the provided context.,0.0,0.0,0.0,OK,
220,220,contriever,kmeans_k3,What team did Robbie Keane play for after Inter Milan?,5a8de02b554299068b959e13,"[9806, 23728]","[4417, 23728, 10101, 21395, 199]",0.5,0.5,0.6268259286880493,0.10651195794343948,qwen3.5-122b,I cannot answer this based on the provided context.,0.0,0.0,0.0,OK,
221,221,contriever,kmeans_k3,What is the prefix given to the end of the name to avoid confusion for the winner of the 1996 Record of the Year Grammy?,5a8de4595542995085b37348,"[6562, 7698]","[22406, 3237, 15903, 14286, 19831]",0.0,0.0,0.5116140842437744,0.10863211750984192,qwen3.5-122b,I cannot answer this based on the provided context.,0.0,0.0,0.0,OK,
222,222,contriever,kmeans_k3,Are Ferocactus and Silene both types of plant?,5a8e068b5542995085b37384,"[3470, 24631]","[953, 3470, 24319, 17680, 24631]",1.0,0.5,0.6759276390075684,0.6237018704414368,qwen3.5-122b,"Yes, both Ferocactus and Silene are types of plants. According to the provided context, Ferocactus is a genus of large barrel-shaped cacti, and Silene is a genus of flowering plants.",0.0,0.0,0.0,OK,
223,223,contriever,kmeans_k3,In which county of New York was Circumstantial Productions founded?,5a8e3e9b5542995085b37402,"[14603, 1623]","[7308, 15593, 14603, 22309, 11578]",0.5,0.3333333333333333,0.6183522343635559,0.3848513662815094,qwen3.5-122b,"Based on the provided context, Circumstantial Productions was founded in Nyack, New York. However, the context does not specify which county Nyack is located in.

I cannot answer this based on the provided context.",0.0,0.0,0.0,OK,
224,224,contriever,kmeans_k3,Olivia DeJonge starred in an American horror film directed by Shyamalan called what,5a8ed10b5542995085b374a0,"[20000, 18119]","[2507, 15877, 20000, 20162, 13804]",0.5,0.3333333333333333,0.5759156346321106,0.017154302448034286,qwen3.5-122b,"Based on the provided context, I cannot answer this question. While Document 3 states that Olivia DeJonge played Becca in the film ""The Visit,"" the context does not mention that the film is American, nor does it state that it was directed by Shyamalan.",0.0,0.0,0.0,OK,
225,225,contriever,kmeans_k3,What city is between Normanby le Wold and the A46 Junction between Lincoln and Grimsby?,5a8f18d555429918e830d189,"[12378, 25386]","[5788, 12378, 4672, 7023, 25386]",1.0,0.5,0.5789691209793091,0.9994733333587646,qwen3.5-122b,"Based on the provided context, the city (or town) situated between Normanby le Wold and the A46 junction between Lincoln and Grimsby is **Caistor**.

*   **Document 2** states that Normanby le Wold is ""about 5 mi south from the town of Caistor.""
*   **Document 5** states that Caistor is ""just off the A46 between Lincoln and Grimsby.""

Therefore, Caistor lies geographically between Normanby le Wold and the A46 junction mentioned.",0.0,0.0,0.0,OK,
226,226,contriever,kmeans_k3,John DiMaggio voices the character Shnitzel on Cartoon Network series created by who?,5a8f1adc554299458435d577,"[15705, 25405]","[10112, 3108, 15705, 1384, 11917]",0.5,0.3333333333333333,0.6085264086723328,0.12314978241920471,qwen3.5-122b,I cannot answer this based on the provided context.,0.0,0.0,0.0,OK,
227,227,contriever,kmeans_k3,Bill Bryson grew up in a city that is the seat of which county ?,5a8f5273554299458435d5b1,"[24172, 25542]","[24172, 25776, 3633, 22309, 1698]",0.5,1.0,0.647587776184082,0.05344916507601738,qwen3.5-122b,I cannot answer this based on the provided context.,0.0,0.0,0.0,OK,
228,228,contriever,kmeans_k3,"What year did the infantry regiment featured in the 2006 film ""Only the Brave"" begin?",5a8f53ad5542992414482a50,"[24880, 2658]","[21419, 6758, 24880, 17533, 3789]",0.5,0.3333333333333333,0.5705677270889282,0.1462678611278534,qwen3.5-122b,"Based on the provided context, I cannot answer this question.

Document 3 states that the film ""Only the Brave"" is about the **100th Infantry Battalion/442nd Regimental Combat Team**, but it does not mention the year this unit was created or began. Document 2 mentions the creation year (1881) for a different regiment (The Royal Irish Rifles), and Document 5 mentions the formation year (1956) for the Punjab Regiment, but neither applies to the unit in the film.",0.0,0.0,0.0,OK,
229,229,contriever,kmeans_k3,"What member of the South Korean-Chinese boy group EXO stars in the upcoming movie ""The Underdog""?",5a8f68795542992414482ab5,"[22255, 13849]","[13848, 17158, 22255, 3245, 16807]",0.5,0.3333333333333333,0.579239547252655,0.999315619468689,qwen3.5-122b,"Based on the provided context, I cannot answer this question.

While Document 3 states that **Do Kyung-soo** stars in the upcoming movie ""The Underdog,"" and Document 1 mentions that **Sehun** is a member of the boy group EXO, the provided text does not explicitly state that Do Kyung-soo is a member of EXO, nor does it confirm the group's description as ""South Korean-Chinese."" Therefore, the specific connection required to answer the question is missing from the context.",0.0,0.0,0.0,OK,
230,230,contriever,kmeans_k3,"What national historic district is located near a village in the town of Philipstown, New York?",5a8f69b55542997ba9cb324f,"[20402, 1612]","[18177, 1623, 10300, 1938, 24844]",0.0,0.0,0.5592977404594421,0.02556530386209488,qwen3.5-122b,I cannot answer this based on the provided context.,0.0,0.0,0.0,OK,
231,231,contriever,kmeans_k3,Which NFL team did both Don Looney and DeSean Jackson play for?,5a8f7c9a55429918e830d239,"[5540, 25260]","[913, 2866, 5540, 25277, 11538]",0.5,0.3333333333333333,0.6298083066940308,0.9664589166641235,qwen3.5-122b,"Based on the provided context, both Don Looney and DeSean Jackson played for the **Philadelphia Eagles**.

Document 3 states that John Don Looney played for the Philadelphia Eagles in 1940 and notes that DeSean Jackson, another Eagles wide receiver, equaled Looney's feat in the 2008 NFL season.",0.0,0.0,0.0,OK,
232,232,contriever,kmeans_k3,"The name od the Jason Hook album ""Safety Dunce"" is a play on the words of a song released in what year?",5a8f93f5554299458435d67e,"[3996, 5962]","[2168, 3996, 24068, 3219, 21975]",0.5,0.5,0.6530756950378418,0.7643598318099976,qwen3.5-122b,"I cannot answer this based on the provided context.

The provided text states that the album title ""Safety Dunce"" is a play on the song ""The Safety Dance"" by Men Without Hats, but it does not mention the year that song was released.",0.0,0.0,0.0,OK,
233,233,contriever,kmeans_k3,"Which feature film was released earlier, One Magic Christmas or Muppet Treasure Island?",5a8fd9ac5542990a98493570,"[7363, 2743]","[13726, 2743, 7363, 23996, 13273]",1.0,0.5,0.5997167825698853,0.9914570450782776,qwen3.5-122b,"Based on the provided context, **One Magic Christmas** was released earlier.

*   **One Magic Christmas** is described as a **1985** film (Document 3).
*   **Muppet Treasure Island** is described as a **1996** film (Document 2).

Since 1985 is earlier than 1996, One Magic Christmas was released first.",0.0,0.0,0.0,OK,
234,234,contriever,kmeans_k3,"Who co-starred in an episode of The ABC Comedy Hour with the man who played Duke Slater in ""Gomer Pyle, U.S.M.C.""?",5a8ff69655429916514e73f1,"[7326, 25678]","[25678, 20959, 18510, 22835, 20284]",0.5,1.0,0.7130898833274841,0.1379888355731964,qwen3.5-122b,I cannot answer this based on the provided context.,0.0,0.0,0.0,OK,
235,235,contriever,kmeans_k3,What are the names of the members of the Detroit-based hip hop duo who has worked with Jason Gilbert?,5a90605d5542995651fb514d,"[12263, 5918]","[13791, 18171, 12263, 4559, 21753]",0.5,0.3333333333333333,0.671302318572998,0.043272025883197784,qwen3.5-122b,I cannot answer this based on the provided context.,0.0,0.0,0.0,OK,
236,236,contriever,kmeans_k3,Which of the three worst hotel fires in modern US History occurred most recently?,5ab1e76c554299449642c800,"[16361, 13234]","[9493, 11853, 16361, 10133, 18568]",0.5,0.3333333333333333,0.6158319711685181,0.9983155727386475,qwen3.5-122b,"Based on the provided context, the three worst hotel fires in modern U.S. history mentioned are:

1.  The 1946 Winecoff Hotel fire in Atlanta (119 deaths).
2.  The MGM Grand fire on November 21, 1980, in Paradise, Nevada (85 deaths).
3.  The Dupont Plaza Hotel fire on December 31, 1986, in San Juan, Puerto Rico (97 deaths).

Among these three, the **Dupont Plaza Hotel fire** occurred most recently, on December 31, 1986.",0.0,0.0,0.0,OK,
237,237,contriever,kmeans_k3,which is larger Asante Traditional Buildings or Gulangyu?,5ab1e984554299340b525428,"[9719, 8420]","[15147, 10264, 8420, 20018, 10759]",0.5,0.3333333333333333,0.5248652696609497,0.04230533912777901,qwen3.5-122b,I cannot answer this based on the provided context.,0.0,0.0,0.0,OK,
238,238,contriever,kmeans_k3,August R. Lindt served as chairman of a UN program from 1956 to 1960 that won how many noble prizes ?,5ab236645542993be8fa98c9,"[21485, 12156]","[24665, 7735, 21485, 21494, 3633]",0.5,0.3333333333333333,0.6630889177322388,0.08307168632745743,qwen3.5-122b,I cannot answer this based on the provided context.,0.0,0.0,0.0,OK,
239,239,contriever,kmeans_k3,Which City in the Miami metropolitan area is home to the Primetime Race Group?,5ab23d8a55429970612095c9,"[7539, 471]","[526, 7539, 25978, 17518, 23647]",0.5,0.5,0.5835763216018677,0.031664930284023285,qwen3.5-122b,I cannot answer this based on the provided context.,0.0,0.0,0.0,OK,
240,240,contriever,kmeans_k3,What word or phrase is found in both the history of Belgium and cockfighting?,5ab259b25542993be8fa98de,"[17447, 22977]","[19436, 8152, 22977, 17447, 23267]",1.0,0.3333333333333333,0.6959325671195984,0.33365723490715027,qwen3.5-122b,"Based on the provided context, the word found in both the history of Belgium and cockfighting is **""cockpit""**.

*   **Document 4** states that Belgium has often been called the ""cockpit of Europe.""
*   **Document 3** states that a cockfight is held in a ring called a ""cockpit.""",0.0,0.0,0.0,OK,
241,241,contriever,kmeans_k3,"From March 631 to April 631, Farrukhzad Khosrau V was the king of an empire that succeeded which empire?",5ab2659e554299340b5254b2,"[16861, 23420]","[16861, 17430, 9879, 24531, 15089]",0.5,1.0,0.5739957690238953,0.07186576724052429,qwen3.5-122b,I cannot answer this based on the provided context.,0.0,0.0,0.0,OK,
242,242,contriever,kmeans_k3,The term Moneybomb was coined by Trevor Lyman to describe a massive online donation drive on behalf of a presidential candidate that was the first chairman of what PAC?,5ab266b5554299340b5254b4,"[2736, 3970]","[3246, 2736, 2293, 7054, 22382]",0.5,0.5,0.6304244995117188,0.05608034506440163,qwen3.5-122b,I cannot answer this based on the provided context.,0.0,0.0,0.0,OK,
243,243,contriever,kmeans_k3,Do The Importance of Being Icelandic and The Five Obstructions belong to different film genres ?,5ab271fe554299449642c8a6,"[863, 15854]","[863, 25701, 15854, 14152, 18646]",1.0,1.0,0.580208957195282,0.677990734577179,qwen3.5-122b,"Yes, based on the provided context, they belong to the same film genre. Both *The Importance of Being Icelandic* (Document 1) and *The Five Obstructions* (Document 3) are described as **documentary films**.",0.0,0.0,0.0,OK,
244,244,contriever,kmeans_k3,Which tendencies does a group like Uyoku dantai fall under?,5ab29bdc554299545a2cf9d1,"[7963, 7054]","[23996, 7963, 16113, 8410, 13370]",0.5,0.5,0.6235836744308472,0.9997996687889099,qwen3.5-122b,"Based on the provided context, a group like Uyoku dantai falls under the tendencies of being **Japanese ultranationalist far-right groups**.",0.0,0.0,0.0,OK,
245,245,contriever,kmeans_k3,"Who married a man who starred in Marcus Welby, M.D.?",5ab2b666554299194fa934ca,"[25085, 13771]","[22308, 25085, 2971, 13629, 9618]",0.5,0.5,0.7267007231712341,0.05186489596962929,qwen3.5-122b,I cannot answer this based on the provided context.,0.0,0.0,0.0,OK,
246,246,contriever,kmeans_k3,"The author of ""The New American Story "" served three terms as a US Senator from what state?",5ab2e3a15542992953946893,"[178, 10649]","[178, 11444, 11338, 15118, 2688]",0.5,1.0,0.6543885469436646,0.051475442945957184,qwen3.5-122b,I cannot answer this based on the provided context.,0.0,0.0,0.0,OK,
247,247,contriever,kmeans_k3,"Which type of character is featured by the P.L. Travers's third book and last novel in the ""Mary Poppins"" series?",5ab322b1554299194fa93570,"[75, 24937]","[3821, 13629, 75, 5741, 23349]",0.5,0.3333333333333333,0.636332631111145,0.9994562864303589,qwen3.5-122b,"Based on the provided context, the character featured in P.L. Travers's third book and last novel in the ""Mary Poppins"" series is a **magical English nanny** named Mary Poppins.",0.0,0.0,0.0,OK,
248,248,contriever,kmeans_k3,"What boy band formed in Orlando, Florida in 1993 performed at the 2001 Kids Choice Awards?",5ab3244c554299233954ff29,"[4050, 986]","[9859, 17642, 4050, 21335, 2585]",0.5,0.3333333333333333,0.6671565771102905,0.9997479915618896,qwen3.5-122b,"Based on the provided context, the boy band that performed at the 2001 Kids' Choice Awards is the **Backstreet Boys**.

However, the provided documents do not contain information confirming that the Backstreet Boys formed in Orlando, Florida, in 1993. Document 3 only lists them as performers at the event. Therefore, while the name of the band can be identified from the context, the specific details about their formation location and year cannot be verified using only the provided text.

**Answer:** Based on the provided context, the **Backstreet Boys** performed at the 2001 Kids' Choice Awards, but the context does not contain information about them forming in Orlando, Florida, in 1993.",0.0,0.0,0.0,OK,
249,249,contriever,kmeans_k3,How do the Peter Laufer books Forbidden Creatures and No Animals Were Harmed differ in their focus on animals?,5ab3cecd5542992ade7c6eae,"[14697, 14692]","[23267, 23996, 14692, 23557, 8721]",0.5,0.3333333333333333,0.703955888748169,0.02046423964202404,qwen3.5-122b,I cannot answer this based on the provided context.,0.0,0.0,0.0,OK,
250,250,contriever,kmeans_k3,Who was the team president of the 2012 Cleveland Browns?,5ab42d6055429942dd415eb0,"[13279, 1484]","[13279, 12284, 15917, 2029, 25840]",0.5,1.0,0.6872782111167908,0.9425873756408691,qwen3.5-122b,"Based on the provided context, the team president of the 2012 Cleveland Browns was **Mike Holmgren**.

Document 1 states: ""The 2012 season was the third season under the leadership of team president Mike Holmgren...""",0.0,0.0,0.0,OK,
251,251,contriever,kmeans_k3,To where did the war criminal who is the fictional defendant in the film After the Truth flee in real life ?,5ab4304a55429942dd415ec5,"[16694, 25092]","[8829, 16694, 23743, 8318, 4370]",0.5,0.5,0.684972882270813,0.20959001779556274,qwen3.5-122b,I cannot answer this based on the provided context.,0.0,0.0,0.0,OK,
252,252,contriever,kmeans_k3,Do Lush and P.O.D. both consist of four band members?,5ab4428c5542990594ba9bda,"[4103, 6701]","[20536, 25269, 4103, 2168, 10240]",0.5,0.3333333333333333,0.6728900671005249,0.06491176038980484,qwen3.5-122b,I cannot answer this based on the provided context.,0.0,0.0,0.0,OK,
253,253,contriever,kmeans_k3,Who provided the source material for the 2015 Australian revenge comedy-drama film in which Rebecca Gibney featured?,5ab46f4e5542991751b4d770,"[14935, 18366]","[22018, 20008, 14935, 323, 24337]",0.5,0.3333333333333333,0.6754075288772583,0.05824122950434685,qwen3.5-122b,I cannot answer this based on the provided context.,0.0,0.0,0.0,OK,
254,254,contriever,kmeans_k3,"At the 46th Grammy Awards, which award did the album by The White Stripes, which included the song Seven Nation Army, win?",5ab474135542991751b4d77b,"[8564, 10963]","[13791, 12783, 8564, 17228, 10963]",1.0,0.3333333333333333,0.6525459289550781,0.9963840246200562,qwen3.5-122b,"Based on the provided context, at the 46th Grammy Awards, the album by The White Stripes that included the song ""Seven Nation Army"" (the album *Elephant*) won the award for **Best Alternative Music Album**.",0.0,0.0,0.0,OK,
255,255,contriever,kmeans_k3,"Which facility was founded in Missouri, Discovery Zone or Valentino's?",5ab484415542990594ba9c44,"[25725, 10636]","[25725, 7068, 6739, 10636, 21642]",1.0,1.0,0.6556121110916138,0.3047245144844055,qwen3.5-122b,"Based on the provided context, **Discovery Zone** was founded in Missouri.

Document 1 states that the first Discovery Zone location was opened in Kansas City, Missouri, in October 1989. In contrast, Document 4 indicates that Valentino's is based in Lincoln, Nebraska.",0.0,0.0,0.0,OK,
256,256,contriever,kmeans_k3,Both Truth in Science and Discovery embrace what campaign?,5ab4e3065542990594ba9cb4,"[25109, 17812]","[7748, 23757, 25109, 17604, 4727]",0.5,0.3333333333333333,0.5879614949226379,0.9982931613922119,qwen3.5-122b,"Based on the provided context, both Truth in Science and the Discovery Institute embrace the ""Teach the Controversy"" campaign.

Document 3 states that Truth in Science ""promotes the Discovery Institute's 'Teach the Controversy' campaign"" and is ""affiliated with the Discovery Institute, the hub of the intelligent design movement, following its strategy.""",0.0,0.0,0.0,OK,
257,257,contriever,kmeans_k3,What is the nationality of the most successful female ski racer ever?,5ab503db5542990594ba9cc8,"[191, 15876]","[2362, 8445, 191, 20217, 23275]",0.5,0.3333333333333333,0.6097241044044495,0.6436378359794617,qwen3.5-122b,"I cannot answer this based on the provided context.

The context states that Verena Schneider is the ""third most successful female ski racer ever"" and is from Switzerland, but it does not provide the nationality of the person who is the ""most successful female ski racer ever"" (who is implied to be Lindsey Vonn, but her nationality is not mentioned in the text).",0.0,0.0,0.0,OK,
258,258,contriever,kmeans_k3,What was the budget of the film in which Kodi Smit-McPhee voiced Norman Babcock?,5ab5062f55429942dd415fd1,"[854, 12076]","[23996, 854, 22259, 8591, 25380]",0.5,0.5,0.6944907903671265,0.047221776098012924,qwen3.5-122b,I cannot answer this based on the provided context.,0.0,0.0,0.0,OK,
259,259,contriever,kmeans_k3,"Who won the 2007 Copa America Final, with help from Julio Baptista?",5ab514dc5542990594ba9cfa,"[10234, 6555]","[20009, 10234, 9974, 24552, 6555]",1.0,0.5,0.6753634214401245,0.9984638094902039,qwen3.5-122b,"Based on the provided context, **Brazil** won the 2007 Copa América Final. The text states that Brazil defeated Argentina 3–0, with goals from Júlio Baptista, a Roberto Ayala own goal, and Dani Alves.",0.0,0.0,0.0,OK,
260,260,contriever,kmeans_k3,God Is Not Great is by a journalist which due to his actions made him what?,5ab53bee554299637185c526,"[611, 7524]","[23027, 24161, 611, 24763, 5300]",0.5,0.3333333333333333,0.6154053211212158,0.055721741169691086,qwen3.5-122b,I cannot answer this based on the provided context.,0.0,0.0,0.0,OK,
261,261,contriever,kmeans_k3,"The producer of ""Live By NIght"" began his film career playing what role in ""Critters 3""?",5ab545d3554299494045ef5c,"[13962, 21971]","[23647, 8372, 20959, 13726, 5991]",0.0,0.0,0.6286913752555847,0.05676182359457016,qwen3.5-122b,I cannot answer this based on the provided context.,0.0,0.0,0.0,OK,
262,262,contriever,kmeans_k3,"What is the birthdate of this American actor, director, and producer, who starred in Not Another B Movie?",5ab58ee6554299488d4d99d6,"[13066, 6018]","[22694, 20959, 13066, 21035, 13629]",0.5,0.3333333333333333,0.6807278990745544,0.08869723975658417,qwen3.5-122b,I cannot answer this based on the provided context.,0.0,0.0,0.0,OK,
263,263,contriever,kmeans_k3,Prominent Danish Tibetologist Per Kjeld Sørensen is a professor of Central Asian Studies at Leipzig University that was founded by who?,5ab5ac345542992aa134a37f,"[20323, 13198]","[15923, 2630, 20323, 8763, 23725]",0.5,0.3333333333333333,0.5991309881210327,0.038739580661058426,qwen3.5-122b,I cannot answer this based on the provided context.,0.0,0.0,0.0,OK,
264,264,contriever,kmeans_k3,"Who is Bruce Spizer an expert on, known as the most influential act of the rock era?",5ab5ed505542997d4ad1f255,"[8469, 11122]","[12372, 21117, 8469, 3754, 2208]",0.5,0.3333333333333333,0.6602612733840942,0.9856892228126526,qwen3.5-122b,"Based on the provided context, Bruce Spizer is recognized as an expert on **The Beatles**.

(Note: While Document 3 confirms he is an expert on The Beatles, the provided text does not explicitly state that The Beatles are ""known as the most influential act of the rock era,"" though it does mention he is an authority on the band's history.)",0.0,0.0,0.0,OK,
265,265,contriever,kmeans_k3,"Which is in the family Rutaceae, the Diplolaena or the Arenaria?",5ab5eed65542997d4ad1f25c,"[25467, 11029]","[16641, 11029, 25467, 16642, 5564]",1.0,0.5,0.5599846839904785,0.053504638373851776,qwen3.5-122b,"Based on the provided context, **Diplolaena** is in the family Rutaceae.

Document 3 states: ""Diplolaena is a genus of evergreen shrubs in the family Rutaceae.""
Document 2 states that Arenaria is within the family Caryophyllaceae.",0.0,0.0,0.0,OK,
266,266,contriever,kmeans_k3,The Church of England's Oxford Movement was opposed by a clergyman who wrote what type of literature?,5ab61798554299488d4d9aaa,"[2415, 10019]","[24330, 10019, 25795, 20641, 8367]",0.5,0.5,0.5908404588699341,0.052502747625112534,qwen3.5-122b,I cannot answer this based on the provided context.,0.0,0.0,0.0,OK,
267,267,contriever,kmeans_k3,Are Broughtonia and Laeliocattleya both orchids?,5ab642845542995eadeeff8e,"[10779, 10794]","[4806, 10198, 10794, 25022, 8694]",0.5,0.3333333333333333,0.5846976637840271,0.018632393330335617,qwen3.5-122b,I cannot answer this based on the provided context.,0.0,0.0,0.0,OK,
268,268,contriever,kmeans_k3,"Which American audio engineer and clandestine chemist, who was a key figure in the San Francisco Bay Area hippie movement during the 1960s recorded the album ""Old and in the Way?""",5ab69c25554299110f219a39,"[24595, 25033]","[25269, 21035, 25033, 21552, 15986]",0.5,0.3333333333333333,0.6144775152206421,0.0823281928896904,qwen3.5-122b,I cannot answer this based on the provided context.,0.0,0.0,0.0,OK,
269,269,contriever,kmeans_k3,What kind of act does Whaling in Australia and Right whale have in common?,5ab6cebd55429954757d3378,"[22824, 11260]","[16443, 5090, 22824, 1022, 25618]",0.5,0.3333333333333333,0.5916274785995483,0.9947847127914429,qwen3.5-122b,"Based on the provided context, the common act is **hunting** (or being **hunted**).

Document 3 states that ""Whaling in Australia commenced in 1791"" and that the ""main varieties of whales hunted were humpback, blue, **right** and sperm whales."" Therefore, both whaling in Australia and the right whale are associated with the act of being hunted.",0.0,0.0,0.0,OK,
270,270,contriever,kmeans_k3,The football manager who recruited David Beckham managed Manchester United during what timeframe?,5ab6d09255429954757d337d,"[2569, 17883]","[20532, 7980, 17883, 16431, 8014]",0.5,0.3333333333333333,0.6467093229293823,0.057736050337553024,qwen3.5-122b,I cannot answer this based on the provided context.,0.0,0.0,0.0,OK,
271,271,contriever,kmeans_k3,Roden Brothers were taken over in 1953 by a group headquartered in which Canadian city ?,5ab6ddb655429953192ad39e,"[17797, 5009]","[2961, 17905, 17797, 7913, 2430]",0.5,0.3333333333333333,0.6494495868682861,0.9253414273262024,qwen3.5-122b,"Based on the provided context, Roden Brothers was taken over in 1953 by **Henry Birks and Sons**. However, the text does not specify the city where Henry Birks and Sons is headquartered.

Therefore, I cannot answer this based on the provided context.",0.0,0.0,0.0,OK,
272,272,contriever,kmeans_k3,Who was a supporting cast member of King Rat and was knighted in February 2001?,5ab6e8e6554299710c8d1faf,"[1130, 3718]","[4587, 1130, 23803, 14136, 8036]",0.5,0.5,0.6628199815750122,0.1528845727443695,qwen3.5-122b,I cannot answer this based on the provided context.,0.0,0.0,0.0,OK,
273,273,contriever,kmeans_k3,"What is the name of the physician who studied the cause of the 1854 Broad Street cholera outbreak in London, England?",5ab70c41554299110f219a9d,"[4072, 885]","[20998, 9845, 4072, 23543, 5528]",0.5,0.3333333333333333,0.6397191882133484,0.9928184151649475,qwen3.5-122b,"Based on the provided context, the physician who studied the cause of the 1854 Broad Street cholera outbreak in London, England, is **John Snow**.",0.0,0.0,0.0,OK,
274,274,contriever,kmeans_k3,SS Ionic was built by the industrial company based in what city?,5ab7b0775542992aa3b8c83e,"[2648, 6388]","[12621, 1931, 2648, 12587, 9257]",0.5,0.3333333333333333,0.609093189239502,0.9981489777565002,qwen3.5-122b,"Based on the provided context, SS Ionic was built by Harland and Wolff in **Belfast**.

(Document 3 states: ""SS Ionic was a steam-powered ocean liner built in 1902 by Harland and Wolff in Belfast..."")",0.0,0.0,0.0,OK,
275,275,contriever,kmeans_k3,"Why are many of the band, Hirsute Pursuit's songs considered controversial?",5ab804305542995dae37ea14,"[21048, 17630]","[23298, 10240, 21048, 8137, 20536]",0.5,0.3333333333333333,0.645161509513855,0.999908983707428,qwen3.5-122b,"Based on the provided context, many of Hirsute Pursuit's songs are considered controversial due to their **explicit nature** and their thematic focus on **homosexuality, gay sex, and the gay bear subculture**. This controversial and explicit content has frequently led to their videos being taken down from YouTube.",0.0,0.0,0.0,OK,
276,276,contriever,kmeans_k3,Which direction do both the M1 and the M6 Motorways travel?,5ab815865542995dae37ea2d,"[4673, 4672]","[8231, 6457, 4672, 21395, 5489]",0.5,0.3333333333333333,0.5736435651779175,0.7448995113372803,qwen3.5-122b,"Based on the provided context, I cannot answer this question.

Document 3 states that the M6 runs ""from junction 19 of the M1... then heads north,"" but it does not specify the direction in which the M1 travels.",0.0,0.0,0.0,OK,
277,277,contriever,kmeans_k3,Carlos Alberto Hurtado played on loan from a mexican team which plays where?,5ab833ad5542990e739ec86f,"[20173, 1268]","[266, 6711, 20173, 12459, 11935]",0.5,0.3333333333333333,0.619398295879364,0.2730168104171753,qwen3.5-122b,"Based on the provided context, Carlos Alberto Hurtado played on loan from Necaxa. However, the documents do not specify the location where the team Necaxa plays.

I cannot answer this based on the provided context.",0.0,0.0,0.0,OK,
278,278,contriever,kmeans_k3,The Red Queen's Race is a science fiction short story that uses the Red Queen's race from a novel by Lewis Carroll that is the sequel to what?,5ab84f2c55429934fafe6d54,"[1512, 11989]","[2729, 23536, 1512, 11989, 2782]",1.0,0.3333333333333333,0.5628263354301453,0.7736567258834839,qwen3.5-122b,"Based on the provided context, the novel by Lewis Carroll that features the Red Queen's race is *Through the Looking-Glass*, which is the sequel to **Alice's Adventures in Wonderland**.

This is derived from:
- **Document 3**, which states that ""The Red Queen's Race"" uses the Red Queen's race from Lewis Carroll's *Through the Looking-Glass*.
- **Document 4**, which states that *Through the Looking-Glass* is the sequel to *Alice's Adventures in Wonderland*.",0.0,0.0,0.0,OK,
279,279,contriever,kmeans_k3,Erskine Academy is located in a village in what county?,5ab850795542990e739ec8bd,"[1923, 2677]","[3439, 2898, 1923, 21290, 22625]",0.5,0.3333333333333333,0.652775228023529,0.09594175219535828,qwen3.5-122b,I cannot answer this based on the provided context.,0.0,0.0,0.0,OK,
280,280,contriever,kmeans_k3,"Which peak is flanked by Manaslu, Shispare or Ngadi Chuli?",5ab852c05542990e739ec8c5,"[18147, 11093]","[11093, 21233, 18147, 19020, 9948]",1.0,1.0,0.4952113628387451,0.006734070833772421,qwen3.5-122b,"Based on the provided context, **Ngadi Chuli** is the peak flanked by Manaslu.

Document 1 states: ""Ngadi Chuli... is flanked by Manaslu to the north and Himalchuli to the south."" Document 3 mentions Shispare as a high peak of the Batura Muztagh but does not mention it being flanked by Manaslu.",0.0,0.0,0.0,OK,
281,281,contriever,kmeans_k3,Substorm was described in qualitative terms by a scientist nominated for what seven times?,5ab864945542990e739ec8e1,"[9605, 23854]","[9605, 17853, 5000, 9678, 685]",0.5,1.0,0.6547759771347046,0.09445031732320786,qwen3.5-122b,I cannot answer this based on the provided context.,0.0,0.0,0.0,OK,
282,282,contriever,kmeans_k3,Lucas da Silva Carvalho was an unused reserve runner for a Brazilian athletics track event which at top class events is run in lanes for the first what?,5ab865235542992aa3b8c8db,"[22927, 5523]","[15181, 11991, 22927, 10124, 18869]",0.5,0.3333333333333333,0.5716841816902161,0.5746878981590271,qwen3.5-122b,"Based on the provided context, Lucas da Silva Carvalho was an unused reserve runner for the Brazilian 4 × 400 metres relay. However, the provided documents do not contain information regarding how many meters of a 4 × 400 metres race are run in lanes at top-class events.

I cannot answer this based on the provided context.",0.0,0.0,0.0,OK,
283,283,contriever,kmeans_k3,What profession was both John Updike and Bret Easton Ellis ?,5ab8764155429919ba4e22fe,"[3437, 4643]","[22694, 3437, 8475, 8353, 4643]",1.0,0.5,0.706500232219696,0.9000823497772217,qwen3.5-122b,"Based on the provided context, both John Updike and Bret Easton Ellis were **authors** (or writers).

*   **Document 2** describes John Updike as an ""American **novelist**, poet, short story **writer**, art critic, and literary critic.""
*   **Document 5** describes Bret Easton Ellis as an ""American **author**, screenwriter, and short story **writer**.""

Both are explicitly identified as novelists/authors and short story writers.",0.0,0.0,0.0,OK,
284,284,contriever,kmeans_k3,Are John le Carré and Tim Winton both novelists?,5ab90e9755429934fafe6e51,"[4612, 165]","[165, 10895, 12197, 11444, 25795]",0.5,1.0,0.6142693161964417,0.10990949720144272,qwen3.5-122b,I cannot answer this based on the provided context.,0.0,0.0,0.0,OK,
285,285,contriever,kmeans_k3,Is there fruit juice in both a Fizz and a Painkiller cocktail?,5ab934465542996be202043e,"[25675, 1128]","[21648, 17680, 25675, 18847, 24557]",0.5,0.3333333333333333,0.6446954011917114,0.026698581874370575,qwen3.5-122b,I cannot answer this based on the provided context.,0.0,0.0,0.0,OK,
286,286,contriever,kmeans_k3,"The non-fiction book ""Finding Chandra"" is about an affair between the victim and a congressman that holds a B.B.A from what school?",5ab973b35542996be20204fd,"[9608, 22274]","[9608, 2673, 14422, 18581, 5300]",0.5,1.0,0.6237947344779968,0.07554864883422852,qwen3.5-122b,I cannot answer this based on the provided context.,0.0,0.0,0.0,OK,
287,287,contriever,kmeans_k3,"Which sister of Margarita ""Peggy"" Schuyler Van Rensselaer is sometimes called Betsey?",5ab9d0b755429955dce3ed8f,"[21216, 252]","[252, 24509, 21216, 21368, 7738]",1.0,1.0,0.5588356256484985,0.9622513651847839,qwen3.5-122b,"Based on the provided context, the sister of Margarita ""Peggy"" Schuyler Van Rensselaer who is sometimes called ""Betsey"" is **Elizabeth Hamilton** (née Schuyler).

Document 3 identifies Elizabeth Schuyler Hamilton as Peggy's sister, and Document 1 states that Elizabeth Hamilton is ""sometimes called 'Eliza' or 'Betsey'.""",0.0,0.0,0.0,OK,
288,288,contriever,kmeans_k3,Are Eve Beglarian and Zach Bogosian both of Armenian descent?,5ab9ddef5542994dbf019875,"[22531, 4421]","[4421, 13712, 22531, 4616, 917]",1.0,1.0,0.5844510197639465,0.9956380128860474,qwen3.5-122b,"Yes, both Eve Beglarian and Zach Bogosian are of Armenian descent.

- **Eve Beglarian** is explicitly described in Document 3 as a ""contemporary American composer, performer and audio producer of Armenian descent.""
- **Zachary M. Bogosian** is described in Document 1 with his Armenian name (Զաքարի Մ. Պողոսյան), indicating his Armenian heritage, and he is identified as an American professional ice hockey player.

Therefore, based on the provided context, both individuals are of Armenian descent.",0.0,0.0,0.0,OK,
289,289,contriever,kmeans_k3,"The English actor Kris Marshall played which character in the highly rated comedy-drama television series ""Death in Paradise""?",5ab9debb55429955dce3ed97,"[17157, 12938]","[2699, 17157, 12938, 14528, 20959]",1.0,0.5,0.6513763666152954,0.999310314655304,qwen3.5-122b,"Based on the provided context, the English actor Kris Marshall played the character **DI Humphrey Goodman** in the television series ""Death in Paradise."" He took over the role in April 2013 for the show's third series and left in February 2017.",0.0,0.0,0.0,OK,
290,290,contriever,kmeans_k3,In what year was the scientific journal for which Danilo Erricolo is currently Editor-in-Chief established?,5aba18ee5542994dbf0198b4,"[22478, 9472]","[22488, 22478, 23757, 15051, 19682]",0.5,0.5,0.6389018297195435,0.876176118850708,qwen3.5-122b,I cannot answer this based on the provided context.,0.0,0.0,0.0,OK,
291,291,contriever,kmeans_k3,Yakuza Kiwami is a remake of the first video game in what video game series that is an open world action-adventure beat 'em up video game franchise?,5aba510f5542994dbf0198d6,"[22508, 8958]","[8591, 22508, 23996, 16113, 8958]",1.0,0.5,0.6358858346939087,0.032629042863845825,qwen3.5-122b,"Based on the provided context, **Yakuza Kiwami** is a remake of the first video game in the **Yakuza** series (known in Japan as *Ryū ga Gotoku*).

According to Document 2, ""Yakuza Kiwami"" is a remake of ""Yakuza,"" the first video game in the ""Yakuza"" series. Document 5 confirms that the ""Yakuza"" series is an ""open world action-adventure beat 'em up video game franchise"" created and published by Sega.",0.0,0.0,0.0,OK,
292,292,contriever,kmeans_k3,"Giuseppe Tornatore, an italian film director and screenwriter, wrote and directed his film ""The Best Offer"" in what language?",5aba6d4b5542994dbf019906,"[17780, 14963]","[17551, 12140, 17780, 17995, 8627]",0.5,0.3333333333333333,0.6264032125473022,0.24572980403900146,qwen3.5-122b,"Based on the provided context, Giuseppe Tornatore is identified as an **Italian** film director and screenwriter, and ""The Best Offer"" is listed among his works. However, the text does not explicitly state the language in which the film ""The Best Offer"" was written or spoken.

I cannot answer this based on the provided context.",0.0,0.0,0.0,OK,
293,293,contriever,kmeans_k3,The Indigenous Team of the Century's coach played over how many games at senior level?,5aba7a22554299232ef4a2e7,"[9170, 25933]","[20122, 23743, 9170, 16926, 5134]",0.5,0.3333333333333333,0.6632780432701111,0.05878666415810585,qwen3.5-122b,I cannot answer this based on the provided context.,0.0,0.0,0.0,OK,
294,294,contriever,kmeans_k3,"Which Canadian Province was captured with the support of the Mi'kmaq, Maliseet, Passamaquoddy, Abenaki, and Penobscot?",5aba916c55429901930fa83b,"[9455, 2012]","[9456, 24313, 17280, 9455, 25851]",0.5,0.25,0.5842600464820862,0.7015781402587891,qwen3.5-122b,I cannot answer this based on the provided context.,0.0,0.0,0.0,OK,
295,295,contriever,kmeans_k3,Which Formula One World Champion had a teammate named Richie Ginther?,5aba926f55429901930fa83e,"[654, 8570]","[654, 8014, 20510, 9110, 24319]",0.5,1.0,0.6413731575012207,0.8810716271400452,qwen3.5-122b,"Based on the provided context, the Formula One driver who had a teammate named Richie Ginther is **Graham Hill**.

According to Document 1, Graham Hill won the 1962 Italian Grand Prix driving for BRM, and his teammate Richie Ginther finished second in that race.",0.0,0.0,0.0,OK,
296,296,contriever,kmeans_k3,What was the title of the failed magazine that preceded and inspired the The Science Fiction League?,5aba97ed55429901930fa84d,"[18108, 3044]","[20498, 25511, 23634, 2385, 12211]",0.0,0.0,0.5867327451705933,0.19800499081611633,qwen3.5-122b,I cannot answer this based on the provided context.,0.0,0.0,0.0,OK,
297,297,contriever,kmeans_k3,Andrew Stanton co-directed which film which featured greedy grasshoppers?,5aba9e545542994dbf019986,"[4757, 19185]","[17648, 5741, 4757, 15111, 14528]",0.5,0.3333333333333333,0.6257680654525757,0.10615179687738419,qwen3.5-122b,I cannot answer this based on the provided context.,0.0,0.0,0.0,OK,
298,298,contriever,kmeans_k3,How many Golden Globe Awards did this English retired actress whose career has spanned over six decades and who appeared in the two-act drama Moby Dick—Rehearsed by Orson Welles?,5abac89d55429901930fa8b5,"[17457, 11151]","[12140, 17457, 24525, 8475, 25790]",0.5,0.5,0.7078668475151062,0.09137240052223206,qwen3.5-122b,I cannot answer this based on the provided context.,0.0,0.0,0.0,OK,
299,299,contriever,kmeans_k3,In what part of England is John Folwes' country house located?,5abacac45542996cc5e49e94,"[20071, 6422]","[7318, 8367, 17320, 3461, 2561]",0.0,0.0,0.6368626356124878,0.04589090496301651,qwen3.5-122b,I cannot answer this based on the provided context.,0.0,0.0,0.0,OK,
300,300,contriever,kmeans_k3,Curious is a women's fragrance by a singer born in what city and state?,5abaccd1554299660624161b,"[14248, 13075]","[15989, 15051, 14248, 9421, 5741]",0.5,0.3333333333333333,0.6408742666244507,0.05795998126268387,qwen3.5-122b,I cannot answer this based on the provided context.,0.0,0.0,0.0,OK,
301,301,contriever,kmeans_k3,What award did the writer of Never Let Me Go novel win in 1989?,5abae3205542996cc5e49edc,"[4031, 2087]","[4031, 7289, 1926, 25957, 3237]",0.5,1.0,0.628704845905304,0.9253753423690796,qwen3.5-122b,"Based on the provided context, the writer of the novel *Never Let Me Go*, Kazuo Ishiguro, won the **Booker Prize** in 1989 (specifically for his novel *The Remains of the Day*).",0.0,0.0,0.0,OK,
302,302,contriever,kmeans_k3,White love was what number of single created by a record label est in 2008 by Kim Shi Dao?,5abafb6d5542992ccd8e7e92,"[16888, 12840]","[3633, 17640, 16888, 18821, 2752]",0.5,0.3333333333333333,0.6501771211624146,0.04509944096207619,qwen3.5-122b,I cannot answer this based on the provided context.,0.0,0.0,0.0,OK,
303,303,contriever,kmeans_k3,How many constituents does Greg Gianforte's district have?,5abb14a55542992ccd8e7f06,"[11988, 25940]","[6030, 13129, 11988, 6024, 5050]",0.5,0.3333333333333333,0.6163500547409058,0.0949777364730835,qwen3.5-122b,I cannot answer this based on the provided context.,0.0,0.0,0.0,OK,
304,304,contriever,kmeans_k3,Harry Emerson Fosdick was called to serve as pastor at a church that opened its doors on what date?,5abb2f2f554299232ef4a3d7,"[25912, 1349]","[4035, 2564, 25912, 9549, 8336]",0.5,0.3333333333333333,0.6228671073913574,0.033267538994550705,qwen3.5-122b,I cannot answer this based on the provided context.,0.0,0.0,0.0,OK,
305,305,contriever,kmeans_k3,"The world's greatest Super-Heroes anthology showcased one of four superheroes known for speaking the phrase ""SHAZAM"", what was their name?",5abb342055429966062416e8,"[2617, 16362]","[4873, 16362, 25511, 23229, 675]",0.5,0.5,0.5951753854751587,0.6238507628440857,qwen3.5-122b,"Based on the provided context, the superhero known for speaking the phrase ""SHAZAM"" is **Captain Marvel** (also known as Shazam).

However, the provided context does not contain information about a ""world's greatest Super-Heroes anthology"" or confirm that this specific anthology showcased Captain Marvel. Therefore, while the character's name is identified in Document 2, the specific connection to the anthology mentioned in the question cannot be verified using only the provided documents.

**Answer:** I cannot answer this based on the provided context.",0.0,0.0,0.0,OK,
306,306,contriever,kmeans_k3,Jean-Paul Sartre or George Bernard Shaw  have more influence on turn of the century literature?,5abbb42555429931dba144af,"[3723, 1726]","[11444, 1726, 2189, 11482, 3723]",1.0,0.5,0.6425939798355103,0.0739765390753746,qwen3.5-122b,I cannot answer this based on the provided context.,0.0,0.0,0.0,OK,
307,307,contriever,kmeans_k3,"Which genus of plant grows originally in Mexico and Guatemala, Phylica or Weldenia?",5abbc4d255429931dba144fe,"[1787, 11876]","[11876, 16356, 5564, 815, 21225]",0.5,1.0,0.6127355694770813,0.46599864959716797,qwen3.5-122b,"Based on the provided context, **Weldenia** is the genus that grows originally in Mexico and Guatemala.

Document 1 states: ""Weldenia is a monotypic genus of flowering plant... It has one single species: Weldenia candida, which grows originally in Mexico and Guatemala."" The context does not mention the genus Phylica.",0.0,0.0,0.0,OK,
308,308,contriever,kmeans_k3,Are Cardinal Health and Kansas City Southern located in the same state?,5abbd58d554299660624172f,"[205, 18601]","[15526, 18601, 205, 12868, 2898]",1.0,0.5,0.6304889917373657,0.9970413446426392,qwen3.5-122b,"No, Cardinal Health and Kansas City Southern are not located in the same state.

Based on the provided context:
*   **Cardinal Health, Inc.** is based in **Dublin, Ohio** (Document 3).
*   **Kansas City Southern (KCS)** is headquartered in **Kansas City, Missouri** (Document 2).

Therefore, they are located in different states (Ohio and Missouri).",0.0,0.0,0.0,OK,
309,309,contriever,kmeans_k3,"Which is larger, Garajonay National Park or Guadarrama National Park?",5abbdb195542993f40c73bf1,"[11172, 24782]","[1674, 23613, 11172, 25614, 3355]",0.5,0.3333333333333333,0.6422556638717651,0.023474274203181267,qwen3.5-122b,I cannot answer this based on the provided context.,0.0,0.0,0.0,OK,
310,310,contriever,kmeans_k3,Who directed the 1971 film in which Pat Ashton starred in?,5abbdd6955429931dba145b5,"[16644, 6235]","[5587, 19262, 16644, 9454, 13629]",0.5,0.3333333333333333,0.6436282396316528,0.8996264338493347,qwen3.5-122b,I cannot answer this based on the provided context.,0.0,0.0,0.0,OK,
311,311,contriever,kmeans_k3,Rolls-Royce Welland's name is taken from this river that is low long,5abbe4c0554299642a094bc0,"[3379, 2969]","[11696, 3379, 21774, 5648, 3542]",0.5,0.5,0.6049785614013672,0.13599944114685059,qwen3.5-122b,I cannot answer this based on the provided context.,0.0,0.0,0.0,OK,
312,312,contriever,kmeans_k3,Are both Viken Babikian and Don Manoukian American ?,5abbf8bc5542993f40c73c35,"[23897, 18284]","[7700, 18284, 23897, 21521, 4616]",1.0,0.5,0.5954013466835022,0.9921938180923462,qwen3.5-122b,"Yes, both Viken Babikian and Don Manoukian are American.

- Viken L. Babikian is described as an ""American doctor of Armenian origin.""
- Donald J. Manoukian is described as an ""American football guard and professional wrestler of Armenian descent.""

Therefore, based on the provided context, both individuals are American.",0.0,0.0,0.0,OK,
313,313,contriever,kmeans_k3,Are Wake Forest University and Pennsylvania State University both located in the US?,5abc081e5542993f40c73c54,"[8163, 1172]","[20695, 24409, 6262, 8163, 3633]",0.5,0.25,0.589408814907074,0.04249992221593857,qwen3.5-122b,"Based on the provided context, I cannot answer this question.

While Document 4 confirms that Wake Forest University is located in Winston-Salem, North Carolina, United States, the provided documents do not contain any information regarding the location of Pennsylvania State University.",0.0,0.0,0.0,OK,
314,314,contriever,kmeans_k3,"Which Argentine telenovela broadcast by Telefe from March 12 to December 19, 2012 starred Isabel Macedo as Jimena Benitez?",5abc5951554299114383a116,"[18916, 14305]","[8400, 12985, 18916, 5055, 2613]",0.5,0.3333333333333333,0.5459558963775635,0.045636147260665894,qwen3.5-122b,"Based on the provided context, I cannot answer this based on the provided context.

While Document 3 confirms that Isabel Macedo played the character Jimena Benitez (also known as Patricia Longo) in the 2012 Argentine telenovela ""Graduados,"" the provided text does not mention the specific broadcast dates (March 12 to December 19, 2012) or the television channel (Telefe).",0.0,0.0,0.0,OK,
315,315,contriever,kmeans_k3,"Which movie was released first, Return to Oz or Midnight Madness?",5abc5955554299114383a118,"[23385, 7388]","[7388, 18510, 13726, 23385, 8353]",1.0,1.0,0.6840227842330933,0.9913878440856934,qwen3.5-122b,"Based on the provided context, **Midnight Madness** was released first.

*   **Midnight Madness** is described in Document 1 as a **1980** film.
*   **Return to Oz** is described in Document 4 as a **1985** film.

Since 1980 comes before 1985, Midnight Madness was released first.",0.0,0.0,0.0,OK,
316,316,contriever,kmeans_k3,Matthew Butturini was born in a town on the Tweed River how many km north-east of Sydney?,5abc8d00554299700f9d78fd,"[13650, 25718]","[25718, 10170, 13650, 25712, 530]",1.0,1.0,0.6612353324890137,0.7999312877655029,qwen3.5-122b,"Based on the provided context, Matthew Butturini was born in Murwillumbah (Document 3), which is a town on the Tweed River located **848 km** north-east of Sydney (Document 1).",0.0,0.0,0.0,OK,
317,317,contriever,kmeans_k3,"Soundcloud rap has been used by which rapper from Lauderhill, Florida?",5abce43855429959677d6b18,"[23066, 22127]","[9339, 1674, 23066, 24099, 17518]",0.5,0.3333333333333333,0.6283562183380127,0.03522265702486038,qwen3.5-122b,I cannot answer this based on the provided context.,0.0,0.0,0.0,OK,
318,318,contriever,kmeans_k3,"The composer for the music in the film ""A Clockwork Orange"" was born in which state?",5abcf46255429959677d6b6b,"[10937, 13226]","[9454, 5741, 22309, 3658, 24501]",0.0,0.0,0.6119826436042786,0.6429761052131653,qwen3.5-122b,I cannot answer this based on the provided context.,0.0,0.0,0.0,OK,
319,319,contriever,kmeans_k3,Carlos Hasselbaink is the older brother of the footballer of what nationality?,5abcf51c554299700f9d7949,"[3825, 23157]","[23047, 16179, 3825, 7689, 23157]",1.0,0.3333333333333333,0.5452569127082825,0.8948826789855957,qwen3.5-122b,"Based on the provided context, Carlos Hasselbaink is the older brother of Jimmy Floyd Hasselbaink, who is described as a **Dutch** former professional footballer.

Answer: Dutch",0.0,0.0,0.0,OK,
320,320,contriever,kmeans_k3,"Archie Norman will succeed Robert Swannell as chairman of what British multinational retailer that is headquartered in the city of Westminster, London?",5abd0553554299700f9d7963,"[16997, 3212]","[16731, 11256, 16997, 11823, 19380]",0.5,0.3333333333333333,0.6816847324371338,0.6446972489356995,qwen3.5-122b,"Based on the provided context, Archie Norman will succeed Robert Swannell as chairman of **Marks & Spencer**.

Document 3 states: ""He will succeed Robert Swannell as chairman of Marks & Spencer in September 2017."" While the context does not explicitly state that Marks & Spencer is headquartered in the city of Westminster, it is the only British multinational retailer mentioned in relation to this succession.",0.0,0.0,0.0,OK,
321,321,contriever,kmeans_k3,Are Muzzle and Screaming Trees both alternative rock bands?,5abd0eae5542996e802b46d4,"[826, 5214]","[21035, 5214, 826, 22019, 21117]",1.0,0.5,0.6183632612228394,0.9946824908256531,qwen3.5-122b,"Based on the provided context, **Muzzle** is explicitly described as an ""alternative rock band"" (Document 3). However, **Screaming Trees** is described as an ""American rock band"" whose sound incorporated ""hard rock and psychedelic elements"" and was ""widely associated with grunge"" (Document 2). The text does not explicitly label Screaming Trees as an ""alternative rock band.""

Therefore, based **only** on the provided context, I cannot confirm that both are alternative rock bands, as the text only explicitly assigns that label to Muzzle.

**Answer:** I cannot answer this based on the provided context.",0.0,0.0,0.0,OK,
322,322,contriever,kmeans_k3,What is Peter Daou's website's slogan?,5abd6be55542993062266c89,"[8639, 23051]","[6227, 2452, 8639, 17494, 6151]",0.5,0.3333333333333333,0.6900412440299988,0.05680793151259422,qwen3.5-122b,I cannot answer this based on the provided context.,0.0,0.0,0.0,OK,
323,323,contriever,kmeans_k3,Were both Eugene Dynkin and Vladimir Voevodsky mathematicians from Russia?,5abd7aba55429924427fcfed,"[2170, 224]","[21363, 2170, 15994, 5836, 224]",1.0,0.5,0.6074690222740173,0.5969283580780029,qwen3.5-122b,"Based on the provided context, Vladimir Voevodsky was a Russian mathematician. However, Eugene Dynkin is described as a ""Soviet and American mathematician,"" not specifically a Russian mathematician in the text. Therefore, the context does not support the statement that both were mathematicians from Russia.

Answer: No, based on the provided context, only Vladimir Voevodsky is described as a Russian mathematician, while Eugene Dynkin is described as a Soviet and American mathematician.",0.0,0.0,0.0,OK,
324,324,contriever,kmeans_k3,"What village in Nassau County, New York with a name meaning ""a pleasant place"" is represented by Kathleen Rice in the United States House of Representatives?",5abd8ee05542993062266cc8,"[21639, 24844]","[12497, 9278, 24844, 2114, 1547]",0.5,0.3333333333333333,0.5598138570785522,0.07495822012424469,qwen3.5-122b,I cannot answer this based on the provided context.,0.0,0.0,0.0,OK,
325,325,contriever,kmeans_k3,A private university that beat Georgetown during a basketball tournament is from what U.S. city?,5abd93115542996e802b47e0,"[4002, 7214]","[25840, 20695, 23784, 24658, 11594]",0.0,0.0,0.6304866075515747,0.0971781387925148,qwen3.5-122b,I cannot answer this based on the provided context.,0.0,0.0,0.0,OK,
326,326,contriever,kmeans_k3,When was the former IBF World title holder born?,5abde7ba5542991f6610609e,"[12654, 9705]","[12813, 5338, 2688, 9081, 9947]",0.0,0.0,0.5311435461044312,0.9546108245849609,qwen3.5-122b,I cannot answer this based on the provided context.,0.0,0.0,0.0,OK,
327,327,contriever,kmeans_k3,In Ancient Egyptian religion how would a citizen be weighted to decide if they where worthy of damnation and would face the torment in the lake of fire ?,5abdf06355429976d4830a2d,"[2121, 159]","[2121, 25947, 19481, 14528, 4502]",0.5,1.0,0.6950174570083618,0.9996943473815918,qwen3.5-122b,"Based on the provided context, in Ancient Egyptian religious tradition, a citizen's heart was weighed against the feather of truth. If the citizen's heart was heavier than the feather, they would face torment in a lake of fire.",0.0,0.0,0.0,OK,
328,328,contriever,kmeans_k3,What is the population of the city as of the 2010 Census where the band Quincy Mumford & The Reason Why is based?,5abdf7055542993f32c2a06c,"[14194, 1496]","[2334, 14290, 14194, 508, 810]",0.5,0.3333333333333333,0.6734675168991089,0.02003512717783451,qwen3.5-122b,I cannot answer this based on the provided context.,0.0,0.0,0.0,OK,
329,329,contriever,kmeans_k3,At what theater is the composer and lyricist for the musical Big Fish a residential artist?,5abdff775542993f32c2a082,"[16335, 613]","[5422, 8475, 16335, 613, 22137]",1.0,0.3333333333333333,0.6255121231079102,0.9727634191513062,qwen3.5-122b,"Based on the provided context, the composer and lyricist for the musical *Big Fish* is Andrew Lippa. According to Document 4, he is a resident artist at the **Ars Nova Theater** in New York City.",0.0,0.0,0.0,OK,
330,330,contriever,kmeans_k3,"In the Morpeth Arms pub in London, there's a Spying Room with a view overlooking the headquarters of which organisation?",5abe64bf55429976d4830b13,"[19930, 2308]","[3633, 8105, 19930, 20284, 24556]",0.5,0.3333333333333333,0.7021821737289429,0.999527633190155,qwen3.5-122b,"Based on the provided context, the Spying Room in the Morpeth Arms pub overlooks the headquarters of the **Secret Intelligence Service**.",0.0,0.0,0.0,OK,
331,331,contriever,kmeans_k3,"Which university did one of the key figures in the American documentary film, released in 2015, directed by Malcolm Ingram, pay for, before being drafted 18th overall pick for the New Jersey Nets?",5abe65e25542993f32c2a101,"[18826, 6731]","[12686, 23784, 15917, 12140, 7738]",0.0,0.0,0.6621196269989014,0.0971781387925148,qwen3.5-122b,I cannot answer this based on the provided context.,0.0,0.0,0.0,OK,
332,332,contriever,kmeans_k3,Mesih Pasha's uncle became emperor in what year?,5abe79c755429976d4830b2a,"[10700, 23898]","[9591, 23767, 10700, 23761, 6757]",0.5,0.3333333333333333,0.5830370187759399,0.0278486181050539,qwen3.5-122b,I cannot answer this based on the provided context.,0.0,0.0,0.0,OK,
333,333,contriever,kmeans_k3,Millennium Greens were funded in part by a what type of lottery?,5abe87cb5542993f32c2a156,"[18446, 5511]","[219, 5511, 18446, 22514, 22382]",1.0,0.5,0.613183856010437,0.9864599108695984,qwen3.5-122b,"Based on the provided context, Millennium Greens were funded in part by the **National Lottery**, which is described as the **state-franchised national lottery** in the United Kingdom.",0.0,0.0,0.0,OK,
334,334,contriever,kmeans_k3,Lake Wales Ridge National Wildlife Refuge is on the US route that runs between a city in what Florida county?,5abecdf45542997719eab5d4,"[23487, 508]","[15354, 7411, 23487, 7066, 12720]",0.5,0.3333333333333333,0.6056000590324402,0.05098312720656395,qwen3.5-122b,I cannot answer this based on the provided context.,0.0,0.0,0.0,OK,
335,335,contriever,kmeans_k3,Are Tantrix and Personal Preference both types of games?,5abed4d55542990832d3a0e0,"[24203, 11189]","[2850, 24203, 13090, 17015, 10613]",0.5,0.5,0.6458359956741333,0.521002471446991,qwen3.5-122b,"Based on the provided context, Tantrix is described as a ""hexagonal tile-based abstract game."" However, the context defines ""preference"" (which appears to be the term referred to as ""Personal Preference"" in the question) as a ""technical term in psychology, economics and philosophy usually used in relation to choosing between alternatives,"" not as a game.

Therefore, only Tantrix is identified as a game in the provided text.",0.0,0.0,0.0,OK,
336,336,contriever,kmeans_k3,The 1966 Football League Cup Final was contested with which team that is based in the West Midlands?,5abee69c5542993fe9a41d8b,"[722, 13134]","[17606, 722, 8231, 3633, 6753]",0.5,0.5,0.641758918762207,0.6553782820701599,qwen3.5-122b,"Based on the provided context, the 1966 Football League Cup Final was contested between **West Bromwich Albion** and West Ham United.

Document 2 states the final was between these two teams. While the context does not explicitly state which team is based in the West Midlands, West Bromwich Albion is the team associated with that region (West Bromwich is in the West Midlands), whereas West Ham United is based in London. However, strictly adhering to the instruction to answer **ONLY** based on the provided context:

The context in Document 2 identifies the teams as **West Bromwich Albion** and **West Ham United**. It does not explicitly state which one is based in the West Midlands.

Therefore, based **strictly** on the provided text which lacks geographical location details for the teams:

I cannot answer this based on the provided context.",0.0,0.0,0.0,OK,
337,337,contriever,kmeans_k3,The evil clown is a subversion of the traditional comic clown character with the modern archetype popularised by a book that follows the experiences of how many children?,5abef8fd5542990832d3a111,"[18683, 9854]","[22924, 8501, 18683, 11526, 14528]",0.5,0.3333333333333333,0.6458773612976074,0.19480639696121216,qwen3.5-122b,I cannot answer this based on the provided context.,0.0,0.0,0.0,OK,
338,338,contriever,kmeans_k3,What empire was Aleksei Gen born into?,5abf8ae85542990832d3a14b,"[15809, 9132]","[14670, 21294, 15809, 22557, 8083]",0.5,0.3333333333333333,0.5924709439277649,0.09691812843084335,qwen3.5-122b,I cannot answer this based on the provided context.,0.0,0.0,0.0,OK,
339,339,contriever,kmeans_k3,"When ""Good Night"" was aired on ""The Simpsons 138th Epsiode Spectacular,"" which actress did the voice of the character named after Matt Groening's mother?",5abfd5c45542994516f4550e,"[11132, 25916]","[345, 19429, 25916, 25232, 15077]",0.5,0.3333333333333333,0.559569776058197,0.08780530840158463,qwen3.5-122b,I cannot answer this based on the provided context.,0.0,0.0,0.0,OK,
340,340,contriever,kmeans_k3,What is the middle name of the actor who hosted the24th People's Choice Awards with  Reba McEntire ?,5abffa095542990832d3a1de,"[11679, 7514]","[587, 2971, 11679, 20284, 5329]",0.5,0.3333333333333333,0.6777712106704712,0.137994185090065,qwen3.5-122b,I cannot answer this based on the provided context.,0.0,0.0,0.0,OK,
341,341,contriever,kmeans_k3,What date was the person born that Samuel Flores Borrego was the right hand man of?,5ac00584554299012d1db575,"[13432, 5900]","[634, 1674, 13432, 17518, 7636]",0.5,0.3333333333333333,0.6280492544174194,0.023149844259023666,qwen3.5-122b,I cannot answer this based on the provided context.,0.0,0.0,0.0,OK,
342,342,contriever,kmeans_k3,"Which actress, who debuted in Friday Night Lights also starred in The River Why?",5ac027005542996f0d89cb3d,"[5019, 395]","[2250, 8829, 11499, 9307, 13629]",0.0,0.0,0.6548751592636108,0.05512646958231926,qwen3.5-122b,I cannot answer this based on the provided context.,0.0,0.0,0.0,OK,
343,343,contriever,kmeans_k3,In which Navy was the single-engine BAE Systems Hawk operated?,5ac04a265542997d642959f1,"[2528, 12046]","[2528, 10133, 12046, 1022, 18313]",1.0,1.0,0.6045979857444763,0.5839080810546875,qwen3.5-122b,"Based on the provided context, the single-engine BAE Systems Hawk was operated by the **Royal Navy** (specifically by its Fleet Air Arm).

Document 1 states that the Fleet Requirements and Air Direction Unit (FRADU) was a unit of the Royal Navy's Fleet Air Arm and was equipped with BAE Systems Hawk T1 aircraft. Document 3 confirms that the BAE Systems Hawk is a single-engine aircraft.",0.0,0.0,0.0,OK,
344,344,contriever,kmeans_k3,Ambrose Mendy has managed and/or advised a British professional boxer that as of July 2017 is ranked the world's seventh best super middleweight by who?,5ac056385542997d64295a08,"[5327, 4250]","[16727, 22256, 5327, 4250, 3267]",1.0,0.3333333333333333,0.5379312038421631,0.4349203407764435,qwen3.5-122b,"Based on the provided context, Ambrose Mendy has managed and/or advised **Chris Eubank Junior** (Document 3). According to Document 4, as of July 2017, Chris Eubank Jr. was ranked as the world's seventh best super middleweight by **""The Ring"" magazine**.

Answer: ""The Ring"" magazine",0.0,0.0,0.0,OK,
345,345,contriever,kmeans_k3,"What genre did the writer whose novel was based on ""I'll Take Manhattan"" writes?",5ac0a18a5542992a796ded41,"[21629, 24273]","[13629, 8800, 21629, 8353, 25619]",0.5,0.3333333333333333,0.6995915174484253,0.06885255873203278,qwen3.5-122b,I cannot answer this based on the provided context.,0.0,0.0,0.0,OK,
346,346,contriever,kmeans_k3,At what university is the organic chemist who headed the group that designed the nanocar a professor?,5ac160af5542994d76dccdfa,"[11360, 4535]","[22227, 5521, 11360, 23757, 22771]",0.5,0.3333333333333333,0.6718536615371704,0.9676074981689453,qwen3.5-122b,"I cannot answer this based on the provided context.

The provided text states that the nanocar was designed by a group headed by Professor James Tour at Rice University, but it does not specify his current university position or confirm that he is an organic chemist. Additionally, while Document 5 mentions Stephen Lee as a chemist at Cornell University, it does not link him to the design of the nanocar.",0.0,0.0,0.0,OK,
347,347,contriever,kmeans_k3,What was the alternate slang name for the World War I era grenade that the egg grenade was less awkward than to handle?,5ac1725c5542994d76dcce2c,"[17932, 18966]","[6910, 21290, 17932, 17680, 2688]",0.5,0.3333333333333333,0.7055786848068237,0.24156267940998077,qwen3.5-122b,"Based on the provided context, the World War I era grenade that the egg grenade (Model 17 Eierhandgranate) was less awkward to handle than is the **Stick grenade**.

(Note: The provided text does not mention an ""alternate slang name"" for the Stick grenade, only its formal designation.)",0.0,0.0,0.0,OK,
348,348,contriever,kmeans_k3,"What was the official religion of the lands of the husband of Dorothea of Denmark, Duchess of Prussia?",5ac194db55429964131be23a,"[10253, 3048]","[13827, 8367, 10253, 3309, 8126]",0.5,0.3333333333333333,0.6332796812057495,0.03172284737229347,qwen3.5-122b,I cannot answer this based on the provided context.,0.0,0.0,0.0,OK,
349,349,contriever,kmeans_k3,What was the nationality of Bernhard Heiden's teacher?,5ac1c7605542994ab5c67e14,"[22644, 24941]","[19315, 17442, 22644, 9145, 16858]",0.5,0.3333333333333333,0.6209461092948914,0.2794012129306793,qwen3.5-122b,I cannot answer this based on the provided context.,0.0,0.0,0.0,OK,
350,350,contriever,kmeans_k3,"What year was a joint venture between RLJ Companies and this film studio founded in 2005, founded?",5ac240ef55429951e9e684ef,"[623, 4913]","[4186, 5215, 623, 226, 15025]",0.5,0.3333333333333333,0.5814278721809387,0.05142328143119812,qwen3.5-122b,I cannot answer this based on the provided context.,0.0,0.0,0.0,OK,
351,351,contriever,kmeans_k3,"Which Oxford University graduate did Midge Mackenzie interview in ""Women Talking""?",5ac24cea55429951e9e6853a,"[9575, 23693]","[1702, 6199, 9575, 20641, 2699]",0.5,0.3333333333333333,0.670750617980957,0.10965573787689209,qwen3.5-122b,I cannot answer this based on the provided context.,0.0,0.0,0.0,OK,
352,352,contriever,kmeans_k3,Who is the film dedicated to that Paramount Classics and MTV Films co-purchased the rights to?,5ac26ac15542992f1f2b38bc,"[15795, 20033]","[15795, 7535, 8353, 13817, 22694]",0.5,1.0,0.6936825513839722,0.08869723975658417,qwen3.5-122b,I cannot answer this based on the provided context.,0.0,0.0,0.0,OK,
353,353,contriever,kmeans_k3,What facility is shared by RAAF Base Williamtown and Newcastle Airport in New South Wales?,5ac290e85542992f1f2b3916,"[3944, 15788]","[3690, 21601, 15788, 2077, 182]",0.5,0.3333333333333333,0.637193500995636,0.9775670170783997,qwen3.5-122b,"Based on the provided context, the facility shared by RAAF Base Williamtown and Newcastle Airport is the **airport site** (or the land on which the airport is located).

Document 3 states that Newcastle Airport ""occupies a 28 ha site on the southern border of RAAF Base Williamtown.""",0.0,0.0,0.0,OK,
354,354,contriever,kmeans_k3,This sister company  of Líneas Aéreas Privadas Argentinas is most commonly known by its shortened name Austral?,5ac298805542990b17b15429,"[15259, 6103]","[5608, 9157, 6103, 844, 15259]",1.0,0.3333333333333333,0.5753225088119507,0.7141551971435547,qwen3.5-122b,"I cannot answer this based on the provided context.

The provided documents state that **Austral Líneas Aéreas** (shortened name **Austral**) is the sister company of **Aerolíneas Argentinas**, not of **Líneas Aéreas Privadas Argentinas (LAPA)**. Document 5 mentions that LAPA broke the monopoly controlled by Aerolíneas Argentinas and its sister company Austral, but it does not identify Austral as LAPA's sister company.",0.0,0.0,0.0,OK,
355,355,contriever,kmeans_k3,Which band My Darkest Days or Human Drama had only one constant member?,5ac29da5554299218029dac3,"[10229, 193]","[25269, 10229, 193, 23298, 10240]",1.0,0.5,0.6570934057235718,0.6539475917816162,qwen3.5-122b,"Based on the provided context, **Human Drama** is the band that had only one constant member.

Document 3 states: ""With Indovina the only constant member, the band released six studio albums before splitting in 2005."" In contrast, Document 2 lists four specific members for My Darkest Days without mentioning a single constant member.",0.0,0.0,0.0,OK,
356,356,contriever,kmeans_k3,Choi Jun-hong  is best known as a member of a group formed in which year ?,5ac2ca84554299218029db55,"[13471, 13401]","[9609, 6047, 13471, 24506, 6191]",0.5,0.3333333333333333,0.6371356248855591,0.12960757315158844,qwen3.5-122b,I cannot answer this based on the provided context.,0.0,0.0,0.0,OK,
357,357,contriever,kmeans_k3,Where are Neoregelia and Aloysia known to grow,5ac2cdaa554299657fa29070,"[18186, 1723]","[1723, 13391, 18186, 5564, 14610]",1.0,1.0,0.6024019122123718,0.02123171277344227,qwen3.5-122b,"Based on the provided context:

*   **Neoregelia** is native to **South American rainforests**.
*   **Aloysia** is native to the **Americas**, where they are distributed in **temperate climates**, as well as in **subtropical and desert climates**.",0.0,0.0,0.0,OK,
358,358,contriever,kmeans_k3,"Which film featured Rosalind Cash prior to the release of ""Sister, Sister""?",5ac2d9f65542996773102631,"[7447, 25009]","[14075, 25009, 7447, 1897, 2381]",1.0,0.5,0.6387305855751038,0.989273726940155,qwen3.5-122b,"Based on the provided context, Rosalind Cash's best-known film role was in the 1971 science fiction film ""The Omega Man,"" which was released prior to ""Sister, Sister"" (1982).",0.0,0.0,0.0,OK,
359,359,contriever,kmeans_k3,"Name the movie that was cowritten by Paul Rudd and the director of the 2011 British science fiction horror comedy film written and directed by Joe Cornish and starring John Boyega, Nick Frost, Jodie Whittaker and Luke Treadaway.",5ac2eaab5542990b17b154a4,"[4146, 11226]","[16238, 11226, 4146, 13487, 8488]",1.0,0.5,0.6169330477714539,0.01844046078622341,qwen3.5-122b,"Based on the provided context, the 2011 British science fiction horror comedy film written and directed by Joe Cornish and starring John Boyega, Nick Frost, Jodie Whittaker, and Luke Treadaway is **Attack the Block** (Document 2).

Document 3 states that Joe Cornish co-wrote the movie **Ant-Man** with Edgar Wright, Adam McKay, and **Paul Rudd**.

Therefore, the movie cowritten by Paul Rudd and the director of the specified film is **Ant-Man**.",0.0,0.0,0.0,OK,
360,360,contriever,kmeans_k3,"Operalia, The World Opera Competition helped launch the career of an operatic soprano of what nationality?",5ac3090d5542990b17b154fc,"[7044, 6342]","[7044, 1380, 3460, 5541, 24462]",0.5,1.0,0.5750986933708191,0.4484476149082184,qwen3.5-122b,"Based on the provided context, I cannot answer this question.

While Document 1 lists several artists whose careers were launched by Operalia (Joseph Calleja, Giuseppe Filianoti, Rolando Villazón, José Cura, Joyce DiDonato, Elizabeth Futral, Inva Mula, Ana María Martínez, and Sonya Yoncheva), the text does not specify the voice types (e.g., soprano) or nationalities of these individuals. The other documents mention sopranos (Betty Fabila, Jolana Fogašová, Gladys Swarthout), but none of them are listed as Operalia winners in the provided text.",0.0,0.0,0.0,OK,
361,361,contriever,kmeans_k3,Where is the stadium at which 1964 Georgia Tech Yellow Jackets football team played their home game located?,5ac32b565542995ef918c154,"[22624, 25606]","[5208, 534, 22624, 14724, 9859]",0.5,0.3333333333333333,0.5862852334976196,0.9997343420982361,qwen3.5-122b,"Based on the provided context, the 1964 Georgia Tech Yellow Jackets football team played their home games at Grant Field, which is located in **Atlanta, Georgia**.",0.0,0.0,0.0,OK,
362,362,contriever,kmeans_k3,what language did the ethnic group which Torstein Ellingsen was its drumer  speaks,5ac35a7e554299741d48a257,"[18692, 24078]","[29, 18692, 1005, 1316, 15557]",0.5,0.5,0.6016222834587097,0.049667827785015106,qwen3.5-122b,I cannot answer this based on the provided context.,0.0,0.0,0.0,OK,
363,363,contriever,kmeans_k3,"Prior to playing for Michigan State, Keith Nichol played football for a school located in what city?",5ac397fe554299218029dbe2,"[9026, 25838]","[9026, 2866, 164, 23027, 17152]",0.5,1.0,0.6374188661575317,0.5029777884483337,qwen3.5-122b,"Based on the provided context, Keith Nichol played for the Oklahoma Sooners before Michigan State. However, the documents do not specify the city where the Oklahoma Sooners are located.

I cannot answer this based on the provided context.",0.0,0.0,0.0,OK,
364,364,contriever,kmeans_k3,"Who released the song ""With or Without You"" first, Jai McDowall or U2?",5ac3a76e554299741d48a2be,"[12942, 7741]","[20284, 13726, 12942, 19823, 12783]",0.5,0.3333333333333333,0.7135650515556335,0.03042530082166195,qwen3.5-122b,I cannot answer this based on the provided context.,0.0,0.0,0.0,OK,
365,365,contriever,kmeans_k3,Whitford Lodge once held a branch of the bank that later became which national bank?,5ac3b4cc554299741d48a2eb,"[15790, 24702]","[1120, 15790, 4898, 20620, 16927]",0.5,0.5,0.6470525860786438,0.0044697667472064495,qwen3.5-122b,"Based on the provided context, the Whitford Lodge once housed a branch of the Hudson United Bank, which became **TD Bank**. The documents do not mention a ""national bank"" associated with this location.",0.0,0.0,0.0,OK,
366,366,contriever,kmeans_k3,SLS station was designed to allow access to the area of Las Vegas that includes a hotel and casino in what other town?,5ac3c0495542995ef918c215,"[399, 4425]","[16361, 338, 399, 22661, 25840]",0.5,0.3333333333333333,0.6460238695144653,0.02502351999282837,qwen3.5-122b,I cannot answer this based on the provided context.,0.0,0.0,0.0,OK,
367,367,contriever,kmeans_k3,"The court in which the most important decisions of the ""Black Book of the Admiralty"" where established under a monarch who was also known as the what of Scots?",5ac3c1805542995ef918c21f,"[650, 19296]","[19457, 7621, 650, 1069, 15818]",0.5,0.3333333333333333,0.5819326639175415,0.05813756585121155,qwen3.5-122b,I cannot answer this based on the provided context.,0.0,0.0,0.0,OK,
368,368,contriever,kmeans_k3,The Feminine Touch is a drama film starring which English actress?,5ac3d7f8554299076e296cb0,"[11779, 7099]","[18656, 21657, 11779, 20077, 2801]",0.5,0.3333333333333333,0.5945460796356201,0.9040042161941528,qwen3.5-122b,"Based on the provided context, **The Feminine Touch** is a 1956 British drama film starring **Belinda Lee** (along with George Baker and Delphi Lawrence).

*Note: While the context lists Belinda Lee as a star, it does not explicitly state her nationality as ""English,"" though she is a British actress.*",0.0,0.0,0.0,OK,
369,369,contriever,kmeans_k3,What sport is featured in the film in which Kwon Yu-ri made her film debut ?,5ac3e80b554299076e296ccd,"[7268, 15846]","[6305, 13145, 7268, 19907, 17640]",0.5,0.3333333333333333,0.5678442716598511,0.4677916169166565,qwen3.5-122b,"Based on the provided context, Kwon Yu-ri made her film debut in the movie ""No Breathing"" in 2013. However, the text does not specify what sport is featured in that film.

I cannot answer this based on the provided context.",0.0,0.0,0.0,OK,
370,370,contriever,kmeans_k3,"Is Ohio State University or California State University, Dominguez Hills further west?",5ac41f1d5542991943173924,"[7131, 24258]","[24697, 24258, 22716, 25042, 12459]",0.5,0.5,0.6432075500488281,0.023037167266011238,qwen3.5-122b,I cannot answer this based on the provided context.,0.0,0.0,0.0,OK,
371,371,contriever,kmeans_k3,What river runs along the neighborhood where Ashley Estes Kavanaugh's wedding was held?,5ac434cb5542997ea680ca2f,"[13428, 5700]","[2250, 10924, 13428, 21449, 25840]",0.5,0.3333333333333333,0.7013925313949585,0.028527023270726204,qwen3.5-122b,I cannot answer this based on the provided context.,0.0,0.0,0.0,OK,
372,372,contriever,kmeans_k3,"Which became a Cathedral first St Chad's Cathedral, Birmingham or Chelmsford Cathedral?",5ac44b47554299194317396c,"[8589, 13981]","[9529, 1900, 13981, 10368, 9135]",0.5,0.3333333333333333,0.5470924973487854,0.43759992718696594,qwen3.5-122b,I cannot answer this based on the provided context.,0.0,0.0,0.0,OK,
373,373,contriever,kmeans_k3,Was Princess Charlotte of Cambridge born before or after the repealing of the Royal Marriages Act 1772?,5ac46a8b5542991943173980,"[8112, 18207]","[24776, 18207, 8112, 11046, 4815]",1.0,0.5,0.537097692489624,0.9987409114837646,qwen3.5-122b,"Princess Charlotte of Cambridge was born after the repealing of the Royal Marriages Act 1772.

According to the provided context:
- Princess Charlotte of Cambridge was born on **2 May 2015** (Document 2).
- The Royal Marriages Act 1772 was repealed on **26 March 2015** (Document 3).

Since 2 May 2015 comes after 26 March 2015, she was born after the Act was repealed.",0.0,0.0,0.0,OK,
374,374,contriever,kmeans_k3,Are Pago Pago International Airport and Hoonah Airport both on American territory?,5ac4a5de5542995c82c4ad6e,"[20582, 23936]","[23196, 20582, 3633, 5237, 23936]",1.0,0.5,0.5907042026519775,0.06854717433452606,qwen3.5-122b,"Yes, both airports are on American territory.

*   **Pago Pago International Airport** is located in American Samoa, which is described in Document 2 as ""an unincorporated territory of the United States.""
*   **Hoonah Airport** is located in Hoonah, Alaska, as stated in Document 5. Alaska is a state of the United States.",0.0,0.0,0.0,OK,
375,375,contriever,kmeans_k3,Where was Nobel Laureate in Physics know for his contributions with Abdus Salam and Steven Weinberg a professor?,5ac50bca55429924173fb57f,"[6117, 16002]","[2321, 6117, 4727, 9514, 8014]",0.5,0.5,0.5920995473861694,0.5659231543540955,qwen3.5-122b,"I cannot answer this based on the provided context.

The provided context mentions that Steven Weinberg contributed with Abdus Salam and Sheldon Glashow, but it does not state where the third collaborator (Sheldon Glashow) was a professor. Additionally, the context does not mention a Nobel Laureate who contributed with Abdus Salam and Steven Weinberg specifically, as Weinberg is the one who contributed with Salam and Glashow.",0.0,0.0,0.0,OK,
376,376,contriever,kmeans_k3,What is the name of one the ex-security officials that means The Institute?,5ac51a055542994611c8b390,"[19063, 10056]","[9021, 5608, 20284, 17158, 21631]",0.0,0.0,0.6702276468276978,0.3276517987251282,qwen3.5-122b,I cannot answer this based on the provided context.,0.0,0.0,0.0,OK,
377,377,contriever,kmeans_k3,"Which town is the venue, in which the APRA Music Awards of 2009 were held, located?",5ac52f8e5542996feb3fea14,"[9824, 10367]","[3633, 21117, 9824, 6191, 12430]",0.5,0.3333333333333333,0.6243571639060974,0.9968144297599792,qwen3.5-122b,"Based on the provided context, the APRA Music Awards of 2009 were held at the Peninsula in **Melbourne**.",0.0,0.0,0.0,OK,
378,378,contriever,kmeans_k3,Edmundas Malūkas was the former mayor of the lake resort how far west of the capital of Lithuania?,5ac536485542996feb3fea2e,"[22411, 5146]","[23275, 22411, 5274, 8091, 20394]",0.5,0.5,0.6553622484207153,0.05423977971076965,qwen3.5-122b,I cannot answer this based on the provided context.,0.0,0.0,0.0,OK,
379,379,contriever,kmeans_k3,Brian Newman's wife performs for what genre of variety show?,5ac54cef5542993e66e822da,"[16380, 11654]","[16380, 9859, 25343, 19653, 8475]",0.5,1.0,0.6679186820983887,0.9994168877601624,qwen3.5-122b,"Based on the provided context, Brian Newman is married to Angie Pontani, who is described as an American **burlesque** performer. Therefore, she performs for the burlesque genre of variety show.",0.0,0.0,0.0,OK,
380,380,contriever,kmeans_k3,"What award has the composer of ""Shady Lady"" received five times?",5adbc8e25542996e68525230,"[3663, 24928]","[21753, 13726, 3663, 18528, 9454]",0.5,0.3333333333333333,0.6420208811759949,0.6429761052131653,qwen3.5-122b,I cannot answer this based on the provided context.,0.0,0.0,0.0,OK,
381,381,contriever,kmeans_k3,Was 9/11: Press for Truth released prior to Chasing Coral?,5adbe1c5554299438c868cc4,"[22843, 24220]","[20680, 22843, 24220, 18075, 7431]",1.0,0.5,0.6534572839736938,0.9657554030418396,qwen3.5-122b,"Yes, *9/11: Press for Truth* was released prior to *Chasing Coral*. According to the provided context, *9/11: Press for Truth* is a 2006 documentary film, while *Chasing Coral* was released globally in July 2017.",0.0,0.0,0.0,OK,
382,382,contriever,kmeans_k3,"Tolex and General Tire manufacture very different products, but both make accessories for what type of transportation vehicle?",5adbf69c55429947ff173871,"[1471, 9212]","[23959, 22964, 1471, 7068, 13447]",0.5,0.3333333333333333,0.6463097333908081,0.9554324746131897,qwen3.5-122b,"Based on the provided context, both Tolex (used in Packard automobiles) and General Tire (the company that filed the Tolex trademark) are associated with **automobiles**.

Document 3 states that ""Tolex was also used in Packard automobiles"" and was filed as a trademark by ""the General Tire."" While the document lists other vehicles like hearses, ambulances, and boats, automobiles are the primary type of transportation vehicle explicitly linked to both entities in the text.",0.0,0.0,0.0,OK,
383,383,contriever,kmeans_k3,"What nationality is the singer who recorded ""Who I Was Born to Be""?",5adc2b6255429947ff173901,"[16183, 7216]","[2699, 9454, 16183, 16486, 24387]",0.5,0.3333333333333333,0.6920350193977356,0.05531266704201698,qwen3.5-122b,"Based on the provided context, I cannot answer this question. While Document 3 states that Susan Boyle recorded the song ""Who I Was Born to Be,"" it does not mention her nationality.",0.0,0.0,0.0,OK,
384,384,contriever,kmeans_k3,Were Triumph of the Will and The End of America both made in the same year?,5adc2f53554299438c868d6d,"[11206, 5878]","[22588, 23767, 5878, 24685, 23761]",0.5,0.3333333333333333,0.5613542199134827,0.04131819307804108,qwen3.5-122b,I cannot answer this based on the provided context.,0.0,0.0,0.0,OK,
385,385,contriever,kmeans_k3,"In what year was the composer of ""Anthem"" born?",5adc46665542994650320cc8,"[9668, 12411]","[20284, 9454, 1510, 15824, 18561]",0.0,0.0,0.640537679195404,0.6429761052131653,qwen3.5-122b,I cannot answer this based on the provided context.,0.0,0.0,0.0,OK,
386,386,contriever,kmeans_k3,Are Norman Z. McLeod and Sam Wanamaker both directors?,5adc6eb65542994650320cf3,"[23388, 7346]","[13629, 23388, 7346, 18954, 11541]",1.0,0.5,0.677444577217102,0.5274440050125122,qwen3.5-122b,"Yes, both Norman Z. McLeod and Sam Wanamaker are directors. According to the provided context:

- Norman Zenos McLeod was an American film director, cartoonist, and writer.
- Samuel Wanamaker was an American actor and director.",0.0,0.0,0.0,OK,
387,387,contriever,kmeans_k3,Who is an Australian philosopher that inspired Living High and Letting Die?,5adc85b855429944faac24e9,"[114, 8037]","[9294, 20922, 114, 21710, 8152]",0.5,0.3333333333333333,0.6607344746589661,0.5394670367240906,qwen3.5-122b,"I cannot answer this based on the provided context.

While Document 3 states that *Living High and Letting Die* was inspired by Peter Singer's 1971 essay, the provided text does not identify Peter Singer as an Australian philosopher (Document 2 identifies David Chalmers as an Australian philosopher, but does not link him to the book).",0.0,0.0,0.0,OK,
388,388,contriever,kmeans_k3,"""One Less Set of Footsteps"" is a song written and performed by a singer born in which year ?",5adca0845542994d58a2f684,"[11428, 3888]","[6047, 11428, 6488, 6191, 21335]",0.5,0.5,0.6732600927352905,0.24183034896850586,qwen3.5-122b,I cannot answer this based on the provided context.,0.0,0.0,0.0,OK,
389,389,contriever,kmeans_k3,What did the American writer who wrote Into Thin Air  primarily known for in his writings,5adcad175542994ed6169bc3,"[25149, 11173]","[8353, 25795, 11444, 10670, 24665]",0.0,0.0,0.6288819313049316,0.07045863568782806,qwen3.5-122b,I cannot answer this based on the provided context.,0.0,0.0,0.0,OK,
390,390,contriever,kmeans_k3,"Akademik Lomonosov was named after a Russian polymath, scientist, and writer, who discovered the atmosphere of what planet?",5adcc7515542994ed6169bff,"[8144, 23807]","[8144, 3549, 21169, 23807, 25491]",1.0,1.0,0.6210474967956543,0.992231547832489,qwen3.5-122b,"Based on the provided context, the Akademik Lomonosov was named after Mikhail Lomonosov, a Russian polymath, scientist, and writer. According to Document 4, among his discoveries was the atmosphere of **Venus**.",0.0,0.0,0.0,OK,
391,391,contriever,kmeans_k3,Were Illinois Institute of Technology and Boise State University both bounded before 1950?,5add10ca5542994ed6169c59,"[24453, 25246]","[24453, 20695, 25246, 25942, 13609]",1.0,1.0,0.5492133498191833,0.7516143321990967,qwen3.5-122b,"Based on the provided context, yes, both institutions were established before 1950.

*   **Illinois Institute of Technology** traces its history to several **19th-century** engineering and professional education institutions.
*   **Boise State University** was **founded in 1932**.

(Note: The context uses the word ""Founded"" for Boise State University and ""traces its history"" for Illinois Tech; the question uses the word ""bounded,"" which appears to be a typo for ""founded"" or ""established"" given the context of dates.)",0.0,0.0,0.0,OK,
392,392,contriever,kmeans_k3,What is the start date of this tour that was the third concert tour by an American singer-songwriter and was completed in support of the album Red?,5add21555542992ae4cec496,"[14540, 14870]","[14870, 24709, 15792, 18574, 22798]",0.5,1.0,0.5518165826797485,0.9806080460548401,qwen3.5-122b,"Based on the provided context, the tour described is **The Red Tour** by Taylor Swift. According to Document 1, the tour began on **March 13, 2013**.",0.0,0.0,0.0,OK,
393,393,contriever,kmeans_k3,"What 1997 song was on the Garth Brooks album that debuted at #1 on the ""Billboard"" 200?",5add3fe05542992c1e3a2580,"[24565, 24667]","[6840, 4167, 9811, 414, 24667]",0.5,0.2,0.572724461555481,0.0609467513859272,qwen3.5-122b,"Based on the provided context, I cannot answer this question.

While Document 5 confirms that Garth Brooks' album *Sevens* was released in 1997 and debuted at #1 on the ""Billboard"" 200, and mentions the duet ""In Another's Eyes"" (with Trisha Yearwood), it does not explicitly state that ""In Another's Eyes"" was released as a song in 1997, nor does it list any other specific songs from that album.",0.0,0.0,0.0,OK,
394,394,contriever,kmeans_k3,A Therapy was written and directed by what French-Polish film director who was born in Paris?,5add44c25542997545bbbd0a,"[14082, 8974]","[20680, 24301, 14082, 13130, 20369]",0.5,0.3333333333333333,0.6842902302742004,0.9992854595184326,qwen3.5-122b,"Based on the provided context, **A Therapy** was written and directed by **Roman Polanski**.

However, the provided text (Document 3) does not contain information confirming that Roman Polanski is ""French-Polish"" or that he was ""born in Paris."" It only states that he wrote and directed the film. Therefore, while the name can be identified, the specific biographical details requested in the question are not present in the context.

**Answer:** Roman Polanski (Note: The provided context confirms he wrote and directed the film, but does not mention his nationality or birthplace).",0.0,0.0,0.0,OK,
395,395,contriever,kmeans_k3,"What resort in Biloxi, Mississippi does the Chief Operating Officer of the largest single hotel in the United States oversee?",5add56ad5542992200553abf,"[17783, 24255]","[4405, 21239, 18568, 25840, 4965]",0.0,0.0,0.6727017760276794,0.0750160962343216,qwen3.5-122b,I cannot answer this based on the provided context.,0.0,0.0,0.0,OK,
396,396,contriever,kmeans_k3,What was the release date and price for the release of Mac OS X that has the software for creating WWF files?,5add63845542992ae4cec541,"[11204, 23859]","[24957, 11204, 2412, 25600, 19823]",0.5,0.5,0.6241989135742188,0.03408857434988022,qwen3.5-122b,I cannot answer this based on the provided context.,0.0,0.0,0.0,OK,
397,397,contriever,kmeans_k3,Who conducted the negotiations  with the owners and the longest serving commandant of Auschwitz concentration and extermination camp?,5add8f055542990dbb2f7e6d,"[8837, 16702]","[6827, 12373, 18163, 5312, 8829]",0.0,0.0,0.6467903852462769,0.05512646958231926,qwen3.5-122b,I cannot answer this based on the provided context.,0.0,0.0,0.0,OK,
398,398,contriever,kmeans_k3,Were Maurice Tourneur and Greg Mottola both American film directors?,5addf05a5542997dc79070cd,"[190, 344]","[344, 190, 11541, 12140, 20001]",1.0,1.0,0.6471095085144043,0.18888436257839203,qwen3.5-122b,"Based on the provided context, Greg Mottola is described as an ""American film director,"" but Maurice Tourneur is described as a ""French film director."" Therefore, they were not both American film directors.",0.0,0.0,0.0,OK,
399,399,contriever,kmeans_k3,What role did Kim Dong-wook play in the 2012 South Korean historical film directed by Kim Dae-seung?,5ade0bc55542997545bbbe30,"[3016, 13406]","[3016, 13193, 18977, 3245, 15846]",0.5,1.0,0.5355603694915771,0.09514621645212173,qwen3.5-122b,I cannot answer this based on the provided context.,0.0,0.0,0.0,OK,
400,400,contriever,kmeans_k3,Which member of Odd Future also had a guest appearance on the album too Cozy?,5ade0e115542995b365fabf3,"[22632, 11661]","[8358, 25269, 25005, 11451, 4029]",0.0,0.0,0.5950849056243896,0.11479546129703522,qwen3.5-122b,I cannot answer this based on the provided context.,0.0,0.0,0.0,OK,
401,401,contriever,kmeans_k3,Where did Henri Christophe and other slaves hold an uprising from 1791 to 1804 that led to the founding of a state which was both free from slavery and ruled by non-whites and former captives?,5ade1c9e55429939a52fe822,"[2531, 25996]","[16129, 10495, 25996, 1790, 25267]",0.5,0.3333333333333333,0.6155284643173218,0.6176852583885193,qwen3.5-122b,"Based on the provided context, the uprising that began in 1791 and ended in 1804, led to the founding of a state free from slavery and ruled by non-whites and former captives, took place in **Saint-Domingue** (now the sovereign nation of **Haiti**).

*Note: While the context (Document 3) describes the Haitian Revolution and its location, it does not explicitly mention ""Henri Christophe,"" though the description of the event matches the question.*",0.0,0.0,0.0,OK,
402,402,contriever,kmeans_k3,"Which actor starred in Angels in the Outfield, Predator 2, and Places in the Heart?",5ade1f0555429975fa854e74,"[736, 14580]","[8353, 6549, 18075, 11782, 24319]",0.0,0.0,0.6924597024917603,0.04348142445087433,qwen3.5-122b,I cannot answer this based on the provided context.,0.0,0.0,0.0,OK,
403,403,contriever,kmeans_k3,Why is Bangor Daily News talkin about Sawin Millett?,5ade26db5542997c77aded77,"[13288, 6939]","[4291, 8128, 13288, 3432, 2989]",0.5,0.3333333333333333,0.6005991697311401,0.9997568130493164,qwen3.5-122b,"Based on the provided context, the Bangor Daily News talked about Sawin Millett because a poll of policymakers they conducted in December 2011 ranked him as the ninth most influential person in Maine politics.",0.0,0.0,0.0,OK,
404,404,contriever,kmeans_k3,What was the middle name of the pilot who was portrayed by Levon Helm in the film The Right Stuff ?,5ade3b925542992fa25da70a,"[734, 16575]","[734, 6739, 25479, 2846, 8709]",0.5,1.0,0.7174208164215088,0.755476176738739,qwen3.5-122b,"Based on the provided context, I cannot answer this question. The text states that Levon Helm had a co-starring role as Air Force test pilot Jack Ridley, but it does not mention his middle name.",0.0,0.0,0.0,OK,
405,405,contriever,kmeans_k3,My Neighbor Totoro was produced by a Japanese animation film studio founded in what year?,5ade4da055429939a52fe878,"[6166, 2897]","[6166, 17427, 23996, 16113, 8501]",0.5,1.0,0.6501220464706421,0.19480639696121216,qwen3.5-122b,I cannot answer this based on the provided context.,0.0,0.0,0.0,OK,
406,406,contriever,kmeans_k3,Get Off is an album by a group using which style originating in NYC in the early 1970s?,5ade61fd554299728e26c704,"[11978, 24847]","[11978, 4521, 21035, 23590, 6051]",0.5,1.0,0.6411473751068115,0.06219452992081642,qwen3.5-122b,I cannot answer this based on the provided context.,0.0,0.0,0.0,OK,
407,407,contriever,kmeans_k3,Easter Airways' head office is located at which airport owned by Manchester Airports Group?,5ade66f055429939a52fe8a0,"[2288, 5788]","[2288, 8367, 8537, 5788, 1776]",1.0,1.0,0.5562726855278015,0.046257197856903076,qwen3.5-122b,"I cannot answer this based on the provided context.

(Note: The context mentions ""Eastern Airways"" with its head office at Humberside Airport, and Humberside Airport was owned by Manchester Airports Group until 2012. However, the question asks about ""Easter Airways,"" which is not mentioned in the text, and the airport is no longer owned by Manchester Airports Group according to the provided information.)",0.0,0.0,0.0,OK,
408,408,contriever,kmeans_k3,The infantry rifle regiment of the British Army that Talaiasi Labalaba served in was first created in what year?,5adea19a55429939a52fe919,"[23194, 6758]","[25267, 8207, 23194, 6758, 6639]",1.0,0.3333333333333333,0.6165229082107544,0.799209475517273,qwen3.5-122b,"Based on the provided context, Talaiasi Labalaba initially served in the **Royal Ulster Rifles** (Document 3). The Royal Ulster Rifles was formerly known as the **Royal Irish Rifles**, which was first created in **1881** by the amalgamation of the 83rd (County of Dublin) Regiment of Foot and the 86th (Royal County Down) Regiment of Foot (Document 4).

Answer: 1881",0.0,0.0,0.0,OK,
409,409,contriever,kmeans_k3,"What was the name of the fanzine that interviewed the Sex Pistols bassist when he was in the band ""The Flowers of Romance?""",5adea9ea55429939a52fe934,"[4775, 3444]","[21035, 24087, 4775, 25269, 22037]",0.5,0.3333333333333333,0.610643208026886,0.998370349407196,qwen3.5-122b,"Based on the provided context, the fanzine that interviewed Sid Vicious (the Sex Pistols bassist) when he was a member of The Flowers of Romance was named **""SKUM""**.",0.0,0.0,0.0,OK,
410,410,contriever,kmeans_k3,The Robey-Peters Gun-Carrier was built at a commuter village with at population of what at the 2001 census?,5adeab4555429975fa854f5f,"[11818, 3166]","[11818, 23635, 5207, 25769, 4092]",0.5,1.0,0.6299647688865662,0.07873664051294327,qwen3.5-122b,I cannot answer this based on the provided context.,0.0,0.0,0.0,OK,
411,411,contriever,kmeans_k3,In what state is the manufacturer of Bisquick headquartered?,5adeb78a554299728e26c77a,"[10074, 3796]","[13877, 10074, 7068, 19003, 12615]",0.5,0.5,0.6635231971740723,0.053353387862443924,qwen3.5-122b,I cannot answer this based on the provided context.,0.0,0.0,0.0,OK,
412,412,contriever,kmeans_k3,"Northland Mall was the first directionally-named shopping center in Columbus, 5 years before which shopping center at the intersection of US-40 and I-270?",5adebbbd554299728e26c793,"[3173, 23627]","[2994, 3173, 23627, 20546, 22941]",1.0,0.5,0.5557070374488831,0.5442190170288086,qwen3.5-122b,"Based on the provided context, Northland Mall opened in 1964. The shopping center located at the intersection of U.S. Route 40 and Interstate 270 is **Westland Mall** (Document 3). According to Document 2, Westland Mall opened in 1969, which is 5 years after Northland Mall.

Answer: Westland Mall",0.0,0.0,0.0,OK,
413,413,contriever,kmeans_k3,Mark Newhouse finished 9th in a 2013 series of poker tournaments sponsored by what corporation?,5adec5055542995534e8c707,"[18644, 12743]","[111, 18644, 25899, 11034, 20250]",0.5,0.5,0.5896391272544861,0.049889303743839264,qwen3.5-122b,I cannot answer this based on the provided context.,0.0,0.0,0.0,OK,
414,414,contriever,kmeans_k3,which Mexican and American film actress is Ethel Houbiers  French voice of,5adef1b35542993a75d263af,"[12483, 10107]","[1224, 9955, 12483, 8400, 12535]",0.5,0.3333333333333333,0.6194695234298706,0.9880028963088989,qwen3.5-122b,"Based on the provided context, Ethel Houbiers is the French voice of **Penélope Cruz** and **Salma Hayek**.

(Note: While the context identifies Ethel Houbiers as a French voice actress and lists the two actresses she voices, it does not explicitly state that Penélope Cruz and Salma Hayek are Mexican and American film actresses, though this is common knowledge. Strictly adhering to the provided text, the answer is limited to the names mentioned.)

**Answer:** Penélope Cruz and Salma Hayek.",0.0,0.0,0.0,OK,
415,415,contriever,kmeans_k3,"Who is considered the more well known author, Roger Angell or Harry Stephen Keeler?",5adf32165542993344016c15,"[9474, 2385]","[8134, 2385, 11444, 21904, 9474]",1.0,0.5,0.653212308883667,0.3898455798625946,qwen3.5-122b,"Based on the provided context, Harry Stephen Keeler is described as a ""little-known"" author, whereas Roger Angell is described as an essayist ""known for his writing on sports"" and a regular contributor to ""The New Yorker."" Therefore, Roger Angell is considered the more well-known author.",0.0,0.0,0.0,OK,
416,416,contriever,kmeans_k3,Who was the president of the Sinn Fein political party during the Hume-Adams Dialogue?,5adf34d35542993a75d26425,"[12101, 15187]","[2670, 12863, 12101, 9073, 24693]",0.5,0.3333333333333333,0.6017934083938599,0.9807347059249878,qwen3.5-122b,"Based on the provided context, the leader of Sinn Féin during the Hume–Adams dialogue was **Gerry Adams**.

Document 3 states that the dialogue was a series of talks between John Hume and ""Sinn Féin leader Gerry Adams.""",0.0,0.0,0.0,OK,
417,417,contriever,kmeans_k3,Who has more productions under their belt Ridley Scott or Elmer Clifton?,5adf53dc5542995534e8c791,"[9006, 24239]","[4890, 24239, 11782, 9006, 8353]",1.0,0.5,0.6734985709190369,0.06554464995861053,qwen3.5-122b,I cannot answer this based on the provided context.,0.0,0.0,0.0,OK,
418,418,contriever,kmeans_k3,Which number-one single is Michael Steele responsible for?,5adf62d05542992d7e9f932d,"[874, 11413]","[14015, 12021, 12783, 7778, 683]",0.0,0.0,0.4816078245639801,0.04101907089352608,qwen3.5-122b,I cannot answer this based on the provided context.,0.0,0.0,0.0,OK,
419,419,contriever,kmeans_k3,"Which contributor to Fear: 13 Stories of Suspense and Horror was born on March 15, 1953 ?",5adf6b405542992d7e9f9341,"[11162, 5416]","[11162, 22308, 20680, 14796, 23743]",0.5,1.0,0.7160690426826477,0.09727691113948822,qwen3.5-122b,I cannot answer this based on the provided context.,0.0,0.0,0.0,OK,
420,420,contriever,kmeans_k3,"The College of Arts and Sciences of Ohio University is located on the university's central quadrangle lawn, which sits aligned to the cardinal directions, with what building facing true north?",5adf8ad25542993344016ce7,"[15309, 15307]","[25856, 21633, 15309, 24409, 4140]",0.5,0.3333333333333333,0.5472768545150757,0.6459625959396362,qwen3.5-122b,I cannot answer this based on the provided context.,0.0,0.0,0.0,OK,
421,421,contriever,kmeans_k3,"What is the name of the actress who has received a Drama Desk award and was part of the cast album for the 2007 Broadway production of the hit musical, ""Grease""?",5adf9dc3554299025d62a2e6,"[2133, 25803]","[7354, 21101, 2133, 2589, 5422]",0.5,0.3333333333333333,0.5370924472808838,0.03314843401312828,qwen3.5-122b,I cannot answer this based on the provided context.,0.0,0.0,0.0,OK,
422,422,contriever,kmeans_k3,The first Latina Supreme Court Justice was part of the majority decision of a case that upheld which previous supreme court case?,5adfa451554299025d62a319,"[16071, 6348]","[12754, 14875, 10209, 23552, 20009]",0.0,0.0,0.6524912118911743,0.08687178045511246,qwen3.5-122b,I cannot answer this based on the provided context.,0.0,0.0,0.0,OK,
423,423,contriever,kmeans_k3,Is Edison Sault Power Canal somehow linked with or used with the Cayuga–Seneca Canal?,5adfc77b554299603e4183ab,"[7758, 9704]","[16806, 18177, 9704, 25980, 7308]",0.5,0.3333333333333333,0.5628742575645447,0.03687162697315216,qwen3.5-122b,I cannot answer this based on the provided context.,0.0,0.0,0.0,OK,
424,424,contriever,kmeans_k3,What Andy Williams' album did a song written by Charles Wesley appear on?,5adfd0d455429942ec259b4d,"[13018, 487]","[5625, 9421, 13018, 345, 18510]",0.5,0.3333333333333333,0.6764233708381653,0.07692771404981613,qwen3.5-122b,I cannot answer this based on the provided context.,0.0,0.0,0.0,OK,
425,425,contriever,kmeans_k3,Kasper Peter Schmeichel is the son of a professional footballer who was voted what in 1992 and 1993?,5adfe37c554299025d62a377,"[8670, 16900]","[6912, 18259, 8670, 3974, 9395]",0.5,0.3333333333333333,0.5755793452262878,0.06597695499658585,qwen3.5-122b,I cannot answer this based on the provided context.,0.0,0.0,0.0,OK,
426,426,contriever,kmeans_k3,What career did Markus Feehily and Bobby Fuller have in common?,5adff2aa554299603e4183d0,"[2101, 3767]","[23035, 2101, 3767, 25005, 21395]",1.0,0.5,0.6986188292503357,0.12056806683540344,qwen3.5-122b,"Based on the provided context, both Markus Feehily and Bobby Fuller were **singers**.

*   **Markus Feehily** is described as an ""Irish singer and songwriter.""
*   **Bobby Fuller** is described as an ""American rock singer, songwriter, and guitarist.""",0.0,0.0,0.0,OK,
427,427,contriever,kmeans_k3,What year was George Harrison's top UK charted song voted the nations 11th favorite 1980s number?,5adffb4655429925eb1afbbf,"[14264, 9792]","[5741, 5474, 12021, 6664, 21035]",0.0,0.0,0.6416553258895874,0.027673032134771347,qwen3.5-122b,I cannot answer this based on the provided context.,0.0,0.0,0.0,OK,
428,428,contriever,kmeans_k3,"Which genus is native to arid or semi-desert areas, Alopecurus or Echeveria?",5ae022ab554299025d62a428,"[25058, 815]","[815, 8833, 5564, 25058, 1884]",1.0,1.0,0.5689105987548828,0.032429587095975876,qwen3.5-122b,"Based on the provided context, **Echeveria** is the genus native to semi-desert areas.

Document 1 states that Echeveria is ""native to semi-desert areas of Central America, Mexico and northwestern South America."" In contrast, Document 4 describes Alopecurus as being common across ""temperate and subtropical parts of Eurasia, northern Africa, and the Americas,"" without mentioning arid or semi-desert origins.",0.0,0.0,0.0,OK,
429,429,contriever,kmeans_k3,Are Columbia University and University of Colorado both private universities?,5ae04a2755429924de1b7091,"[23784, 7189]","[23784, 19109, 7189, 21633, 18648]",1.0,1.0,0.5812647342681885,0.22260692715644836,qwen3.5-122b,"Based on the provided context, Columbia University is described as a ""private Ivy League research university."" However, the context states that the University of Colorado system is a ""system of public universities."" Therefore, they are not both private universities.",0.0,0.0,0.0,OK,
430,430,contriever,kmeans_k3,Are Steve Perry and Dennis Lyxzén both members of the same band ?,5ae0616255429924de1b70ca,"[58, 10674]","[5474, 11303, 10674, 14356, 25269]",0.5,0.3333333333333333,0.6309636831283569,0.044101033359766006,qwen3.5-122b,I cannot answer this based on the provided context.,0.0,0.0,0.0,OK,
431,431,contriever,kmeans_k3,Are Ash Lieb and Elswyth Thane both artists?,5ae074aa5542993d6555eb54,"[15677, 38]","[23066, 14740, 15677, 16376, 5985]",0.5,0.3333333333333333,0.6614043712615967,0.047949254512786865,qwen3.5-122b,I cannot answer this based on the provided context.,0.0,0.0,0.0,OK,
432,432,contriever,kmeans_k3,Drachen Fire was a roller coaster located behind which suspended coaster at Busch Gardens Williamsburg?,5ae07e5b55429945ae959381,"[7792, 23654]","[24433, 17843, 7792, 22430, 11792]",0.5,0.3333333333333333,0.5931675434112549,0.9881195425987244,qwen3.5-122b,"Based on the provided context, Drachen Fire was located behind the **Big Bad Wolf**.

Document 3 states: ""...and was located in the Oktoberfest portion of the park, behind the Big Bad Wolf and Das Festhaus.""",0.0,0.0,0.0,OK,
433,433,contriever,kmeans_k3,Lee Sung-jae stars in the film Barking Dogs Never Bite which is what film genre?,5ae09d6155429945ae9593d4,"[1187, 14085]","[22255, 20369, 1187, 3245, 17665]",0.5,0.3333333333333333,0.6303665041923523,0.09514621645212173,qwen3.5-122b,I cannot answer this based on the provided context.,0.0,0.0,0.0,OK,
434,434,contriever,kmeans_k3,What food does one of Daniel Greene's subjects' restaurant chain specialize in?,5ae0b2f25542993d6555ec1c,"[4706, 25507]","[8318, 20836, 7051, 23809, 10427]",0.0,0.0,0.6588454246520996,0.04945004731416702,qwen3.5-122b,I cannot answer this based on the provided context.,0.0,0.0,0.0,OK,
435,435,contriever,kmeans_k3,Glaramara is a fell in the English Lake District in Cumbria that stretches from Stonethwaite which is a part of a valley and civil parrish in what Borough?,5ae0b60655429945ae959437,"[23610, 2839]","[11522, 2728, 23610, 4092, 24223]",0.5,0.3333333333333333,0.5525556802749634,0.07873664051294327,qwen3.5-122b,I cannot answer this based on the provided context.,0.0,0.0,0.0,OK,
436,436,contriever,kmeans_k3,"How was Ada Lovelace, the first computer programmer, related to Lord Byron in Childe Byron?",5ae0ec48554299422ee9955a,"[15476, 25879]","[4163, 9836, 25879, 25619, 18104]",0.5,0.3333333333333333,0.6623947620391846,0.1140473261475563,qwen3.5-122b,I cannot answer this based on the provided context.,0.0,0.0,0.0,OK,
437,437,contriever,kmeans_k3,The uncle of Paul Capellani died at a military operation during a battle was fought between who?,5ae122465542997b2ef7d0f4,"[1866, 24447]","[1866, 21394, 8330, 7384, 19051]",0.5,1.0,0.6364111304283142,0.8251612782478333,qwen3.5-122b,"Based on the provided context, I cannot answer this question.

While Document 1 states that Paul Capellani's uncle, Roger Capellani, died at the **Battle of Dunkirk**, the text does not specify **who** fought against whom in that battle.",0.0,0.0,0.0,OK,
438,438,contriever,kmeans_k3,Bethpage State Parkway begins with an interchange at which Long Island-based limited access highway?,5ae1389655429901ffe4ae05,"[14612, 9419]","[1640, 11450, 14612, 1589, 3627]",0.5,0.3333333333333333,0.5814855694770813,0.9954097867012024,qwen3.5-122b,"Based on the provided context, the Bethpage State Parkway begins at a trumpet interchange with the **Southern State Parkway**.",0.0,0.0,0.0,OK,
439,439,contriever,kmeans_k3,What is the genre of music shared by vocalists Barney Greenway and Jens Kidman?,5ae165aa5542997b2ef7d1d1,"[794, 22630]","[25120, 2705, 794, 25269, 8137]",0.5,0.3333333333333333,0.6578671336174011,0.06079563498497009,qwen3.5-122b,I cannot answer this based on the provided context.,0.0,0.0,0.0,OK,
440,440,contriever,kmeans_k3,Celebrity Fifteen to One has had more than one appearance by an English writer and former Conservative Member of what?,5ae172c155429920d52343de,"[17821, 17032]","[14976, 24466, 17821, 7597, 17032]",1.0,0.3333333333333333,0.6083894968032837,0.7280106544494629,qwen3.5-122b,"Based on the provided context, **Celebrity Fifteen to One** has had more than one appearance by Gyles Brandreth (Document 3). Document 5 identifies Gyles Daubeney Brandreth as an English writer and a former Conservative **Member of Parliament**.

Answer: Parliament",0.0,0.0,0.0,OK,
441,441,contriever,kmeans_k3,Which radioshow did Frank Sinatra appear on the year he won an Academy Award?,5ae17d6855429901ffe4aea7,"[18362, 626]","[15903, 23928, 1674, 2585, 2688]",0.0,0.0,0.6462571620941162,0.01962377317249775,qwen3.5-122b,I cannot answer this based on the provided context.,0.0,0.0,0.0,OK,
442,442,contriever,kmeans_k3,Where is the Cocoa Krispies and former Superman sponsor located?,5ae1801955429901ffe4aec4,"[23255, 22769]","[10188, 7187, 23255, 14768, 17152]",0.5,0.3333333333333333,0.6885591149330139,0.04877587780356407,qwen3.5-122b,I cannot answer this based on the provided context.,0.0,0.0,0.0,OK,
443,443,contriever,kmeans_k3,What is the genus and species of the bear in which the Florida black bear is a subspecies of?,5ae1e4095542997283cd22bf,"[5294, 21301]","[22839, 7948, 5294, 21043, 8091]",0.5,0.3333333333333333,0.6346554160118103,0.999016523361206,qwen3.5-122b,"Based on the provided context, the Florida black bear (*Ursus americanus floridanus*) is a subspecies of the **American black bear**. The scientific name provided in the text is *Ursus americanus*, which indicates the genus is **Ursus** and the species is **americanus**.",0.0,0.0,0.0,OK,
444,444,contriever,kmeans_k3,"Underfist: Halloween Bash was going to be the setup for a new series spin-off but the contract expired with a cable and television station that was launched on October 1, 19962 by whom?",5ae22f4e5542996483e6492f,"[5695, 4199]","[21035, 12147, 5695, 8475, 15346]",0.5,0.3333333333333333,0.7057912945747375,0.03392862528562546,qwen3.5-122b,I cannot answer this based on the provided context.,0.0,0.0,0.0,OK,
445,445,contriever,kmeans_k3,"What is the name of the largest film production company in Hong Kong that won the ""Best Cinematography"" at the 21st Asia Pacific Film Festival?",5ae277575542996483e649b2,"[9351, 5383]","[17938, 3237, 5383, 14638, 17685]",0.5,0.3333333333333333,0.5251848101615906,0.0366513654589653,qwen3.5-122b,I cannot answer this based on the provided context.,0.0,0.0,0.0,OK,
446,446,contriever,kmeans_k3,What three categories does income get levied under the Parliament of Australia's tax code?,5ae28b76554299495565daa8,"[12746, 12250]","[21187, 21117, 12250, 15632, 23743]",0.5,0.3333333333333333,0.6120781302452087,0.7832956314086914,qwen3.5-122b,"Based on the provided context, income tax in Australia is levied upon the following three sources:

1.  **Personal earnings** (such as salary and wages)
2.  **Business income**
3.  **Capital gains**

*(Source: Document 3)*",0.0,0.0,0.0,OK,
447,447,contriever,kmeans_k3,What building in the capital of city of Brandenburg has a roof that is 1 m bigger than the roof of the Der Oderturm?,5ae29d92554299492dc91c36,"[17165, 20535]","[15126, 18782, 17165, 10174, 11543]",0.5,0.3333333333333333,0.630256712436676,0.9720354676246643,qwen3.5-122b,"Based on the provided context, the building with a roof that is 1 m bigger than the roof of the Der Oderturm is the **Stern-Plaza** in Potsdam.

The context states that the Der Oderturm is in Frankfurt (Oder), which is in Brandenburg, and its 89 m roof is ""1 m less than that of the Stern-Plaza in Potsdam."" While the text does not explicitly label Potsdam as the ""capital of city of Brandenburg"" (it is the capital of the state of Brandenburg), it is the only building mentioned with a roof 1 m taller than the Der Oderturm.",0.0,0.0,0.0,OK,
448,448,contriever,kmeans_k3,Which New Jersey-based manufacturer of suitcases and bags for travel is located in the Shops at Columbus Circle in New York City?,5ae2a9c6554299492dc91c42,"[23675, 13345]","[23675, 13345, 8475, 23720, 21290]",1.0,1.0,0.6998723745346069,0.562637984752655,qwen3.5-122b,"Based on the provided context, **Tumi** (or Tumi Holdings, Inc.) is the New Jersey-based manufacturer of suitcases and bags for travel. Document 1 confirms that Tumi is a store located in The Shops at Columbus Circle, and Document 2 confirms that Tumi Holdings, Inc. is a South Plainfield, New Jersey-based manufacturer of suitcases and bags for travel.",0.0,0.0,0.0,OK,
449,449,contriever,kmeans_k3,When was the producer of  Michel'le born?,5ae2b794554299495565db10,"[3089, 24906]","[19356, 24766, 3089, 3883, 22565]",0.5,0.3333333333333333,0.6270353198051453,0.055678628385066986,qwen3.5-122b,I cannot answer this based on the provided context.,0.0,0.0,0.0,OK,
450,450,contriever,kmeans_k3,How many member universities are there in this conference of which the Connecticut Huskies baseball team is a competing member?,5ae2c2c05542996483e64a4a,"[12288, 15471]","[16045, 15471, 12288, 14394, 19534]",1.0,0.5,0.5731786489486694,0.01549383345991373,qwen3.5-122b,"Based on the provided context, the Connecticut Huskies baseball team competes in the American Athletic Conference (Document 3). According to Document 2, the American Athletic Conference features **12** member universities.",0.0,0.0,0.0,OK,
451,451,contriever,kmeans_k3,"Who has a wider scope of profession, Hrag Vartanian or Hovsep Pushman?",5ae2d59755429928c42394ec,"[24185, 6846]","[6846, 16934, 24185, 25915, 15131]",1.0,1.0,0.6084941625595093,0.9997859001159668,qwen3.5-122b,"Based on the provided context, Hrag Vartanian has a wider scope of profession.

*   **Hovsep Pushman** is described as an **artist** known for still lifes and portraits.
*   **Hrag Vartanian** is described as an **editor-in-chief**, **co-founder**, **writer**, **critic**, and **curator**.

Since Hrag Vartanian is associated with four distinct professional roles compared to Hovsep Pushman's single role as an artist, his scope is wider according to the text.",0.0,0.0,0.0,OK,
452,452,contriever,kmeans_k3,What year did the father of Willem van Oldenbarnevelt die?,5ae331fb55429928c4239670,"[11722, 13903]","[20422, 12603, 11722, 17651, 2822]",0.5,0.3333333333333333,0.5528839826583862,0.03478340059518814,qwen3.5-122b,I cannot answer this based on the provided context.,0.0,0.0,0.0,OK,
453,453,contriever,kmeans_k3,Estrojam's Decibelle Music and Culture Festival has been headlined by which American singer-songwriter and model?,5ae33cf55542992f92d82268,"[8414, 11984]","[17511, 6047, 8414, 13614, 6711]",0.5,0.3333333333333333,0.6405524611473083,0.9344269633293152,qwen3.5-122b,"Based on the provided context, I cannot answer this question. While Document 3 lists several past headliners for the Decibelle festival (formerly Estrojam), including Wanda Jackson, Nina Hagen, Cat Power, and others, it does not explicitly identify which of them is an ""American singer-songwriter and model.""",0.0,0.0,0.0,OK,
454,454,contriever,kmeans_k3,When was the University established where Laura Landweber is a professor ?,5ae37b4d5542991a06ce99ce,"[20307, 23784]","[21633, 18648, 20307, 13629, 19498]",0.5,0.3333333333333333,0.6932402849197388,0.037011172622442245,qwen3.5-122b,I cannot answer this based on the provided context.,0.0,0.0,0.0,OK,
455,455,contriever,kmeans_k3,Are the genera Gordonia and Osbeckia in the same family?,5ae3f4fe5542995ad6573ce8,"[4528, 106]","[5564, 106, 4528, 5432, 7787]",1.0,0.5,0.5906358957290649,0.9998864531517029,qwen3.5-122b,"No, the genera Gordonia and Osbeckia are not in the same family. According to the provided context:

- **Gordonia** is a genus of flowering plants in the family **Theaceae** (Document 3).
- **Osbeckia** is a genus of plants in the family **Melastomataceae** (Document 2).

Since they belong to different families, they are not in the same family.",0.0,0.0,0.0,OK,
456,456,contriever,kmeans_k3,Santa Bring My Baby Back was released on which fourth Elvis studio album in 1957?,5ae4094655429970de88d896,"[11787, 23307]","[13726, 660, 11787, 21335, 21035]",0.5,0.3333333333333333,0.635016679763794,0.9889070987701416,qwen3.5-122b,"Based on the provided context, ""Santa Bring My Baby Back (To Me)"" was released on the RCA Victor **""Elvis' Christmas Album""** in 1957.

(Note: The context does not explicitly state that this was his ""fourth studio album,"" only that it was released on that specific album in 1957.)",0.0,0.0,0.0,OK,
457,457,contriever,kmeans_k3,Which band has more members Band of Skulls or Live ?,5ae4585c5542996836b02c89,"[7364, 2870]","[23647, 20536, 7364, 9348, 4832]",0.5,0.3333333333333333,0.623044490814209,0.03160513937473297,qwen3.5-122b,I cannot answer this based on the provided context.,0.0,0.0,0.0,OK,
458,458,contriever,kmeans_k3,"Tommy Faile sang the song ""the legend of Brown Moutain Lights"", about a series of ghost lights that can be seen from which viewpoint outside Linville Falls?",5ae45cba5542991a06ce9a4a,"[9168, 3704]","[25582, 9168, 3704, 1438, 23628]",1.0,0.5,0.6017900109291077,0.28936830163002014,qwen3.5-122b,"Based on the provided context, the viewpoint outside Linville Falls where the Brown Mountain Lights can be seen is **Wiseman's View**.

Document 2 confirms that Tommy Faile sang ""The Legend of the Brown Mountain Lights,"" and Document 3 states that ""One of the best vantage points, Wiseman's View, is about 4 miles from Linville Falls, NC.""",0.0,0.0,0.0,OK,
459,459,contriever,kmeans_k3,This Australian racing driver currently drives the No. 22 Holden VF Commodore produced by Holden Commodore which manufactures what other models?,5ae47fe255429913cc204482,"[17674, 11959]","[16179, 7796, 11959, 12095, 17674]",1.0,0.3333333333333333,0.5703659057617188,0.9996706247329712,qwen3.5-122b,"Based on the provided context, the Holden Commodore (VF) range includes the **sedan** and **station wagon** variants (which sell under the luxury Holden Calais (VF) nameplate), as well as the **commercial utility** variant (which sells under the Holden Ute (VF) nameplate).",0.0,0.0,0.0,OK,
460,460,contriever,kmeans_k3,When did the place in Canada where François Beaucourt (1740-1794) was mainly active acquired its present name?,5ae4b8fc55429913cc2044e5,"[14494, 15690]","[4405, 10947, 14494, 11669, 9454]",0.5,0.3333333333333333,0.6139935851097107,0.6429761052131653,qwen3.5-122b,I cannot answer this based on the provided context.,0.0,0.0,0.0,OK,
461,461,contriever,kmeans_k3,Which former mill town is near Rivington Hall Barn?,5ae4c39f5542995dadf243fb,"[10081, 13764]","[11367, 10081, 21008, 9173, 17320]",0.5,0.5,0.6515253186225891,0.8382074236869812,qwen3.5-122b,"Based on the provided context, I cannot answer this question.

While Document 2 states that Rivington Hall Barn is in Rivington, Lancashire, near Chorley and Bolton, and Document 1 mentions that Preston is a town associated with cotton mills, the text does not explicitly identify which of these towns (or any other) is a ""former mill town"" located near Rivington Hall Barn.",0.0,0.0,0.0,OK,
462,462,contriever,kmeans_k3,"Who is the current drummer of the band who did the song ""What Lovers Do""?",5ae5072e55429960a22e0246,"[23022, 21391]","[25442, 22542, 23022, 13175, 20536]",0.5,0.3333333333333333,0.65724116563797,0.06451580673456192,qwen3.5-122b,I cannot answer this based on the provided context.,0.0,0.0,0.0,OK,
463,463,contriever,kmeans_k3,"Liz Rose has co-written songs with which artist including ""White Horse"" and ""You Belong with Me""?",5ae520315542993aec5ec152,"[9350, 5992]","[4670, 25029, 9350, 9618, 19996]",0.5,0.3333333333333333,0.6131917238235474,0.9988988041877747,qwen3.5-122b,"Based on the provided context, Liz Rose has co-written songs with **Taylor Swift**, including ""White Horse"" and ""You Belong with Me.""",0.0,0.0,0.0,OK,
464,464,contriever,kmeans_k3,Æthelweard was an author of a Latin version of which collection of Old English annals?,5ae5366e5542990ba0bbb22b,"[2738, 8365]","[23397, 25795, 2738, 14649, 14328]",0.5,0.3333333333333333,0.5890278220176697,0.9996193051338196,qwen3.5-122b,"Based on the provided context, Æthelweard was the author of a Latin version of the **Anglo-Saxon Chronicle** (known as the ""Chronicon Æthelweardi"").",0.0,0.0,0.0,OK,
465,465,contriever,kmeans_k3,"The royal anthem is changed from what to ""long live our noble Duke""?",5ae544035542992663a4f1af,"[19499, 1338]","[19499, 16287, 1338, 24776, 6510]",1.0,1.0,0.533133864402771,0.9646503925323486,qwen3.5-122b,"Based on the provided context, the royal anthem is changed from **""Long live our noble Queen""** to ""Long live our noble Duke"".

This is stated in Document 1: ""...the second line 'Long live our noble Queen' is changed to 'Long live our noble Duke'...""",0.0,0.0,0.0,OK,
466,466,contriever,kmeans_k3,"Who was the original recording artist of the song which was chosen over If You've Got Trouble for the Beatles' ""Help!"" film?",5ae547f85542990ba0bbb254,"[22628, 7312]","[8353, 22628, 13726, 7262, 5474]",0.5,0.5,0.6484134197235107,0.34250393509864807,qwen3.5-122b,"Based on the provided context, the song chosen over ""If You've Got Trouble"" for the Beatles' ""Help!"" film was ""Act Naturally."" According to Document 2, ""Act Naturally"" was recorded by **the Beatles** (with Ringo Starr singing the lead vocal).",0.0,0.0,0.0,OK,
467,467,contriever,kmeans_k3,"Musical artist Diabolic and Vinnie Paz, who was featured on Diabolic's second studio album Fightin' Words, are both what type of musicians?",5ae5621655429908b63265fc,"[15095, 23531]","[15903, 17511, 15095, 23647, 17518]",0.5,0.3333333333333333,0.6123211979866028,0.8781291842460632,qwen3.5-122b,"Based on the provided context, both Diabolic and Vinnie Paz are **rappers** (or hip-hop artists).

Document 3 identifies Diabolic as an ""American rapper"" and states that his album *Fightin' Words* features Vinnie Paz. While the text does not explicitly label Vinnie Paz as a rapper, the context of him being featured on a rapper's album alongside other artists known in that genre (Sean Price, Celph Titled, etc.) and the specific description of Diabolic implies they are both rappers. However, strictly adhering to the text provided: Diabolic is explicitly called a **rapper**. The text does not explicitly state Vinnie Paz's specific musical role, only that he was featured on the album.

*Correction based on strict adherence to ""ONLY on the provided context"":*
The text explicitly states Diabolic is an **American rapper**. It mentions Vinnie Paz as a feature on the album but does not explicitly define his specific type of musician in the text provided.

However, usually, in such QA tasks, if the text says ""American rapper Diabolic"" and lists features, the implication is they are in the same genre. But strictly, the text only defines Diabolic.

Let's re-read carefully: ""Fightin' Words is the second studio album by American rapper Diabolic... Features include Vinnie Paz...""
The text does not explicitly state Vinnie Paz is a rapper. It only says he is a feature.

Therefore, the most accurate answer based *only* on the text is that Diabolic is a **rapper**. The text does not explicitly state what type of musician Vinnie Paz is, though he is a featured artist on a rap album.

If the question implies they share the same type, the text supports Diabolic being a **rapper**. It does not explicitly support Vinnie Paz being a rapper, though it is highly likely in reality.

Let's look at the phrasing: ""are both what type of musicians?""
If I must answer based *only* on the text, I can only confirm Diabolic is a rapper. I cannot confirm Vinnie Paz's type from the text alone.

However, often these prompts expect the inference that features on a rap album are also rappers. But the instruction is strict: ""ONLY on the provided context.""

Let's try to find if there is a broader category. They are both ""musicians"" (Document 1 mentions musicians, Document 3 mentions an album by",0.0,0.0,0.0,OK,
468,468,contriever,kmeans_k3,"How many albums does the duo who sang ""Yesterday Once More"" have?",5ae56c875542990ba0bbb2a2,"[535, 2228]","[13726, 17853, 535, 9859, 1006]",0.5,0.3333333333333333,0.6913348436355591,0.09445031732320786,qwen3.5-122b,I cannot answer this based on the provided context.,0.0,0.0,0.0,OK,
469,469,contriever,kmeans_k3,"what caused the death of over 250 people in Accra, Ghana?",5ae5cf0b55429929b08079aa,"[19529, 19528]","[11923, 1020, 19528, 16376, 15354]",0.5,0.3333333333333333,0.6338328123092651,0.9998599290847778,qwen3.5-122b,"Based on the provided context, an explosion and a fire at a petrol station in Accra, Ghana, on June 4, 2015, caused the death of over 250 people.",0.0,0.0,0.0,OK,
470,470,contriever,kmeans_k3,"How many periods in office were held by the British Prime Minister who led the ""Who? Who?"" ministry?",5ae5d82f554299546bf82f9a,"[25105, 7722]","[24466, 23767, 25862, 16926, 23761]",0.0,0.0,0.5266367197036743,0.11495529115200043,qwen3.5-122b,I cannot answer this based on the provided context.,0.0,0.0,0.0,OK,
471,471,contriever,kmeans_k3,"Shane and Friends have interviewed an American YouTube personality who has two active YouTube channels, which have a combined total of how many views?",5ae5db98554299546bf82fa6,"[16396, 18341]","[13199, 13765, 16396, 21619, 15917]",0.5,0.3333333333333333,0.6893251538276672,0.9982911944389343,qwen3.5-122b,"I cannot answer this based on the provided context.

While Document 3 lists the celebrities interviewed on ""Shane and Friends"" and Document 4 describes Dennis Darrell Roady as an American YouTube personality with two channels, the provided text does not state that Dennis Roady was interviewed on the ""Shane and Friends"" podcast. Therefore, the specific view count for the personality in question cannot be confirmed from the given information.",0.0,0.0,0.0,OK,
472,472,contriever,kmeans_k3,"What year did the VIacom subsidary, Paramount Pictures make the silent film Through the Glass Window?",5ae5e0a6554299546bf82fa9,"[18908, 7535]","[7535, 4186, 13629, 22694, 24685]",0.5,1.0,0.6413501501083374,0.08869723975658417,qwen3.5-122b,I cannot answer this based on the provided context.,0.0,0.0,0.0,OK,
473,473,contriever,kmeans_k3,Cardinal Pole Roman Catholic School was named after the last Roman Catholic to hold what position?,5ae5e1985542996de7b71a54,"[375, 24385]","[4582, 3172, 375, 11986, 11322]",0.5,0.3333333333333333,0.5860484838485718,0.9994903802871704,qwen3.5-122b,"Based on the provided context, Cardinal Pole Roman Catholic School was named after Cardinal Reginald Pole, the last Roman Catholic **Archbishop of Canterbury**.",0.0,0.0,0.0,OK,
474,474,contriever,kmeans_k3,Giovanna d'Arco is an opera that was created by the composer of what nationality?,5ae5e62455429929b0807a07,"[5500, 1837]","[3415, 5500, 17092, 17713, 14510]",0.5,0.5,0.5616093277931213,0.6249752640724182,qwen3.5-122b,"Based on the provided context, **Giovanna d'Arco** is an opera by **Giuseppe Verdi**. However, the provided documents do not state Giuseppe Verdi's nationality.

Therefore, I cannot answer this based on the provided context.",0.0,0.0,0.0,OK,
475,475,contriever,kmeans_k3,Where was the Barbadian singer which Rihanna was his then girlfriend raised in,5ae5e762554299546bf82faf,"[1686, 6447]","[12198, 2810, 13004, 12263, 20018]",0.0,0.0,0.5701918005943298,0.043272025883197784,qwen3.5-122b,I cannot answer this based on the provided context.,0.0,0.0,0.0,OK,
476,476,contriever,kmeans_k3,"Turner Field was originally built as what 85,000 seat main stadium of the 1996 Summer Olympic Games and the 1996 Summer Paralympic Games in Atlanta?",5ae5fb55554299546bf82ff6,"[14724, 5208]","[9859, 14, 14724, 15917, 25840]",0.5,0.3333333333333333,0.7097565531730652,0.07977252453565598,qwen3.5-122b,I cannot answer this based on the provided context.,0.0,0.0,0.0,OK,
477,477,contriever,kmeans_k3,What type of diary did one of the founders of the John Bishop Memorial Hospital in Srinagar write?,5ae600325542992663a4f237,"[19393, 25339]","[5487, 12537, 4924, 16279, 3978]",0.0,0.0,0.6691089272499084,0.4970237612724304,qwen3.5-122b,I cannot answer this based on the provided context.,0.0,0.0,0.0,OK,
478,478,contriever,kmeans_k3,The Luther seal was designed for the professor of theology of what nationalty at the behest of John Frederick of Saxony?,5ae60db1554299546bf83041,"[8777, 24605]","[17080, 9552, 8777, 13198, 10368]",0.5,0.3333333333333333,0.6348949670791626,0.08684790134429932,qwen3.5-122b,I cannot answer this based on the provided context.,0.0,0.0,0.0,OK,
479,479,contriever,kmeans_k3,Cinnamon sugar is a spice used to flavor this traditional Spanish and Portugese fried pastry.,5ae628fd5542995703ce8b33,"[24202, 14102]","[24202, 14829, 3965, 10022, 17601]",0.5,1.0,0.5978333353996277,0.059914495795965195,qwen3.5-122b,I cannot answer this based on the provided context.,0.0,0.0,0.0,OK,
480,480,contriever,kmeans_k3,"What is the date played of this college football game at Sun Life Stadium in Miami Gardens, Florida, where Clemson defeated the No. 4 Oklahoma Sooners, 37-17?",5ae63b2255429908198fa526,"[19311, 19492]","[7946, 992, 11846, 21290, 19311]",0.5,0.2,0.714428722858429,0.038656994700431824,qwen3.5-122b,I cannot answer this based on the provided context.,0.0,0.0,0.0,OK,
481,481,contriever,kmeans_k3,"How many Golden Globe Awards did the artist who published the photo book ""In Mexico"" win?",5ae64ffd5542992ae0d162ce,"[14655, 24120]","[14655, 1610, 3237, 5913, 14136]",0.5,1.0,0.5585403442382812,0.11068730056285858,qwen3.5-122b,I cannot answer this based on the provided context.,0.0,0.0,0.0,OK,
482,482,contriever,kmeans_k3,When was the company that produced rectangular crackers that have 18 holes in a 3x6 pattern founded?,5ae66d785542996d980e7b67,"[7917, 24472]","[7068, 17913, 7917, 9212, 15997]",0.5,0.3333333333333333,0.6775989532470703,0.04118066281080246,qwen3.5-122b,I cannot answer this based on the provided context.,0.0,0.0,0.0,OK,
483,483,contriever,kmeans_k3,Which is the Birthplace of Sir Isaac Newton and has a neighboring village called Belvor?,5ae6808f5542995703ce8b6b,"[5875, 12067]","[17320, 12067, 5875, 3132, 7018]",1.0,0.5,0.5835660696029663,0.4145073890686035,qwen3.5-122b,"Based on the provided context, **Woolsthorpe** (formally known as Woolsthorpe-by-Colsterworth) is the birthplace of Sir Isaac Newton (Document 3). However, the document states that it is distinguished from **Woolsthorpe-by-Belvoir**, which is the village that adjoins the county border with Leicestershire and has the neighboring village of **Belvoir** (Document 2).

The context does not state that the specific birthplace of Sir Isaac Newton (Woolsthorpe-by-Colsterworth) has a neighboring village called Belvoir; rather, it attributes the proximity to Belvoir to the *other* Woolsthorpe (Woolsthorpe-by-Belvoir). Therefore, no single location in the text is explicitly described as being *both* the birthplace of Sir Isaac Newton and having a neighboring village called Belvoir.

However, if the question implies identifying the location associated with Newton and the name ""Belvoir"" in the text, the text links Newton to **Woolsthorpe** and the village **Belvoir** to **Woolsthorpe-by-Belvoir**.

Strictly answering based *only* on the text:
The text identifies **Woolsthorpe** (Woolsthorpe-by-Colsterworth) as the birthplace of Sir Isaac Newton. It identifies **Woolsthorpe-by-Belvoir** as the village with the neighboring village of **Belvoir**. The text does not confirm that the birthplace of Newton has a neighboring village called Belvoir.

**I cannot answer this based on the provided context** (as the text describes two different places: one is Newton's birthplace, and the other is the one near Belvoir).",0.0,0.0,0.0,OK,
484,484,contriever,kmeans_k3,"Meomi Design works include The Octonauts book series, how did the adaptations of the series continue?",5ae684fe5542991bbc97610e,"[15485, 11144]","[66, 23181, 15485, 8591, 12414]",0.5,0.3333333333333333,0.6736174821853638,0.9996681213378906,qwen3.5-122b,"Based on the provided context, the adaptations of The Octonauts book series were made into a TV series for the BBC channel CBeebies by Brown Bag Films and were subsequently broadcast internationally.",0.0,0.0,0.0,OK,
485,485,contriever,kmeans_k3,What river is the city that Cyprus Classic Motorcycle Museum is in on the banks of?,5ae6940e5542991bbc97613f,"[10179, 23269]","[10179, 2250, 2088, 24319, 1674]",0.5,1.0,0.6446295976638794,0.02560867741703987,qwen3.5-122b,I cannot answer this based on the provided context.,0.0,0.0,0.0,OK,
486,486,contriever,kmeans_k3,Why is Minister Pool important to Black Country and the West Midlands in England?,5ae694a15542991bbc976141,"[11511, 7204]","[22716, 11511, 18074, 21187, 211]",0.5,0.5,0.7113983631134033,0.029705563560128212,qwen3.5-122b,I cannot answer this based on the provided context.,0.0,0.0,0.0,OK,
487,487,contriever,kmeans_k3,Jeff Bhasker won a Grammy Award for a song that was the fourth single from what studio album?,5ae69fa755429908198fa66c,"[6851, 11492]","[4685, 4426, 6851, 5474, 16852]",0.5,0.3333333333333333,0.63379967212677,0.05768361687660217,qwen3.5-122b,I cannot answer this based on the provided context.,0.0,0.0,0.0,OK,
488,488,contriever,kmeans_k3,"Sparking the Marian civil war, who helped the recently abdicated queen to escape her imprisonment?",5ae6c2285542995703ce8b9a,"[15127, 23913]","[10912, 1338, 15127, 23887, 8902]",0.5,0.3333333333333333,0.6421250104904175,0.14021608233451843,qwen3.5-122b,I cannot answer this based on the provided context.,0.0,0.0,0.0,OK,
489,489,contriever,kmeans_k3,Bridgewater Trustees major source of income came from a canal that was commissioned by whom/,5ae70c7b5542991bbc9761aa,"[5586, 11843]","[19402, 21687, 5586, 1285, 9307]",0.5,0.3333333333333333,0.5759382247924805,0.0357070229947567,qwen3.5-122b,I cannot answer this based on the provided context.,0.0,0.0,0.0,OK,
490,490,contriever,kmeans_k3,Raúl Arellano played for Mexico in which football tournament in 1954?,5ae721c15542996d980e7cbc,"[12809, 23556]","[199, 12809, 23791, 18957, 4123]",0.5,0.5,0.5566571950912476,0.9997387528419495,qwen3.5-122b,Raúl Arellano played for Mexico in the 1954 FIFA World Cup.,0.0,0.0,0.0,OK,
491,491,contriever,kmeans_k3,Band-e-Amir Dragons is named after the lakes in which Afghan national park?,5ae7316e554299572ea5477e,"[22397, 11167]","[11167, 19458, 22397, 28, 11987]",1.0,1.0,0.5691692233085632,0.968357264995575,qwen3.5-122b,"Based on the provided context, the Band-e-Amir Dragons are named after the Band-e Amir lakes, which are located in **Band-e Amir National Park**.

Document 3 states that the team is named after ""the Band-e Amir, a series of six deep blue lakes in Bamyan Province,"" and Document 1 confirms that ""Band-e Amir National Park... is a series of six deep blue lakes"" located in the Bamyan Province.",0.0,0.0,0.0,OK,
492,492,contriever,kmeans_k3,Where do the team that John Grant joined after the 1972 World Cup now play their games ?,5ae731ae5542991bbc9761c1,"[12422, 25143]","[12422, 23123, 20122, 5546, 12629]",0.5,1.0,0.6068640351295471,0.11020497977733612,qwen3.5-122b,I cannot answer this based on the provided context.,0.0,0.0,0.0,OK,
493,493,contriever,kmeans_k3,Bartlett's Bridge was built by the engineer who worked for the county seat of which Massachusetts county?,5ae7385d5542992ae0d163da,"[4910, 25958]","[8950, 4910, 20387, 9273, 2222]",0.5,0.5,0.6615059971809387,0.9940384030342102,qwen3.5-122b,"Based on the provided context, I cannot answer this question.

**Reasoning:**
Document 2 states that Bartlett's Bridge was designed by Charles A. Allen, who was a civil engineer for the **city of Worcester**. However, the provided text does not specify which **county** Worcester is the seat of, nor does it mention the county seat of any Massachusetts county. Therefore, the specific county cannot be identified using only the given documents.",0.0,0.0,0.0,OK,
494,494,contriever,kmeans_k3,"YouPorn was surpassed, in 2013, by competitor sites xHamster, Pornhub, LiveJasmin, and this website that is registered to the Polish company WGCZ Holding?",5ae765185542995703ce8c0f,"[824, 12515]","[17618, 16051, 824, 18486, 15321]",0.5,0.3333333333333333,0.5754724740982056,0.15351928770542145,qwen3.5-122b,I cannot answer this based on the provided context.,0.0,0.0,0.0,OK,
495,495,contriever,kmeans_k3,What is the occupation of the Miami Dolphins owner's wife?,5ae76d185542997ec2727641,"[15559, 18387]","[11610, 15917, 10924, 15354, 25840]",0.0,0.0,0.7181223034858704,0.07910962402820587,qwen3.5-122b,I cannot answer this based on the provided context.,0.0,0.0,0.0,OK,
496,496,contriever,kmeans_k3,The On Tour Forever album gave Blues Traveler the opportunity to display what musical trademark?,5ae788fa55429952e35ea964,"[1709, 3948]","[660, 9859, 1709, 16815, 7]",0.5,0.3333333333333333,0.5794490575790405,0.06606338918209076,qwen3.5-122b,I cannot answer this based on the provided context.,0.0,0.0,0.0,OK,
497,497,contriever,kmeans_k3,The Worst Journey in the World is a memoir written by which English explorer of Antarctica?,5ae7ea695542994a481bbe17,"[24621, 25214]","[1127, 453, 24621, 14203, 23039]",0.5,0.3333333333333333,0.5932559967041016,0.9997279644012451,qwen3.5-122b,"Based on the provided context, I cannot answer this question.

Document 3 states that *The Worst Journey in the World* was written by **Apsley Cherry-Garrard**, a member of the expedition, but it does not explicitly identify him as an ""English explorer"" (though he was a member of the British Antarctic Expedition). The document does not provide enough information to confirm his specific nationality or title as an explorer based strictly on the text provided.",0.0,0.0,0.0,OK,
498,498,contriever,kmeans_k3,Jim Betts ran against the first American to orbit what?,5ae7f6be554299540e5a56db,"[10155, 23415]","[9614, 10155, 25689, 8111, 178]",0.5,0.5,0.6193588972091675,0.03664295747876167,qwen3.5-122b,I cannot answer this based on the provided context.,0.0,0.0,0.0,OK,
499,499,contriever,kmeans_k3,The maternal grandmother of Princess Marie Cécile of Prussia was born in which year ?,5ae81b895542997ec272770c,"[24545, 3230]","[23767, 24545, 18207, 23761, 7474]",0.5,0.5,0.5294755101203918,0.9122462272644043,qwen3.5-122b,I cannot answer this based on the provided context.,0.0,0.0,0.0,OK,
