question_index,qa_id,retriever,condition,question,beir_query_id,gold_doc_ids,retrieved_doc_ids,recall_at_k,mrr,retrieval_diversity,faithfulness_nli,llm_model,prediction,exact_match,f1,rouge_l,row_status,row_error
0,0,dpr,dpp_map,Which piece did Ludwig van Beethoven publish in 1801 that was dedicated to Count Moritz von Fries?,5a70f1685542994082a3e40f,"[13379, 7304]","[13379, 6294, 13366, 1531, 22041]",0.5,1.0,0.5844858884811401,0.9988559484481812,qwen3.5-122b,"Based on the provided context, the piece Ludwig van Beethoven published in 1801 that was dedicated to Count Moritz von Fries is the **Violin Sonata No. 5 in F major, Opus 24** (often known as the ""Spring Sonata"").

The context also notes that Beethoven dedicated two other works to Count Moritz von Fries in the same year: the **C major string quintet** and the **fourth violin sonata**.",0.0,0.0,0.0,OK,
1,1,dpr,dpp_map,"Which of these men, Scott Treleaven and Edmund Mortimer, is credited with working in both films and photography?",5a710a915542994082a3e504,"[2917, 2219]","[98, 3539, 9086, 6208, 17813]",0.0,0.0,0.7502431869506836,0.09858915209770203,qwen3.5-122b,I cannot answer this based on the provided context.,0.0,0.0,0.0,OK,
2,2,dpr,dpp_map,Albanians in Montenegro which make up 4.91 of the county's total population could be members of the Albanian Coalation Perspect which is a what?,5a711c535542994082a3e59b,"[5958, 20848]","[20848, 11231, 11616, 8822, 6288]",0.5,1.0,0.6011873483657837,0.02618970163166523,qwen3.5-122b,I cannot answer this based on the provided context.,0.0,0.0,0.0,OK,
3,3,dpr,dpp_map,Alvaro Mexia had a diplomatic mission with which tribe of indigenous people?,5a713ea95542994082a3e6e4,"[12797, 7948]","[12797, 21957, 8952, 3736, 5755]",0.5,1.0,0.7334407567977905,0.9996500611305237,qwen3.5-122b,"Based on the provided context, Alvaro Mexia had a diplomatic mission with the **Ais** native population.",0.0,0.0,0.0,OK,
4,4,dpr,dpp_map,"Riema Juhani Karppinen won the silver medal at what event held outside of Munich, Germany?",5a71419f5542994082a3e70d,"[17083, 12115]","[18264, 24836, 15197, 191, 20325]",0.0,0.0,0.6334580183029175,0.025067947804927826,qwen3.5-122b,I cannot answer this based on the provided context.,0.0,0.0,0.0,OK,
5,5,dpr,dpp_map,When was the king that started coin production in Copenhagen born?,5a7147fd5542994082a3e758,"[15673, 4375]","[15673, 4375, 24492, 23380, 20061]",1.0,1.0,0.6862889528274536,0.3470291197299957,qwen3.5-122b,"Based on the provided context, the first king to start a production of coins in Copenhagen was King Hans (Document 1). According to Document 2, John (Danish: ""Hans"") was born on **2 February 1455**.",0.0,0.0,0.0,OK,
6,6,dpr,dpp_map,"Which Istanbul mosque is unique for retaining a Baroque style of architecture, the Bayezid II Mosque or the Nusretiye Mosque?",5a7153d05542994082a3e7dc,"[4824, 2753]","[2753, 4824, 10701, 13038, 17288]",1.0,1.0,0.5887759923934937,0.4312719404697418,qwen3.5-122b,"Based on the provided context, the **Nusretiye Mosque** is the one unique for retaining a Baroque style of architecture.

Document 1 states that while the Nusretiye Mosque's architecture is influenced by Islamic elements, ""it retains a Baroque style, making it unique to the city."" Document 2 describes the Bayezid II Mosque as an Ottoman imperial mosque but does not mention a Baroque style.",0.0,0.0,0.0,OK,
7,7,dpr,dpp_map,"Which publication still relies on paper printing, Human Events or Texas Highways?",5a7199725542994082a3e88f,"[24161, 19285]","[19285, 24117, 19816, 12706, 23852]",0.5,1.0,0.7375863790512085,0.06675776094198227,qwen3.5-122b,I cannot answer this based on the provided context.,0.0,0.0,0.0,OK,
8,8,dpr,dpp_map,"Where is the University of North Carolina at Wilmington, population 112,067 located?",5a7243915542990c210a4086,"[16868, 1698]","[16868, 1698, 11594, 8163, 24096]",1.0,1.0,0.526930570602417,0.9992350935935974,qwen3.5-122b,"Based on the provided context, the University of North Carolina at Wilmington (UNCW) is located in **Wilmington, North Carolina, United States**.

The context notes that Wilmington is a port city with a population of 112,067 (according to the 2010 Census).",0.0,0.0,0.0,OK,
9,9,dpr,dpp_map,"Gail Matthius co-anchored the Weekend Update segment of ""Saturday Night Live"" with the actor who played the villain Nicholas Andre in what movie?",5a728f505542992359bc30f5,"[4902, 21750]","[10537, 4902, 4241, 18923, 6176]",0.5,0.5,0.6350963115692139,0.07655473798513412,qwen3.5-122b,I cannot answer this based on the provided context.,0.0,0.0,0.0,OK,
10,10,dpr,dpp_map,Which author wrote about a woman captured by the Symbionese Liberation Army?,5a729cc25542991f9a20c532,"[25934, 23926]","[23926, 18973, 14967, 19224, 4796]",0.5,1.0,0.6600682139396667,0.2591175138950348,qwen3.5-122b,I cannot answer this based on the provided context.,0.0,0.0,0.0,OK,
11,11,dpr,dpp_map,What is the name of the pop artist that belongs on the Pledis Entertainment label and has 13 members?,5a72d7b35542991f9a20c5be,"[12748, 19460]","[12748, 12316, 13642, 24458, 19460]",1.0,1.0,0.6829828023910522,0.7127733826637268,qwen3.5-122b,"Based on the provided context, the pop artist (specifically a South Korean boy group) that belongs to the Pledis Entertainment label and has 13 members is **Seventeen**.

Document 1 states that Pledis Entertainment is home to the artist Seventeen, and Document 5 confirms that Seventeen is a group formed by Pledis Entertainment consisting of thirteen members.",0.0,0.0,0.0,OK,
12,12,dpr,dpp_map,"Gaia is a space observatory of the European Space Agency, what is Astrosat?",5a7300b85542994cef4bc41a,"[24876, 25491]","[24876, 4524, 11092, 2760, 15658]",0.5,1.0,0.6143315434455872,0.022820813581347466,qwen3.5-122b,I cannot answer this based on the provided context.,0.0,0.0,0.0,OK,
13,13,dpr,dpp_map,"In the television series Green Hornet, which actor played the role of Kato?",5a7326cd5542991f29ee2d11,"[9131, 23227]","[9131, 23227, 17943, 16842, 18479]",1.0,1.0,0.6665525436401367,0.9895001649856567,qwen3.5-122b,"Based on the provided context, in the television series *The Green Hornet*, the role of Kato was played by **Bruce Lee**.

This is confirmed in Document 1, which states the series starred ""Bruce Lee as Kato,"" and Document 2, which notes that ""in the television series he was portrayed by Bruce Lee.""",0.0,0.0,0.0,OK,
14,14,dpr,dpp_map,"Lady Elizabeth Delmé and Her Children (1779) is a portrait given to the National Gallery of Art in 1937, which is located in which state?",5a7336d05542992359bc3293,"[13264, 13967]","[13264, 20302, 6353, 18961, 11235]",0.5,1.0,0.647970974445343,0.1027086079120636,qwen3.5-122b,I cannot answer this based on the provided context.,0.0,0.0,0.0,OK,
15,15,dpr,dpp_map,"Which movie is loosley based off the Brother Grimm's ""Iron Henry""?",5a733b835542991f9a20c6b2,"[23633, 4545]","[4545, 23804, 1492, 11199, 24993]",0.5,1.0,0.7216408252716064,0.051252011209726334,qwen3.5-122b,I cannot answer this based on the provided context.,0.0,0.0,0.0,OK,
16,16,dpr,dpp_map,which board game has been around longer Obsession or Battle Sheep ?,5a733caa5542992359bc32a3,"[15389, 19341]","[19341, 15389, 11189, 13284, 1281]",1.0,1.0,0.659864068031311,0.00863516703248024,qwen3.5-122b,"Based on the provided context, **Obsession** has been around longer.

*   **Obsession** was released in **1977** (Document 2).
*   **Battle Sheep** was developed in **2010** (Document 1).",0.0,0.0,0.0,OK,
17,17,dpr,dpp_map,"Which famous mine was in service first, the Salmita Mine or the Kanichee Mine?",5a739323554299623ed4abff,"[4244, 25216]","[4244, 9008, 16330, 25216, 12634]",1.0,1.0,0.6448688507080078,0.4258241057395935,qwen3.5-122b,"Based on the provided context, the **Kanichee Mine** was in service first.

The text states that the Kanichee Mine zone has been explored and mined discontinuously from as early as **1910**, whereas the Salmita Mine entered production in **1983** (though it was first discovered in 1945).",0.0,0.0,0.0,OK,
18,18,dpr,dpp_map,"What was the lead single from Boys Like Girls album on which frontman, Martin Johnson co-wrote a song with Taylor Swift? A: Love Drunk",5a74122f55429929fddd83da,"[7716, 8612]","[7716, 4870, 25402, 690, 13939]",0.5,1.0,0.7251134514808655,0.9965605735778809,qwen3.5-122b,"Based on the provided context, the lead single from the Boys Like Girls album *Love Drunk* (on which frontman Martin Johnson co-wrote the song ""Two Is Better Than One"" featuring Taylor Swift) is **""Love Drunk""**.

The text states: ""Its lead single, titled 'Love Drunk' was released on July 7, 2009...""",0.0,0.0,0.0,OK,
19,19,dpr,dpp_map,"Who wrote the music for Billy Elliot the Musical and had at least one song on the ""Billboard"" Hot 100 for 31 consecutive years?",5a74629255429929fddd8402,"[10804, 21082]","[3468, 21600, 4070, 5741, 10847]",0.0,0.0,0.602292537689209,0.08029571920633316,qwen3.5-122b,I cannot answer this based on the provided context.,0.0,0.0,0.0,OK,
20,20,dpr,dpp_map,Which American main title designer designed sequences for the founder of the Sundance Film Festival?,5a7471f655429979e2882955,"[4890, 23681]","[4890, 23681, 19814, 21379, 23549]",1.0,1.0,0.7050366401672363,0.10173916071653366,qwen3.5-122b,"Based on the provided context, the founder of the Sundance Film Festival is **Robert Redford** (Document 2). The American main title designer who designed sequences for him is **Wayne Fitzgerald** (Document 1).",0.0,0.0,0.0,OK,
21,21,dpr,dpp_map,What is served shaken with ice and should not be mistaken with the name Margarita?,5a74be7a55429929fddd84e4,"[7079, 4039]","[4039, 3851, 1778, 25909, 965]",0.5,1.0,0.6181515455245972,0.08380216360092163,qwen3.5-122b,I cannot answer this based on the provided context.,0.0,0.0,0.0,OK,
22,22,dpr,dpp_map,What product by FLEXcon represents data by geometric patterns?,5a74c3f455429979e2882a0a,"[7688, 23564]","[7688, 14720, 1041, 20421, 13059]",0.5,1.0,0.7148486375808716,0.9275649785995483,qwen3.5-122b,"Based on the provided context, FLEXcon manufactures **bar coded labels**, which are products that represent data by geometric patterns.

(Note: While Document 1 mentions ""bar coded labels"" as a product of FLEXcon, it does not explicitly define them as representing data by geometric patterns, but this is the only product listed that fits the description of using patterns to represent data.)",0.0,0.0,0.0,OK,
23,23,dpr,dpp_map,Connetquot High School  is a public high school in what city in New York?,5a7506f455429916b0164240,"[2573, 1640]","[2573, 15549, 1172, 4392, 10967]",0.5,1.0,0.6285413503646851,0.9921084046363831,qwen3.5-122b,"Based on the provided context, Connetquot High School is located in **Bohemia**, New York.",0.0,0.0,0.0,OK,
24,24,dpr,dpp_map,What year did the movement that Tess Asplund protested in the viral image of her with her fist in the air disband?,5a7526945542993748c897d2,"[21889, 8074]","[21889, 21931, 23653, 14435, 14709]",0.5,1.0,0.7232404947280884,0.06936424970626831,qwen3.5-122b,I cannot answer this based on the provided context.,0.0,0.0,0.0,OK,
25,25,dpr,dpp_map,"What song from the fourth studio album made by The Who reached No.4 on the UK charts and No. 19 o nthe U.S. ""Billboard"" Hot 100?",5a753c8c55429916b01642ab,"[5767, 3370]","[25402, 20747, 15264, 6736, 3370]",0.5,0.2,0.7076045870780945,0.128518208861351,qwen3.5-122b,I cannot answer this based on the provided context.,0.0,0.0,0.0,OK,
26,26,dpr,dpp_map,"Who was born first, Karen Joy Fowler or Bruce Chatwin?",5a7542425542996c70cfaecc,"[7681, 18798]","[2490, 14643, 11970, 4960, 7471]",0.0,0.0,0.760053277015686,0.05557650700211525,qwen3.5-122b,I cannot answer this based on the provided context.,0.0,0.0,0.0,OK,
27,27,dpr,dpp_map,"Michael Mark Brodsky is known for his translation of what Irish avant-garde novelist, playwright, theatre director, and poet?",5a7545605542993748c89807,"[15201, 10071]","[10071, 15201, 3211, 15806, 24493]",1.0,1.0,0.6669853329658508,0.35541439056396484,qwen3.5-122b,"Based on the provided context, Michael Mark Brodsky is known for his translation of **Samuel Barclay Beckett** (also referred to as Samuel Beckett).

Document 2 states that Brodsky is best known for ""his translation of Samuel Beckett's 'Eleuthéria'."" Document 1 confirms that Samuel Barclay Beckett was an ""Irish avant-garde novelist, playwright, theatre director, and poet.""",0.0,0.0,0.0,OK,
28,28,dpr,dpp_map,"Which came to market first, ""Hey Pa! There's a Goat on the Roof"" or ""Poleconomy""",5a7555215542996c70cfaee1,"[9446, 2847]","[9446, 2287, 11986, 9830, 2847]",1.0,1.0,0.7482602000236511,0.17539909482002258,qwen3.5-122b,"""Hey Pa! There's a Goat on the Roof"" came to market first. According to the provided context, it was issued in 1966, while ""Poleconomy"" was first published in 1980.",0.0,0.0,0.0,OK,
29,29,dpr,dpp_map,"Which ""Roseanne"" star is in Scream 2?",5a7557d75542992d0ec05f68,"[23512, 11186]","[23512, 7002, 3975, 18366, 15877]",0.5,1.0,0.6689724922180176,0.028513556346297264,qwen3.5-122b,"Based on the provided context, I cannot answer this question.

Document 1 lists the stars of *Scream 2* (David Arquette, Neve Campbell, Courteney Cox, Sarah Michelle Gellar, Jamie Kennedy, Laurie Metcalf, Jerry O'Connell, Jada Pinkett, and Liev Schreiber), but it does not mention which of these actors starred in *Roseanne*.",0.0,0.0,0.0,OK,
30,30,dpr,dpp_map,What show was Elena Shaddow in that was written by a relative of Richard Rodgers?,5a755f0a5542996c70cfaee7,"[25709, 9440]","[25085, 2226, 128, 23502, 5908]",0.0,0.0,0.7616010308265686,0.06950429081916809,qwen3.5-122b,I cannot answer this based on the provided context.,0.0,0.0,0.0,OK,
31,31,dpr,dpp_map,"Which ""Mirrors"" actress made her film debut in the 2005 comedy film ""Hitch""?",5a7571095542992d0ec05f97,"[5780, 24053]","[5780, 3713, 18119, 14342, 19662]",0.5,1.0,0.6490923166275024,0.0906076654791832,qwen3.5-122b,I cannot answer this based on the provided context.,0.0,0.0,0.0,OK,
32,32,dpr,dpp_map,Who was born first Mahbub ul Haq or Ibn Arabi?,5a7574e25542996c70cfaf01,"[24250, 5838]","[9870, 19335, 15551, 10382, 5838]",0.5,0.2,0.5806273221969604,0.3643431067466736,qwen3.5-122b,I cannot answer this based on the provided context.,0.0,0.0,0.0,OK,
33,33,dpr,dpp_map,Andrea Camplone is a football coach in which 22-team competition?,5a75d8dc5542992db94736f0,"[18063, 21614]","[12505, 21614, 20122, 18302, 6501]",0.5,0.5,0.6926797032356262,0.030044829472899437,qwen3.5-122b,I cannot answer this based on the provided context.,0.0,0.0,0.0,OK,
34,34,dpr,dpp_map,"The Declaration of Montreal was the founding document of which world event, lasting from July 26-August 5, 2006?",5a75da6d5542992db94736fa,"[23670, 20385]","[20385, 23670, 9231, 22042, 10740]",1.0,1.0,0.6090841889381409,0.9936304092407227,qwen3.5-122b,"Based on the provided context, the Declaration of Montreal was adopted as part of the **1st World Outgames**, which took place in Montreal, Quebec, Canada, from July 26, 2006, to August 5, 2006.",0.0,0.0,0.0,OK,
35,35,dpr,dpp_map,"Who is younger, Pelle Almqvist or Steve Winwood?",5a75f0bf5542994ccc91866b,"[4900, 6621]","[11248, 7510, 24278, 2162, 11218]",0.0,0.0,0.7497953176498413,0.1684214472770691,qwen3.5-122b,I cannot answer this based on the provided context.,0.0,0.0,0.0,OK,
36,36,dpr,dpp_map,"What actress and and writer starred with Jennifer Saunders in bothe ""The Supergrass"" and ""French and Saunders""?",5a7602d8554299109176e5fb,"[10750, 12015]","[10750, 4643, 7175, 14326, 5623]",0.5,1.0,0.7093527913093567,0.13628563284873962,qwen3.5-122b,I cannot answer this based on the provided context.,0.0,0.0,0.0,OK,
37,37,dpr,dpp_map,Alfred Balk served as the secretary of the Committee on the Employment of Minority Groups in the News Media under which United States Vice President?,5a760ab65542994ccc918697,"[7215, 5425]","[7215, 3431, 5425, 22279, 6779]",1.0,1.0,0.7074415683746338,0.4289403557777405,qwen3.5-122b,"Based on the provided context, Alfred Balk served as secretary of New York Governor **Nelson Rockefeller's** Committee on the Employment of Minority Groups in the News Media.

According to Document 3, Nelson Rockefeller served as the **41st Vice President of the United States** from 1974 to 1977. Therefore, the committee was under the leadership of the individual who later became Vice President, Nelson Rockefeller.

Answer: Nelson Rockefeller",0.0,0.0,0.0,OK,
38,38,dpr,dpp_map,Was the famous opera comique that was based on a Prosper Merimee novella a comedy or a tragedy?,5a7615fb5542992db9473727,"[1460, 15091]","[25308, 128, 1460, 25715, 1155]",0.5,0.3333333333333333,0.6332769989967346,0.99081951379776,qwen3.5-122b,"Based on the provided context, the famous *opéra comique* mentioned is **Carmen**. The text states that although the genre is not always comic or light in nature, ""Carmen"" is a **tragedy**.

(Note: While the provided text identifies *Carmen* as a tragedy, it does not explicitly mention that it was based on a Prosper Mérimée novella; however, based strictly on the information available in the documents regarding the nature of the famous *opéra comique*, the answer is tragedy.)

**Answer:** Tragedy",0.0,0.0,0.0,OK,
39,39,dpr,dpp_map,Who served as the head coach for the Grizzlies in the 2004-05 season and as head coach for the Brooklyn Nets?,5a7618d85542994ccc9186cf,"[11963, 14818]","[14818, 11963, 9032, 12538, 6038]",1.0,1.0,0.6646386384963989,0.39745327830314636,qwen3.5-122b,"Based on the provided context, **Lionel Hollins** served as the head coach for the Grizzlies during the 2004–05 season (specifically taking over after Hubie Brown's retirement and before Mike Fratello) and most recently served as the head coach of the Brooklyn Nets.",0.0,0.0,0.0,OK,
40,40,dpr,dpp_map,"Which album did the band Kraftwerk release after their successful album which reached number 25 on the US ""Billboard"" Hot 100 chart?",5a7621bb554299109176e650,"[23154, 4227]","[4227, 23204, 19835, 535, 5736]",0.5,1.0,0.7088127732276917,0.5480563044548035,qwen3.5-122b,I cannot answer this based on the provided context.,0.0,0.0,0.0,OK,
41,41,dpr,dpp_map,When was the plaintiff in the 1892 Barbed Wire Patent Case born?,5a7624b85542992db947372c,"[16274, 24579]","[16274, 10920, 11970, 5333, 24964]",0.5,1.0,0.721664547920227,0.360282301902771,qwen3.5-122b,I cannot answer this based on the provided context.,0.0,0.0,0.0,OK,
42,42,dpr,dpp_map,"Which was fought earlier in our nation's history, the Seven Days Battles or the Battle of Manila?",5a7633ad5542992db9473741,"[25986, 8549]","[8549, 25986, 23963, 7256, 8378]",1.0,1.0,0.6677837371826172,0.9740659594535828,qwen3.5-122b,"Based on the provided context, the **Seven Days Battles** were fought earlier.

*   The **Seven Days Battles** took place from **June 25 to July 1, 1862** (Document 2).
*   The **Battle of Manila** took place from **February 3 to March 3, 1945** (Document 1).

1862 is earlier than 1945.",0.0,0.0,0.0,OK,
43,43,dpr,dpp_map,"When was the Chief Aerodynamicist for the British supersonic land vehicle, whose goal is to match or exceed 1000 mph achieving a new world land speed record, born?",5a7633ff5542994ccc918712,"[23901, 5723]","[5723, 23901, 3379, 11052, 6900]",1.0,1.0,0.6213945150375366,0.7548084855079651,qwen3.5-122b,"Based on the provided context, the British supersonic land vehicle with a goal to match or exceed 1000 mph is the **Bloodhound SSC** (Document 1). The Chief Aerodynamicist for the Bloodhound SSC is **Ronald Ayers** (Document 2), who was **born in 1932**.",0.0,0.0,0.0,OK,
44,44,dpr,dpp_map,Who was the wife of the president when William Bainbridge started his career?,5a7636fb55429976ec32bd79,"[2587, 202]","[11095, 2592, 202, 24430, 24964]",0.5,0.3333333333333333,0.7489591836929321,0.360282301902771,qwen3.5-122b,I cannot answer this based on the provided context.,0.0,0.0,0.0,OK,
45,45,dpr,dpp_map,"Which university has more schools, Ateneo de Davao University or University of Rochester?",5a7651825542992d0ec060a3,"[163, 12131]","[163, 12131, 24769, 17807, 16570]",1.0,1.0,0.6831711530685425,0.3704019784927368,qwen3.5-122b,"Based on the provided context, the **University of Rochester** has more schools.

*   **Ateneo de Davao University** has **five** undergraduate schools (School of Arts and Sciences, School of Business and Governance, School of Engineering and Architecture, School of Education, and the School of Nursing), with the College of Law listed as a separate unit.
*   **University of Rochester** has **six** schools.",0.0,0.0,0.0,OK,
46,46,dpr,dpp_map,Who founded the collective which released the album Messe I.X-VI.X?,5a7662745542992db9473786,"[16502, 23431]","[16502, 6309, 25093, 20356, 3418]",0.5,1.0,0.6485892534255981,0.023954931646585464,qwen3.5-122b,"Based on the provided context, the album *Messe I.X-VI.X* was released by the Norwegian experimental collective **Ulver** (in collaboration with the Tromsø Chamber Orchestra). The text states that the album was ""Written and produced by Ulver,"" but it does not explicitly name the specific individuals who founded the collective.

Therefore, I cannot answer this based on the provided context.",0.0,0.0,0.0,OK,
47,47,dpr,dpp_map,When did the first bank come into existence that is part of an organization that serves rural areas of India with basic banking and financial services?,5a76db3555429972597f13e7,"[16835, 6646]","[6646, 7235, 16217, 8766, 8769]",0.5,1.0,0.6540337800979614,0.01675964519381523,qwen3.5-122b,I cannot answer this based on the provided context.,0.0,0.0,0.0,OK,
48,48,dpr,dpp_map,"Who is older, Ivan Foster or Ian Paisley?",5a77253455429972597f1449,"[18224, 25837]","[11248, 18224, 25084, 5357, 8380]",0.5,0.5,0.7144235968589783,0.48465240001678467,qwen3.5-122b,I cannot answer this based on the provided context.,0.0,0.0,0.0,OK,
49,49,dpr,dpp_map,Which software application was originally made for the company that acquired RadioShack in 1963?,5a77322055429972597f1494,"[645, 11956]","[11278, 11956, 11542, 22265, 6008]",0.5,0.5,0.6182177066802979,0.8701862096786499,qwen3.5-122b,"Based on the provided context, **Tandy Corporation** acquired RadioShack in 1963. However, the documents do not mention any software application that was originally made for Tandy Corporation.

*   Document 1 discusses Elcaset (audio format).
*   Document 2 discusses Tandy Corporation and RadioShack but mentions no software.
*   Document 3 discusses ETA Systems (supercomputers).
*   Document 4 discusses TELON/CA-TELON (application generator), but does not link it to Tandy Corporation.
*   Document 5 discusses Phasor, which was made for the Apple II family of computers by Applied Engineering.

Therefore, I cannot answer this based on the provided context.",0.0,0.0,0.0,OK,
50,50,dpr,dpp_map,"Who won Miss America 2013, which was the 86th Miss America pageant held at the PH Live in Las Vegas?",5a7735f55542994aec3b7226,"[15216, 13103]","[13103, 15216, 4050, 18772, 21914]",1.0,1.0,0.6678953170776367,0.9997333884239197,qwen3.5-122b,"Based on the provided context, **Mallory Hagan** (Miss New York 2012) won Miss America 2013. She was crowned by Miss America 2012 Laura Kaeppeler at the 86th Miss America pageant held at the PH Live in Las Vegas on January 12, 2013.",0.0,0.0,0.0,OK,
51,51,dpr,dpp_map,Who starred in Umm-e-Kulsoom whose mother was Afshan Qureshi?,5a77414155429972597f14d7,"[19527, 4872]","[19527, 14954, 23987, 16714, 4872]",1.0,1.0,0.6630276441574097,0.23381279408931732,qwen3.5-122b,"Based on the provided context, **Faisal Qureshi** starred in *Umm-e-Kulsoom* (Document 1 lists him in the cast), and Document 5 states that he was born to the famous film actress **Afshan Qureshi**.",0.0,0.0,0.0,OK,
52,52,dpr,dpp_map,"What actress is known for a starring role in Robert Bresson's ""Pickpocket"" and has also been directed by Just Jaeckin, a former photographer?",5a77626b5542993569682d77,"[12786, 5419]","[12786, 20012, 25392, 15786, 2965]",0.5,1.0,0.7226915955543518,0.9608051180839539,qwen3.5-122b,"Based on the provided context, the actress known for a starring role in Robert Bresson's ""Pickpocket"" is **Marika Nicolette Green**.

The context states she is ""mostly famous for playing a starring role in Robert Bresson's 'Pickpocket' (1959)"" and also appeared in ""Emmanuelle"" (1974). While the provided text does not explicitly mention that she was directed by Just Jaeckin or that he was a former photographer, she is the only actress in the documents linked to ""Pickpocket."" (Note: Just Jaeckin directed the 1974 film ""Emmanuelle,"" which connects the two facts in the question, though this specific directorial link is not explicitly detailed in the provided text).

Answer: Marika Nicolette Green",0.0,0.0,0.0,OK,
53,53,dpr,dpp_map,What is the official currency in the country that hosts the Asahi-Ryokuken Yomiuri Memorial tournament?,5a776b82554299373536026f,"[2849, 13370]","[13370, 2849, 23036, 4148, 167]",1.0,1.0,0.631330668926239,0.6222005486488342,qwen3.5-122b,"Based on the provided context, the Asahi-Ryokuken Yomiuri Memorial tournament was played in Fukuoka, Japan (Document 2). According to Document 1, the official currency of Japan is the **yen** (symbol: ¥; code: JPY).",0.0,0.0,0.0,OK,
54,54,dpr,dpp_map,"Who was born first, Susan Oliver or W. S. Van Dyke?",5a778b345542992a6e59decf,"[4583, 24476]","[15476, 11970, 9062, 24193, 1298]",0.0,0.0,0.7096619606018066,0.051175884902477264,qwen3.5-122b,I cannot answer this based on the provided context.,0.0,0.0,0.0,OK,
55,55,dpr,dpp_map,In what year were the European Athletics Junior Championships held in the capital of Slovenia?,5a779fd95542997042120ab5,"[10126, 17449]","[10126, 4996, 16043, 23556, 6240]",0.5,1.0,0.5143253207206726,0.9827234148979187,qwen3.5-122b,"Based on the provided context, the 1997 European Athletics Junior Championships were held in Ljubljana, Slovenia. Since Ljubljana is the capital of Slovenia, the event took place in **1997**.",0.0,0.0,0.0,OK,
56,56,dpr,dpp_map,What year did Christopher Nolan's magic-themed drama come out?,5a77a41a5542997042120ab9,"[11314, 10290]","[7363, 14151, 4705, 5718, 6187]",0.0,0.0,0.6589860320091248,0.0927119106054306,qwen3.5-122b,I cannot answer this based on the provided context.,0.0,0.0,0.0,OK,
57,57,dpr,dpp_map,"when was the album that includes the song by Dustin Lynch released to country radio on February 17, 2017?",5a77a65b5542992a6e59df57,"[22947, 22198]","[22947, 19476, 23405, 15244, 19847]",0.5,1.0,0.6822457313537598,0.06944915652275085,qwen3.5-122b,I cannot answer this based on the provided context.,0.0,0.0,0.0,OK,
58,58,dpr,dpp_map,What British novelist born in November 1898 wrote Surprised by Joy: The Shape of My Early Life?,5a77a9df55429967ab10521c,"[2490, 23359]","[2490, 18796, 3950, 25534, 12119]",0.5,1.0,0.6930476427078247,0.11816532164812088,qwen3.5-122b,I cannot answer this based on the provided context.,0.0,0.0,0.0,OK,
59,59,dpr,dpp_map,"What is the species of animal which the town of Antelope, Kansas was named after?",5a77c09555429967ab105262,"[10221, 5206]","[5206, 10221, 23220, 2854, 577]",1.0,1.0,0.7072290182113647,0.32659974694252014,qwen3.5-122b,"Based on the provided context, the town of Antelope, Kansas, was named after **antelope** grazing near where the first school was being built.

(Note: Document 1 clarifies that while the pronghorn is often colloquially called the ""American antelope,"" it is not a true antelope. However, Document 2 simply states the town was named after ""antelope"" without specifying the exact biological species.)",0.0,0.0,0.0,OK,
60,60,dpr,dpp_map,"Which song was behind the third single on the album  ""A Lot About Livin' (And a Little 'bout Love)"" for two weeks on the country charts?",5a77c1505542997042120b1b,"[4167, 1573]","[5234, 269, 1573, 7716, 1807]",0.5,0.3333333333333333,0.6833376884460449,0.027113549411296844,qwen3.5-122b,I cannot answer this based on the provided context.,0.0,0.0,0.0,OK,
61,61,dpr,dpp_map,"Which band formed in England, Of Montreal or Vib Gyor?",5a77c74155429967ab105291,"[23850, 24150]","[23850, 10886, 25927, 5277, 23300]",0.5,1.0,0.6920885443687439,0.02927791140973568,qwen3.5-122b,I cannot answer this based on the provided context.,0.0,0.0,0.0,OK,
62,62,dpr,dpp_map,"The voice of Homer Simpson also voices what alien character in the television series ""The Simpsons""?",5a77cb5e55429967ab1052a7,"[18801, 23611]","[18801, 23611, 23906, 15705, 24318]",1.0,1.0,0.709219753742218,0.8164781332015991,qwen3.5-122b,"Based on the provided context, the voice of Homer Simpson (Dan Castellaneta) also voices the alien character **Kodos**.

Document 1 states that Kodos is an alien from the fictional planet Rigel VII and is voiced by Dan Castellaneta. Document 2 confirms that Dan Castellaneta is noted for his role as Homer Simpson.",0.0,0.0,0.0,OK,
63,63,dpr,dpp_map,"The True Colors World Tour was by what artist whose debut album was ""She's So Unusual""?",5a77ddb855429967ab1052d8,"[15195, 25141]","[15195, 5638, 25141, 11995, 24502]",1.0,1.0,0.6726255416870117,0.3567105829715729,qwen3.5-122b,"The True Colors World Tour was by Cyndi Lauper, whose debut album was ""She's So Unusual.""",0.0,0.0,0.0,OK,
64,64,dpr,dpp_map,"What scientist as well as a practising Roman Cathloic described the electronic voice phenomena as typically brief, usually the length of a work or short phrase?",5a77f4755542992a6e59e01f,"[23394, 24534]","[24534, 9830, 1337, 7791, 23394]",1.0,1.0,0.7247783541679382,0.47684961557388306,qwen3.5-122b,"Based on the provided context, the scientist and practising Roman Catholic who described electronic voice phenomena (EVP) as typically brief, usually the length of a word or short phrase, is **Konstantīns Raudive** (also referred to as **Raudive**).

*   **Document 1** states: ""Parapsychologist **Konstantīns Raudive**, who popularized the idea in the 1970s, described EVP as typically brief, usually the length of a word or short phrase.""
*   **Document 5** confirms: ""**Raudive** was a scientist as well as a practising Roman Catholic.""",0.0,0.0,0.0,OK,
65,65,dpr,dpp_map,"Spawn, a fictional character who Mustafa Shakir has expressed interest in playing, was created by?",5a78b5f7554299148911f95b,"[22840, 10815]","[10815, 8752, 14512, 6119, 15350]",0.5,1.0,0.7154912352561951,0.49529239535331726,qwen3.5-122b,"Based on the provided context, Spawn was created by **Todd McFarlane**.

(Note: The provided text confirms Todd McFarlane as the creator but does not mention Mustafa Shakir.)",0.0,0.0,0.0,OK,
66,66,dpr,dpp_map,The show featuring a young boy named Gerald Bald Z premiered on what TV channel?,5a78bd515542990784727749,"[10604, 6450]","[6450, 25725, 16576, 8962, 18933]",0.5,1.0,0.6838458776473999,0.9992119669914246,qwen3.5-122b,"Based on the provided context, the show featuring a young boy named Gerald Bald Z is *Perfect Hair Forever*, which premiered on **Cartoon Network's late night programming block Adult Swim**.",0.0,0.0,0.0,OK,
67,67,dpr,dpp_map,The southernmost administrative region of Denmark is well-known for creating what products?,5a78ce5d55429974737f78ac,"[8051, 8866]","[9865, 8051, 8889, 8866, 20581]",1.0,0.5,0.6071215867996216,0.9992645978927612,qwen3.5-122b,"Based on the provided context, I cannot answer this question.

**Reasoning:**
*   **Document 4** identifies the ""Zealand Region"" (Region Sjælland) as the southernmost administrative region of Denmark.
*   **Document 2** mentions that the town of Faxe (located in Faxe Municipality within Region Zealand) is known for producing beer, soft drinks (via Faxe Bryggeri) and limestone (via Faxe Quarry).
*   However, the context does not explicitly state that the **Zealand Region as a whole** is well-known for creating these products, nor does it list other products specifically attributed to the entire region. The information provided is specific to the town of Faxe, not the entire administrative region. Therefore, there is not enough information to definitively answer what the region itself is well-known for creating.",0.0,0.0,0.0,OK,
68,68,dpr,dpp_map,"Orange is the New Black, starring Annie Golden as Norma Romano, takes place in which minimum-security federal prison?",5a78f18855429974737f7915,"[24525, 13229]","[24525, 7568, 13229, 12663, 24376]",1.0,1.0,0.667142927646637,0.9837024807929993,qwen3.5-122b,"Based on the provided context, the series *Orange Is the New Black* is based on Piper Kerman's memoir about her experiences at **FCI Danbury**, a minimum-security federal prison.",0.0,0.0,0.0,OK,
69,69,dpr,dpp_map,Mick Carter is the landlord of a public house located at what address?,5a78f59755429970f5fffdf7,"[16943, 5839]","[16943, 2854, 3142, 8376, 19745]",0.5,1.0,0.7538955807685852,0.05453704670071602,qwen3.5-122b,I cannot answer this based on the provided context.,0.0,0.0,0.0,OK,
70,70,dpr,dpp_map,What is the birthday of the oldest among Vicente García and Ximena Sariñana?,5a7914e155429974737f7973,"[18678, 4272]","[9660, 10994, 19833, 25316, 13350]",0.0,0.0,0.652607798576355,0.019732056185603142,qwen3.5-122b,I cannot answer this based on the provided context.,0.0,0.0,0.0,OK,
71,71,dpr,dpp_map,"Which Netflix series ""Unbreakable"" character is Elizabeth Claire Kemper known for playing?",5a791a97554299148911f9f2,"[7040, 19925]","[19925, 14342, 53, 18366, 5191]",0.5,1.0,0.6826256513595581,0.13570815324783325,qwen3.5-122b,I cannot answer this based on the provided context.,0.0,0.0,0.0,OK,
72,72,dpr,dpp_map,"Who was born first, Brooklyn Decker or Andy Roddick?",5a793bc95542994bb9456fc3,"[25392, 13425]","[24193, 22394, 12700, 252, 23926]",0.0,0.0,0.7200708389282227,0.03497966006398201,qwen3.5-122b,I cannot answer this based on the provided context.,0.0,0.0,0.0,OK,
73,73,dpr,dpp_map,Amil Grove appeared in what  British tabloid published by News UK?,5a793d335542994bb9456fca,"[1497, 9333]","[9333, 17210, 8202, 7459, 1412]",0.5,1.0,0.6371180415153503,0.0739789828658104,qwen3.5-122b,I cannot answer this based on the provided context.,0.0,0.0,0.0,OK,
74,74,dpr,dpp_map,"Who was born first, Nellee Hooper or Baz Luhrmann?",5a794119554299029c4b5f3c,"[4565, 3093]","[3231, 24964, 20692, 9701, 930]",0.0,0.0,0.7336875200271606,0.360282301902771,qwen3.5-122b,I cannot answer this based on the provided context.,0.0,0.0,0.0,OK,
75,75,dpr,dpp_map,Eric Ambler and Carol Shields are both best Known for what profession?,5a79c1335542994bb9457066,"[20299, 23672]","[25591, 8469, 8596, 13743, 22018]",0.0,0.0,0.7383554577827454,0.08181287348270416,qwen3.5-122b,I cannot answer this based on the provided context.,0.0,0.0,0.0,OK,
76,76,dpr,dpp_map,Which two occupations does Ronnie Dunn and Annie Lennox have in common?,5a79c9395542994bb94570a2,"[23665, 8341]","[10303, 969, 21048, 15786, 11738]",0.0,0.0,0.7214495539665222,0.12578843533992767,qwen3.5-122b,I cannot answer this based on the provided context.,0.0,0.0,0.0,OK,
77,77,dpr,dpp_map,Special K is a slang word for a medication whose main effects last how long?,5a7a05485542990198eaf04c,"[25402, 4011]","[4011, 9119, 4469, 7554, 24684]",0.5,1.0,0.6796106100082397,0.9823835492134094,qwen3.5-122b,"Based on the provided context, ""Special K"" is a slang term for **Ketamine** (mentioned in Document 1 as being sold under the brand name Ketalar). According to Document 1, the main effects of Ketamine last **up to 25 minutes**.",0.0,0.0,0.0,OK,
78,78,dpr,dpp_map,When did Henrietta Ponsonby's father die?,5a7a0e745542990783324e1d,"[5058, 9931]","[11970, 5058, 12247, 25094, 9701]",0.5,0.5,0.6403588652610779,0.11488396674394608,qwen3.5-122b,I cannot answer this based on the provided context.,0.0,0.0,0.0,OK,
79,79,dpr,dpp_map,The Swallow Bluff Island Mounds is a Mississippian culture archaeological site that is located in this river which was once known by what name?,5a7a3d435542996a35c17154,"[11628, 11499]","[11628, 3305, 9386, 19191, 577]",0.5,1.0,0.6924200654029846,0.0374906025826931,qwen3.5-122b,I cannot answer this based on the provided context.,0.0,0.0,0.0,OK,
80,80,dpr,dpp_map,Near the banks of what river is the city in Romania with a partner Aspen Institute located?,5a7a47be5542994f819ef1b2,"[3254, 14619]","[14619, 3254, 16680, 5146, 19202]",1.0,1.0,0.7106943726539612,0.17160281538963318,qwen3.5-122b,"Based on the provided context, the city in Romania with a partner Aspen Institute is **Bucharest** (mentioned in Document 2 as having a partner Aspen Institute). According to Document 1, Bucharest is located on the banks of the **Dâmbovița River**.",0.0,0.0,0.0,OK,
81,81,dpr,dpp_map,"Who was born first, Lecrae Devaughn Moore or Gawvi?",5a7a650355429941d65f2615,"[20545, 12316]","[3287, 9709, 12130, 18537, 2341]",0.0,0.0,0.698245108127594,0.09609018266201019,qwen3.5-122b,I cannot answer this based on the provided context.,0.0,0.0,0.0,OK,
82,82,dpr,dpp_map,What is the altitude of the town in England that has Leadgate between it and Garrigill?,5a7a94f155429941d65f26ca,"[25349, 15612]","[25349, 4564, 4292, 15612, 9610]",1.0,1.0,0.6223050355911255,0.7886303067207336,qwen3.5-122b,"Based on the provided context, the town in England that has Leadgate between it and Garrigill is **Alston**.

According to **Document 4**, Alston shares the title of the 'highest market town in England' and is located at about **1,000 ft above sea level**.",0.0,0.0,0.0,OK,
83,83,dpr,dpp_map,"Who was born first, Chester Bennington or Mikael Stanne?",5a7aa2a255429941d65f270e,"[2563, 3708]","[19857, 24193, 13324, 15561, 9709]",0.0,0.0,0.7487946152687073,0.023734670132398605,qwen3.5-122b,I cannot answer this based on the provided context.,0.0,0.0,0.0,OK,
84,84,dpr,dpp_map,Who passed away first Robert Graves or Dino Buzzati ?,5a7aa9425542992d025e66e4,"[15806, 24994]","[8334, 24964, 23085, 24405, 15436]",0.0,0.0,0.7095853090286255,0.360282301902771,qwen3.5-122b,I cannot answer this based on the provided context.,0.0,0.0,0.0,OK,
85,85,dpr,dpp_map,Beena Sarwar is the editor of a peace initiative sponsored by a newpaper based in what city?,5a7af4cd55429931da12c9a6,"[13627, 25508]","[13627, 19675, 18350, 6596, 21673]",0.5,1.0,0.6890894174575806,0.5596354603767395,qwen3.5-122b,"Based on the provided context, I cannot answer this question.

While Document 1 states that Beena Sarwar is the Pakistan Editor of the *Aman ki Asha* initiative, which is sponsored by the Jang group in Pakistan and the *Times of India*, the text does not specify the city where the *Times of India* (the newspaper) is based.",0.0,0.0,0.0,OK,
86,86,dpr,dpp_map,Who is the older brother of the king that was overthrown in the Henriad?,5a7b3b4f5542992d025e67ac,"[9541, 19384]","[23712, 9541, 11248, 24774, 17087]",0.5,0.5,0.7456879615783691,0.1684214472770691,qwen3.5-122b,I cannot answer this based on the provided context.,0.0,0.0,0.0,OK,
87,87,dpr,dpp_map,"Who was the director behind the Cirque du Soleil show in Las Vegas that was first performed on December 25, 1993?",5a7b443c5542992d025e67ce,"[24681, 1590]","[1590, 7330, 8414, 16380, 18119]",0.5,1.0,0.7293517589569092,0.0906076654791832,qwen3.5-122b,I cannot answer this based on the provided context.,0.0,0.0,0.0,OK,
88,88,dpr,dpp_map,"What country does Eric A. Sykes and Eccles, Greater Manchester have ion common?",5a7b4bc35542992d025e67e0,"[13861, 4279]","[25700, 4279, 25386, 20303, 3461]",0.5,0.5,0.6490518450737,0.02216028794646263,qwen3.5-122b,I cannot answer this based on the provided context.,0.0,0.0,0.0,OK,
89,89,dpr,dpp_map,The Motion Picture Soundtrack The Woman in Red featured this American Singer who became a United Nations Ambassador for what organization?,5a7b72e15542997c3ec97187,"[23155, 3897]","[23155, 3897, 14540, 11520, 15828]",1.0,1.0,0.7457136511802673,0.8641875982284546,qwen3.5-122b,"Based on the provided context, the American singer featured on *The Woman in Red* soundtrack who became a United Nations Ambassador is **Dionne Warwick**. According to Document 2, she became a United Nations Global Ambassador for the **Food and Agriculture Organization**.",0.0,0.0,0.0,OK,
90,90,dpr,dpp_map,"Who was born first, Ana Kasparian or Andre Agassi?",5a7c34905542996dd594b8d5,"[6559, 23466]","[4828, 6908, 2341, 1298, 2314]",0.0,0.0,0.6645470857620239,0.027358030900359154,qwen3.5-122b,I cannot answer this based on the provided context.,0.0,0.0,0.0,OK,
91,91,dpr,dpp_map,"Who is older, Simon Neil or Michael McKean?",5a7c64bc5542996dd594b913,"[25306, 25985]","[2696, 20145, 11248, 22408, 10531]",0.0,0.0,0.6828261017799377,0.1684214472770691,qwen3.5-122b,I cannot answer this based on the provided context.,0.0,0.0,0.0,OK,
92,92,dpr,dpp_map,What was the sequel of the game that e was published by U.S. Gold in 1992?,5a7c68575542996dd594b91c,"[1860, 25874]","[7848, 1276, 18858, 11451, 4537]",0.0,0.0,0.5984248518943787,0.42054876685142517,qwen3.5-122b,I cannot answer this based on the provided context.,0.0,0.0,0.0,OK,
93,93,dpr,dpp_map,What was the population in 2016 of the city that Norman Foote is originally from?,5a7c78c955429935c91b51d2,"[644, 12503]","[12878, 18520, 19423, 127, 65]",0.0,0.0,0.6666187644004822,0.05858885124325752,qwen3.5-122b,I cannot answer this based on the provided context.,0.0,0.0,0.0,OK,
94,94,dpr,dpp_map,The 2011 Tennessee Tech Golden Eagles football team competed in a conference with how many members competing in football?,5a7c827e55429907fabeefa7,"[12219, 24831]","[12219, 11846, 17192, 24769, 2788]",0.5,1.0,0.6717437505722046,0.08606026321649551,qwen3.5-122b,I cannot answer this based on the provided context.,0.0,0.0,0.0,OK,
95,95,dpr,dpp_map,Focus is a 2015 American romantic crime comedy-drama film starring an Australian actress who was also cast in what soap opera?,5a7c8cea55429935c91b5214,"[15934, 5796]","[15934, 24376, 20000, 1116, 2235]",0.5,1.0,0.7048202157020569,0.10260249674320221,qwen3.5-122b,I cannot answer this based on the provided context.,0.0,0.0,0.0,OK,
96,96,dpr,dpp_map,"As of 2010, what was the population of the county that was named after the 13th Speaker of the House of Representatives?",5a7c9ead5542990527d554e4,"[25549, 3547]","[25564, 3547, 23284, 25549, 20633]",1.0,0.5,0.6277686953544617,0.8826631903648376,qwen3.5-122b,"Based on the provided context, the 13th Speaker of the House of Representatives was James Knox Polk (Document 2). The county named after him is Polk County, which is located in Tennessee (Document 4). According to Document 4, the population of Polk County as of the 2010 census was 16,825.

Answer: 16,825",0.0,0.0,0.0,OK,
97,97,dpr,dpp_map,"Which restaurant chain is based further south, Pizza Fusion or Imo's Pizza?",5a7ca33f5542990527d554ee,"[4533, 5392]","[5392, 4533, 19280, 7373, 3285]",1.0,1.0,0.5869461297988892,0.7008216381072998,qwen3.5-122b,"Based on the provided context, Pizza Fusion is based in Deerfield Beach, Florida, while Imo's Pizza is based in the greater St. Louis, Missouri area. Since Florida is located further south than Missouri, **Pizza Fusion** is the restaurant chain based further south.",0.0,0.0,0.0,OK,
98,98,dpr,dpp_map,How much change in elevation is there at the site of the 1999 FIA GT Hockenheim 500km?,5a7cb993554299452d57b9c2,"[2797, 25741]","[25741, 21930, 8784, 664, 20215]",0.5,1.0,0.6287184953689575,0.049185801297426224,qwen3.5-122b,"Based on the provided context, I cannot answer this question.

While Document 1 mentions that the Hockenheim circuit has ""very little change in elevation,"" it does not contain any information regarding the specific ""1999 FIA GT Hockenheim 500km"" event.",0.0,0.0,0.0,OK,
99,99,dpr,dpp_map,How many times has the national team Joseph Raich Garriga played for in 1941 participated in FIFA World Cups?,5a7cc58f554299452d57ba45,"[4128, 23594]","[23651, 25870, 10206, 17454, 10101]",0.0,0.0,0.6985417604446411,0.034017037600278854,qwen3.5-122b,I cannot answer this based on the provided context.,0.0,0.0,0.0,OK,
100,100,dpr,dpp_map,On what UHF channel is the station that Cindy Williams is on broadcast?,5a7ccc1e55429909bec7680e,"[2958, 264]","[2958, 19972, 10689, 17154, 23839]",0.5,1.0,0.6347805261611938,0.13317814469337463,qwen3.5-122b,I cannot answer this based on the provided context.,0.0,0.0,0.0,OK,
101,101,dpr,dpp_map,Getting Married in Buffalo Jump stars an actor who was born in what city?,5a7cdc1b55429907fabef04d,"[10012, 24485]","[10012, 2734, 15350, 21657, 19021]",0.5,1.0,0.7205592393875122,0.06757885962724686,qwen3.5-122b,I cannot answer this based on the provided context.,0.0,0.0,0.0,OK,
102,102,dpr,dpp_map,"Which band formed earlier, Edward Sharpe and the Magnetic Zeros or Louis XIV?",5a7cdd6b55429909bec76858,"[3440, 3418]","[3440, 3418, 64, 5277, 3948]",1.0,1.0,0.7066022157669067,0.04122951626777649,qwen3.5-122b,"Based on the provided context, **Louis XIV** formed earlier.

*   **Louis XIV** released their first EPs and albums starting in **2003** (Document 2).
*   **Edward Sharpe and the Magnetic Zeros** was formed in **2007** (Document 1).",0.0,0.0,0.0,OK,
103,103,dpr,dpp_map,"Which was released first, Gasland or To Shoot an Elephant?",5a7ced4355429909bec76895,"[9661, 9151]","[9151, 9661, 25276, 15764, 11454]",1.0,1.0,0.6956399083137512,0.9915233850479126,qwen3.5-122b,"Based on the provided context, **To Shoot an Elephant** was released first.

*   **To Shoot an Elephant** is described as a **2009** documentary film.
*   **Gasland** is described as a **2010** American documentary.

Therefore, the 2009 release of *To Shoot an Elephant* predates the 2010 release of *Gasland*.",0.0,0.0,0.0,OK,
104,104,dpr,dpp_map,"Who is older, Steven Tyler, or Elizabeth Fraser?",5a7d2c8d5542995ed0d16624,"[17973, 17299]","[11248, 8175, 20145, 9541, 10533]",0.0,0.0,0.7213792204856873,0.5762379169464111,qwen3.5-122b,I cannot answer this based on the provided context.,0.0,0.0,0.0,OK,
105,105,dpr,dpp_map,"In what year was the Moldavian, later Romanian writer, known for his work ""The Goat and Her Three Kids"" born?",5a7dedb55542995f4f402317,"[8170, 25534]","[8170, 25534, 25900, 24555, 352]",1.0,1.0,0.7045475244522095,0.9930518865585327,qwen3.5-122b,"Based on the provided context, the Moldavian, later Romanian writer known for ""The Goat and Her Three Kids"" is Ion Creangă. According to Document 2, he was born on **March 1, 1837**.",0.0,0.0,0.0,OK,
106,106,dpr,dpp_map,What is the population of the birth city of Daniela Scalia?,5a7e279d5542995ed0d166b5,"[14020, 9457]","[6427, 23202, 25698, 7518, 2660]",0.0,0.0,0.6868987083435059,0.04432780668139458,qwen3.5-122b,I cannot answer this based on the provided context.,0.0,0.0,0.0,OK,
107,107,dpr,dpp_map,"Who has held more positions in the film industry, Donald Cammell or Justin David Swibel?",5a7e59c855429934daa2fc0f,"[6208, 10322]","[17949, 11248, 4584, 4018, 12654]",0.0,0.0,0.7936794757843018,0.1684214472770691,qwen3.5-122b,I cannot answer this based on the provided context.,0.0,0.0,0.0,OK,
108,108,dpr,dpp_map,The Hindmarsh Stadium is sponsored by a brewery that sold how many liters of beer in 2013 ?,5a7eec6f55429934daa2fc7c,"[10554, 24630]","[24630, 21869, 7296, 15359, 965]",0.5,1.0,0.6291838884353638,0.041623804718256,qwen3.5-122b,I cannot answer this based on the provided context.,0.0,0.0,0.0,OK,
109,109,dpr,dpp_map,What region of Italy was Giorgio Pini born in?,5a7ef6b35542994959419a94,"[8550, 6427]","[23085, 24598, 6427, 5532, 25387]",0.5,0.3333333333333333,0.6561048626899719,0.04086637124419212,qwen3.5-122b,I cannot answer this based on the provided context.,0.0,0.0,0.0,OK,
110,110,dpr,dpp_map,How did the prominent member of the Astor family who was a lieutenant colonel in the Spanish-American War die?,5a7efa7a55429930675135ea,"[12667, 11180]","[11180, 17087, 2587, 12667, 2531]",1.0,1.0,0.6583278775215149,0.03928858041763306,qwen3.5-122b,"Based on the provided context, the prominent member of the Astor family who was a lieutenant colonel in the Spanish-American War is John Jacob ""Jack"" Astor IV (Document 1). Document 4 states that their son, Colonel John Jacob Astor IV, **perished on the RMS ""Titanic""**.",0.0,0.0,0.0,OK,
111,111,dpr,dpp_map,"Which band originated from the United States, Milky Chance or Stone Temple Pilots?",5a7f19eb55429934daa2fcdb,"[16719, 24908]","[16719, 24908, 8809, 17221, 24458]",1.0,1.0,0.6828972101211548,0.793130099773407,qwen3.5-122b,"Based on the provided context, **Stone Temple Pilots** originated from the United States.

Document 2 states that Stone Temple Pilots is an ""American rock band from San Diego, California."" In contrast, Document 1 states that Milky Chance is a ""German folk group originating from Kassel.""",0.0,0.0,0.0,OK,
112,112,dpr,dpp_map,"The album that contains the song ""Get Together"" by Madonna was mainly recorded in whose home studio?",5a7f22005542993067513657,"[17942, 6805]","[17942, 24355, 24463, 6805, 18037]",1.0,1.0,0.7066078186035156,0.9677620530128479,qwen3.5-122b,"Based on the provided context, the song ""Get Together"" is from Madonna's album *Confessions on a Dance Floor*. According to Document 4, this album was mainly recorded at **Stuart Price's** home-studio.",0.0,0.0,0.0,OK,
113,113,dpr,dpp_map,A man known as one of the most brutal pro-Confederate guerrilla leaders in the American Civil War had a following that included a bank and train robber from western Missouri raised in what area?,5a7f79155542995d8a8dde86,"[9662, 681]","[9662, 681, 20163, 5859, 9336]",1.0,1.0,0.6585580110549927,0.3848141133785248,qwen3.5-122b,"Based on the provided context, the man known as one of the most brutal pro-Confederate guerrilla leaders is **William T. Anderson** (also known as ""Bloody Bill"" Anderson), as described in Document 2.

Document 1 states that **Jesse Woodson James**, who was a bank and train robber from western Missouri, was a follower of ""Bloody Bill"" Anderson. The text specifies that James was **raised in the ""Little Dixie"" area of western Missouri**.

Answer: **Little Dixie**",0.0,0.0,0.0,OK,
114,114,dpr,dpp_map,Did the Beaulieu Mine or the McIntyre Mines yield gold and copper?,5a7f7b365542992097ad2f80,"[4191, 23965]","[4191, 23965, 272, 7818, 11301]",1.0,1.0,0.585302472114563,0.473914235830307,qwen3.5-122b,"Based on the provided context:

*   **Beaulieu Mine:** The text states it was a ""gold mining operation"" and recovered ""rough gold"" and ""fine gold."" It does not mention the recovery of copper.
*   **McIntyre Mine:** The text states it is a ""gold mine"" and explicitly mentions that it ""yielded a considerable amount of copper over its life.""

Therefore, only the **McIntyre Mine** is confirmed by the text to have yielded both gold and copper. The Beaulieu Mine is only confirmed to have yielded gold.",0.0,0.0,0.0,OK,
115,115,dpr,dpp_map,IN what year were both Franz Ferdinand and Sunrise Avenue formed?,5a7f9cb55542995d8a8ddec1,"[20134, 24566]","[24566, 284, 20134, 4227, 23480]",1.0,1.0,0.7263112664222717,0.003401936264708638,qwen3.5-122b,"Both Franz Ferdinand and Sunrise Avenue were formed in **2002**.

- According to Document 1, Sunrise Avenue was ""originally formed in 2002 in Helsinki, Finland.""
- According to Document 3, Franz Ferdinand was ""formed in 2002 and based in Glasgow.""",0.0,0.0,0.0,OK,
116,116,dpr,dpp_map,Ali Eren Balıkel started a restaurant which hosted a number of famous figures including an English actor who won three consecutive what?,5a7fb6625542994857a767cc,"[22297, 7620]","[22297, 8832, 3142, 10050, 25345]",0.5,1.0,0.7585549354553223,0.9576107263565063,qwen3.5-122b,"I cannot answer this based on the provided context.

The provided text mentions that Ali Eren Balıkel's restaurant hosted ""American actor Robert De Niro,"" but it does not state that he is an English actor, nor does it mention any awards he won (such as three consecutive Oscars). Additionally, while Document 2 mentions an English restaurateur named Henry Antony Cardew Worrall Thompson, there is no information linking him to Ali Eren Balıkel's restaurant or any specific awards.",0.0,0.0,0.0,OK,
117,117,dpr,dpp_map,What Theo Avgerinos movie did the actor known for the role as Matt McNamara appear in?,5a7fc5875542992e7d278d67,"[25913, 10575]","[25913, 17157, 13962, 16805, 25829]",0.5,1.0,0.7335413098335266,0.09213098883628845,qwen3.5-122b,I cannot answer this based on the provided context.,0.0,0.0,0.0,OK,
118,118,dpr,dpp_map,"Which magazine has more issues per month, Club or Pro Football Weekly",5a804f01554299485f5985bf,"[20124, 10672]","[10672, 20124, 23819, 2362, 853]",1.0,1.0,0.5601155757904053,0.9191208481788635,qwen3.5-122b,"Based on the provided context, **Club** has more issues per month.

*   **Document 2** states that *Club* is a ""monthly"" magazine, meaning it publishes **1 issue per month**.
*   **Document 1** states that *Pro Football Weekly* is a ""weekly"" magazine. A weekly publication typically releases **4 issues per month** (or more, depending on the specific weeks in a month).

Therefore, *Pro Football Weekly* has more issues per month than *Club*.

*(Self-correction: Wait, let me re-read the question and the logic. The question asks ""Which magazine has more issues per month"".)*

*   **Club**: Monthly = 1 issue/month.
*   **Pro Football Weekly**: Weekly = ~4 issues/month.

**Pro Football Weekly** has more issues per month.

**Answer:** Pro Football Weekly",0.0,0.0,0.0,OK,
119,119,dpr,dpp_map,"Bob Edwards was the host of what show, that later was hosted by Renee Montagne?",5a807181554299485f5985ec,"[10537, 14470]","[10537, 7326, 25173, 14470, 4902]",1.0,1.0,0.6658591032028198,0.9859983921051025,qwen3.5-122b,"Based on the provided context, Bob Edwards was the host of National Public Radio's weekday morning news program, **Morning Edition**. He was succeeded by Renée Montagne (along with Steve Inskeep and David Greene) in this role.",0.0,0.0,0.0,OK,
120,120,dpr,dpp_map,What location under Charing Cross railway station did G-A-Y move to?,5a80735b554299485f5985f3,"[2951, 19280]","[2951, 25723, 12264, 2271, 16927]",0.5,1.0,0.635988175868988,0.047973163425922394,qwen3.5-122b,I cannot answer this based on the provided context.,0.0,0.0,0.0,OK,
121,121,dpr,dpp_map,Who conceived the rapid transit system that Klemzig Interchange is a part of?,5a807b44554299485f59860a,"[5865, 781]","[781, 2199, 14809, 24503, 7373]",0.5,1.0,0.6540545225143433,0.037080053240060806,qwen3.5-122b,I cannot answer this based on the provided context.,0.0,0.0,0.0,OK,
122,122,dpr,dpp_map,"A vehicle that uses hydrogen as its onboard fuel for motive power is cosidered which, Flex-fuel or Bi-fuel?",5a8080365542992097ad2fed,"[5296, 5135]","[5296, 5135, 18241, 8040, 18785]",1.0,1.0,0.5800594091415405,0.8237035274505615,qwen3.5-122b,"Based on the provided context, a vehicle that uses hydrogen as its onboard fuel for motive power is considered a **hydrogen vehicle**.

The text does not classify hydrogen vehicles as either ""flex-fuel"" or ""bi-fuel."" Instead, it defines:
*   **Flex-fuel vehicles** as those running on gasoline blended with ethanol or methanol stored in a common tank.
*   **Bi-fuel vehicles** as those where two fuels are stored in separate tanks and the engine runs on one fuel at a time, citing compressed natural gas (CNG), liquefied petroleum gas (LPG), or hydrogen as examples of fuels used in bi-fuel vehicles.

However, Document 2 specifically defines a ""hydrogen vehicle"" as a distinct category that uses hydrogen for motive power, converting its energy via an internal combustion engine or a fuel cell. While Document 1 mentions hydrogen as an example of a fuel used in bi-fuel vehicles, it does not state that a vehicle using *only* hydrogen (as described in Document 2) is classified as a bi-fuel vehicle in the same way it distinguishes flex-fuel from bi-fuel. The context defines ""hydrogen vehicle"" as its own specific type.

Therefore, based strictly on the provided text, the vehicle is considered a **hydrogen vehicle**, not explicitly categorized as flex-fuel or bi-fuel in the definition provided for hydrogen vehicles.

*Correction based on strict adherence to the question's binary choice and Document 1:*
Document 1 states: ""Flex-fuel vehicles are distinguished from bi-fuel vehicles, where two fuels are stored in separate tanks and the engine runs on one fuel at a time, for example, compressed natural gas (CNG), liquefied petroleum gas (LPG), or **hydrogen**.""

This sentence lists hydrogen as an example of a fuel used in **bi-fuel** vehicles (where the engine runs on one fuel at a time from a separate tank). Document 2 describes hydrogen vehicles generally but does not contradict the classification in Document 1 regarding the specific mechanism of running on one fuel at a time from a separate tank.

Answer: **Bi-fuel**",0.0,0.0,0.0,OK,
123,123,dpr,dpp_map,Shaqtin' a Fool has included which television personality who worked for 8 yearst at ESPN?,5a80870d5542992bc0c4a752,"[17856, 24380]","[17856, 25268, 11690, 25591, 7514]",0.5,1.0,0.7493516802787781,0.16089487075805664,qwen3.5-122b,I cannot answer this based on the provided context.,0.0,0.0,0.0,OK,
124,124,dpr,dpp_map,Who's fifth album and debut single are Startin' Fires and Austin respectively?,5a808c215542995d8a8ddf90,"[5696, 568]","[5696, 22947, 568, 20232, 23665]",1.0,1.0,0.6509832143783569,0.07131879776716232,qwen3.5-122b,"Based on the provided context, the artist is **Blake Shelton**.

*   **Document 1** states that *Startin' Fires* is the ""fifth studio album"" released by Blake Shelton.
*   **Document 3** states that Blake Shelton made his debut with the single ""Austin"" in 2001.",0.0,0.0,0.0,OK,
125,125,dpr,dpp_map,Were Sound Team and Dead by Sunrise both formed before 2010?,5a8091515542996402f6a563,"[10691, 284]","[284, 10691, 8358, 22983, 21361]",1.0,1.0,0.6910616159439087,0.02569306083023548,qwen3.5-122b,"Yes, both Sound Team and Dead by Sunrise were formed before 2010.

*   **Sound Team** formed in **2000** (Document 2).
*   **Dead by Sunrise** formed in **2005** (Document 1).",0.0,0.0,0.0,OK,
126,126,dpr,dpp_map,What is the name of the vocalist who collaborated with the rap duo who won the 2002 Grammy Award for Best Rap Performance by a Duo or Group?,5a80a25d5542995d8a8ddfb7,"[21558, 3114]","[25206, 17671, 8354, 23550, 10886]",0.0,0.0,0.7295478582382202,0.02927791140973568,qwen3.5-122b,I cannot answer this based on the provided context.,0.0,0.0,0.0,OK,
127,127,dpr,dpp_map,What prominent director worked with Orion Pictures and was born in December of 1935?,5a80b52f554299485f5986d6,"[6920, 12613]","[6920, 4890, 6208, 20379, 15755]",0.5,1.0,0.6606315970420837,0.09858915209770203,qwen3.5-122b,I cannot answer this based on the provided context.,0.0,0.0,0.0,OK,
128,128,dpr,dpp_map,"How many seasons has a popular tv show had, in which one of the episodes is called Moho House?",5a80c79155429938b61421da,"[22517, 19429]","[24562, 13394, 19127, 24904, 20432]",0.0,0.0,0.6670407056808472,0.20873576402664185,qwen3.5-122b,I cannot answer this based on the provided context.,0.0,0.0,0.0,OK,
129,129,dpr,dpp_map,British Airways and EasyJet are both based out of where?,5a80d2c6554299260e20a17c,"[8537, 4606]","[4606, 2288, 25676, 8537, 10243]",1.0,1.0,0.5745319128036499,0.8631066679954529,qwen3.5-122b,"Based on the provided context, British Airways is centred at its main hub at **London Heathrow Airport** (with a second major hub at **London Gatwick Airport**), while EasyJet is based at **London Luton Airport**.",0.0,0.0,0.0,OK,
130,130,dpr,dpp_map,The American actor Chip Zien is best known for this Broadway production by which American composer and lyricist who received an Academy Award and Tony Awards?,5a80ddc555429938b6142224,"[25865, 10847]","[10847, 5741, 24966, 21600, 4070]",0.5,1.0,0.6162770390510559,0.08029571920633316,qwen3.5-122b,I cannot answer this based on the provided context.,0.0,0.0,0.0,OK,
131,131,dpr,dpp_map,"""Prostitute"" is a song written by Axl Rose and Paul Tobias with additional work by an American guitarist has played in two different bands on a list of what?",5a80e4b255429938b6142239,"[14206, 25391]","[14206, 6701, 22698, 12622, 23787]",0.5,1.0,0.7939828634262085,0.12339172512292862,qwen3.5-122b,I cannot answer this based on the provided context.,0.0,0.0,0.0,OK,
132,132,dpr,dpp_map,How many of the 12 million immigrants to the United States through Ellis Island were Italian immigrants?,5a80e5f5554299260e20a1ae,"[21537, 25908]","[21537, 25908, 23588, 20878, 2734]",1.0,1.0,0.6759036779403687,0.21634070575237274,qwen3.5-122b,I cannot answer this based on the provided context.,0.0,0.0,0.0,OK,
133,133,dpr,dpp_map,"Which breed of dog came first, the Norrbottenspets or the Blue Lacy?",5a812d0555429938b61422e1,"[11627, 22223]","[11627, 14654, 24617, 22688, 4667]",0.5,1.0,0.6774066090583801,0.08110176771879196,qwen3.5-122b,I cannot answer this based on the provided context.,0.0,0.0,0.0,OK,
134,134,dpr,dpp_map,The Rhymers' Club met at Ye Olde Cheshire Cheese listed as what type of house?,5a81549055429938b6142338,"[24850, 1616]","[24850, 1616, 15152, 17212, 13241]",1.0,1.0,0.6452214121818542,0.9995720982551575,qwen3.5-122b,"Based on the provided context, Ye Olde Cheshire Cheese is listed as a **public house** (specifically a Grade II listed public house).",0.0,0.0,0.0,OK,
135,135,dpr,dpp_map,Where is the closest relative to the whale located?,5a81a4615542995ce29dcc1e,"[13057, 15000]","[11260, 7609, 13057, 20455, 16828]",0.5,0.3333333333333333,0.6537268757820129,0.9299713969230652,qwen3.5-122b,"I cannot answer this based on the provided context.

While Document 3 states that the closest living relatives to whales are hippopotamuses, the provided text does not contain information about where hippopotamuses are located.",0.0,0.0,0.0,OK,
136,136,dpr,dpp_map,How long did the king who created the coins of the hawaiian dollar rule?,5a81b7205542990a1d231e79,"[24397, 24201]","[24397, 24706, 8423, 15565, 19247]",0.5,1.0,0.66712486743927,0.027796579524874687,qwen3.5-122b,I cannot answer this based on the provided context.,0.0,0.0,0.0,OK,
137,137,dpr,dpp_map,"Which college is located in the United States, University of Delaware of University of Debrecen?",5a81b92a5542995ce29dcc52,"[11594, 11762]","[11762, 11594, 6833, 16868, 1172]",1.0,1.0,0.5832005739212036,0.007925008423626423,qwen3.5-122b,"Based on the provided context, the **University of Delaware** is located in the United States.

*   **Document 2** states that the University of Delaware is the largest university in Delaware, with its main campus in Newark.
*   **Document 1** states that the University of Debrecen is located in Debrecen, Hungary.",0.0,0.0,0.0,OK,
138,138,dpr,dpp_map,"Tryon D. Lewis is a lawyer from Odessa, Texas which is located in what county?",5a81d19b55429926c1cdad90,"[10254, 3031]","[10254, 17290, 6844, 17268, 25630]",0.5,1.0,0.630283534526825,0.9997200965881348,qwen3.5-122b,"Based on Document 1, Tryon Dexter Lewis is an attorney in Odessa, Texas, and served as a member of the Texas House of Representatives from District 81, which includes **Ector, Andrews, and Winkler counties**. The document does not explicitly state which of these counties Odessa is located in, only that the district covers all three.

However, since the instruction requires answering based **ONLY** on the provided context, and the context does not explicitly link Odessa to a specific single county (it only lists the counties in the district), I cannot definitively answer which specific county Odessa is in based strictly on the text provided.

**Correction/Refinement:** While general knowledge places Odessa in Ector County, the provided text only states that District 81 (which Lewis represented) is from ""Ector, Andrews, and Winkler counties."" It does not explicitly state ""Odessa is in Ector County.""

Therefore, strictly adhering to the constraint:

I cannot answer this based on the provided context.",0.0,0.0,0.0,OK,
139,139,dpr,dpp_map,Who played the role of Nettie Harris in the 1985 film directed by Steven Spielberg?,5a81e8ea5542995ce29dcc73,"[25839, 12103]","[25839, 2965, 8448, 25966, 2929]",0.5,1.0,0.6743892431259155,0.3711467385292053,qwen3.5-122b,"I cannot answer this based on the provided context.

(Note: While Document 1 states that Akosua Gyamama Busia played Nettie Harris in the 1985 film ""The Color Purple,"" the provided text does not mention who directed the film, nor does it confirm that Steven Spielberg was the director.)",0.0,0.0,0.0,OK,
140,140,dpr,dpp_map,What kind of movie directed by F. Javier gutierrez did an Italian model and actress star in?,5a81ebee554299676cceb16d,"[20162, 19196]","[21949, 324, 17780, 5315, 22002]",0.0,0.0,0.7427646517753601,0.067331962287426,qwen3.5-122b,I cannot answer this based on the provided context.,0.0,0.0,0.0,OK,
141,141,dpr,dpp_map,What award did the actor in Tales from the Crypt win?,5a8210f355429926c1cdae24,"[360, 3539]","[360, 21753, 10027, 14963, 1841]",0.5,1.0,0.7031655311584473,0.07884536683559418,qwen3.5-122b,I cannot answer this based on the provided context.,0.0,0.0,0.0,OK,
142,142,dpr,dpp_map,Which physicist known for his work on parity violation has a son who became an American chemist teaching at Cornell University?,5a823b0c55429940e5e1a804,"[22771, 8863]","[22771, 1054, 22225, 16002, 13792]",0.5,1.0,0.6259799003601074,0.8686333894729614,qwen3.5-122b,"Based on the provided context, the physicist is **Tsung-Dao Lee**.

Document 1 states that Stephen Lee is an American chemist and a professor at Cornell University, and that he is the son of **Tsung-Dao Lee**, who is identified as the winner of the 1957 Nobel Prize in Physics. (Note: While the provided text does not explicitly mention ""parity violation,"" Tsung-Dao Lee is the only physicist mentioned who fits the description of having a son who is an American chemist at Cornell).",0.0,0.0,0.0,OK,
143,143,dpr,dpp_map,Folie à Deux is a studio album by the American rock band formed in which city?,5a825bb455429940e5e1a874,"[5277, 2683]","[5277, 14194, 15264, 22383, 15244]",0.5,1.0,0.7446966767311096,0.9437845945358276,qwen3.5-122b,"I cannot answer this based on the provided context.

The provided text states that *Folie à Deux* is an album by the American rock band Fall Out Boy and mentions recording locations in Hollywood, California, but it does not specify the city where the band was formed.",0.0,0.0,0.0,OK,
144,144,dpr,dpp_map,Hugo Rodríguez Romero is a Spanish footballer who plays for a team in the autonomous community of what?,5a8268aa55429940e5e1a8aa,"[18995, 20295]","[12238, 19026, 5193, 21924, 849]",0.0,0.0,0.6557806730270386,0.05079752579331398,qwen3.5-122b,I cannot answer this based on the provided context.,0.0,0.0,0.0,OK,
145,145,dpr,dpp_map,How many rooms does the Tropicana Hotel have where the 7th annual Adult Video News awards ceremony were held in 1980?,5a8284b555429954d2e2eb5f,"[22471, 24289]","[22471, 13234, 4425, 4050, 24463]",0.5,1.0,0.7286906838417053,0.08525621891021729,qwen3.5-122b,"I cannot answer this based on the provided context.

(Note: The provided context states the 7th AVN Awards took place in 1990, not 1980, and does not mention the number of rooms in the Tropicana Hotel.)",0.0,0.0,0.0,OK,
146,146,dpr,dpp_map,Are the Barton Mine and Hermiston-McCauley Mine located in The United States of America?,5a82accd55429966c78a6a78,"[8158, 11498]","[8158, 3305, 16330, 16186, 10031]",0.5,1.0,0.6808770895004272,0.039283767342567444,qwen3.5-122b,I cannot answer this based on the provided context.,0.0,0.0,0.0,OK,
147,147,dpr,dpp_map,The Plymouth fury produced from 1955 to 1989  was replaced by what for police and fleet applications?,5a8303c255429954d2e2ec01,"[25198, 1050]","[1050, 2631, 6411, 25198, 13690]",1.0,1.0,0.6307803392410278,0.9984052777290344,qwen3.5-122b,"Based on the provided context, the Plymouth Fury (specifically in the context of the Chrysler F platform which was marketed as mid-size and eventually took on full-sized nameplates like the Plymouth Fury for police and fleet applications) was effectively replaced by the **Chrysler K platform**.

Document 4 states: ""These were effectively replaced by the very successful Chrysler K platform in standard and stretch sizes..."" referring to the vehicles that took on nameplates such as the Plymouth Fury for police and fleet applications.",0.0,0.0,0.0,OK,
148,148,dpr,dpp_map,How many Grammy awards were won by an album named after the Joni Mitchell song from Love Actually?,5a8318955542990548d0b177,"[4544, 23978]","[23978, 11866, 24566, 7716, 25409]",0.5,1.0,0.7046218514442444,0.019600719213485718,qwen3.5-122b,I cannot answer this based on the provided context.,0.0,0.0,0.0,OK,
149,149,dpr,dpp_map,Are the 1908 Ex parte Young and 1948 McCollum v. Board of Education United States Supreme Court cases related to each other in any way?,5a831af855429954d2e2ec1e,"[3747, 18694]","[18694, 3747, 10793, 8907, 16071]",1.0,1.0,0.6108571887016296,0.9638513326644897,qwen3.5-122b,"Based on the provided context, there is no information indicating that the 1908 *Ex parte Young* case and the 1948 *McCollum v. Board of Education* case are related to each other.

*   **Ex parte Young** (Document 2) concerns suits in federal courts against state officials acting unconstitutionally, overriding state sovereign immunity.
*   **McCollum v. Board of Education** (Document 1) concerns the separation of church and state regarding the use of public school systems for religious instruction.

The documents do not describe any connection between these two cases.",0.0,0.0,0.0,OK,
150,150,dpr,dpp_map,What city is the most populous city in Australia and Oceania and the birthplace of a silver and bronze medalist from the 1992 Barcelona Paralympics?,5a831fc955429954d2e2ec28,"[12693, 10170]","[14118, 12693, 10170, 18107, 21806]",1.0,0.5,0.6616864800453186,0.10251542925834656,qwen3.5-122b,"Based on the provided context, the city is **Sydney**.

*   **Document 3** states that ""Sydney... is the most populous city in Australia and Oceania.""
*   **Document 2** states that ""Marsha Green (born 26 July 1975) in Sydney, New South Wales is an Australian Paralympic athlete"" who ""won a silver medal and bronze medal at the 1992 Barcelona Paralympics.""",0.0,0.0,0.0,OK,
151,151,dpr,dpp_map,In which U.S. state are MedStar Georgetown University Hospital and Providence Hospital?,5a83305d55429966c78a6b4a,"[21829, 1214]","[1214, 21829, 24977, 205, 2223]",1.0,1.0,0.6021994948387146,0.6323111057281494,qwen3.5-122b,"Based on the provided context, both MedStar Georgetown University Hospital and Providence Hospital are located in **Washington, D.C.** (the District of Columbia).

*   **Document 1** states that MedStar Georgetown University Hospital is ""located in the Georgetown neighborhood of the Northwest Quadrant of **Washington, D.C.**""
*   **Document 2** states that Providence Hospital is ""located in the **District of Columbia**.""

*Note: While Washington, D.C. is a federal district and not a U.S. state, the documents confirm both hospitals are situated in this specific jurisdiction.*",0.0,0.0,0.0,OK,
152,152,dpr,dpp_map,What summit is located in the county who's county seat is Helena?,5a8333115542993344745feb,"[18612, 25717]","[25717, 25545, 1615, 25671, 15347]",0.5,1.0,0.6661017537117004,0.0820661410689354,qwen3.5-122b,"Based on the provided context, I cannot answer this based on the provided context.

While Document 1 states that Helena is the county seat of Lewis and Clark County, none of the documents mention a summit located within Lewis and Clark County. Document 4 mentions Deseret Peak, but it is located in Utah, not Montana.",0.0,0.0,0.0,OK,
153,153,dpr,dpp_map,"Which tower is taller, 712 Fifth Avenue or Manhattan Life Insurance Building?",5a834ed95542990548d0b1ca,"[4368, 25509]","[4368, 25509, 3033, 25731, 13071]",1.0,1.0,0.6135759353637695,0.9868258833885193,qwen3.5-122b,"Based on the provided context, **712 Fifth Avenue** is taller.

*   **712 Fifth Avenue** is described in Document 1 as a **650 ft** skyscraper.
*   The **Manhattan Life Insurance Building** is described in Document 2 as a **348 ft** tower.

Therefore, 712 Fifth Avenue (650 ft) is taller than the Manhattan Life Insurance Building (348 ft).",0.0,0.0,0.0,OK,
154,154,dpr,dpp_map,"The publication of which magazine ended first, Right On! or Castle of Frankenstein?",5a835a7b554299123d8c20fc,"[2583, 8980]","[8980, 19517, 1345, 25344, 11402]",0.5,1.0,0.7069554328918457,0.05419258773326874,qwen3.5-122b,I cannot answer this based on the provided context.,0.0,0.0,0.0,OK,
155,155,dpr,dpp_map,are Mikhail Glinka and Jean-Baptiste Lully both composers ?,5a836a765542996488c2e446,"[8998, 7856]","[8998, 24941, 20857, 7856, 8989]",1.0,1.0,0.6824396848678589,0.9974974989891052,qwen3.5-122b,"Yes, both Mikhail Glinka and Jean-Baptiste Lully are composers.

- Mikhail Glinka is described as ""the first Russian composer to gain wide recognition within his own country.""
- Jean-Baptiste Lully is described as ""an Italian-born French composer, instrumentalist, and dancer.""

Therefore, based on the provided context, both individuals are indeed composers.",0.0,0.0,0.0,OK,
156,156,dpr,dpp_map,What is the date of the reissue of one of Rhihanna's album that features three newly recorded songs and a DVD showing exclusive behind-the-scenes footage of Rihanna's worldwide tour that was the second overall and first world concert tour by Rihanna?,5a83938c5542993344746049,"[15652, 4702]","[15652, 16788, 23485, 23079, 18353]",0.5,1.0,0.6582087874412537,0.03537605330348015,qwen3.5-122b,"Based on the provided context, the reissue of Rihanna's album that features three newly recorded songs and a DVD showing exclusive behind-the-scenes footage of her worldwide tour is **Good Girl Gone Bad: Reloaded**.

According to Document 1, it was first released digitally in selected countries on **June 2, 2008**.

*(Note: While the question describes the tour as the ""second overall and first world concert tour,"" the provided text only identifies it as the ""Good Girl Gone Bad Tour (2007–2009)"" without specifying its rank as the second overall or first world tour. However, the description of the album features matches Document 1 exactly.)*",0.0,0.0,0.0,OK,
157,157,dpr,dpp_map,"Who was the brother of the architect of Hook and Ladder No. 4 located in Albany, NY?",5a8485fa5542992a431d1a41,"[10116, 12352]","[10116, 23667, 11470, 11180, 12352]",1.0,1.0,0.6330628991127014,0.06570469588041306,qwen3.5-122b,"Based on the provided context, the architect of Hook and Ladder No. 4 is **Marcus T. Reynolds** (Document 1). According to Document 5, Marcus T. Reynolds was the brother of the Albany historian and author **Cuyler Reynolds**.",0.0,0.0,0.0,OK,
158,158,dpr,dpp_map,"Does Jimmy Barnes have more hits, both solo and in a group, than Yang Seung-ho has with his group?",5a84a4e35542992a431d1a81,"[755, 15530]","[12840, 463, 13849, 13471, 8354]",0.0,0.0,0.6512920260429382,0.04684776812791824,qwen3.5-122b,I cannot answer this based on the provided context.,0.0,0.0,0.0,OK,
159,159,dpr,dpp_map,Who was the First Prophert to the sixth Pharaoh of the Eighteenth Dynasty?,5a84a8ce5542997175ce1f1c,"[4427, 3287]","[3287, 4427, 9709, 12008, 1669]",1.0,1.0,0.6250321865081787,0.38492247462272644,qwen3.5-122b,"Based on the provided context, the First Prophet to the sixth Pharaoh of the Eighteenth Dynasty (Thutmose III) was **Khonsu**.

Document 1 identifies Thutmose III as the sixth Pharaoh of the Eighteenth Dynasty. Document 2 states that the Theban Tomb TT31 is the burial place of Khonsu, who was the ""First Prophet of Menkheperre (Thutmose III).""",0.0,0.0,0.0,OK,
160,160,dpr,dpp_map,What notable work from French music video director Yoann Lemoine features an apology and plea for forgiveness?,5a84ad3a5542992a431d1a8b,"[11957, 10715]","[6353, 98, 11957, 18636, 22701]",0.5,0.3333333333333333,0.7204503417015076,0.08740799129009247,qwen3.5-122b,I cannot answer this based on the provided context.,0.0,0.0,0.0,OK,
161,161,dpr,dpp_map,What movies has Juno Temple starred in?,5a84b2995542994c784dda11,"[22906, 53]","[22976, 10042, 20697, 18119, 53]",0.5,0.2,0.7022501230239868,0.9997255206108093,qwen3.5-122b,"Based on the provided context, Juno Temple has starred in the following films:

*   Black Mass
*   The Other Boleyn Girl
*   Wild Child
*   Atonement
*   Maleficent
*   The Three Musketeers
*   The Dark Knight Rises

She also had a starring role in the HBO period drama series ""Vinyl"".",0.0,0.0,0.0,OK,
162,162,dpr,dpp_map,"Which Bulldog includes breeds such as ""Standard"" and ""Classic,"" the French Bulldog or the American Bulldog?",5a84b5ac5542991dd0999da4,"[24617, 23869]","[23869, 14496, 5957, 4667, 24617]",1.0,1.0,0.5777779817581177,0.0007756788400001824,qwen3.5-122b,"Based on the provided context, the **American Bulldog** includes breeds such as ""Standard"" and ""Classic.""

Document 1 states: ""There are two specific types of American Bulldog, Standard and Classic."" Document 5 describes the French Bulldog as a small breed resulting from a cross between bulldog ancestors and local ratters, but does not mention ""Standard"" or ""Classic"" types.",0.0,0.0,0.0,OK,
163,163,dpr,dpp_map,Both Mulled wine and Blue Lagoon are considered primarily alcoholic or non-alcoholic?,5a84b6e15542991dd0999daa,"[3851, 157]","[3851, 157, 4039, 965, 25675]",1.0,1.0,0.5526667833328247,0.9966421723365784,qwen3.5-122b,"Based on the provided context, **Mulled wine** is considered primarily **alcoholic**, as the text states it is ""alcoholic, although there are non-alcoholic versions.""

Regarding the **Blue Lagoon**, the provided context describes it as a ""popular summer cocktail featuring blue Curaçao"" but does not explicitly state whether it is alcoholic or non-alcoholic. Therefore, the text does not contain enough information to determine the primary classification for the Blue Lagoon.",0.0,0.0,0.0,OK,
164,164,dpr,dpp_map,Is Awolnation an American alternative rock band and This Mortal Coil was a music collective,5a84b6ed5542994c784dda18,"[11544, 22983]","[22983, 24981, 3440, 11544, 14763]",1.0,1.0,0.6809113621711731,0.9620111584663391,qwen3.5-122b,"Yes, based on the provided context:

*   **Awolnation** is described in Document 4 as ""an American alternative rock band, formed and fronted by Aaron Bruno.""
*   **This Mortal Coil** is described in Document 1 as ""a music collective led by Ivo Watts-Russell.""

Therefore, both statements are correct according to the text.",0.0,0.0,0.0,OK,
165,165,dpr,dpp_map,What is  Cyaxares relationship to the man that governed for 53 years?,5a84b9c95542997b5ce3ff35,"[17543, 17487]","[17487, 17543, 2660, 10030, 9480]",1.0,1.0,0.6332509517669678,0.7284186482429504,qwen3.5-122b,"Based on the provided context, Cyaxares is the grandson of the man who governed for 53 years.

Document 1 states that Deioces governed for 53 years. Document 2 identifies Cyaxares as the son of Phraortes and the grandson of Deioces.",0.0,0.0,0.0,OK,
166,166,dpr,dpp_map,Are Yingkou and Fuding the same level of city?,5a84c4135542994c784dda31,"[2059, 23960]","[4343, 4296, 22444, 2059, 15501]",0.5,0.25,0.6284776926040649,0.0398886539041996,qwen3.5-122b,I cannot answer this based on the provided context.,0.0,0.0,0.0,OK,
167,167,dpr,dpp_map,Who was involved in observing the natural progression of untreated syphilis in rural African-American men in Alabama?,5a84c4bb5542991dd0999dec,"[10764, 5668]","[5668, 19098, 7674, 22279, 16245]",0.5,1.0,0.7038413882255554,0.9989327788352966,qwen3.5-122b,"Based on the provided context, the **U.S. Public Health Service** conducted the study (known as the Tuskegee Syphilis Study) between 1932 and 1972 to observe the natural progression of untreated syphilis in rural African-American men in Alabama.",0.0,0.0,0.0,OK,
168,168,dpr,dpp_map,Which singer of the Bee Gees sung a middle part of a song in which the majority was sung by Barry Gibb?,5a84cb255542991dd0999dfa,"[14245, 2955]","[2955, 24135, 21082, 1006, 17992]",0.5,1.0,0.7115832567214966,0.07024870067834854,qwen3.5-122b,I cannot answer this based on the provided context.,0.0,0.0,0.0,OK,
169,169,dpr,dpp_map,"WHich college is located in the United States, Grand Valley State University or Carleton University?",5a84ee4c5542997175ce1f2b,"[10040, 6317]","[10040, 6317, 22390, 24769, 4500]",1.0,1.0,0.6202567219734192,0.7086442112922668,qwen3.5-122b,"Based on the provided context, **Grand Valley State University** is located in the United States.

Document 1 states that Grand Valley State University is ""located in Allendale, Michigan, United States."" In contrast, Document 2 states that Carleton University is ""located in Ottawa, Ontario, Canada.""",0.0,0.0,0.0,OK,
170,170,dpr,dpp_map,The birthplace of George McCall Theal is a port city of what bay?,5a852cd05542997b5ce3ffb0,"[551, 10682]","[23207, 24846, 10682, 933, 6508]",0.5,0.3333333333333333,0.6405559778213501,0.04959962144494057,qwen3.5-122b,I cannot answer this based on the provided context.,0.0,0.0,0.0,OK,
171,171,dpr,dpp_map,"The Azad Hind Dal was created by an Indian nationalist whose defiant patriotism made him a hero in India, but whose attempt to rid India of British rule during what war left a troubled legacy?",5a85a3005542991dd0999e72,"[2667, 6042]","[6042, 2667, 18726, 2996, 22511]",1.0,1.0,0.6251592040061951,0.4401756227016449,qwen3.5-122b,"Based on the provided context, the Azad Hind Dal was created by Subhas Chandra Bose, whose attempt to rid India of British rule during **World War II** left a troubled legacy.

**Source:**
*   **Document 1** states: ""Subhas Chandra Bose... whose attempt during **World War II** to rid India of British rule... left a troubled legacy.""
*   **Document 2** states: ""The Azad Hind Dal... was created by Subhas Chandra Bose...""",0.0,0.0,0.0,OK,
172,172,dpr,dpp_map,Are Hoodoo Gurus and Pierre Bouvier of the same nationality?,5a85e24a5542994775f6067f,"[25104, 2028]","[20232, 25104, 24455, 21048, 21619]",0.5,0.5,0.7404981851577759,0.4320950508117676,qwen3.5-122b,"Based on the provided context, I cannot answer this question.

The text states that Hoodoo Gurus are an **Australian** rock band (Document 2), but it does not contain any information about Pierre Bouvier or his nationality.",0.0,0.0,0.0,OK,
173,173,dpr,dpp_map,"Just Before I Go stars an actress who plays what character in the series ""24""?",5a85e2775542994775f60680,"[16208, 6157]","[10388, 10433, 16208, 10379, 14935]",0.5,0.3333333333333333,0.7334293723106384,0.11796165257692337,qwen3.5-122b,I cannot answer this based on the provided context.,0.0,0.0,0.0,OK,
174,174,dpr,dpp_map,Which mechanical device which engages and disengages power transmission  uses brake fluid?,5a85e5345542991dd0999ebb,"[2093, 23925]","[2093, 23925, 4461, 25652, 23451]",1.0,1.0,0.5493439435958862,0.9993316531181335,qwen3.5-122b,"I cannot answer this based on the provided context.

While Document 1 states that brake fluid is used in ""hydraulic clutch applications"" and Document 2 defines a clutch as a device that ""engages and disengages power transmission,"" the provided text does not explicitly state that the clutch *uses* brake fluid as its primary mechanism in a way that directly answers the specific phrasing of the question without making an inference. More importantly, the text describes brake fluid's function in transferring force but does not explicitly link the definition of the clutch (from Document 2) to the specific use of brake fluid in a single statement confirming the device uses it. However, looking closer, Document 1 says brake fluid is used in ""hydraulic clutch applications."" This implies the clutch uses it. But the question asks ""Which mechanical device... uses brake fluid?"" and the text says brake fluid is used in ""hydraulic clutch applications."" It does not explicitly say ""The clutch uses brake fluid."" It says it is used in applications. This is a subtle distinction. Let's re-evaluate.

Actually, Document 1 says: ""Brake fluid is a type of hydraulic fluid used in hydraulic brake and hydraulic clutch applications...""
Document 2 says: ""A clutch is a mechanical device which engages and disengages power transmission...""

Combining these: A clutch (which engages/disengages power) is used in hydraulic clutch applications where brake fluid is used. Therefore, the clutch uses brake fluid.

Wait, the prompt says ""Answer the question based ONLY on the provided context.""
Does the context explicitly say ""The clutch uses brake fluid""?
Document 1: ""Brake fluid is ... used in ... hydraulic clutch applications"".
Document 2: ""A clutch is a mechanical device which engages and disengages power transmission"".

The context implies the answer is ""clutch"" (specifically a hydraulic clutch), but it does not explicitly state ""The clutch uses brake fluid"" as a direct fact. It states brake fluid is used in ""hydraulic clutch applications."" Is an application the same as the device using it? Yes, in common language. But strictly based on the text, it says the fluid is used in the *application*, not necessarily that the *device* defined in Document 2 uses it. However, ""hydraulic clutch"" is a type of clutch.

Let's look for a more direct link. The text does not explicitly say ""The clutch uses brake fluid."" It says brake fluid is",0.0,0.0,0.0,OK,
175,175,dpr,dpp_map,Are both Ride a Wild Pony and Frozen 2 computer-animated films?,5a85ebe75542996432c5712a,"[9305, 18606]","[18606, 23633, 6645, 4548, 4705]",0.5,1.0,0.7298699617385864,0.04525034502148628,qwen3.5-122b,I cannot answer this based on the provided context.,0.0,0.0,0.0,OK,
176,176,dpr,dpp_map,Were Robert Holdstock and H. L. Mencken both known for being satirists?,5a861ea85542994775f60700,"[18049, 22681]","[22681, 8668, 23788, 9830, 3211]",0.5,1.0,0.7079329490661621,0.09824035316705704,qwen3.5-122b,I cannot answer this based on the provided context.,0.0,0.0,0.0,OK,
177,177,dpr,dpp_map,When was the publisher of Traveller Supplement 4: Citizens of the Imperium in business?,5a86481b5542996432c571b5,"[23140, 427]","[23140, 2476, 10813, 3677, 3950]",0.5,1.0,0.642151951789856,0.3536500632762909,qwen3.5-122b,"Based on the provided context, I cannot answer this question.

Document 1 states that *Traveller Supplement 4: Citizens of the Imperium* was published in 1979 by Game Designers' Workshop, but it does not provide the dates when Game Designers' Workshop was in business.",0.0,0.0,0.0,OK,
178,178,dpr,dpp_map,"Yoann Lemoine, a French video director, has created music videos for Lana Del Rey, Katy Perry, and an orchestral country pop ballad by which top pop artist?",5a864ff7554299211dda2af2,"[11957, 10715]","[11957, 8354, 6851, 98, 23563]",0.5,1.0,0.7374137043952942,0.02032408118247986,qwen3.5-122b,"Based on the provided context, Yoann Lemoine created music videos for Lana Del Rey and Katy Perry. The context also states that he directed Taylor Swift's single ""Back to December."" Therefore, the top pop artist is **Taylor Swift**.",0.0,0.0,0.0,OK,
179,179,dpr,dpp_map,Does Erodium or Cymbidium include more species?,5a86ec9f55429960ec39b6d7,"[24018, 21915]","[10198, 5564, 3341, 21915, 9340]",0.5,0.25,0.6393481492996216,0.016216475516557693,qwen3.5-122b,I cannot answer this based on the provided context.,0.0,0.0,0.0,OK,
180,180,dpr,dpp_map,What is the birthplace of the Senator who represents the first of 62 districts in the State Senate?,5a8739a05542994775f607ab,"[12497, 24340]","[16967, 7960, 11095, 11988, 16977]",0.0,0.0,0.6570270657539368,0.07538669556379318,qwen3.5-122b,I cannot answer this based on the provided context.,0.0,0.0,0.0,OK,
181,181,dpr,dpp_map,Which KaBoom! Entertainment Inc. film is based on a story by Rudyard Kipling?,5a8740ee5542994846c1cd35,"[13551, 5824]","[13551, 10804, 6070, 8032, 13573]",0.5,1.0,0.7445225715637207,0.22553037106990814,qwen3.5-122b,"Based on the provided context, the Kaboom! Entertainment film based on a story by Rudyard Kipling is **The Jungle Book**.

(Note: While the context in Document 1 lists ""The Jungle Book"" as a feature film content curated by Kaboom! Entertainment, it does not explicitly mention Rudyard Kipling. However, ""The Jungle Book"" is the only title in the list historically known to be based on Kipling's work. Strictly adhering to the instruction to answer *only* based on the provided text, the text does not contain the author's name. Therefore, the strictly correct answer based *only* on the text is that the information is missing.)

**Correction based on strict constraint:**
The provided context lists ""The Jungle Book"" as a film curated by Kaboom! Entertainment, but it **does not mention** Rudyard Kipling or the authorship of the story.

Answer: I cannot answer this based on the provided context.",0.0,0.0,0.0,OK,
182,182,dpr,dpp_map,"Who is affiliated with more countries as a director, Robert Florey and R. G. Springsteen?",5a8765ad5542996e4f3087cf,"[3409, 5215]","[25913, 17678, 24585, 21379, 16208]",0.0,0.0,0.6960780024528503,0.07592063397169113,qwen3.5-122b,I cannot answer this based on the provided context.,0.0,0.0,0.0,OK,
183,183,dpr,dpp_map,"Which occurred first, Phillips v. Martin Marietta Corp. or Roth v. United States?",5a8782a25542993e715abf95,"[8907, 23565]","[8907, 23565, 9402, 18558, 2719]",1.0,1.0,0.6497333645820618,0.0007737123523838818,qwen3.5-122b,"Roth v. United States occurred first. It was decided in 1957, while Phillips v. Martin Marietta Corp. was decided in 1971.",0.0,0.0,0.0,OK,
184,184,dpr,dpp_map,"Which genus has more species, Bactris and Epigaea?",5a87954f5542996e4f308856,"[6868, 4383]","[12872, 4383, 23526, 6868, 9510]",1.0,0.5,0.666987955570221,0.9974536299705505,qwen3.5-122b,"Based on the provided context, **Bactris** has more species than **Epigaea**.

*   **Document 2** states that the genus *Epigaea* comprises **three** species.
*   **Document 4** describes *Bactris* as a genus of spiny palms but does not specify the exact number of species. However, it mentions ""Most species"" and ""several species,"" implying there are more than three, whereas *Epigaea* is explicitly limited to three.

*Correction*: Upon strictly re-reading the text, Document 4 does not give a specific number for *Bactris*, only that it is a genus with ""Most species"" being small trees. Document 2 explicitly states *Epigaea* has **three** species. Without a specific number for *Bactris* in the text, I cannot definitively state which has more based **ONLY** on the provided context.

**Revised Answer:**
I cannot answer this based on the provided context.

*Reasoning*: Document 2 states that *Epigaea* has three species. Document 4 describes *Bactris* as a genus with ""Most species"" being small trees but does not provide a total count of species for the genus. Therefore, the text does not contain enough information to compare the total number of species between the two genera.",0.0,0.0,0.0,OK,
185,185,dpr,dpp_map,What other political position did the person who introduced the DISCLOSE Act hold?,5a879adb5542996e4f30887f,"[10692, 16977]","[1198, 10692, 7215, 12304, 6779]",0.5,0.5,0.6772558093070984,0.3150950074195862,qwen3.5-122b,I cannot answer this based on the provided context.,0.0,0.0,0.0,OK,
186,186,dpr,dpp_map,What is the weight limit of the weight class that Takeyasu Hirono fights in?,5a87c7dc5542996e4f30891b,"[18551, 23748]","[13781, 23748, 11871, 4152, 6608]",0.5,0.5,0.6925029754638672,0.02710225060582161,qwen3.5-122b,I cannot answer this based on the provided context.,0.0,0.0,0.0,OK,
187,187,dpr,dpp_map,Were the films Tonka and 101 Dalmatians released in the same decade?,5a886211554299206df2b24a,"[11268, 4548]","[4548, 22008, 4018, 893, 24993]",0.5,1.0,0.7346787452697754,0.0677909329533577,qwen3.5-122b,I cannot answer this based on the provided context.,0.0,0.0,0.0,OK,
188,188,dpr,dpp_map,What literary style describes the 1968 book that features a 1939 international Harvester school bus?,5a88a42f554299206df2b317,"[12448, 11245]","[16147, 16906, 11245, 23707, 24172]",0.5,0.3333333333333333,0.7130431532859802,0.9910451173782349,qwen3.5-122b,"Based on the provided context, I cannot answer this question.

While Document 3 describes the 1968 book *The Electric Kool-Aid Acid Test* and identifies its literary style as **New Journalism**, the text states that the vehicle used by Ken Kesey and the Merry Pranksters was a ""colorfully painted school bus"" but does not specify that it was a ""1939 international Harvester school bus."" Therefore, the specific details required to confirm the match are not present in the provided documents.",0.0,0.0,0.0,OK,
189,189,dpr,dpp_map,E! Hollywood Hold'em was hosted by a poker player of what nationality?,5a88c68d55429938390d3fba,"[111, 3616]","[111, 12743, 626, 23938, 23551]",0.5,1.0,0.7001397013664246,0.4803652763366699,qwen3.5-122b,"Based on the provided context, I cannot answer this question.

Document 1 states that professional poker player Phil Laak served as the host, but it does not mention his nationality.",0.0,0.0,0.0,OK,
190,190,dpr,dpp_map,Who directed a 2005 supernatural horror film starring an actress who appeared in The Patriot and Kill Your Darlings,5a88cf7e5542993b751ca85b,"[2814, 7002]","[23907, 7002, 18119, 19662, 1543]",0.5,0.5,0.6701732873916626,0.9213168621063232,qwen3.5-122b,"Based on the provided context, the actress who appeared in *The Patriot* and *Kill Your Darlings* is **Skye McCole Bartusiak** (Document 2). She also appeared in the 2005 film *Boogeyman* (Document 2).

However, the provided documents do not state who directed *Boogeyman*, nor do they explicitly describe *Boogeyman* as a ""supernatural horror film"" (Document 2 only lists it as a film she appeared in). While Document 5 mentions a 2009 supernatural horror film, it does not match the year or the actress in question.

Therefore, I cannot answer this based on the provided context.",0.0,0.0,0.0,OK,
191,191,dpr,dpp_map,Futbolita has interviewed what Spanish Professional footballer who plays as a striker for New York City FC?,5a88d7fc5542993b751ca879,"[11340, 12238]","[11340, 12238, 13962, 21949, 16823]",1.0,1.0,0.7511407136917114,0.4397728443145752,qwen3.5-122b,"Based on the provided context, **Futbolita** (Ash Hashim) has interviewed **David Villa**.

Document 1 states that Futbolita's website features exclusive interviews with world-renowned sports personalities, including **David Villa**. Document 2 confirms that **David Villa Sánchez** is a Spanish professional footballer who plays as a striker for **New York City FC**.",0.0,0.0,0.0,OK,
192,192,dpr,dpp_map,Which of the following buildings was designed by SHoP Architects: 247 Cherry or General Motors Building?,5a88e75c5542993b751ca8c7,"[21257, 3033]","[21257, 12648, 3033, 20233, 4748]",1.0,1.0,0.6356273889541626,0.28780505061149597,qwen3.5-122b,"Based on the provided context, **247 Cherry** was designed by SHoP Architects.

Document 1 states: ""The building [247 Cherry] was designed by SHoP Architects."" Document 3 states that the General Motors Building was designed by ""Edward Durell Stone & Associates with Emery Roth & Sons.""",0.0,0.0,0.0,OK,
193,193,dpr,dpp_map,What movie did Chris Duesterdiek work on that was directed by Seth Rogen and Evan Goldberg?,5a88f7bf5542997e5c09a6dd,"[20552, 16976]","[344, 24718, 1934, 19180, 15934]",0.0,0.0,0.6659904718399048,0.10315645486116409,qwen3.5-122b,I cannot answer this based on the provided context.,0.0,0.0,0.0,OK,
194,194,dpr,dpp_map,The Jeep Cherokee was originally sold as a variant of a Jeep model produced during what years?,5a88f9555542995153361214,"[21632, 897]","[21632, 897, 2631, 24147, 11133]",1.0,1.0,0.6044176816940308,0.8698750138282776,qwen3.5-122b,"Based on the provided context, the Jeep Cherokee was originally sold as a variant of the **Jeep Wagoneer**. According to Document 2, the Jeep Wagoneer was produced from **1963 to 1991**.",0.0,0.0,0.0,OK,
195,195,dpr,dpp_map,What philosophical system did the author of a novel about Howard Roark develop?,5a89e0ec5542992e4fca8427,"[4605, 13115]","[4605, 19078, 25534, 9516, 4643]",0.5,1.0,0.7344956398010254,0.9998319149017334,qwen3.5-122b,"Based on the provided context, the author of the novel about Howard Roark (Ayn Rand) developed a philosophical system that believes **individualism is superior to collectivism**. The text states that the protagonist, Howard Roark, embodies what Rand believed to be the ideal man and that his struggle reflects this belief.",0.0,0.0,0.0,OK,
196,196,dpr,dpp_map,The United States Senate election in Hawaii that took place in 1992 ended with the winning of which Japanese-American politician?,5a89e1bf5542992e4fca8433,"[9199, 15240]","[15240, 9199, 3544, 3431, 2582]",1.0,1.0,0.6925357580184937,0.11412493884563446,qwen3.5-122b,"Based on the provided context, the United States Senate election in Hawaii that took place in 1992 ended with the winning of **Daniel Inouye** (also known as Daniel Ken ""Dan"" Inouye).

Document 2 states that ""Incumbent Democrat U.S. Senator Daniel Inouye won re-election to a sixth term"" in the 1992 election. Document 1 confirms that he was a ""Japanese American politician"" and the ""highest-ranking Japanese American politician in U.S. history.""",0.0,0.0,0.0,OK,
197,197,dpr,dpp_map,"Between Frederick King Keller and Ian Schneider, which filmmaker had more diverse job experiences?",5a8a265b5542992d82986ecc,"[25208, 18473]","[18210, 13311, 4018, 25208, 21100]",0.5,0.25,0.709794282913208,0.04031345248222351,qwen3.5-122b,I cannot answer this based on the provided context.,0.0,0.0,0.0,OK,
198,198,dpr,dpp_map,What dance academy did the starring actress from The Glory of Tang Dynasty graduate from?,5a8aa1685542992d82986f32,"[22540, 20079]","[20079, 7647, 12001, 6196, 22540]",1.0,1.0,0.6548687815666199,0.8837418556213379,qwen3.5-122b,"Based on the provided context, the starring actress from *The Glory of Tang Dynasty* is Jing Tian. According to Document 1, she graduated from the **Beijing Dance Academy** (as well as the Beijing Film Academy).",0.0,0.0,0.0,OK,
199,199,dpr,dpp_map,"In 2001, Hampton Pirates men's basketball defeated a second seed team that was coached by who ?",5a8ac5595542992d82986f77,"[10004, 7110]","[10004, 2788, 6066, 9032, 21204]",0.5,1.0,0.6706481575965881,0.07043394446372986,qwen3.5-122b,I cannot answer this based on the provided context.,0.0,0.0,0.0,OK,
200,200,dpr,dpp_map,"Which is headquarter farther south, Jet's Pizza or Chuck E. Cheese's?",5a8adc935542992d82986fb0,"[15744, 6028]","[15744, 6028, 9343, 23675, 7774]",1.0,1.0,0.6505898237228394,0.9497184753417969,qwen3.5-122b,"Based on the provided context, Chuck E. Cheese's is headquartered in Irving, Texas, while Jet's Pizza was founded in and operates primarily in Michigan. Since Texas is located farther south than Michigan, Chuck E. Cheese's is headquartered farther south.",0.0,0.0,0.0,OK,
201,201,dpr,dpp_map,How many beer brands are in the portfolio of the company that hired Leonardus (Leo) Petrus Beukeboom to decorate cafes?,5a8aecff55429950cd6afbef,"[21745, 2109]","[9406, 21745, 23222, 8119, 19199]",0.5,0.5,0.7198376655578613,0.05287938937544823,qwen3.5-122b,I cannot answer this based on the provided context.,0.0,0.0,0.0,OK,
202,202,dpr,dpp_map,"What vehicle, made by UROVESA, is most like the four-wheel drive military light truck produced by AM General?",5a8aed1555429970aeb70334,"[4994, 2632]","[2632, 4994, 23158, 21965, 13690]",1.0,1.0,0.6513934135437012,0.46960148215293884,qwen3.5-122b,"Based on the provided context, the vehicle made by UROVESA that is most like the four-wheel drive military light truck produced by AM General (the Humvee) is the **URO VAMTAC**.

Document 2 states that UROVESA is best known for the production of the ""URO VAMTAC, a Humvee-like four-wheel drive motor vehicle,"" while Document 1 identifies the Humvee as the four-wheel drive military light truck produced by AM General.",0.0,0.0,0.0,OK,
203,203,dpr,dpp_map,Pluto was the debut album of this artist who also performed on this live music venue that reopened in March 2015.,5a8b04df55429950cd6afc49,"[21132, 13553]","[8414, 15718, 18673, 20747, 13255]",0.0,0.0,0.762519359588623,0.06479844450950623,qwen3.5-122b,I cannot answer this based on the provided context.,0.0,0.0,0.0,OK,
204,204,dpr,dpp_map,"The actor known for his role as ""Freddie""  in The Deep Blue Sea won the Laurence Olivier Award for his role in which play?",5a8b1a925542997f31a41c6e,"[25815, 2970]","[2970, 25815, 12279, 3093, 6223]",1.0,1.0,0.6728047132492065,0.007312977686524391,qwen3.5-122b,"Based on the provided context, the actor known for his role as ""Freddie"" in *The Deep Blue Sea* is Tom Hiddleston (Document 2). According to Document 1, Tom Hiddleston won the Laurence Olivier Award for Best Newcomer in a Play for his role in **Cymbeline**.",0.0,0.0,0.0,OK,
205,205,dpr,dpp_map,Where is the 1999 British comedy-drama film starring Jimi Mistry set?,5a8b5c8155429949d91db56d,"[23205, 1595]","[1595, 2474, 8874, 21657, 3765]",0.5,1.0,0.6309706568717957,0.06690952926874161,qwen3.5-122b,I cannot answer this based on the provided context.,0.0,0.0,0.0,OK,
206,206,dpr,dpp_map,A writer for The Kenyon Review won a Pulitzer Prize in what year?,5a8ba0855542995d1e6f1427,"[1102, 9424]","[1102, 3437, 8387, 1550, 9424]",1.0,1.0,0.678199827671051,0.9989482760429382,qwen3.5-122b,"Based on the provided context, **Robert Penn Warren** is listed as a writer published in *The Kenyon Review* (Document 1). According to Document 5, he won the Pulitzer Prize for the Novel in **1947**, the Pulitzer Prize for Poetry in **1958**, and the Pulitzer Prize for Poetry again in **1979**.

Therefore, a writer for *The Kenyon Review* won a Pulitzer Prize in **1947**, **1958**, and **1979**.",0.0,0.0,0.0,OK,
207,207,dpr,dpp_map,Camp Courtney was named after the Major killed in action at the battle codenamed what?,5a8ba9d255429971feec4759,"[6487, 20841]","[6487, 8397, 21398, 8695, 14666]",0.5,1.0,0.7241304516792297,0.999576985836029,qwen3.5-122b,"Based on the provided context, Camp Courtney was named after Major Henry A. Courtney, Jr., who was killed in action in the **Battle of Okinawa**.",0.0,0.0,0.0,OK,
208,208,dpr,dpp_map,What variety of mockingbird is the mascot of the University of Tennessee at Chattanooga?,5a8bf0835542995d1e6f146b,"[17971, 15681]","[17971, 15681, 21418, 20181, 10605]",1.0,1.0,0.7062759399414062,0.9989869594573975,qwen3.5-122b,"Based on the provided context, the mascot of the University of Tennessee at Chattanooga, Scrappy, is a **mockingbird** (specifically identified in Document 2 as the **northern mockingbird**, *Mimus polyglottos*, which is the only mockingbird commonly found in North America).",0.0,0.0,0.0,OK,
209,209,dpr,dpp_map,How many members exist in the conference represented by the Michigan State Spartans in the 1993 Liberty Bowl?,5a8c5bff554299240d9c2139,"[6381, 24769]","[11846, 6381, 24769, 19492, 17192]",1.0,0.5,0.6449006199836731,0.5291787981987,qwen3.5-122b,"Based on the provided context, the Michigan State Spartans are part of the Big Ten Conference (Document 2). According to Document 3, the Big Ten Conference consists of **14 members** (as of 2016).

Answer: 14",0.0,0.0,0.0,OK,
210,210,dpr,dpp_map,What are the anchor stores for the shopping mall constructed by C.J. Segerstrom & Sons in California?,5a8c5eca554299240d9c213d,"[5548, 22212]","[22212, 20118, 5548, 23675, 4126]",1.0,1.0,0.5957789421081543,0.9862850904464722,qwen3.5-122b,"Based on the provided context, the shopping mall constructed by C.J. Segerstrom & Sons in California is South Coast Plaza. Its anchor stores are:

*   Three Macy's stores
*   Sears
*   Nordstrom
*   Bloomingdale's
*   Saks Fifth Avenue",0.0,0.0,0.0,OK,
211,211,dpr,dpp_map,"jean Sagbo, considered ""Russia's Obama"" is considered to belong to what ethnic group based on his having African heritage or dark skin?",5a8c6bd55542995e66a475ea,"[10326, 9394]","[10326, 9394, 11248, 12353, 7636]",1.0,1.0,0.6762384176254272,0.9418437480926514,qwen3.5-122b,"Based on the provided context, Jean Sagbo is considered to belong to the **Afro-Russian** ethnic group.

Document 1 states that he is the ""first Russian of African descent, or Afro-Russian, to have been elected in the Russian Federation"" and has been referred to as ""Russia's Obama."" Document 2 further defines Afro-Russians as ""people of recent African descent, or those who are perceived to be dark-skinned compared to other given populations that have migrated to and settled in Russia.""",0.0,0.0,0.0,OK,
212,212,dpr,dpp_map,"Who was appointed to the board of supervisors first, Jeff Sheehy or Ed Lee?",5a8c8502554299585d9e36d0,"[22017, 11355]","[11355, 24433, 12526, 6038, 5613]",0.5,1.0,0.6662068963050842,0.14904706180095673,qwen3.5-122b,I cannot answer this based on the provided context.,0.0,0.0,0.0,OK,
213,213,dpr,dpp_map,John Seasock was a professional monster truck driver that last drove a truck sponsored by a company headquartered in what city?,5a8ceb7a554299441c6b9f7b,"[11213, 25686]","[11213, 3516, 6606, 13415, 23906]",0.5,1.0,0.6293410062789917,0.03424734249711037,qwen3.5-122b,I cannot answer this based on the provided context.,0.0,0.0,0.0,OK,
214,214,dpr,dpp_map,What is the english translation of the name of style of novel of which The Company is an example?,5a8cefc155429941ae14df55,"[1980, 3971]","[3971, 1980, 4643, 9830, 24593]",1.0,1.0,0.7188539505004883,0.9972074627876282,qwen3.5-122b,"Based on the provided context, the style of novel of which *The Company* is an example is called ""roman à clef,"" which is French for ""**novel with a key**.""",0.0,0.0,0.0,OK,
215,215,dpr,dpp_map,What color was the dog that Socks had conflicts with?,5a8d51355542994ba4e3dc6b,"[12447, 20180]","[12447, 5110, 15672, 8170, 24068]",0.5,1.0,0.6870042681694031,0.5904037356376648,qwen3.5-122b,"Based on the provided context, the document mentions that Socks had conflicts with Clinton's dog named Buddy, but it does not specify the color of the dog.

I cannot answer this based on the provided context.",0.0,0.0,0.0,OK,
216,216,dpr,dpp_map,"What Province in Sicily, founded in the eighth century B.C., was the birthplace of the famous historical mathematician Archimedes?",5a8d64305542994ba4e3dc80,"[2748, 10491]","[10491, 20640, 7518, 17141, 7871]",0.5,1.0,0.6932848691940308,0.9459951519966125,qwen3.5-122b,"Based on the provided context, the city is **Syracuse** (Italian: ""Siracusa""), which is the capital of the **province of Syracuse**. The text states that Syracuse is a historic city in Sicily and the birthplace of the mathematician and engineer Archimedes.

(Note: While the text confirms Syracuse is the birthplace of Archimedes and the capital of the province of Syracuse, it does not explicitly state that the city was founded in the eighth century B.C., though it mentions the city is 2,700 years old.)",0.0,0.0,0.0,OK,
217,217,dpr,dpp_map,"Which male singer performed together with a female American singer, who was born in 1954 and whose third studio album was named Through His Eyes, have a hit duet with in 1985?",5a8db788554299653c1aa145,"[16151, 25249]","[16151, 25249, 23485, 7716, 8354]",1.0,1.0,0.6787704229354858,0.03598501905798912,qwen3.5-122b,"Based on the provided context, the female American singer born in 1954 whose third studio album was named *Through His Eyes* is **Marilyn Martin** (Document 1 and Document 2).

According to Document 2, she is best known for her 1985 hit duet with **Phil Collins**.

Answer: Phil Collins",0.0,0.0,0.0,OK,
218,218,dpr,dpp_map,"Many right wing WNP were  connected to a clandestine operation ran by a ""stay-behind""  operation ran by what organization?",5a8dcbc0554299068b959df4,"[10519, 1185]","[20809, 14949, 19602, 2667, 7771]",0.0,0.0,0.6120626330375671,0.04561464115977287,qwen3.5-122b,I cannot answer this based on the provided context.,0.0,0.0,0.0,OK,
219,219,dpr,dpp_map,What political party is the current Attorney General of Missouri associated with?,5a8dd5b855429917b4a5bcc6,"[10020, 20296]","[20296, 16967, 6844, 6426, 10020]",1.0,1.0,0.5921720266342163,0.9346626400947571,qwen3.5-122b,"Based on the provided context, I cannot answer this question.

**Reasoning:**
*   **Document 1** identifies Joshua David Hawley as the ""current Attorney General of Missouri"" but does not state his political party.
*   **Document 5** mentions that Kurt Schaefer is a ""Republican"" and that he ran against Josh Hawley for the ""Republican nomination"" in 2016. While this implies Hawley is a Republican, the document does not explicitly state Hawley's party affiliation, nor does it confirm his party status at the time he became the ""current"" Attorney General mentioned in Document 1.
*   Strictly adhering to the instruction to answer **ONLY** based on the provided text, the specific political party of the current Attorney General is not explicitly stated.",0.0,0.0,0.0,OK,
220,220,dpr,dpp_map,What team did Robbie Keane play for after Inter Milan?,5a8de02b554299068b959e13,"[9806, 23728]","[23728, 20483, 12238, 9806, 19760]",1.0,1.0,0.6975858807563782,0.040380265563726425,qwen3.5-122b,I cannot answer this based on the provided context.,0.0,0.0,0.0,OK,
221,221,dpr,dpp_map,What is the prefix given to the end of the name to avoid confusion for the winner of the 1996 Record of the Year Grammy?,5a8de4595542995085b37348,"[6562, 7698]","[20138, 23180, 15903, 3590, 16852]",0.0,0.0,0.6208014488220215,0.025497373193502426,qwen3.5-122b,I cannot answer this based on the provided context.,0.0,0.0,0.0,OK,
222,222,dpr,dpp_map,Are Ferocactus and Silene both types of plant?,5a8e068b5542995085b37384,"[3470, 24631]","[24631, 10198, 3470, 24018, 9510]",1.0,1.0,0.6134517788887024,0.9242907762527466,qwen3.5-122b,"Yes, both Ferocactus and Silene are types of plants. According to the provided context, Silene is a genus of flowering plants in the family Caryophyllaceae, and Ferocactus is a genus of large barrel-shaped cacti.",0.0,0.0,0.0,OK,
223,223,dpr,dpp_map,In which county of New York was Circumstantial Productions founded?,5a8e3e9b5542995085b37402,"[14603, 1623]","[14603, 15593, 2185, 4913, 21629]",0.5,1.0,0.655950665473938,0.957258403301239,qwen3.5-122b,"I cannot answer this based on the provided context.

The provided text states that Circumstantial Productions was founded in ""Nyack, New York,"" but it does not specify which county Nyack is located in.",0.0,0.0,0.0,OK,
224,224,dpr,dpp_map,Olivia DeJonge starred in an American horror film directed by Shyamalan called what,5a8ed10b5542995085b374a0,"[20000, 18119]","[18119, 23907, 16662, 16711, 2814]",0.5,1.0,0.6537178754806519,0.999073326587677,qwen3.5-122b,"Based on the provided context, Olivia DeJonge starred in the American horror film **The Visit**, which was directed by M. Night Shyamalan.",0.0,0.0,0.0,OK,
225,225,dpr,dpp_map,What city is between Normanby le Wold and the A46 Junction between Lincoln and Grimsby?,5a8f18d555429918e830d189,"[12378, 25386]","[3166, 5788, 25240, 2969, 557]",0.0,0.0,0.661984384059906,0.037737034261226654,qwen3.5-122b,I cannot answer this based on the provided context.,0.0,0.0,0.0,OK,
226,226,dpr,dpp_map,John DiMaggio voices the character Shnitzel on Cartoon Network series created by who?,5a8f1adc554299458435d577,"[15705, 25405]","[15705, 19445, 11144, 17075, 16072]",0.5,1.0,0.66187983751297,0.9507573843002319,qwen3.5-122b,"Based on the provided context, John DiMaggio voices the character Shnitzel on the series ""Chowder."" However, the documents do not state who created the series ""Chowder."" Document 2 mentions Kyle Adam Carrozza as the creator of ""Mighty Magiswords"" and ""MooBeard the Cow Pirate,"" but does not link him to ""Chowder.""

Therefore, I cannot answer this based on the provided context.",0.0,0.0,0.0,OK,
227,227,dpr,dpp_map,Bill Bryson grew up in a city that is the seat of which county ?,5a8f5273554299458435d5b1,"[24172, 25542]","[24172, 17161, 16700, 7711, 24117]",0.5,1.0,0.7431141138076782,0.05458036810159683,qwen3.5-122b,I cannot answer this based on the provided context.,0.0,0.0,0.0,OK,
228,228,dpr,dpp_map,"What year did the infantry regiment featured in the 2006 film ""Only the Brave"" begin?",5a8f53ad5542992414482a50,"[24880, 2658]","[24880, 8988, 16419, 665, 2901]",0.5,1.0,0.7003673315048218,0.32861992716789246,qwen3.5-122b,"Based on the provided context, the 2006 film ""Only the Brave"" features the 100th Infantry Battalion/442nd Regimental Combat Team. However, the text does not state the year this regiment or battalion began or was activated.

I cannot answer this based on the provided context.",0.0,0.0,0.0,OK,
229,229,dpr,dpp_map,"What member of the South Korean-Chinese boy group EXO stars in the upcoming movie ""The Underdog""?",5a8f68795542992414482ab5,"[22255, 13849]","[22255, 17649, 7268, 13848, 13849]",1.0,1.0,0.6035898923873901,0.5066598653793335,qwen3.5-122b,"Based on the provided context, **Do Kyung-soo** (also known by his stage name D.O.) is the member of the South Korean-Chinese boy group EXO who stars in the upcoming movie ""The Underdog.""

Document 1 states that ""The Underdog"" stars Do Kyung-soo, and Document 5 confirms that Do Kyung-soo is a member of the South Korean-Chinese boy group EXO.",0.0,0.0,0.0,OK,
230,230,dpr,dpp_map,"What national historic district is located near a village in the town of Philipstown, New York?",5a8f69b55542997ba9cb324f,"[20402, 1612]","[7529, 1623, 4418, 22424, 5320]",0.0,0.0,0.6400469541549683,0.06806447356939316,qwen3.5-122b,I cannot answer this based on the provided context.,0.0,0.0,0.0,OK,
231,231,dpr,dpp_map,Which NFL team did both Don Looney and DeSean Jackson play for?,5a8f7c9a55429918e830d239,"[5540, 25260]","[25260, 19497, 23997, 5540, 25070]",1.0,1.0,0.6436120271682739,0.2646808326244354,qwen3.5-122b,"Based on the provided context, both Don Looney and DeSean Jackson played for the **Philadelphia Eagles**.

*   **Document 4** states that John Don Looney ""played three seasons for the Philadelphia Eagles (1940).""
*   **Document 1** states that DeSean Jackson ""was drafted by the Philadelphia Eagles"" and **Document 4** notes that Looney's feat was equaled in 2008 by ""another Eagles wide receiver, DeSean Jackson.""",0.0,0.0,0.0,OK,
232,232,dpr,dpp_map,"The name od the Jason Hook album ""Safety Dunce"" is a play on the words of a song released in what year?",5a8f93f5554299458435d67e,"[3996, 5962]","[3996, 19336, 9221, 11544, 12066]",0.5,1.0,0.726135790348053,0.029779117554426193,qwen3.5-122b,"Based on the provided context, the album title ""Safety Dunce"" is a play on words of the song ""The Safety Dance"" by Men Without Hats. However, the documents do not state the year in which ""The Safety Dance"" was released.

I cannot answer this based on the provided context.",0.0,0.0,0.0,OK,
233,233,dpr,dpp_map,"Which feature film was released earlier, One Magic Christmas or Muppet Treasure Island?",5a8fd9ac5542990a98493570,"[7363, 2743]","[7363, 2743, 6187, 22008, 12394]",1.0,1.0,0.5755401849746704,0.17051799595355988,qwen3.5-122b,"Based on the provided context, **One Magic Christmas** was released earlier.

*   **One Magic Christmas** was released in **1985** (Document 1).
*   **Muppet Treasure Island** was released in **1996** (Document 2).",0.0,0.0,0.0,OK,
234,234,dpr,dpp_map,"Who co-starred in an episode of The ABC Comedy Hour with the man who played Duke Slater in ""Gomer Pyle, U.S.M.C.""?",5a8ff69655429916514e73f1,"[7326, 25678]","[25678, 7326, 5951, 25985, 7388]",1.0,1.0,0.7037957310676575,0.0097952326759696,qwen3.5-122b,"Based on the provided context, the man who played Duke Slater in ""Gomer Pyle, U.S.M.C."" is **Ronnie Schell** (Document 1).

According to Document 2, Ronnie Schell starred in a revival of the musical ""Hellzapoppin'"" on *The ABC Comedy Hour* alongside **Jack Cassidy**.

Answer: Jack Cassidy",0.0,0.0,0.0,OK,
235,235,dpr,dpp_map,What are the names of the members of the Detroit-based hip hop duo who has worked with Jason Gilbert?,5a90605d5542995651fb514d,"[12263, 5918]","[12263, 20232, 17671, 21505, 12316]",0.5,1.0,0.6671905517578125,0.0659080520272255,qwen3.5-122b,I cannot answer this based on the provided context.,0.0,0.0,0.0,OK,
236,236,dpr,dpp_map,Which of the three worst hotel fires in modern US History occurred most recently?,5ab1e76c554299449642c800,"[16361, 13234]","[13234, 16361, 10271, 3360, 19526]",1.0,1.0,0.7038361430168152,0.9910229444503784,qwen3.5-122b,"Based on the provided context, the three worst hotel fires in modern U.S. history are:

1.  The Winecoff Hotel fire (1946)
2.  The MGM Grand fire (1980)
3.  The Dupont Plaza Hotel fire (December 31, 1986)

The most recent of these three is the **Dupont Plaza Hotel fire** in San Juan, Puerto Rico, which occurred on December 31, 1986.",0.0,0.0,0.0,OK,
237,237,dpr,dpp_map,which is larger Asante Traditional Buildings or Gulangyu?,5ab1e984554299340b525428,"[9719, 8420]","[8420, 3179, 10768, 11267, 2764]",0.5,1.0,0.7269855737686157,0.10361697524785995,qwen3.5-122b,I cannot answer this based on the provided context.,0.0,0.0,0.0,OK,
238,238,dpr,dpp_map,August R. Lindt served as chairman of a UN program from 1956 to 1960 that won how many noble prizes ?,5ab236645542993be8fa98c9,"[21485, 12156]","[21485, 5303, 15166, 8837, 18108]",0.5,1.0,0.6880278587341309,0.5212641358375549,qwen3.5-122b,"I cannot answer this based on the provided context.

The provided text states that August R. Lindt served as United Nations High Commissioner for Refugees from 1956 to 1960, but it does not mention how many Nobel Prizes that program won.",0.0,0.0,0.0,OK,
239,239,dpr,dpp_map,Which City in the Miami metropolitan area is home to the Primetime Race Group?,5ab23d8a55429970612095c9,"[7539, 471]","[7539, 24458, 3923, 13715, 526]",0.5,1.0,0.7047265768051147,0.9991063475608826,qwen3.5-122b,"I cannot answer this based on the provided context.

The provided text states that the Primetime Race Group is from **Hollywood, Florida**, but it does not specify whether Hollywood is part of the Miami metropolitan area. While Document 3 mentions a band based in Miami, it does not provide information linking Hollywood to the Miami metropolitan area.",0.0,0.0,0.0,OK,
240,240,dpr,dpp_map,What word or phrase is found in both the history of Belgium and cockfighting?,5ab259b25542993be8fa98de,"[17447, 22977]","[22977, 17447, 20607, 24597, 2591]",1.0,1.0,0.7350470423698425,0.6570574641227722,qwen3.5-122b,"Based on the provided context, the word or phrase found in both the history of Belgium and cockfighting is **""cockpit""**.

*   **Document 1** states that a cockfight is held in a ring called a **cockpit**.
*   **Document 2** states that Belgium has often been called the ""**cockpit** of Europe"" due to its strategic location and the many armies fighting on its soil.",0.0,0.0,0.0,OK,
241,241,dpr,dpp_map,"From March 631 to April 631, Farrukhzad Khosrau V was the king of an empire that succeeded which empire?",5ab2659e554299340b5254b2,"[16861, 23420]","[16861, 22696, 8880, 23420, 11489]",1.0,1.0,0.5985637903213501,0.034964919090270996,qwen3.5-122b,"Based on the provided context, Farrukhzad Khosrau V was the king of the Sasanian Empire (Document 1). According to Document 4, the Sasanian Empire succeeded the **Parthian Empire**.",0.0,0.0,0.0,OK,
242,242,dpr,dpp_map,The term Moneybomb was coined by Trevor Lyman to describe a massive online donation drive on behalf of a presidential candidate that was the first chairman of what PAC?,5ab266b5554299340b5254b4,"[2736, 3970]","[2736, 12304, 23051, 7711, 19764]",0.5,1.0,0.7074095010757446,0.18740026652812958,qwen3.5-122b,I cannot answer this based on the provided context.,0.0,0.0,0.0,OK,
243,243,dpr,dpp_map,Do The Importance of Being Icelandic and The Five Obstructions belong to different film genres ?,5ab271fe554299449642c8a6,"[863, 15854]","[863, 15854, 12361, 8281, 9830]",1.0,1.0,0.7372285723686218,0.9863978624343872,qwen3.5-122b,"Yes, based on the provided context, both *The Importance of Being Icelandic* and *The Five Obstructions* are described as **documentary films**.

*   **Document 1** states: ""The Importance of Being Icelandic is a 1998 **documentary film**...""
*   **Document 2** states: ""The Five Obstructions is a 2003 Danish **documentary film**...""

Therefore, according to the text, they belong to the same film genre (documentary), not different ones.",0.0,0.0,0.0,OK,
244,244,dpr,dpp_map,Which tendencies does a group like Uyoku dantai fall under?,5ab29bdc554299545a2cf9d1,"[7963, 7054]","[7963, 6608, 207, 8958, 244]",0.5,1.0,0.7226670384407043,0.9997996687889099,qwen3.5-122b,"Based on the provided context, a group like Uyoku dantai falls under the tendencies of being **Japanese ultranationalist far-right groups**.",0.0,0.0,0.0,OK,
245,245,dpr,dpp_map,"Who married a man who starred in Marcus Welby, M.D.?",5ab2b666554299194fa934ca,"[25085, 13771]","[25085, 15786, 23502, 16208, 21265]",0.5,1.0,0.7620784640312195,0.08700544387102127,qwen3.5-122b,I cannot answer this based on the provided context.,0.0,0.0,0.0,OK,
246,246,dpr,dpp_map,"The author of ""The New American Story "" served three terms as a US Senator from what state?",5ab2e3a15542992953946893,"[178, 10649]","[178, 3547, 11095, 15240, 8984]",0.5,1.0,0.7016684412956238,0.8486462831497192,qwen3.5-122b,"I cannot answer this based on the provided context.

The provided text states that ""The New American Story"" was written by Bill Bradley, a former United States Senator, but it does not specify which state he represented or how many terms he served.",0.0,0.0,0.0,OK,
247,247,dpr,dpp_map,"Which type of character is featured by the P.L. Travers's third book and last novel in the ""Mary Poppins"" series?",5ab322b1554299194fa93570,"[75, 24937]","[75, 1365, 24676, 16147, 24937]",1.0,1.0,0.6727955341339111,0.9995165467262268,qwen3.5-122b,"Based on the provided context, the P.L. Travers's third book and last novel in the ""Mary Poppins"" series, titled *Mary Poppins Opens the Door*, features the magical English nanny **Mary Poppins**.",0.0,0.0,0.0,OK,
248,248,dpr,dpp_map,"What boy band formed in Orlando, Florida in 1993 performed at the 2001 Kids Choice Awards?",5ab3244c554299233954ff29,"[4050, 986]","[4050, 6808, 5649, 24566, 2813]",0.5,1.0,0.7112912535667419,0.2671642601490021,qwen3.5-122b,"Based on the provided context, the boy band that performed at the 2001 Kids' Choice Awards is **Backstreet Boys**.

However, the provided text does not contain information confirming that the Backstreet Boys formed in Orlando, Florida in 1993; it only states that they performed at the event.",0.0,0.0,0.0,OK,
249,249,dpr,dpp_map,How do the Peter Laufer books Forbidden Creatures and No Animals Were Harmed differ in their focus on animals?,5ab3cecd5542992ade7c6eae,"[14697, 14692]","[14692, 14697, 114, 23290, 14927]",1.0,1.0,0.6467481255531311,0.5488957166671753,qwen3.5-122b,"Based on the provided context, the two books differ in their focus as follows:

*   **Forbidden Creatures** (2010) explores the lives of those who own exotic animals or have been captured for illegally smuggling them, with a strong focus on Travis, the chimpanzee who attacked Charla Nash in 2009.
*   **No Animals Were Harmed** (2011) explores what those who work with animals believe to be the line between using animals for entertainment purposes and abusing them.",0.0,0.0,0.0,OK,
250,250,dpr,dpp_map,Who was the team president of the 2012 Cleveland Browns?,5ab42d6055429942dd415eb0,"[13279, 1484]","[1484, 22614, 3842, 13279, 23137]",1.0,1.0,0.6894840002059937,0.6854406595230103,qwen3.5-122b,"Based on the provided context, the team president of the 2012 Cleveland Browns was **Mike Holmgren** (also referred to as Michael George Holmgren).

Document 4 states that the 2012 season was the third season under the leadership of team president Mike Holmgren, and Document 1 confirms that Holmgren served as president of the Cleveland Browns.",0.0,0.0,0.0,OK,
251,251,dpr,dpp_map,To where did the war criminal who is the fictional defendant in the film After the Truth flee in real life ?,5ab4304a55429942dd415ec5,"[16694, 25092]","[16694, 11570, 24811, 16976, 890]",0.5,1.0,0.7121742963790894,0.20959001779556274,qwen3.5-122b,I cannot answer this based on the provided context.,0.0,0.0,0.0,OK,
252,252,dpr,dpp_map,Do Lush and P.O.D. both consist of four band members?,5ab4428c5542990594ba9bda,"[4103, 6701]","[4103, 21391, 3440, 13388, 15718]",0.5,1.0,0.7267397046089172,0.06491176038980484,qwen3.5-122b,I cannot answer this based on the provided context.,0.0,0.0,0.0,OK,
253,253,dpr,dpp_map,Who provided the source material for the 2015 Australian revenge comedy-drama film in which Rebecca Gibney featured?,5ab46f4e5542991751b4d770,"[14935, 18366]","[18366, 10433, 1543, 24376, 4109]",0.5,1.0,0.6850601434707642,0.9117613434791565,qwen3.5-122b,"I cannot answer this based on the provided context.

(Note: While Document 1 describes the 2015 film *The Dressmaker* and states it is based on a novel by Rosalie Ham, the provided text does not mention that Rebecca Gibney featured in the film.)",0.0,0.0,0.0,OK,
254,254,dpr,dpp_map,"At the 46th Grammy Awards, which award did the album by The White Stripes, which included the song Seven Nation Army, win?",5ab474135542991751b4d77b,"[8564, 10963]","[8564, 13255, 12942, 21313, 23511]",0.5,1.0,0.7602158784866333,0.6843340992927551,qwen3.5-122b,"Based on the provided context, I cannot answer this question.

The text in Document 1 states that the song ""Seven Nation Army"" won the Grammy Award for Best Rock Song, but it does not specify which Grammy Awards ceremony (e.g., the 46th) this occurred at, nor does it mention any awards won by the album ""Elephant"" itself.",0.0,0.0,0.0,OK,
255,255,dpr,dpp_map,"Which facility was founded in Missouri, Discovery Zone or Valentino's?",5ab484415542990594ba9c44,"[25725, 10636]","[25725, 10636, 14883, 11092, 21478]",1.0,1.0,0.6696435213088989,0.03653286024928093,qwen3.5-122b,"Based on the provided context, **Discovery Zone** was founded in Missouri.

Document 1 states that the first Discovery Zone location was opened in Kansas City, Missouri, in October 1989. Document 2 states that Valentino's is based in Lincoln, Nebraska.",0.0,0.0,0.0,OK,
256,256,dpr,dpp_map,Both Truth in Science and Discovery embrace what campaign?,5ab4e3065542990594ba9cb4,"[25109, 17812]","[25109, 17842, 12304, 23757, 17812]",1.0,1.0,0.5994485020637512,0.9927572011947632,qwen3.5-122b,"Both Truth in Science and the Discovery Institute embrace the ""Teach the Controversy"" campaign.",0.0,0.0,0.0,OK,
257,257,dpr,dpp_map,What is the nationality of the most successful female ski racer ever?,5ab503db5542990594ba9cc8,"[191, 15876]","[191, 15876, 10821, 19463, 2815]",1.0,1.0,0.6467090249061584,0.9960445761680603,qwen3.5-122b,"Based on the provided context, I cannot answer this question.

Document 1 states that Verena Schneider is the ""third most successful female ski racer ever (after Lindsey Vonn and Annemarie Moser-Pröll),"" but the text does not specify which of the two skiers ahead of her (Lindsey Vonn or Annemarie Moser-Pröll) is the single ""most successful."" Therefore, the nationality of the *most* successful racer cannot be determined from the text alone.",0.0,0.0,0.0,OK,
258,258,dpr,dpp_map,What was the budget of the film in which Kodi Smit-McPhee voiced Norman Babcock?,5ab5062f55429942dd415fd1,"[854, 12076]","[10750, 16530, 24476, 14963, 23546]",0.0,0.0,0.6956838369369507,0.13628563284873962,qwen3.5-122b,I cannot answer this based on the provided context.,0.0,0.0,0.0,OK,
259,259,dpr,dpp_map,"Who won the 2007 Copa America Final, with help from Julio Baptista?",5ab514dc5542990594ba9cfa,"[10234, 6555]","[10234, 2232, 18904, 12760, 1168]",0.5,1.0,0.6504479050636292,0.9988824725151062,qwen3.5-122b,"Based on the provided context, **Brazil** won the 2007 Copa América Final. The document states that Brazil defeated Argentina 3–0, with goals from Júlio Baptista, a Roberto Ayala own goal, and Dani Alves.",0.0,0.0,0.0,OK,
260,260,dpr,dpp_map,God Is Not Great is by a journalist which due to his actions made him what?,5ab53bee554299637185c526,"[611, 7524]","[611, 24555, 9830, 2121, 9746]",0.5,1.0,0.7467159032821655,0.025759398937225342,qwen3.5-122b,I cannot answer this based on the provided context.,0.0,0.0,0.0,OK,
261,261,dpr,dpp_map,"The producer of ""Live By NIght"" began his film career playing what role in ""Critters 3""?",5ab545d3554299494045ef5c,"[13962, 21971]","[24794, 23681, 22337, 6208, 17423]",0.0,0.0,0.6715837717056274,0.12111447006464005,qwen3.5-122b,I cannot answer this based on the provided context.,0.0,0.0,0.0,OK,
262,262,dpr,dpp_map,"What is the birthdate of this American actor, director, and producer, who starred in Not Another B Movie?",5ab58ee6554299488d4d99d6,"[13066, 6018]","[13066, 20290, 21971, 14405, 2929]",0.5,1.0,0.7190314531326294,0.0641958937048912,qwen3.5-122b,I cannot answer this based on the provided context.,0.0,0.0,0.0,OK,
263,263,dpr,dpp_map,Prominent Danish Tibetologist Per Kjeld Sørensen is a professor of Central Asian Studies at Leipzig University that was founded by who?,5ab5ac345542992aa134a37f,"[20323, 13198]","[20323, 12638, 4966, 4647, 22693]",0.5,1.0,0.6758577227592468,0.037734344601631165,qwen3.5-122b,I cannot answer this based on the provided context.,0.0,0.0,0.0,OK,
264,264,dpr,dpp_map,"Who is Bruce Spizer an expert on, known as the most influential act of the rock era?",5ab5ed505542997d4ad1f255,"[8469, 11122]","[8469, 20415, 11122, 21035, 17669]",1.0,1.0,0.6442771553993225,0.9138949513435364,qwen3.5-122b,"Based on the provided context, Bruce Spizer is an expert on **The Beatles**.

Document 1 states that David ""Bruce"" Spizer is ""recognized as an expert on The Beatles."" Document 3 confirms that The Beatles ""became widely regarded as the foremost and most influential act of the rock era.""",0.0,0.0,0.0,OK,
265,265,dpr,dpp_map,"Which is in the family Rutaceae, the Diplolaena or the Arenaria?",5ab5eed65542997d4ad1f25c,"[25467, 11029]","[9510, 20880, 24884, 11029, 1723]",0.5,0.25,0.6834089159965515,0.03473846986889839,qwen3.5-122b,I cannot answer this based on the provided context.,0.0,0.0,0.0,OK,
266,266,dpr,dpp_map,The Church of England's Oxford Movement was opposed by a clergyman who wrote what type of literature?,5ab61798554299488d4d9aaa,"[2415, 10019]","[10019, 4262, 7524, 24597, 18104]",0.5,1.0,0.6593489646911621,0.14333459734916687,qwen3.5-122b,I cannot answer this based on the provided context.,0.0,0.0,0.0,OK,
267,267,dpr,dpp_map,Are Broughtonia and Laeliocattleya both orchids?,5ab642845542995eadeeff8e,"[10779, 10794]","[10794, 10198, 10779, 25058, 24884]",1.0,1.0,0.6028167009353638,0.9997019171714783,qwen3.5-122b,"Yes, both Broughtonia and Laeliocattleya are orchids.

- **Broughtonia** is explicitly described as a genus of orchids (family Orchidaceae) native to the Bahamas and the Greater Antilles.
- **Laeliocattleya** is described as a nothogenus of intergeneric orchid hybrids descended from the parental genera ""Laelia"" and ""Cattleya,"" which are also orchids.

Therefore, both are part of the orchid family.",0.0,0.0,0.0,OK,
268,268,dpr,dpp_map,"Which American audio engineer and clandestine chemist, who was a key figure in the San Francisco Bay Area hippie movement during the 1960s recorded the album ""Old and in the Way?""",5ab69c25554299110f219a39,"[24595, 25033]","[25033, 5024, 4839, 11245, 21175]",0.5,1.0,0.7356170415878296,0.011578924022614956,qwen3.5-122b,"I cannot answer this based on the provided context.

The provided text identifies Owsley Stanley as an American audio engineer and clandestine chemist who was a key figure in the San Francisco Bay Area hippie movement during the 1960s and who recorded live tapes for the Grateful Dead. However, none of the documents mention the album ""Old and in the Way"" or state that Stanley recorded it.",0.0,0.0,0.0,OK,
269,269,dpr,dpp_map,What kind of act does Whaling in Australia and Right whale have in common?,5ab6cebd55429954757d3378,"[22824, 11260]","[22824, 14276, 11260, 9246, 8889]",1.0,1.0,0.6020666360855103,0.5421585440635681,qwen3.5-122b,"Based on the provided context, the common act between whaling in Australia and right whales is that **right whales were one of the main varieties of whales hunted** during the whaling activities in Australia.

Document 1 states that whaling in Australia commenced in 1791 and that the ""main varieties of whales hunted were humpback, blue, right and sperm whales."" Document 3 provides details about right whales, including the explanation that they were named by whalers as the ""right"" whale to kill on a hunt.",0.0,0.0,0.0,OK,
270,270,dpr,dpp_map,The football manager who recruited David Beckham managed Manchester United during what timeframe?,5ab6d09255429954757d337d,"[2569, 17883]","[17883, 2569, 12505, 19602, 5327]",1.0,1.0,0.6706961989402771,0.07591989636421204,qwen3.5-122b,"Based on the provided context, the football manager who recruited David Beckham is Sir Alexander Chapman Ferguson (also known as Alex Ferguson), as noted in Document 2. According to Document 1, he managed Manchester United from **1986 to 2013**.",0.0,0.0,0.0,OK,
271,271,dpr,dpp_map,Roden Brothers were taken over in 1953 by a group headquartered in which Canadian city ?,5ab6ddb655429953192ad39e,"[17797, 5009]","[6132, 17797, 6283, 9972, 7696]",0.5,0.5,0.6632126569747925,0.9732263088226318,qwen3.5-122b,"Based on the provided context, I cannot answer this based on the provided context.

**Reasoning:**
Document 2 states that Roden Bros. Ltd. was taken over by ""Henry Birks and Sons"" in 1953. However, the document does not specify the city where Henry Birks and Sons was headquartered. While Document 1 mentions Peterborough, Ontario, in relation to Perkins Engines (owned by Varity), and Document 2 mentions Peterborough in relation to a book publisher, neither document explicitly links Henry Birks and Sons to a specific Canadian city.",0.0,0.0,0.0,OK,
272,272,dpr,dpp_map,Who was a supporting cast member of King Rat and was knighted in February 2001?,5ab6e8e6554299710c8d1faf,"[1130, 3718]","[1130, 4290, 3761, 22589, 5165]",0.5,1.0,0.7079919576644897,0.0443517342209816,qwen3.5-122b,I cannot answer this based on the provided context.,0.0,0.0,0.0,OK,
273,273,dpr,dpp_map,"What is the name of the physician who studied the cause of the 1854 Broad Street cholera outbreak in London, England?",5ab70c41554299110f219a9d,"[4072, 885]","[885, 4072, 16647, 25339, 10586]",1.0,1.0,0.6229916214942932,0.8991108536720276,qwen3.5-122b,"Based on the provided context, the physician who studied the cause of the 1854 Broad Street cholera outbreak in London, England, is **John Snow**.

Document 1 states that John Snow is considered one of the fathers of modern epidemiology due to his work in tracing the source of a cholera outbreak in Soho, London, in 1854. Document 2 further confirms that this outbreak is best known for John Snow's study of its causes and his hypothesis that contaminated water was the source.",0.0,0.0,0.0,OK,
274,274,dpr,dpp_map,SS Ionic was built by the industrial company based in what city?,5ab7b0775542992aa3b8c83e,"[2648, 6388]","[2648, 24841, 10031, 12956, 2724]",0.5,1.0,0.7086272835731506,0.9982635974884033,qwen3.5-122b,"Based on the provided context, SS Ionic was built by Harland and Wolff in **Belfast**.",0.0,0.0,0.0,OK,
275,275,dpr,dpp_map,"Why are many of the band, Hirsute Pursuit's songs considered controversial?",5ab804305542995dae37ea14,"[21048, 17630]","[21048, 25409, 24458, 20313, 23531]",0.5,1.0,0.7386921644210815,0.999908983707428,qwen3.5-122b,"Based on the provided context, many of Hirsute Pursuit's songs are considered controversial due to their **explicit nature** and their thematic focus on **homosexuality, gay sex, and the gay bear subculture**. This controversial and explicit content has frequently led to their videos being taken down from YouTube.",0.0,0.0,0.0,OK,
276,276,dpr,dpp_map,Which direction do both the M1 and the M6 Motorways travel?,5ab815865542995dae37ea2d,"[4673, 4672]","[4672, 25240, 1331, 4673, 24503]",1.0,1.0,0.6063923835754395,0.044337235391139984,qwen3.5-122b,"Based on the provided context, both the M1 and the M6 motorways travel in a **south-north** direction.

*   **Document 4** states: ""The M1 is a **south-north** motorway in England...""
*   **Document 1** states that the M6 ""runs from junction 19 of the M1... near Rugby via Birmingham then **heads north**...""",0.0,0.0,0.0,OK,
277,277,dpr,dpp_map,Carlos Alberto Hurtado played on loan from a mexican team which plays where?,5ab833ad5542990e739ec86f,"[20173, 1268]","[12238, 19026, 1523, 14978, 5193]",0.0,0.0,0.6182130575180054,0.05079752579331398,qwen3.5-122b,I cannot answer this based on the provided context.,0.0,0.0,0.0,OK,
278,278,dpr,dpp_map,The Red Queen's Race is a science fiction short story that uses the Red Queen's race from a novel by Lewis Carroll that is the sequel to what?,5ab84f2c55429934fafe6d54,"[1512, 11989]","[1512, 19898, 21013, 24512, 3853]",0.5,1.0,0.6643387675285339,0.12461540848016739,qwen3.5-122b,"Based on the provided context, the Red Queen's race is from Lewis Carroll's ""Through the Looking-Glass."" However, the text does not state what novel ""Through the Looking-Glass"" is the sequel to.

I cannot answer this based on the provided context.",0.0,0.0,0.0,OK,
279,279,dpr,dpp_map,Erskine Academy is located in a village in what county?,5ab850795542990e739ec8bd,"[1923, 2677]","[1923, 2544, 18427, 6804, 3774]",0.5,1.0,0.7013540267944336,0.09594175219535828,qwen3.5-122b,I cannot answer this based on the provided context.,0.0,0.0,0.0,OK,
280,280,dpr,dpp_map,"Which peak is flanked by Manaslu, Shispare or Ngadi Chuli?",5ab852c05542990e739ec8c5,"[18147, 11093]","[18147, 11093, 7717, 12984, 21233]",1.0,1.0,0.5120322108268738,0.04395398870110512,qwen3.5-122b,"Based on the provided context, **Ngadi Chuli** is the peak flanked by Manaslu.

Document 2 states: ""Ngadi Chuli... is flanked by Manaslu to the north and Himalchuli to the south."" Document 1 mentions Shispare is in the Batura Muztagh but does not mention it being flanked by Manaslu.",0.0,0.0,0.0,OK,
281,281,dpr,dpp_map,Substorm was described in qualitative terms by a scientist nominated for what seven times?,5ab864945542990e739ec8e1,"[9605, 23854]","[4831, 9605, 24363, 15356, 11389]",0.5,0.5,0.7230759859085083,0.04668930172920227,qwen3.5-122b,I cannot answer this based on the provided context.,0.0,0.0,0.0,OK,
282,282,dpr,dpp_map,Lucas da Silva Carvalho was an unused reserve runner for a Brazilian athletics track event which at top class events is run in lanes for the first what?,5ab865235542992aa3b8c8db,"[22927, 5523]","[5523, 23651, 17454, 22927, 6055]",1.0,1.0,0.6751900315284729,0.5680403709411621,qwen3.5-122b,"Based on the provided context, Lucas da Silva Carvalho was an unused reserve runner for the Brazilian 4 × 400 metres relay. According to Document 1, at top class events, the first **500 metres** is run in lanes.

Answer: 500 metres",0.0,0.0,0.0,OK,
283,283,dpr,dpp_map,What profession was both John Updike and Bret Easton Ellis ?,5ab8764155429919ba4e22fe,"[3437, 4643]","[4643, 3437, 24893, 17069, 13832]",1.0,1.0,0.6978713274002075,0.9983798265457153,qwen3.5-122b,"Based on the provided context, both John Updike and Bret Easton Ellis were **authors** (specifically American authors) and **short story writers**.

*   **Document 1** describes Bret Easton Ellis as an ""American author, screenwriter, and short story writer.""
*   **Document 2** describes John Hoyer Updike as an ""American novelist, poet, short story writer, art critic, and literary critic.""

The professions they share are **author** (or novelist) and **short story writer**.",0.0,0.0,0.0,OK,
284,284,dpr,dpp_map,Are John le Carré and Tim Winton both novelists?,5ab90e9755429934fafe6e51,"[4612, 165]","[4643, 6422, 4599, 24493, 2330]",0.0,0.0,0.690996527671814,0.16673573851585388,qwen3.5-122b,I cannot answer this based on the provided context.,0.0,0.0,0.0,OK,
285,285,dpr,dpp_map,Is there fruit juice in both a Fizz and a Painkiller cocktail?,5ab934465542996be202043e,"[25675, 1128]","[1128, 25675, 21648, 15125, 3969]",1.0,1.0,0.6712467074394226,0.10840990394353867,qwen3.5-122b,"Yes, based on the provided context, both cocktails contain fruit juice.

*   **Painkiller:** Document 1 states it is a blend containing ""4 parts **pineapple juice**"" and ""1 part **orange juice**.""
*   **Fizz:** Document 2 states its defining features include an ""acidic **juice** (such as **lemon** or **lime**).""",0.0,0.0,0.0,OK,
286,286,dpr,dpp_map,"The non-fiction book ""Finding Chandra"" is about an affair between the victim and a congressman that holds a B.B.A from what school?",5ab973b35542996be20204fd,"[9608, 22274]","[9608, 12119, 4912, 12080, 24811]",0.5,1.0,0.7497293949127197,0.09113150089979172,qwen3.5-122b,I cannot answer this based on the provided context.,0.0,0.0,0.0,OK,
287,287,dpr,dpp_map,"Which sister of Margarita ""Peggy"" Schuyler Van Rensselaer is sometimes called Betsey?",5ab9d0b755429955dce3ed8f,"[21216, 252]","[21216, 7079, 12667, 8109, 1298]",0.5,1.0,0.6380525827407837,0.6064544320106506,qwen3.5-122b,"Based on the provided context, the sister of Margarita ""Peggy"" Schuyler Van Rensselaer is **Elizabeth Schuyler Hamilton**.

(Note: While the provided text lists her as ""Elizabeth Schuyler Hamilton"" and does not explicitly mention the nickname ""Betsey,"" she is the only sister listed in Document 1, and ""Betsey"" is a common historical nickname for Elizabeth.)",0.0,0.0,0.0,OK,
288,288,dpr,dpp_map,Are Eve Beglarian and Zach Bogosian both of Armenian descent?,5ab9ddef5542994dbf019875,"[22531, 4421]","[737, 15879, 4780, 24964, 5936]",0.0,0.0,0.6723706722259521,0.360282301902771,qwen3.5-122b,I cannot answer this based on the provided context.,0.0,0.0,0.0,OK,
289,289,dpr,dpp_map,"The English actor Kris Marshall played which character in the highly rated comedy-drama television series ""Death in Paradise""?",5ab9debb55429955dce3ed97,"[17157, 12938]","[12938, 17157, 24586, 21657, 3539]",1.0,1.0,0.7086118459701538,0.9995395541191101,qwen3.5-122b,"Based on the provided context, the English actor Kris Marshall played the character **DI Humphrey Goodman** in the television series ""Death in Paradise."" He took over the role in April 2013 for the show's third series and left in February 2017 during the sixth series.",0.0,0.0,0.0,OK,
290,290,dpr,dpp_map,In what year was the scientific journal for which Danilo Erricolo is currently Editor-in-Chief established?,5aba18ee5542994dbf0198b4,"[22478, 9472]","[11372, 15162, 5190, 903, 21435]",0.0,0.0,0.6548190116882324,0.053870655596256256,qwen3.5-122b,I cannot answer this based on the provided context.,0.0,0.0,0.0,OK,
291,291,dpr,dpp_map,Yakuza Kiwami is a remake of the first video game in what video game series that is an open world action-adventure beat 'em up video game franchise?,5aba510f5542994dbf0198d6,"[22508, 8958]","[8958, 22508, 24000, 14512, 15367]",1.0,1.0,0.665406346321106,0.9731268882751465,qwen3.5-122b,"Based on the provided context, **Yakuza Kiwami** is a remake of the first video game in the **Yakuza** series (also known in Japan as *Ryū ga Gotoku*).

Document 1 describes the **Yakuza** franchise as an ""open world action-adventure beat 'em up video game franchise,"" and Document 2 confirms that *Yakuza Kiwami* is a ""remake of 'Yakuza', the first video game in the 'Yakuza' series.""",0.0,0.0,0.0,OK,
292,292,dpr,dpp_map,"Giuseppe Tornatore, an italian film director and screenwriter, wrote and directed his film ""The Best Offer"" in what language?",5aba6d4b5542994dbf019906,"[17780, 14963]","[14963, 17780, 543, 14954, 3801]",1.0,1.0,0.6722665429115295,0.9742523431777954,qwen3.5-122b,"Based on the provided context, Giuseppe Tornatore's film ""The Best Offer"" is an **English-language** film (though it is an Italian production).

Document 1 states: ""The Best Offer (Italian: La migliore offerta – entitled Deception in the UK) is a 2013 Italian **English-language** romantic mystery film written and directed by Giuseppe Tornatore.""",0.0,0.0,0.0,OK,
293,293,dpr,dpp_map,The Indigenous Team of the Century's coach played over how many games at senior level?,5aba7a22554299232ef4a2e7,"[9170, 25933]","[9170, 5710, 17436, 25358, 18944]",0.5,1.0,0.6509096026420593,0.023313378915190697,qwen3.5-122b,I cannot answer this based on the provided context.,0.0,0.0,0.0,OK,
294,294,dpr,dpp_map,"Which Canadian Province was captured with the support of the Mi'kmaq, Maliseet, Passamaquoddy, Abenaki, and Penobscot?",5aba916c55429901930fa83b,"[9455, 2012]","[2012, 10549, 9455, 17280, 15690]",1.0,1.0,0.6399306654930115,0.3842853009700775,qwen3.5-122b,"Based on the provided context, the **Province of Quebec** (specifically the region that was part of New France and later renamed the Province of Quebec) was the territory captured with the support of the Mi'kmaq, Maliseet, Passamaquoddy, Abenaki, and Penobscot.

Here is the reasoning based on the documents:
*   **Document 1** identifies the Mi'kmaq, Maliseet, Passamaquoddy, Abenaki, and Penobscot as the five principal nations of the **Wabanaki Confederacy**.
*   **Document 3** states that the **Siege of Port Royal** (which led to the British taking control of Acadia, later renamed **Nova Scotia**) was conducted against a French garrison and the **Wabanaki Confederacy**. This indicates the Wabanaki nations were fighting *against* the British in this specific event, not supporting them.
*   **Document 4** mentions that the Maliseet and Mi'kmaq fought the British through six wars and mobilized against them in the American Revolution.
*   **Document 5** describes the creation of the **Province of Quebec** by Great Britain after the **Seven Years' War**. While the text does not explicitly state the Wabanaki nations supported the British capture of Quebec, historical context often associates the Wabanaki with French alliances during the Seven Years' War (opposing the British).

However, strictly adhering to the instruction to answer **ONLY** based on the provided text:
The provided text **does not contain information** stating that the Mi'kmaq, Maliseet, Passamaquoddy, Abenaki, and Penobscot supported the capture of any specific Canadian Province. In fact, Document 3 and Document 4 suggest these groups fought *against* the British (supporting the French or resisting British expansion).

Therefore, based strictly on the provided context, I cannot answer this question as the text does not describe these nations supporting the capture of a province; rather, it describes them opposing British forces.

**Correction/Refinement:**
Let me re-read carefully to ensure I haven't missed a nuance.
*   Doc 1: Defines the nations.
*   Doc 2: Discusses Pequis (Saulteaux), unrelated to the specific list.
*   Doc 3: Siege of Port Royal (Acadia/Nova Scotia).",0.0,0.0,0.0,OK,
295,295,dpr,dpp_map,Which Formula One World Champion had a teammate named Richie Ginther?,5aba926f55429901930fa83e,"[654, 8570]","[8570, 25690, 25336, 6900, 6606]",0.5,1.0,0.6937537789344788,0.04600051790475845,qwen3.5-122b,I cannot answer this based on the provided context.,0.0,0.0,0.0,OK,
296,296,dpr,dpp_map,What was the title of the failed magazine that preceded and inspired the The Science Fiction League?,5aba97ed55429901930fa84d,"[18108, 3044]","[18108, 23634, 25344, 13073, 18728]",0.5,1.0,0.6566445231437683,0.04587232321500778,qwen3.5-122b,I cannot answer this based on the provided context.,0.0,0.0,0.0,OK,
297,297,dpr,dpp_map,Andrew Stanton co-directed which film which featured greedy grasshoppers?,5aba9e545542994dbf019986,"[4757, 19185]","[23546, 25829, 25913, 2801, 2965]",0.0,0.0,0.672899603843689,0.10457803308963776,qwen3.5-122b,I cannot answer this based on the provided context.,0.0,0.0,0.0,OK,
298,298,dpr,dpp_map,How many Golden Globe Awards did this English retired actress whose career has spanned over six decades and who appeared in the two-act drama Moby Dick—Rehearsed by Orson Welles?,5abac89d55429901930fa8b5,"[17457, 11151]","[11151, 128, 7620, 17457, 17203]",1.0,1.0,0.7134560346603394,0.9993832111358643,qwen3.5-122b,"Based on the provided context, the English retired actress described is **Dame Joan Plowright** (Document 1), whose career has spanned over six decades and who appeared in the two-act drama *Moby Dick—Rehearsed* by Orson Welles (Document 4).

According to Document 1, she has won **two** Golden Globe Awards.",0.0,0.0,0.0,OK,
299,299,dpr,dpp_map,In what part of England is John Folwes' country house located?,5abacac45542996cc5e49e94,"[20071, 6422]","[20071, 2644, 19423, 10347, 5875]",0.5,1.0,0.6352373361587524,0.9975085854530334,qwen3.5-122b,"Based on the provided context, John Fowles' country house, Belmont, is located in **West Dorset, South West England**.",0.0,0.0,0.0,OK,
300,300,dpr,dpp_map,Curious is a women's fragrance by a singer born in what city and state?,5abaccd1554299660624161b,"[14248, 13075]","[14248, 21291, 5156, 10919, 7891]",0.5,1.0,0.7342804074287415,0.0723719522356987,qwen3.5-122b,I cannot answer this based on the provided context.,0.0,0.0,0.0,OK,
301,301,dpr,dpp_map,What award did the writer of Never Let Me Go novel win in 1989?,5abae3205542996cc5e49edc,"[4031, 2087]","[4031, 14630, 3437, 2476, 18798]",0.5,1.0,0.6593642830848694,0.969169557094574,qwen3.5-122b,"Based on the provided context, the writer of the novel *Never Let Me Go* is Kazuo Ishiguro. According to Document 1, he won the **Booker Prize** in 1989 for his novel *The Remains of the Day*.",0.0,0.0,0.0,OK,
302,302,dpr,dpp_map,White love was what number of single created by a record label est in 2008 by Kim Shi Dao?,5abafb6d5542992ccd8e7e92,"[16888, 12840]","[16888, 1014, 18405, 17649, 13298]",0.5,1.0,0.6271780729293823,0.08032888174057007,qwen3.5-122b,I cannot answer this based on the provided context.,0.0,0.0,0.0,OK,
303,303,dpr,dpp_map,How many constituents does Greg Gianforte's district have?,5abb14a55542992ccd8e7f06,"[11988, 25940]","[7960, 11988, 19764, 10692, 17857]",0.5,0.5,0.7294884920120239,0.03895832970738411,qwen3.5-122b,I cannot answer this based on the provided context.,0.0,0.0,0.0,OK,
304,304,dpr,dpp_map,Harry Emerson Fosdick was called to serve as pastor at a church that opened its doors on what date?,5abb2f2f554299232ef4a3d7,"[25912, 1349]","[25912, 128, 20694, 10648, 3111]",0.5,1.0,0.7341302037239075,0.07077017426490784,qwen3.5-122b,I cannot answer this based on the provided context.,0.0,0.0,0.0,OK,
305,305,dpr,dpp_map,"The world's greatest Super-Heroes anthology showcased one of four superheroes known for speaking the phrase ""SHAZAM"", what was their name?",5abb342055429966062416e8,"[2617, 16362]","[2617, 16362, 14262, 17461, 11700]",1.0,1.0,0.6184585094451904,0.6781296133995056,qwen3.5-122b,"Based on the provided context, the superhero showcased in the *The World's Greatest Super-Heroes* anthology who is known for speaking the phrase ""SHAZAM"" is **Captain Marvel** (also known as Shazam).

Document 1 states that the anthology reprinted graphic novels celebrating four main characters, including Captain Marvel. Document 2 confirms that Captain Marvel is the alter ego of Billy Batson, who transforms by speaking the magic word ""SHAZAM"".",0.0,0.0,0.0,OK,
306,306,dpr,dpp_map,Jean-Paul Sartre or George Bernard Shaw  have more influence on turn of the century literature?,5abbb42555429931dba144af,"[3723, 1726]","[6422, 1726, 1155, 2771, 23115]",0.5,0.5,0.6380181312561035,0.0739765390753746,qwen3.5-122b,I cannot answer this based on the provided context.,0.0,0.0,0.0,OK,
307,307,dpr,dpp_map,"Which genus of plant grows originally in Mexico and Guatemala, Phylica or Weldenia?",5abbc4d255429931dba144fe,"[1787, 11876]","[11876, 10198, 8953, 18186, 23526]",0.5,1.0,0.6175915002822876,0.2582254409790039,qwen3.5-122b,"Based on the provided context, **Weldenia** is the genus that grows originally in Mexico and Guatemala.

Document 1 states: ""Weldenia is a monotypic genus of flowering plant... It has one single species: Weldenia candida, which grows originally in Mexico and Guatemala."" The context does not contain information about the genus *Phylica*.",0.0,0.0,0.0,OK,
308,308,dpr,dpp_map,Are Cardinal Health and Kansas City Southern located in the same state?,5abbd58d554299660624172f,"[205, 18601]","[205, 4330, 25942, 24918, 777]",0.5,1.0,0.6175763607025146,0.08579006046056747,qwen3.5-122b,I cannot answer this based on the provided context.,0.0,0.0,0.0,OK,
309,309,dpr,dpp_map,"Which is larger, Garajonay National Park or Guadarrama National Park?",5abbdb195542993f40c73bf1,"[11172, 24782]","[11172, 24782, 8690, 9598, 7227]",1.0,1.0,0.6755818128585815,0.982683002948761,qwen3.5-122b,"Based on the provided context, **Guadarrama National Park** (Sierra de Guadarrama National Park) is larger.

*   **Garajonay National Park** occupies **40 km²** (15 sq mi).
*   **Guadarrama National Park** covers nearly **34,000 hectares**. Since 100 hectares equal 1 km², 34,000 hectares is equal to **340 km²**.

Therefore, 340 km² is significantly larger than 40 km².",0.0,0.0,0.0,OK,
310,310,dpr,dpp_map,Who directed the 1971 film in which Pat Ashton starred in?,5abbdd6955429931dba145b5,"[16644, 6235]","[6208, 18119, 7388, 2801, 25662]",0.0,0.0,0.6294583678245544,0.1906203329563141,qwen3.5-122b,I cannot answer this based on the provided context.,0.0,0.0,0.0,OK,
311,311,dpr,dpp_map,Rolls-Royce Welland's name is taken from this river that is low long,5abbe4c0554299642a094bc0,"[3379, 2969]","[2969, 24378, 19423, 25437, 19959]",0.5,1.0,0.6492365598678589,0.014989564195275307,qwen3.5-122b,I cannot answer this based on the provided context.,0.0,0.0,0.0,OK,
312,312,dpr,dpp_map,Are both Viken Babikian and Don Manoukian American ?,5abbf8bc5542993f40c73c35,"[23897, 18284]","[25647, 20232, 21073, 1386, 15350]",0.0,0.0,0.7293641567230225,0.0659080520272255,qwen3.5-122b,I cannot answer this based on the provided context.,0.0,0.0,0.0,OK,
313,313,dpr,dpp_map,Are Wake Forest University and Pennsylvania State University both located in the US?,5abc081e5542993f40c73c54,"[8163, 1172]","[24409, 8163, 1172, 24769, 6996]",1.0,0.5,0.6161552667617798,0.7164962291717529,qwen3.5-122b,"Yes, both Wake Forest University and Pennsylvania State University are located in the United States.

*   **Wake Forest University** is located in Winston-Salem, **North Carolina, United States** (Document 2).
*   **Pennsylvania State University** has campuses and facilities throughout **Pennsylvania**, which is a state in the **United States** (Document 3).",0.0,0.0,0.0,OK,
314,314,dpr,dpp_map,"Which Argentine telenovela broadcast by Telefe from March 12 to December 19, 2012 starred Isabel Macedo as Jimena Benitez?",5abc5951554299114383a116,"[18916, 14305]","[18916, 16741, 14305, 22002, 10107]",1.0,1.0,0.6877455711364746,0.5270822048187256,qwen3.5-122b,"Based on the provided context, the Argentine telenovela broadcast by Telefe from March 12 to December 19, 2012, that starred Isabel Macedo as Jimena Benitez (also known as Patricia Longo) is **Graduados**.

This information is derived from:
- **Document 1**, which states that Patricia Longo (also known as Jimena Benitez) is a character in the 2012 Argentine telenovela ""Graduados"" played by Isabel Macedo.
- **Document 3**, which confirms that ""Graduados"" is a 2012 Argentine telenovela broadcast by Telefe from March 12 to December 19.",0.0,0.0,0.0,OK,
315,315,dpr,dpp_map,"Which movie was released first, Return to Oz or Midnight Madness?",5abc5955554299114383a118,"[23385, 7388]","[23385, 7388, 5373, 23220, 8376]",1.0,1.0,0.6715628504753113,0.009296891279518604,qwen3.5-122b,"Based on the provided context, **Midnight Madness** was released first.

*   **Midnight Madness** was released in **1980** (Document 2).
*   **Return to Oz** was released in **1985** (Document 1).",0.0,0.0,0.0,OK,
316,316,dpr,dpp_map,Matthew Butturini was born in a town on the Tweed River how many km north-east of Sydney?,5abc8d00554299700f9d78fd,"[13650, 25718]","[10772, 13650, 21104, 20605, 19959]",0.5,0.5,0.7043882608413696,0.025103870779275894,qwen3.5-122b,I cannot answer this based on the provided context.,0.0,0.0,0.0,OK,
317,317,dpr,dpp_map,"Soundcloud rap has been used by which rapper from Lauderhill, Florida?",5abce43855429959677d6b18,"[23066, 22127]","[23066, 12316, 20408, 22127, 23796]",1.0,1.0,0.6555909514427185,0.23919090628623962,qwen3.5-122b,"Based on the provided context, the rapper from Lauderhill, Florida, associated with Soundcloud rap is **XXXTentacion** (Jahseh Dwayne Onfroy).

Document 1 identifies Soundcloud rap as a genre and lists XXXTentacion as an example, noting his heavy metal influence. Document 4 confirms that XXXTentacion is an American rapper from Lauderhill, Florida.",0.0,0.0,0.0,OK,
318,318,dpr,dpp_map,"The composer for the music in the film ""A Clockwork Orange"" was born in which state?",5abcf46255429959677d6b6b,"[10937, 13226]","[10937, 14405, 528, 10847, 20290]",0.5,1.0,0.7474901080131531,0.08449715375900269,qwen3.5-122b,I cannot answer this based on the provided context.,0.0,0.0,0.0,OK,
319,319,dpr,dpp_map,Carlos Hasselbaink is the older brother of the footballer of what nationality?,5abcf51c554299700f9d7949,"[3825, 23157]","[3825, 11248, 8670, 7331, 23651]",0.5,1.0,0.739202618598938,0.9983558654785156,qwen3.5-122b,"Based on the provided context, Carlos Hasselbaink is the older brother of Jimmy Floyd Hasselbaink, who is described as a **Dutch** football (soccer) player (as Carlos is identified as a former Dutch player and they are brothers, and Jimmy played for Dutch clubs like Chelsea and Middlesbrough, though the text explicitly states Carlos is Dutch and Jimmy is his brother).

Wait, let me re-read Document 1 carefully.
""Carlos Hasselbaink ... is a former Dutch football (soccer) player.""
""He is the older brother of former Chelsea and Middlesbrough striker Jimmy Floyd Hasselbaink.""

The text explicitly states Carlos is **Dutch**. It does not explicitly state Jimmy's nationality in the text, but since they are brothers and Carlos is Dutch, and Jimmy played for Dutch clubs (implied by the context of Carlos playing for Dutch clubs before retiring, though Jimmy played for Chelsea and Middlesbrough which are English clubs), the text implies they share the same background. However, strictly based *only* on the text provided:
- Carlos is Dutch.
- Jimmy is his brother.
- The text does not explicitly state ""Jimmy is [Nationality]"".

However, the question asks ""Carlos Hasselbaink is the older brother of the footballer of what nationality?""
The text says Carlos is a ""former Dutch football player"". It says Jimmy is his brother. It does not explicitly state Jimmy's nationality.
But usually, in these types of questions, if the brother is mentioned in the context of a Dutch player, the implication is shared nationality.
Let's look at the phrasing again. ""Carlos Hasselbaink ... is a former Dutch football (soccer) player.""
""He is the older brother of former Chelsea and Middlesbrough striker Jimmy Floyd Hasselbaink.""

Does the text say Jimmy is Dutch? No.
Does the text say Jimmy is English? No.
Does the text say Jimmy is Surinamese? No (Carlos was born in Suriname).

Actually, looking at the sentence structure: ""Carlos Hasselbaink ... is a former Dutch football (soccer) player... He is the older brother of former Chelsea and Middlesbrough striker Jimmy Floyd Hasselbaink.""
The text identifies Carlos as Dutch. It does not explicitly identify Jimmy's nationality.
However, the question asks about the nationality of",0.0,0.0,0.0,OK,
320,320,dpr,dpp_map,"Archie Norman will succeed Robert Swannell as chairman of what British multinational retailer that is headquartered in the city of Westminster, London?",5abd0553554299700f9d7963,"[16997, 3212]","[16997, 4334, 19448, 11630, 18418]",0.5,1.0,0.6941992044448853,0.6713373064994812,qwen3.5-122b,"Based on the provided context, Archie Norman will succeed Robert Swannell as chairman of **Marks & Spencer**.

Document 1 states: ""He will succeed Robert Swannell as chairman of Marks & Spencer in September 2017."" While the provided text does not explicitly mention that Marks & Spencer is headquartered in the city of Westminster, it is the only British multinational retailer identified in the context associated with this succession.",0.0,0.0,0.0,OK,
321,321,dpr,dpp_map,Are Muzzle and Screaming Trees both alternative rock bands?,5abd0eae5542996e802b46d4,"[826, 5214]","[5214, 826, 2683, 284, 7364]",1.0,1.0,0.6500543355941772,0.9998481273651123,qwen3.5-122b,"Based on the provided context, **Muzzle** is explicitly described as an ""alternative rock band."" However, **Screaming Trees** is described as an ""American rock band"" that is ""widely associated with grunge"" and incorporated ""hard rock and psychedelic elements,"" but the text does not explicitly label them as an ""alternative rock band.""

Therefore, while the context confirms Muzzle is an alternative rock band, it does not explicitly state that Screaming Trees is one.",0.0,0.0,0.0,OK,
322,322,dpr,dpp_map,What is Peter Daou's website's slogan?,5abd6be55542993062266c89,"[8639, 23051]","[23051, 16521, 5062, 13265, 20472]",0.5,1.0,0.7252174615859985,0.9846845865249634,qwen3.5-122b,"Based on the provided context, Peter Daou's website's slogan is ""media for the 65.8 million.""",0.0,0.0,0.0,OK,
323,323,dpr,dpp_map,Were both Eugene Dynkin and Vladimir Voevodsky mathematicians from Russia?,5abd7aba55429924427fcfed,"[2170, 224]","[2170, 2151, 7503, 18768, 21339]",0.5,1.0,0.5927873849868774,0.07838289439678192,qwen3.5-122b,I cannot answer this based on the provided context.,0.0,0.0,0.0,OK,
324,324,dpr,dpp_map,"What village in Nassau County, New York with a name meaning ""a pleasant place"" is represented by Kathleen Rice in the United States House of Representatives?",5abd8ee05542993062266cc8,"[21639, 24844]","[21639, 6628, 9004, 1007, 23274]",0.5,1.0,0.7324494123458862,0.07720599323511124,qwen3.5-122b,I cannot answer this based on the provided context.,0.0,0.0,0.0,OK,
325,325,dpr,dpp_map,A private university that beat Georgetown during a basketball tournament is from what U.S. city?,5abd93115542996e802b47e0,"[4002, 7214]","[11690, 15635, 963, 13843, 15471]",0.0,0.0,0.6504288911819458,0.07408354431390762,qwen3.5-122b,I cannot answer this based on the provided context.,0.0,0.0,0.0,OK,
326,326,dpr,dpp_map,When was the former IBF World title holder born?,5abde7ba5542991f6610609e,"[12654, 9705]","[22408, 20241, 12813, 23938, 3610]",0.0,0.0,0.6884680986404419,0.04730851203203201,qwen3.5-122b,I cannot answer this based on the provided context.,0.0,0.0,0.0,OK,
327,327,dpr,dpp_map,In Ancient Egyptian religion how would a citizen be weighted to decide if they where worthy of damnation and would face the torment in the lake of fire ?,5abdf06355429976d4830a2d,"[2121, 159]","[2121, 159, 7549, 6908, 12008]",1.0,1.0,0.72297203540802,0.9996799230575562,qwen3.5-122b,"Based on the provided context, in Ancient Egyptian religious tradition, a citizen's heart was weighed against the feather of truth. If the citizen's heart was heavier than a feather, they would face torment in a lake of fire.",0.0,0.0,0.0,OK,
328,328,dpr,dpp_map,What is the population of the city as of the 2010 Census where the band Quincy Mumford & The Reason Why is based?,5abdf7055542993f32c2a06c,"[14194, 1496]","[14194, 24458, 19552, 25958, 6701]",0.5,1.0,0.7628499865531921,0.28483039140701294,qwen3.5-122b,"I cannot answer this based on the provided context.

The provided text states that the band Quincy Mumford & The Reason Why is based in Asbury Park, New Jersey (Document 1), but it does not contain population data for Asbury Park from the 2010 Census. The only population figure mentioned in the context is for Worcester, Massachusetts (Document 4).",0.0,0.0,0.0,OK,
329,329,dpr,dpp_map,At what theater is the composer and lyricist for the musical Big Fish a residential artist?,5abdff775542993f32c2a082,"[16335, 613]","[23187, 16335, 15350, 25670, 613]",1.0,0.5,0.6537876129150391,0.0360969677567482,qwen3.5-122b,"Based on the provided context, the composer and lyricist for the musical *Big Fish* is Andrew Lippa (Document 2). According to Document 5, Andrew Lippa is a resident artist at the **Ars Nova Theater** in New York City.",0.0,0.0,0.0,OK,
330,330,dpr,dpp_map,"In the Morpeth Arms pub in London, there's a Spying Room with a view overlooking the headquarters of which organisation?",5abe64bf55429976d4830b13,"[19930, 2308]","[19930, 2308, 21784, 17320, 23402]",1.0,1.0,0.6473256945610046,0.9369790554046631,qwen3.5-122b,"Based on the provided context, the Spying Room in the Morpeth Arms pub overlooks the headquarters of the **Secret Intelligence Service** (also known as SIS or MI6).

Document 1 states that the Spying Room ""provides a good view of the headquarters of the Secret Intelligence Service across the river,"" and Document 2 confirms that the SIS Building houses the headquarters of the Secret Intelligence Service.",0.0,0.0,0.0,OK,
331,331,dpr,dpp_map,"Which university did one of the key figures in the American documentary film, released in 2015, directed by Malcolm Ingram, pay for, before being drafted 18th overall pick for the New Jersey Nets?",5abe65e25542993f32c2a101,"[18826, 6731]","[11690, 18826, 8449, 15350, 15305]",0.5,0.5,0.7127387523651123,0.07408354431390762,qwen3.5-122b,I cannot answer this based on the provided context.,0.0,0.0,0.0,OK,
332,332,dpr,dpp_map,Mesih Pasha's uncle became emperor in what year?,5abe79c755429976d4830b2a,"[10700, 23898]","[7253, 7714, 22696, 10700, 3287]",0.5,0.25,0.6255439519882202,0.08732723444700241,qwen3.5-122b,I cannot answer this based on the provided context.,0.0,0.0,0.0,OK,
333,333,dpr,dpp_map,Millennium Greens were funded in part by a what type of lottery?,5abe87cb5542993f32c2a156,"[18446, 5511]","[18446, 11702, 4486, 23051, 9189]",0.5,1.0,0.7712206244468689,0.9947329163551331,qwen3.5-122b,"Based on the provided context, Millennium Greens were funded in part by the **National Lottery**.",0.0,0.0,0.0,OK,
334,334,dpr,dpp_map,Lake Wales Ridge National Wildlife Refuge is on the US route that runs between a city in what Florida county?,5abecdf45542997719eab5d4,"[23487, 508]","[14578, 23487, 14053, 24052, 2966]",0.5,0.5,0.6520410776138306,0.24875256419181824,qwen3.5-122b,"Based on the provided context, I cannot answer this question.

Document 2 states that the Lake Wales Ridge National Wildlife Refuge is located ""east of US 27 between Davenport and Sebring Florida,"" but it does not specify which county these cities are in. Document 3 mentions Palm Beach County, but that is in relation to State Road 715 and Lake Okeechobee, not the Lake Wales Ridge.",0.0,0.0,0.0,OK,
335,335,dpr,dpp_map,Are Tantrix and Personal Preference both types of games?,5abed4d55542990832d3a0e0,"[24203, 11189]","[11189, 24203, 9600, 14512, 6199]",1.0,1.0,0.6708933711051941,0.9926878809928894,qwen3.5-122b,"Yes, both Tantrix and Personal Preference are types of games.

- **Personal Preference** is described as a 1987 board game.
- **Tantrix** is described as a hexagonal tile-based abstract game.

Therefore, based on the provided context, both are indeed games.",0.0,0.0,0.0,OK,
336,336,dpr,dpp_map,The 1966 Football League Cup Final was contested with which team that is based in the West Midlands?,5abee69c5542993fe9a41d8b,"[722, 13134]","[722, 13267, 19588, 7460, 11384]",0.5,1.0,0.577663779258728,0.8734419345855713,qwen3.5-122b,"Based on the provided context, the 1966 Football League Cup Final was contested between West Bromwich Albion and West Ham United. West Bromwich Albion is the team based in the West Midlands.

Answer: West Bromwich Albion",0.0,0.0,0.0,OK,
337,337,dpr,dpp_map,The evil clown is a subversion of the traditional comic clown character with the modern archetype popularised by a book that follows the experiences of how many children?,5abef8fd5542990832d3a111,"[18683, 9854]","[18683, 7639, 25226, 25534, 8105]",0.5,1.0,0.7209824919700623,0.0559912733733654,qwen3.5-122b,"Based on the provided context, I cannot answer this question.

While Document 1 states that the modern archetype of the evil clown was popularized by Stephen King's 1986 novel ""It,"" the text does not mention how many children follow the experiences in that book.",0.0,0.0,0.0,OK,
338,338,dpr,dpp_map,What empire was Aleksei Gen born into?,5abf8ae85542990832d3a14b,"[15809, 9132]","[10531, 7721, 9382, 2254, 11333]",0.0,0.0,0.595667839050293,0.08786673098802567,qwen3.5-122b,I cannot answer this based on the provided context.,0.0,0.0,0.0,OK,
339,339,dpr,dpp_map,"When ""Good Night"" was aired on ""The Simpsons 138th Epsiode Spectacular,"" which actress did the voice of the character named after Matt Groening's mother?",5abfd5c45542994516f4550e,"[11132, 25916]","[25916, 25709, 23890, 11132, 7326]",1.0,1.0,0.7268204689025879,0.8927416205406189,qwen3.5-122b,"Based on the provided context, the character named after Matt Groening's mother is **Marge Simpson** (named after his mother, Margaret Groening). According to Document 4, Marge Simpson is voiced by **Julie Kavner**.

Document 1 confirms that the short ""Good Night"" was aired on the episode ""The Simpsons 138th Episode Spectacular."" Therefore, the actress who voiced the character is Julie Kavner.

Answer: Julie Kavner",0.0,0.0,0.0,OK,
340,340,dpr,dpp_map,What is the middle name of the actor who hosted the24th People's Choice Awards with  Reba McEntire ?,5abffa095542990832d3a1de,"[11679, 7514]","[6087, 11679, 2183, 24092, 18341]",0.5,0.5,0.6719539761543274,0.10319259762763977,qwen3.5-122b,I cannot answer this based on the provided context.,0.0,0.0,0.0,OK,
341,341,dpr,dpp_map,What date was the person born that Samuel Flores Borrego was the right hand man of?,5ac00584554299012d1db575,"[13432, 5900]","[12797, 22944, 13350, 16166, 11248]",0.0,0.0,0.7211194634437561,0.1684214472770691,qwen3.5-122b,I cannot answer this based on the provided context.,0.0,0.0,0.0,OK,
342,342,dpr,dpp_map,"Which actress, who debuted in Friday Night Lights also starred in The River Why?",5ac027005542996f0d89cb3d,"[5019, 395]","[5019, 19737, 5321, 12103, 14938]",0.5,1.0,0.718659520149231,0.10086163878440857,qwen3.5-122b,I cannot answer this based on the provided context.,0.0,0.0,0.0,OK,
343,343,dpr,dpp_map,In which Navy was the single-engine BAE Systems Hawk operated?,5ac04a265542997d642959f1,"[2528, 12046]","[12046, 5929, 2528, 870, 23473]",1.0,1.0,0.5812617540359497,0.17077578604221344,qwen3.5-122b,"Based on the provided context, the single-engine BAE Systems Hawk was operated by the **Royal Navy** (specifically by its Fleet Air Arm).

Document 3 states that the Fleet Requirements and Air Direction Unit (FRADU), a unit of the Royal Navy's Fleet Air Arm, was equipped with 13 BAE Systems Hawk T1 aircraft. Document 1 confirms that the BAE Systems Hawk is a single-engine aircraft.",0.0,0.0,0.0,OK,
344,344,dpr,dpp_map,Ambrose Mendy has managed and/or advised a British professional boxer that as of July 2017 is ranked the world's seventh best super middleweight by who?,5ac056385542997d64295a08,"[5327, 4250]","[5327, 16727, 5391, 22408, 13797]",0.5,1.0,0.6463969945907593,0.047033462673425674,qwen3.5-122b,I cannot answer this based on the provided context.,0.0,0.0,0.0,OK,
345,345,dpr,dpp_map,"What genre did the writer whose novel was based on ""I'll Take Manhattan"" writes?",5ac0a18a5542992a796ded41,"[21629, 24273]","[21629, 2771, 24877, 25957, 11245]",0.5,1.0,0.6967777013778687,0.1215706393122673,qwen3.5-122b,"Based on the provided context, the novel ""I'll Take Manhattan"" was written by **Judith Krantz**. However, the provided documents do not contain any information about the genre of books written by Judith Krantz.

Therefore, I cannot answer this based on the provided context.",0.0,0.0,0.0,OK,
346,346,dpr,dpp_map,At what university is the organic chemist who headed the group that designed the nanocar a professor?,5ac160af5542994d76dccdfa,"[11360, 4535]","[11360, 10213, 3363, 15136, 21792]",0.5,1.0,0.6609303951263428,0.9998555779457092,qwen3.5-122b,"Based on the provided context, I cannot answer this question.

**Reasoning:**
*   **Document 1** states that the nanocar was designed in 2005 at **Rice University** by a group headed by **Professor James Tour**.
*   However, the provided text does not explicitly state that James Tour is an ""organic chemist,"" nor does it confirm his current or specific professorial title in the field of organic chemistry (though he is a professor at Rice University).
*   **Document 5** mentions **George R. Newkome**, who is described as a ""chemist"" and ""Professor of Polymer Science and Chemistry"" at the **University of Akron**, but the text does not link him to the design of the nanocar.

Since the context does not explicitly identify the ""organic chemist"" who headed the nanocar group, the specific university for that specific description cannot be confirmed solely from the provided text.",0.0,0.0,0.0,OK,
347,347,dpr,dpp_map,What was the alternate slang name for the World War I era grenade that the egg grenade was less awkward than to handle?,5ac1725c5542994d76dcce2c,"[17932, 18966]","[17932, 6910, 7592, 18966, 17562]",1.0,1.0,0.6828253269195557,0.15657781064510345,qwen3.5-122b,"Based on the provided context, the grenade that the Model 17 Eierhandgranate (""Egg grenade"") was less awkward to handle than is the **Stick grenade**.

According to Document 4, the Stielhandgranate (which is the Stick grenade) was also called a **""potato masher""** in British Army slang.",0.0,0.0,0.0,OK,
348,348,dpr,dpp_map,"What was the official religion of the lands of the husband of Dorothea of Denmark, Duchess of Prussia?",5ac194db55429964131be23a,"[10253, 3048]","[3048, 8015, 11647, 4375, 19282]",0.5,1.0,0.6164509057998657,0.027743490412831306,qwen3.5-122b,I cannot answer this based on the provided context.,0.0,0.0,0.0,OK,
349,349,dpr,dpp_map,What was the nationality of Bernhard Heiden's teacher?,5ac1c7605542994ab5c67e14,"[22644, 24941]","[3111, 24406, 13660, 11166, 3509]",0.0,0.0,0.6940345168113708,0.19623634219169617,qwen3.5-122b,I cannot answer this based on the provided context.,0.0,0.0,0.0,OK,
350,350,dpr,dpp_map,"What year was a joint venture between RLJ Companies and this film studio founded in 2005, founded?",5ac240ef55429951e9e684ef,"[623, 4913]","[7139, 4913, 15795, 19361, 7535]",0.5,0.5,0.6587046384811401,0.04046684131026268,qwen3.5-122b,I cannot answer this based on the provided context.,0.0,0.0,0.0,OK,
351,351,dpr,dpp_map,"Which Oxford University graduate did Midge Mackenzie interview in ""Women Talking""?",5ac24cea55429951e9e6853a,"[9575, 23693]","[7399, 12905, 9575, 15284, 14542]",0.5,0.3333333333333333,0.6768986582756042,0.06326140463352203,qwen3.5-122b,I cannot answer this based on the provided context.,0.0,0.0,0.0,OK,
352,352,dpr,dpp_map,Who is the film dedicated to that Paramount Classics and MTV Films co-purchased the rights to?,5ac26ac15542992f1f2b38bc,"[15795, 20033]","[15795, 8353, 7535, 21073, 16976]",0.5,1.0,0.7275498509407043,0.04899601265788078,qwen3.5-122b,I cannot answer this based on the provided context.,0.0,0.0,0.0,OK,
353,353,dpr,dpp_map,What facility is shared by RAAF Base Williamtown and Newcastle Airport in New South Wales?,5ac290e85542992f1f2b3916,"[3944, 15788]","[15788, 12531, 3944, 8252, 5788]",1.0,1.0,0.5551170706748962,0.9920505881309509,qwen3.5-122b,"Based on the provided context, RAAF Base Williamtown and Newcastle Airport share their **runway facilities**.

This is stated in Document 3: ""The military base shares its runway facilities with Newcastle Airport.""",0.0,0.0,0.0,OK,
354,354,dpr,dpp_map,This sister company  of Líneas Aéreas Privadas Argentinas is most commonly known by its shortened name Austral?,5ac298805542990b17b15429,"[15259, 6103]","[6103, 15259, 8779, 6829, 6958]",1.0,1.0,0.6380614042282104,0.940592348575592,qwen3.5-122b,"I cannot answer this based on the provided context.

The provided text states that **Austral Líneas Aéreas** (shortened name **Austral**) is the sister company of **Aerolíneas Argentinas**, not of **Líneas Aéreas Privadas Argentinas (LAPA)**. Document 2 mentions that LAPA broke the monopoly controlled by Aerolíneas Argentinas and its sister company Austral, but it does not identify Austral as LAPA's sister company.",0.0,0.0,0.0,OK,
355,355,dpr,dpp_map,Which band My Darkest Days or Human Drama had only one constant member?,5ac29da5554299218029dac3,"[10229, 193]","[10229, 193, 11040, 19171, 284]",1.0,1.0,0.7211085557937622,0.7192479372024536,qwen3.5-122b,"Based on the provided context, **Human Drama** is the band that had only one constant member.

Document 2 states: ""With Indovina the only constant member, the band released six studio albums before splitting in 2005."" In contrast, Document 1 lists four specific members for My Darkest Days without mentioning a single constant member.",0.0,0.0,0.0,OK,
356,356,dpr,dpp_map,Choi Jun-hong  is best known as a member of a group formed in which year ?,5ac2ca84554299218029db55,"[13471, 13401]","[13471, 13388, 10042, 17522, 9609]",0.5,1.0,0.7021666169166565,0.9846989512443542,qwen3.5-122b,"I cannot answer this based on the provided context.

The provided text states that Choi Jun-hong (Zelo) is best known as a member of the group B.A.P and that he made his recording debut in November 2011, but it does not specify the year the group B.A.P was formed.",0.0,0.0,0.0,OK,
357,357,dpr,dpp_map,Where are Neoregelia and Aloysia known to grow,5ac2cdaa554299657fa29070,"[18186, 1723]","[18186, 24884, 25058, 13626, 12385]",0.5,1.0,0.6565614342689514,0.24369895458221436,qwen3.5-122b,"I cannot answer this based on the provided context.

(Note: The provided context mentions that *Neoregelia* is native to South American rainforests, but it contains no information about *Aloysia*.)",0.0,0.0,0.0,OK,
358,358,dpr,dpp_map,"Which film featured Rosalind Cash prior to the release of ""Sister, Sister""?",5ac2d9f65542996773102631,"[7447, 25009]","[7447, 19210, 24509, 3010, 9781]",0.5,1.0,0.6427074670791626,0.1737184077501297,qwen3.5-122b,I cannot answer this based on the provided context.,0.0,0.0,0.0,OK,
359,359,dpr,dpp_map,"Name the movie that was cowritten by Paul Rudd and the director of the 2011 British science fiction horror comedy film written and directed by Joe Cornish and starring John Boyega, Nick Frost, Jodie Whittaker and Luke Treadaway.",5ac2eaab5542990b17b154a4,"[4146, 11226]","[16711, 21657, 11226, 3713, 17157]",0.5,0.3333333333333333,0.6627718210220337,0.13305634260177612,qwen3.5-122b,I cannot answer this based on the provided context.,0.0,0.0,0.0,OK,
360,360,dpr,dpp_map,"Operalia, The World Opera Competition helped launch the career of an operatic soprano of what nationality?",5ac3090d5542990b17b154fc,"[7044, 6342]","[7044, 6838, 1460, 5500, 15535]",0.5,1.0,0.6884822249412537,0.9971674084663391,qwen3.5-122b,"Based on the provided context, I cannot answer this question.

**Reasoning:**
Document 1 lists several artists whose careers were launched by Operalia, including Joseph Calleja, Giuseppe Filianoti, Rolando Villazón, José Cura, Joyce DiDonato, Elizabeth Futral, Inva Mula, Ana María Martínez, and Sonya Yoncheva. However, the text does not specify the vocal ranges (e.g., soprano, mezzo-soprano) or the nationalities of these individuals. Therefore, it is impossible to determine the nationality of an ""operatic soprano"" from the information given.",0.0,0.0,0.0,OK,
361,361,dpr,dpp_map,Where is the stadium at which 1964 Georgia Tech Yellow Jackets football team played their home game located?,5ac32b565542995ef918c154,"[22624, 25606]","[25606, 22624, 2437, 5268, 5556]",1.0,1.0,0.6490516066551208,0.2173607349395752,qwen3.5-122b,"Based on the provided context, the 1964 Georgia Tech Yellow Jackets football team played their home games at Grant Field, which is located in **Atlanta, Georgia**.

This is supported by:
- **Document 2**, which states the team ""played their home games at Grant Field in Atlanta, Georgia.""
- **Document 1**, which clarifies that Bobby Dodd Stadium at Historic Grant Field is located ""at the corner of North Avenue at Techwood Drive on the campus of the Georgia Institute of Technology in Atlanta.""",0.0,0.0,0.0,OK,
362,362,dpr,dpp_map,what language did the ethnic group which Torstein Ellingsen was its drumer  speaks,5ac35a7e554299741d48a257,"[18692, 24078]","[14654, 19669, 19912, 12848, 24907]",0.0,0.0,0.645790159702301,0.06716222316026688,qwen3.5-122b,I cannot answer this based on the provided context.,0.0,0.0,0.0,OK,
363,363,dpr,dpp_map,"Prior to playing for Michigan State, Keith Nichol played football for a school located in what city?",5ac397fe554299218029dbe2,"[9026, 25838]","[11690, 7274, 16962, 12599, 19255]",0.0,0.0,0.7209028005599976,0.07408354431390762,qwen3.5-122b,I cannot answer this based on the provided context.,0.0,0.0,0.0,OK,
364,364,dpr,dpp_map,"Who released the song ""With or Without You"" first, Jai McDowall or U2?",5ac3a76e554299741d48a2be,"[12942, 7741]","[7741, 12942, 19260, 20747, 8354]",1.0,1.0,0.7184101939201355,0.0713425725698471,qwen3.5-122b,"Based on the provided context, **U2** released the song ""With or Without You"" first.

According to Document 1, U2 released the song as the lead single from their album ""The Joshua Tree"" on **16 March 1987**. Document 2 states that Jai McDowall released a promotional single of the same song on **9 December 2011** as part of his debut album.",0.0,0.0,0.0,OK,
365,365,dpr,dpp_map,Whitford Lodge once held a branch of the bank that later became which national bank?,5ac3b4cc554299741d48a2eb,"[15790, 24702]","[15731, 9672, 22974, 4898, 25135]",0.0,0.0,0.5887246131896973,0.05012860894203186,qwen3.5-122b,I cannot answer this based on the provided context.,0.0,0.0,0.0,OK,
366,366,dpr,dpp_map,SLS station was designed to allow access to the area of Las Vegas that includes a hotel and casino in what other town?,5ac3c0495542995ef918c215,"[399, 4425]","[399, 24289, 17625, 24111, 338]",0.5,1.0,0.6122227311134338,0.9983554482460022,qwen3.5-122b,"Based on the provided context, I cannot answer this based on the provided context.

**Reasoning:**
Document 1 states that the tracks north of the SLS station were designed to provide access to a possible downtown extension via the northern portion of the Las Vegas Strip, specifically mentioning the area of ""Circus Circus Las Vegas and the Riviera."" However, the provided documents do not specify what ""other town"" these hotels and casinos are located in. Document 2 mentions Tropicana Las Vegas is in ""Paradise, Nevada,"" but it does not state that Circus Circus or the Riviera are in Paradise, nor does it link the extension plan to a specific town other than Las Vegas. Therefore, the specific town name for the ""other"" location is not available in the text.",0.0,0.0,0.0,OK,
367,367,dpr,dpp_map,"The court in which the most important decisions of the ""Black Book of the Admiralty"" where established under a monarch who was also known as the what of Scots?",5ac3c1805542995ef918c21f,"[650, 19296]","[650, 19296, 12517, 7621, 117]",1.0,1.0,0.6517999768257141,0.7519722580909729,qwen3.5-122b,"Based on the provided context, the ""Black Book of the Admiralty"" states that the High Court of Admiralty was established during the reign of **Edward I**. According to Document 2, Edward I was also known as the **Hammer of the Scots** (Latin: ""Malleus Scotorum"").

Answer: Hammer of the Scots",0.0,0.0,0.0,OK,
368,368,dpr,dpp_map,The Feminine Touch is a drama film starring which English actress?,5ac3d7f8554299076e296cb0,"[11779, 7099]","[11779, 19737, 7620, 14326, 18366]",0.5,1.0,0.7220314741134644,0.07899704575538635,qwen3.5-122b,I cannot answer this based on the provided context.,0.0,0.0,0.0,OK,
369,369,dpr,dpp_map,What sport is featured in the film in which Kwon Yu-ri made her film debut ?,5ac3e80b554299076e296ccd,"[7268, 15846]","[7268, 18912, 15846, 2238, 20079]",1.0,1.0,0.6077316999435425,0.9598767757415771,qwen3.5-122b,"Based on the provided context, Kwon Yu-ri made her film debut in the 2013 movie ""No Breathing."" According to Document 3, this film is a sports film set in the world of **competitive swimming**.",0.0,0.0,0.0,OK,
370,370,dpr,dpp_map,"Is Ohio State University or California State University, Dominguez Hills further west?",5ac41f1d5542991943173924,"[7131, 24258]","[24258, 25942, 4140, 10040, 17258]",0.5,1.0,0.5741172432899475,0.19604967534542084,qwen3.5-122b,"Based on the provided context, I cannot answer this question. The context contains information about California State University, Dominguez Hills (located in Carson, California), but it does not provide any information regarding the location of Ohio State University.",0.0,0.0,0.0,OK,
371,371,dpr,dpp_map,What river runs along the neighborhood where Ashley Estes Kavanaugh's wedding was held?,5ac434cb5542997ea680ca2f,"[13428, 5700]","[24052, 13428, 4019, 5799, 15277]",0.5,0.5,0.7144695520401001,0.028527023270726204,qwen3.5-122b,I cannot answer this based on the provided context.,0.0,0.0,0.0,OK,
372,372,dpr,dpp_map,"Which became a Cathedral first St Chad's Cathedral, Birmingham or Chelmsford Cathedral?",5ac44b47554299194317396c,"[8589, 13981]","[8589, 23456, 2271, 24532, 25094]",0.5,1.0,0.6881644129753113,0.11488396674394608,qwen3.5-122b,I cannot answer this based on the provided context.,0.0,0.0,0.0,OK,
373,373,dpr,dpp_map,Was Princess Charlotte of Cambridge born before or after the repealing of the Royal Marriages Act 1772?,5ac46a8b5542991943173980,"[8112, 18207]","[18207, 11970, 8112, 1298, 4815]",1.0,1.0,0.6333469152450562,0.8878864645957947,qwen3.5-122b,"Princess Charlotte of Cambridge was born on 2 May 2015, which is before the Royal Marriages Act 1772 was repealed on 26 March 2015.

Wait, let me correct that:

Princess Charlotte of Cambridge was born on **2 May 2015**, and the Royal Marriages Act 1772 was repealed on **26 March 2015**.

Therefore, Princess Charlotte of Cambridge was born **after** the repealing of the Royal Marriages Act 1772.",0.0,0.0,0.0,OK,
374,374,dpr,dpp_map,Are Pago Pago International Airport and Hoonah Airport both on American territory?,5ac4a5de5542995c82c4ad6e,"[20582, 23936]","[20582, 24701, 18680, 7971, 16345]",0.5,1.0,0.6291102170944214,0.03452343866229057,qwen3.5-122b,I cannot answer this based on the provided context.,0.0,0.0,0.0,OK,
375,375,dpr,dpp_map,Where was Nobel Laureate in Physics know for his contributions with Abdus Salam and Steven Weinberg a professor?,5ac50bca55429924173fb57f,"[6117, 16002]","[6117, 24226, 10382, 9596, 16887]",0.5,1.0,0.641521692276001,0.06752309203147888,qwen3.5-122b,I cannot answer this based on the provided context.,0.0,0.0,0.0,OK,
376,376,dpr,dpp_map,What is the name of one the ex-security officials that means The Institute?,5ac51a055542994611c8b390,"[19063, 10056]","[21738, 25591, 25370, 11875, 4232]",0.0,0.0,0.7118942141532898,0.46968409419059753,qwen3.5-122b,I cannot answer this based on the provided context.,0.0,0.0,0.0,OK,
377,377,dpr,dpp_map,"Which town is the venue, in which the APRA Music Awards of 2009 were held, located?",5ac52f8e5542996feb3fea14,"[9824, 10367]","[9824, 12430, 5401, 5828, 21313]",0.5,1.0,0.6498026847839355,0.9968144297599792,qwen3.5-122b,"Based on the provided context, the APRA Music Awards of 2009 were held at the Peninsula in **Melbourne**.",0.0,0.0,0.0,OK,
378,378,dpr,dpp_map,Edmundas Malūkas was the former mayor of the lake resort how far west of the capital of Lithuania?,5ac536485542996feb3fea2e,"[22411, 5146]","[22411, 5146, 10812, 16263, 16375]",1.0,1.0,0.6640639305114746,0.7136815786361694,qwen3.5-122b,"Based on the provided context, Edmundas Malūkas was the former mayor of Trakai, which is a historic city and lake resort. According to Document 2, Trakai lies **28 km** west of Vilnius, the capital of Lithuania.",0.0,0.0,0.0,OK,
379,379,dpr,dpp_map,Brian Newman's wife performs for what genre of variety show?,5ac54cef5542993e66e822da,"[16380, 11654]","[16380, 7326, 23175, 18366, 24502]",0.5,1.0,0.7783868312835693,0.9996297359466553,qwen3.5-122b,"Based on the provided context, Brian Newman is married to Angie Pontani, who is described as an **American burlesque performer**. The text does not explicitly state that she performs for a specific ""variety show,"" but it identifies her performance genre as **burlesque**.",0.0,0.0,0.0,OK,
380,380,dpr,dpp_map,"What award has the composer of ""Shady Lady"" received five times?",5adbc8e25542996e68525230,"[3663, 24928]","[3663, 24502, 6701, 16852, 8682]",0.5,1.0,0.7466142773628235,0.07142772525548935,qwen3.5-122b,I cannot answer this based on the provided context.,0.0,0.0,0.0,OK,
381,381,dpr,dpp_map,Was 9/11: Press for Truth released prior to Chasing Coral?,5adbe1c5554299438c868cc4,"[22843, 24220]","[24220, 12898, 15547, 22843, 24425]",1.0,1.0,0.6452478766441345,0.9741329550743103,qwen3.5-122b,"Yes, *9/11: Press for Truth* was released prior to *Chasing Coral*. According to the provided context, *9/11: Press for Truth* is a 2006 documentary film, while *Chasing Coral* is a 2017 documentary film.",0.0,0.0,0.0,OK,
382,382,dpr,dpp_map,"Tolex and General Tire manufacture very different products, but both make accessories for what type of transportation vehicle?",5adbf69c55429947ff173871,"[1471, 9212]","[9212, 8194, 25686, 3649, 5945]",0.5,1.0,0.6139694452285767,0.9974296689033508,qwen3.5-122b,"I cannot answer this based on the provided context.

The provided documents mention ""General Tire"" (Document 1) and ""Lexus"" (Document 5), but there is no mention of a company named ""Tolex."" Additionally, while Document 1 states that General Tire manufactures tires for ""motor vehicles,"" the documents do not confirm that both entities manufacture accessories for the same type of vehicle due to the absence of information regarding ""Tolex.""",0.0,0.0,0.0,OK,
383,383,dpr,dpp_map,"What nationality is the singer who recorded ""Who I Was Born to Be""?",5adc2b6255429947ff173901,"[16183, 7216]","[16183, 18412, 5447, 19158, 2098]",0.5,1.0,0.701209545135498,0.3509291112422943,qwen3.5-122b,"Based on the provided context, the singer who recorded ""Who I Was Born to Be"" is Susan Boyle. However, the text does not explicitly state her nationality.

Therefore, I cannot answer this based on the provided context.",0.0,0.0,0.0,OK,
384,384,dpr,dpp_map,Were Triumph of the Will and The End of America both made in the same year?,5adc2f53554299438c868d6d,"[11206, 5878]","[11206, 5878, 22451, 1345, 6607]",1.0,1.0,0.6665080785751343,0.032255273312330246,qwen3.5-122b,"No, they were not made in the same year. According to the provided context, *Triumph of the Will* is a 1935 film, while *The End of America* is a 2008 documentary film.",0.0,0.0,0.0,OK,
385,385,dpr,dpp_map,"In what year was the composer of ""Anthem"" born?",5adc46665542994650320cc8,"[9668, 12411]","[4660, 487, 5967, 15094, 16681]",0.0,0.0,0.6815436482429504,0.047352228313684464,qwen3.5-122b,I cannot answer this based on the provided context.,0.0,0.0,0.0,OK,
386,386,dpr,dpp_map,Are Norman Z. McLeod and Sam Wanamaker both directors?,5adc6eb65542994650320cf3,"[23388, 7346]","[16997, 15795, 24910, 6832, 24485]",0.0,0.0,0.7419708371162415,0.05177788808941841,qwen3.5-122b,I cannot answer this based on the provided context.,0.0,0.0,0.0,OK,
387,387,dpr,dpp_map,Who is an Australian philosopher that inspired Living High and Letting Die?,5adc85b855429944faac24e9,"[114, 8037]","[10573, 114, 3723, 13357, 24555]",0.5,0.5,0.6875995397567749,0.041569601744413376,qwen3.5-122b,I cannot answer this based on the provided context.,0.0,0.0,0.0,OK,
388,388,dpr,dpp_map,"""One Less Set of Footsteps"" is a song written and performed by a singer born in which year ?",5adca0845542994d58a2f684,"[11428, 3888]","[11428, 19847, 24667, 4543, 24734]",0.5,1.0,0.755236029624939,0.06944915652275085,qwen3.5-122b,I cannot answer this based on the provided context.,0.0,0.0,0.0,OK,
389,389,dpr,dpp_map,What did the American writer who wrote Into Thin Air  primarily known for in his writings,5adcad175542994ed6169bc3,"[25149, 11173]","[25149, 22681, 4612, 8387, 7215]",0.5,1.0,0.7450783848762512,0.5680534243583679,qwen3.5-122b,"Based on the provided context, the American writer who wrote *Into Thin Air* is Jon Krakauer. The text states that the book is a ""non-fiction book"" that ""details the author's presence at Mount Everest during the 1996 Mount Everest disaster.""

The provided context does not contain information about what Jon Krakauer is primarily known for in his writings other than this specific account of the 1996 Mount Everest disaster.",0.0,0.0,0.0,OK,
390,390,dpr,dpp_map,"Akademik Lomonosov was named after a Russian polymath, scientist, and writer, who discovered the atmosphere of what planet?",5adcc7515542994ed6169bff,"[8144, 23807]","[23807, 8374, 13369, 8998, 9596]",0.5,1.0,0.6744214296340942,0.8994249105453491,qwen3.5-122b,"Based on the provided context, Mikhail Vasilyevich Lomonosov was a Russian polymath, scientist, and writer who made important contributions to science. Among his discoveries was the atmosphere of **Venus**.

Answer: Venus",0.0,0.0,0.0,OK,
391,391,dpr,dpp_map,Were Illinois Institute of Technology and Boise State University both bounded before 1950?,5add10ca5542994ed6169c59,"[24453, 25246]","[24453, 25559, 15307, 21129, 9387]",0.5,1.0,0.7001708149909973,0.028923826292157173,qwen3.5-122b,I cannot answer this based on the provided context.,0.0,0.0,0.0,OK,
392,392,dpr,dpp_map,What is the start date of this tour that was the third concert tour by an American singer-songwriter and was completed in support of the album Red?,5add21555542992ae4cec496,"[14540, 14870]","[14870, 22947, 14540, 16408, 3917]",1.0,1.0,0.5912222862243652,0.9738739728927612,qwen3.5-122b,"Based on the provided context, the tour described is **The Red Tour**, which was the third concert tour by American singer-songwriter Taylor Swift and was launched in support of her album *Red*.

According to Document 1, the tour began on **March 13, 2013**.",0.0,0.0,0.0,OK,
393,393,dpr,dpp_map,"What 1997 song was on the Garth Brooks album that debuted at #1 on the ""Billboard"" 200?",5add3fe05542992c1e3a2580,"[24565, 24667]","[24667, 5478, 18037, 23405, 18708]",0.5,1.0,0.683991014957428,0.9567615389823914,qwen3.5-122b,"Based on the provided context, I cannot answer this question.

While Document 1 states that Garth Brooks' album *Sevens* was released on November 25, 1997, and debuted at #1 on the ""Billboard"" 200, it only mentions the song ""In Another's Eyes"" (a duet with Trisha Yearwood) in the context of winning a Grammy in 1998. The text does not explicitly state that ""In Another's Eyes"" was released as a song in 1997, nor does it list any other specific songs from the album.",0.0,0.0,0.0,OK,
394,394,dpr,dpp_map,A Therapy was written and directed by what French-Polish film director who was born in Paris?,5add44c25542997545bbbd0a,"[14082, 8974]","[14082, 19081, 9560, 543, 13389]",0.5,1.0,0.6915056109428406,0.530372142791748,qwen3.5-122b,"Based on the provided context, **A Therapy** was written and directed by **Roman Polanski**.

(Note: While Document 1 confirms Roman Polanski wrote and directed the film, it does not explicitly state his nationality as ""French-Polish"" or his birthplace as ""Paris,"" but he is the only director mentioned in relation to the film.)",0.0,0.0,0.0,OK,
395,395,dpr,dpp_map,"What resort in Biloxi, Mississippi does the Chief Operating Officer of the largest single hotel in the United States oversee?",5add56ad5542992200553abf,"[17783, 24255]","[18568, 22820, 13234, 12699, 24255]",0.5,0.2,0.6357740163803101,0.037202078849077225,qwen3.5-122b,I cannot answer this based on the provided context.,0.0,0.0,0.0,OK,
396,396,dpr,dpp_map,What was the release date and price for the release of Mac OS X that has the software for creating WWF files?,5add63845542992ae4cec541,"[11204, 23859]","[11204, 23859, 9189, 18554, 23778]",1.0,1.0,0.6970376372337341,0.38093695044517517,qwen3.5-122b,"Based on the provided context, the software for creating WWF files is available for **Mac OS X 10.4** (Document 1). According to Document 2, Mac OS X 10.4 Tiger was released to the public on **April 29, 2005**, for **US$129.95**.",0.0,0.0,0.0,OK,
397,397,dpr,dpp_map,Who conducted the negotiations  with the owners and the longest serving commandant of Auschwitz concentration and extermination camp?,5add8f055542990dbb2f7e6d,"[8837, 16702]","[25092, 8837, 16702, 7123, 8334]",1.0,0.5,0.6785143613815308,0.022461654618382454,qwen3.5-122b,"Based on the provided context:

*   **Kurt Gerstein** conducted the negotiations with the owners (of Degesch) regarding the supply of Zyklon B.
*   **Rudolf Höss** was the longest-serving commandant of Auschwitz concentration and extermination camp.

The text does not state that a single individual performed both roles; rather, these are two separate individuals described in Document 2 and Document 3, respectively.",0.0,0.0,0.0,OK,
398,398,dpr,dpp_map,Were Maurice Tourneur and Greg Mottola both American film directors?,5addf05a5542997dc79070cd,"[190, 344]","[344, 25913, 23681, 9086, 24213]",0.5,1.0,0.720705509185791,0.05018738657236099,qwen3.5-122b,I cannot answer this based on the provided context.,0.0,0.0,0.0,OK,
399,399,dpr,dpp_map,What role did Kim Dong-wook play in the 2012 South Korean historical film directed by Kim Dae-seung?,5ade0bc55542997545bbbe30,"[3016, 13406]","[10828, 10079, 16976, 13406, 18912]",0.5,0.25,0.6533399820327759,0.9191831946372986,qwen3.5-122b,"Based on the provided context, in the 2012 South Korean historical film *The Concubine* directed by Kim Dae-seung, Kim Dong-wook played the role of **Prince Sung-won**.",0.0,0.0,0.0,OK,
400,400,dpr,dpp_map,Which member of Odd Future also had a guest appearance on the album too Cozy?,5ade0e115542995b365fabf3,"[22632, 11661]","[19770, 2100, 24842, 9874, 576]",0.0,0.0,0.7175843715667725,0.06899691373109818,qwen3.5-122b,I cannot answer this based on the provided context.,0.0,0.0,0.0,OK,
401,401,dpr,dpp_map,Where did Henri Christophe and other slaves hold an uprising from 1791 to 1804 that led to the founding of a state which was both free from slavery and ruled by non-whites and former captives?,5ade1c9e55429939a52fe822,"[2531, 25996]","[25996, 2531, 6246, 2750, 14919]",1.0,1.0,0.6095705628395081,0.4379485249519348,qwen3.5-122b,"Based on the provided context, Henri Christophe and other slaves held an uprising in **Saint-Domingue** (now the sovereign nation of **Haiti**).

Document 1 states that the Haitian Revolution was an insurrection by self-liberated slaves against French colonial rule in Saint-Domingue, which began in 1791 and ended in 1804 with the founding of a state free from slavery and ruled by non-whites and former captives. Document 2 confirms that Henri Christophe was a key leader in this revolution.",0.0,0.0,0.0,OK,
402,402,dpr,dpp_map,"Which actor starred in Angels in the Outfield, Predator 2, and Places in the Heart?",5ade1f0555429975fa854e74,"[736, 14580]","[20736, 736, 14405, 13962, 4151]",0.5,0.5,0.7087242007255554,0.12982295453548431,qwen3.5-122b,I cannot answer this based on the provided context.,0.0,0.0,0.0,OK,
403,403,dpr,dpp_map,Why is Bangor Daily News talkin about Sawin Millett?,5ade26db5542997c77aded77,"[13288, 6939]","[9711, 7215, 6939, 23075, 20716]",0.5,0.3333333333333333,0.6541987657546997,0.3150950074195862,qwen3.5-122b,I cannot answer this based on the provided context.,0.0,0.0,0.0,OK,
404,404,dpr,dpp_map,What was the middle name of the pilot who was portrayed by Levon Helm in the film The Right Stuff ?,5ade3b925542992fa25da70a,"[734, 16575]","[734, 24175, 20290, 16575, 9449]",1.0,1.0,0.7209029197692871,0.4892430901527405,qwen3.5-122b,"Based on the provided context, the pilot portrayed by Levon Helm in the film *The Right Stuff* is Jack Ridley. Document 4 identifies his full name as Colonel Jackie Lynwood ""Jack"" Ridley.

Therefore, his middle name was **Lynwood**.",0.0,0.0,0.0,OK,
405,405,dpr,dpp_map,My Neighbor Totoro was produced by a Japanese animation film studio founded in what year?,5ade4da055429939a52fe878,"[6166, 2897]","[6166, 21453, 2897, 25, 5873]",1.0,1.0,0.6643170118331909,0.5543149709701538,qwen3.5-122b,"Based on the provided context, *My Neighbor Totoro* was produced by Studio Ghibli (Document 1). According to Document 3, Studio Ghibli was founded on 15 June 1985.

Answer: 1985",0.0,0.0,0.0,OK,
406,406,dpr,dpp_map,Get Off is an album by a group using which style originating in NYC in the early 1970s?,5ade61fd554299728e26c704,"[11978, 24847]","[24847, 11978, 18533, 25247, 20775]",1.0,1.0,0.6875437498092651,0.6583817601203918,qwen3.5-122b,"Based on the provided context, **Get Off** is an album by the group **Foxy**, which is described as a **Latin Dance/Disco** group. According to Document 1, **Disco** is the musical style that originated in **New York City** in the **early 1970s**.

Answer: Disco",0.0,0.0,0.0,OK,
407,407,dpr,dpp_map,Easter Airways' head office is located at which airport owned by Manchester Airports Group?,5ade66f055429939a52fe8a0,"[2288, 5788]","[5788, 2288, 4606, 23765, 25676]",1.0,1.0,0.6205872893333435,0.9985601305961609,qwen3.5-122b,"Based on the provided context, I cannot answer this question.

Here is the reasoning:
1.  **Document 2** states that ""Air Kilroe Limited, trading as **Eastern Airways**,"" has its head office at **Humberside Airport**. (Note: The question asks about ""Easter Airways,"" which appears to be a typo for ""Eastern Airways,"" but even assuming this correction, the next point applies).
2.  **Document 1** states that Humberside Airport was owned by Manchester Airports Group from 1999 until **1 August 2012**, when it was sold to the Eastern Group of companies.
3.  The context does not state that Humberside Airport is *currently* owned by Manchester Airports Group, nor does it mention any other airport owned by Manchester Airports Group that serves as the head office for Eastern Airways.

Therefore, the specific condition of the airport being ""owned by Manchester Airports Group"" is not met in the current context provided.",0.0,0.0,0.0,OK,
408,408,dpr,dpp_map,The infantry rifle regiment of the British Army that Talaiasi Labalaba served in was first created in what year?,5adea19a55429939a52fe919,"[23194, 6758]","[23194, 10323, 23680, 16698, 14626]",0.5,1.0,0.6433595418930054,0.06314297020435333,qwen3.5-122b,I cannot answer this based on the provided context.,0.0,0.0,0.0,OK,
409,409,dpr,dpp_map,"What was the name of the fanzine that interviewed the Sex Pistols bassist when he was in the band ""The Flowers of Romance?""",5adea9ea55429939a52fe934,"[4775, 3444]","[4775, 24087, 11245, 23268, 24571]",0.5,1.0,0.7557373046875,0.9983373284339905,qwen3.5-122b,"Based on the provided context, the fanzine that interviewed Sid Vicious (the Sex Pistols bassist) when he was a member of ""The Flowers of Romance"" was named **SKUM**.",0.0,0.0,0.0,OK,
410,410,dpr,dpp_map,The Robey-Peters Gun-Carrier was built at a commuter village with at population of what at the 2001 census?,5adeab4555429975fa854f5f,"[11818, 3166]","[11818, 12038, 24391, 619, 13341]",0.5,1.0,0.7055508494377136,0.1237003281712532,qwen3.5-122b,I cannot answer this based on the provided context.,0.0,0.0,0.0,OK,
411,411,dpr,dpp_map,In what state is the manufacturer of Bisquick headquartered?,5adeb78a554299728e26c77a,"[10074, 3796]","[25036, 13430, 6875, 4386, 14700]",0.0,0.0,0.6466718912124634,0.042218636721372604,qwen3.5-122b,I cannot answer this based on the provided context.,0.0,0.0,0.0,OK,
412,412,dpr,dpp_map,"Northland Mall was the first directionally-named shopping center in Columbus, 5 years before which shopping center at the intersection of US-40 and I-270?",5adebbbd554299728e26c793,"[3173, 23627]","[3173, 23982, 15277, 23675, 24745]",0.5,1.0,0.753333568572998,0.03836202621459961,qwen3.5-122b,I cannot answer this based on the provided context.,0.0,0.0,0.0,OK,
413,413,dpr,dpp_map,Mark Newhouse finished 9th in a 2013 series of poker tournaments sponsored by what corporation?,5adec5055542995534e8c707,"[18644, 12743]","[18644, 12743, 15116, 20864, 14855]",1.0,1.0,0.7039217948913574,0.783929169178009,qwen3.5-122b,"Based on the provided context, Mark Newhouse finished 9th in the 2013 World Series of Poker (WSOP) Main Event. According to Document 2, the World Series of Poker is sponsored by **Caesars Entertainment Corporation**.",0.0,0.0,0.0,OK,
414,414,dpr,dpp_map,which Mexican and American film actress is Ethel Houbiers  French voice of,5adef1b35542993a75d263af,"[12483, 10107]","[12483, 22326, 10107, 22002, 8829]",1.0,1.0,0.6978206634521484,0.16827014088630676,qwen3.5-122b,"Based on the provided context, Ethel Houbiers is the French voice of **Salma Hayek**.

Document 1 states that Ethel Houbiers is the French voice of Salma Hayek, and Document 3 confirms that Salma Hayek is a Mexican and American film actress.",0.0,0.0,0.0,OK,
415,415,dpr,dpp_map,"Who is considered the more well known author, Roger Angell or Harry Stephen Keeler?",5adf32165542993344016c15,"[9474, 2385]","[18104, 20299, 24676, 5626, 1726]",0.0,0.0,0.6763565540313721,0.1140473261475563,qwen3.5-122b,I cannot answer this based on the provided context.,0.0,0.0,0.0,OK,
416,416,dpr,dpp_map,Who was the president of the Sinn Fein political party during the Hume-Adams Dialogue?,5adf34d35542993a75d26425,"[12101, 15187]","[12101, 25105, 4825, 15187, 13545]",1.0,1.0,0.668733537197113,0.3321373164653778,qwen3.5-122b,"Based on the provided context, **Gerry Adams** was the president of the Sinn Féin political party during the Hume–Adams dialogue.

Document 1 states that the dialogue was between John Hume and ""Sinn Féin leader Gerry Adams."" Document 4 confirms that ""Gerard 'Gerry' Adams... is the president of the Sinn Féin political party.""",0.0,0.0,0.0,OK,
417,417,dpr,dpp_map,Who has more productions under their belt Ridley Scott or Elmer Clifton?,5adf53dc5542995534e8c791,"[9006, 24239]","[10839, 4913, 22737, 6920, 1345]",0.0,0.0,0.6737108826637268,0.06604262441396713,qwen3.5-122b,I cannot answer this based on the provided context.,0.0,0.0,0.0,OK,
418,418,dpr,dpp_map,Which number-one single is Michael Steele responsible for?,5adf62d05542992d7e9f932d,"[874, 11413]","[8729, 15173, 19835, 12942, 11657]",0.0,0.0,0.6932818293571472,0.17036235332489014,qwen3.5-122b,I cannot answer this based on the provided context.,0.0,0.0,0.0,OK,
419,419,dpr,dpp_map,"Which contributor to Fear: 13 Stories of Suspense and Horror was born on March 15, 1953 ?",5adf6b405542992d7e9f9341,"[11162, 5416]","[11162, 24811, 10271, 3306, 8134]",0.5,1.0,0.6877995729446411,0.09727691113948822,qwen3.5-122b,I cannot answer this based on the provided context.,0.0,0.0,0.0,OK,
420,420,dpr,dpp_map,"The College of Arts and Sciences of Ohio University is located on the university's central quadrangle lawn, which sits aligned to the cardinal directions, with what building facing true north?",5adf8ad25542993344016ce7,"[15309, 15307]","[15307, 1081, 25606, 11592, 13591]",0.5,1.0,0.6760638952255249,0.9776002764701843,qwen3.5-122b,"Based on the provided context, the building facing true north is **Manasseh Cutler Hall**.

Document 1 states that the College Green of Ohio University ""roughly sits aligned to the cardinal directions, with Manasseh Cutler Hall facing true north.""",0.0,0.0,0.0,OK,
421,421,dpr,dpp_map,"What is the name of the actress who has received a Drama Desk award and was part of the cast album for the 2007 Broadway production of the hit musical, ""Grease""?",5adf9dc3554299025d62a2e6,"[2133, 25803]","[2133, 6187, 25709, 24502, 5329]",0.5,1.0,0.7111507058143616,0.137994185090065,qwen3.5-122b,I cannot answer this based on the provided context.,0.0,0.0,0.0,OK,
422,422,dpr,dpp_map,The first Latina Supreme Court Justice was part of the majority decision of a case that upheld which previous supreme court case?,5adfa451554299025d62a319,"[16071, 6348]","[6348, 308, 7413, 16071, 3747]",1.0,1.0,0.644626796245575,0.9477092623710632,qwen3.5-122b,"Based on the provided context, the first Latina Supreme Court Justice is Sonia Maria Sotomayor (Document 1). According to Document 4, Justice Sotomayor joined the majority opinion in the case *Alleyne v. United States* (2013). The text states that this case decided that, ""in line with *Apprendi v. New Jersey* (2000),"" certain facts must be submitted to a jury.

Therefore, the case upheld the previous Supreme Court case **Apprendi v. New Jersey**.",0.0,0.0,0.0,OK,
423,423,dpr,dpp_map,Is Edison Sault Power Canal somehow linked with or used with the Cayuga–Seneca Canal?,5adfc77b554299603e4183ab,"[7758, 9704]","[9704, 7758, 20336, 24198, 10967]",1.0,1.0,0.5982447266578674,0.9720600247383118,qwen3.5-122b,"Based on the provided context, there is no information linking the Edison Sault Power Canal with the Cayuga–Seneca Canal.

*   **Document 1** states the Cayuga–Seneca Canal is in New York and is part of the New York State Canal System.
*   **Document 2** states the Edison Sault Power Canal is in Sault Ste. Marie, Michigan, and supplies a hydroelectric plant.

The documents describe them as separate entities in different states with no mentioned connection.",0.0,0.0,0.0,OK,
424,424,dpr,dpp_map,What Andy Williams' album did a song written by Charles Wesley appear on?,5adfd0d455429942ec259b4d,"[13018, 487]","[24062, 318, 2098, 25442, 22200]",0.0,0.0,0.7250579595565796,0.06260153651237488,qwen3.5-122b,I cannot answer this based on the provided context.,0.0,0.0,0.0,OK,
425,425,dpr,dpp_map,Kasper Peter Schmeichel is the son of a professional footballer who was voted what in 1992 and 1993?,5adfe37c554299025d62a377,"[8670, 16900]","[16900, 16359, 19693, 23256, 7882]",0.5,1.0,0.7008988857269287,0.839777946472168,qwen3.5-122b,"Based on the provided context, Kasper Peter Schmeichel's father is Peter Bolesław Schmeichel, who was voted the **IFFHS World's Best Goalkeeper** in 1992 and 1993.",0.0,0.0,0.0,OK,
426,426,dpr,dpp_map,What career did Markus Feehily and Bobby Fuller have in common?,5adff2aa554299603e4183d0,"[2101, 3767]","[11690, 17671, 14204, 20232, 21505]",0.0,0.0,0.7398269176483154,0.07408354431390762,qwen3.5-122b,I cannot answer this based on the provided context.,0.0,0.0,0.0,OK,
427,427,dpr,dpp_map,What year was George Harrison's top UK charted song voted the nations 11th favorite 1980s number?,5adffb4655429925eb1afbbf,"[14264, 9792]","[15173, 8729, 11122, 11657, 12021]",0.0,0.0,0.6538895964622498,0.17036235332489014,qwen3.5-122b,I cannot answer this based on the provided context.,0.0,0.0,0.0,OK,
428,428,dpr,dpp_map,"Which genus is native to arid or semi-desert areas, Alopecurus or Echeveria?",5ae022ab554299025d62a428,"[25058, 815]","[25058, 6868, 23526, 815, 17846]",1.0,1.0,0.6114922761917114,0.03808172419667244,qwen3.5-122b,"Based on the provided context, **Echeveria** is the genus native to semi-desert areas.

*   **Document 4** states that *Echeveria* is ""native to semi-desert areas of Central America, Mexico and northwestern South America.""
*   **Document 1** describes *Alopecurus* as common across ""temperate and subtropical parts"" but does not mention it being native to arid or semi-desert areas.",0.0,0.0,0.0,OK,
429,429,dpr,dpp_map,Are Columbia University and University of Colorado both private universities?,5ae04a2755429924de1b7091,"[23784, 7189]","[7189, 23784, 3254, 4500, 7209]",1.0,1.0,0.613314151763916,0.021182017400860786,qwen3.5-122b,"No, based on the provided context, they are not both private universities.

*   **Columbia University** is described as a **private** Ivy League research university (Document 2).
*   The **University of Colorado** is described as a system of **public** universities (Document 1).",0.0,0.0,0.0,OK,
430,430,dpr,dpp_map,Are Steve Perry and Dennis Lyxzén both members of the same band ?,5ae0616255429924de1b70ca,"[58, 10674]","[58, 17671, 25503, 23709, 2870]",0.5,1.0,0.675308883190155,0.030953262001276016,qwen3.5-122b,I cannot answer this based on the provided context.,0.0,0.0,0.0,OK,
431,431,dpr,dpp_map,Are Ash Lieb and Elswyth Thane both artists?,5ae074aa5542993d6555eb54,"[15677, 38]","[15677, 12493, 19056, 22139, 22711]",0.5,1.0,0.6955946087837219,0.047949254512786865,qwen3.5-122b,I cannot answer this based on the provided context.,0.0,0.0,0.0,OK,
432,432,dpr,dpp_map,Drachen Fire was a roller coaster located behind which suspended coaster at Busch Gardens Williamsburg?,5ae07e5b55429945ae959381,"[7792, 23654]","[7792, 9009, 4669, 23654, 16426]",1.0,1.0,0.6621086001396179,0.6209456920623779,qwen3.5-122b,"Based on the provided context, Drachen Fire was located behind the **Big Bad Wolf**.

Document 1 states that Drachen Fire ""was located in the Oktoberfest portion of the park, behind the Big Bad Wolf,"" and Document 4 confirms that the Big Bad Wolf was a ""suspended roller coaster in the Oktoberfest section of Busch Gardens Williamsburg.""",0.0,0.0,0.0,OK,
433,433,dpr,dpp_map,Lee Sung-jae stars in the film Barking Dogs Never Bite which is what film genre?,5ae09d6155429945ae9593d4,"[1187, 14085]","[14085, 1187, 22255, 24358, 17628]",1.0,1.0,0.6550372242927551,0.9983977675437927,qwen3.5-122b,"Based on the provided context, the film *Barking Dogs Never Bite* is a **dark comedy-drama**.",0.0,0.0,0.0,OK,
434,434,dpr,dpp_map,What food does one of Daniel Greene's subjects' restaurant chain specialize in?,5ae0b2f25542993d6555ec1c,"[4706, 25507]","[24904, 24408, 11189, 3233, 20275]",0.0,0.0,0.6648391485214233,0.028399327769875526,qwen3.5-122b,I cannot answer this based on the provided context.,0.0,0.0,0.0,OK,
435,435,dpr,dpp_map,Glaramara is a fell in the English Lake District in Cumbria that stretches from Stonethwaite which is a part of a valley and civil parrish in what Borough?,5ae0b60655429945ae959437,"[23610, 2839]","[23610, 4564, 7199, 24943, 13938]",0.5,1.0,0.5874485969543457,0.09211304038763046,qwen3.5-122b,I cannot answer this based on the provided context.,0.0,0.0,0.0,OK,
436,436,dpr,dpp_map,"How was Ada Lovelace, the first computer programmer, related to Lord Byron in Childe Byron?",5ae0ec48554299422ee9955a,"[15476, 25879]","[15476, 25879, 24676, 18104, 25226]",1.0,1.0,0.683624804019928,0.9999010562896729,qwen3.5-122b,"Based on the provided context, in the play *Childe Byron*, Ada Lovelace is the daughter of the poet Lord Byron. The play focuses on the strained relationship between them.",0.0,0.0,0.0,OK,
437,437,dpr,dpp_map,The uncle of Paul Capellani died at a military operation during a battle was fought between who?,5ae122465542997b2ef7d0f4,"[1866, 24447]","[8334, 4630, 13350, 2531, 12290]",0.0,0.0,0.7494732141494751,0.028996199369430542,qwen3.5-122b,I cannot answer this based on the provided context.,0.0,0.0,0.0,OK,
438,438,dpr,dpp_map,Bethpage State Parkway begins with an interchange at which Long Island-based limited access highway?,5ae1389655429901ffe4ae05,"[14612, 9419]","[14612, 9419, 14053, 2118, 4226]",1.0,1.0,0.6518104076385498,0.6579287648200989,qwen3.5-122b,"Based on the provided context, the Bethpage State Parkway begins at a trumpet interchange with the **Southern State Parkway**.

Document 1 states: ""It begins at a trumpet interchange with the Southern State Parkway in the village of North Massapequa...""
Document 2 confirms that the Southern State Parkway is a ""limited-access highway on Long Island, New York.""",0.0,0.0,0.0,OK,
439,439,dpr,dpp_map,What is the genre of music shared by vocalists Barney Greenway and Jens Kidman?,5ae165aa5542997b2ef7d1d1,"[794, 22630]","[24390, 11661, 20232, 8354, 17671]",0.0,0.0,0.7021240592002869,0.08460458368062973,qwen3.5-122b,I cannot answer this based on the provided context.,0.0,0.0,0.0,OK,
440,440,dpr,dpp_map,Celebrity Fifteen to One has had more than one appearance by an English writer and former Conservative Member of what?,5ae172c155429920d52343de,"[17821, 17032]","[17821, 14976, 7524, 8284, 23653]",0.5,1.0,0.681933581829071,0.8232314586639404,qwen3.5-122b,"Based on the provided context, **Celebrity Fifteen to One** featured appearances by **Gyles Brandreth**, who is noted as the only person to have appeared on episodes presented by both hosts. While the text identifies him as an appearance on the show, it does not explicitly state that he is an ""English writer"" or a ""former Conservative Member"" of any specific body.

However, the question asks ""Member of what?"" implying a specific organization or title. The provided documents do not contain information about Gyles Brandreth's political affiliation or membership in the Conservative Party or any other specific group. Document 5 mentions the Conservative Party in relation to The Freedom Association, but does not link it to Gyles Brandreth.

Therefore, strictly adhering to the constraint to answer **ONLY** based on the provided context:

I cannot answer this based on the provided context.",0.0,0.0,0.0,OK,
441,441,dpr,dpp_map,Which radioshow did Frank Sinatra appear on the year he won an Academy Award?,5ae17d6855429901ffe4aea7,"[18362, 626]","[10232, 16109, 626, 2208, 5871]",0.5,0.3333333333333333,0.6874067187309265,0.04401131719350815,qwen3.5-122b,I cannot answer this based on the provided context.,0.0,0.0,0.0,OK,
442,442,dpr,dpp_map,Where is the Cocoa Krispies and former Superman sponsor located?,5ae1801955429901ffe4aec4,"[23255, 22769]","[23255, 3796, 15485, 17553, 1590]",0.5,1.0,0.7258567214012146,0.288217157125473,qwen3.5-122b,"I cannot answer this based on the provided context.

(Note: While Document 1 states that *Adventures of Superman* was sponsored by Kellogg's, and Document 2 lists brands owned by General Mills, the provided text does not mention ""Cocoa Krispies,"" nor does it state that Kellogg's is the former sponsor of the show in the context of the question's specific phrasing, nor does it provide the location of Kellogg's.)",0.0,0.0,0.0,OK,
443,443,dpr,dpp_map,What is the genus and species of the bear in which the Florida black bear is a subspecies of?,5ae1e4095542997283cd22bf,"[5294, 21301]","[5294, 12353, 749, 17616, 22223]",0.5,1.0,0.6616367697715759,0.9989306330680847,qwen3.5-122b,"Based on the provided context, the Florida black bear is a subspecies of the **American black bear**. The text identifies the scientific name of the Florida black bear as *Ursus americanus floridanus*, which indicates that the genus is **Ursus** and the species is **americanus**.",0.0,0.0,0.0,OK,
444,444,dpr,dpp_map,"Underfist: Halloween Bash was going to be the setup for a new series spin-off but the contract expired with a cable and television station that was launched on October 1, 19962 by whom?",5ae22f4e5542996483e6492f,"[5695, 4199]","[5695, 15455, 25684, 12176, 16000]",0.5,1.0,0.6699301600456238,0.8016988039016724,qwen3.5-122b,"I cannot answer this based on the provided context.

The provided text states that the contract of Maxwell Atoms with **Cartoon Network** expired, but it does not mention when Cartoon Network was launched, nor does it state who launched it. Additionally, the date ""October 1, 19962"" appears to be a typo in the question and is not found in the context.",0.0,0.0,0.0,OK,
445,445,dpr,dpp_map,"What is the name of the largest film production company in Hong Kong that won the ""Best Cinematography"" at the 21st Asia Pacific Film Festival?",5ae277575542996483e649b2,"[9351, 5383]","[12001, 6238, 24045, 5383, 20657]",0.5,0.25,0.5893794298171997,0.09884784370660782,qwen3.5-122b,I cannot answer this based on the provided context.,0.0,0.0,0.0,OK,
446,446,dpr,dpp_map,What three categories does income get levied under the Parliament of Australia's tax code?,5ae28b76554299495565daa8,"[12746, 12250]","[12250, 12506, 21764, 8363, 12746]",1.0,1.0,0.564743161201477,0.5366918444633484,qwen3.5-122b,"Based on the provided context, income tax in Australia is levied upon the following three sources of income for individual taxpayers:

1.  **Personal earnings** (such as salary and wages)
2.  **Business income**
3.  **Capital gains**

This information is found in Document 1, which notes that the Income Tax Assessment Act 1936 (mentioned in Document 5) is a main statute under which this tax is calculated.",0.0,0.0,0.0,OK,
447,447,dpr,dpp_map,What building in the capital of city of Brandenburg has a roof that is 1 m bigger than the roof of the Der Oderturm?,5ae29d92554299492dc91c36,"[17165, 20535]","[17165, 20535, 9284, 8015, 10227]",1.0,1.0,0.6236442923545837,0.6091299057006836,qwen3.5-122b,"Based on the provided context, the capital of the German federal state of Brandenburg is **Potsdam** (Document 2).

According to Document 1, the **Der Oderturm** has a roof that is 1 m less than that of the **Stern-Plaza** in Potsdam. Therefore, the Stern-Plaza has a roof that is 1 m bigger than the roof of the Der Oderturm.

Answer: The Stern-Plaza",0.0,0.0,0.0,OK,
448,448,dpr,dpp_map,Which New Jersey-based manufacturer of suitcases and bags for travel is located in the Shops at Columbus Circle in New York City?,5ae2a9c6554299492dc91c42,"[23675, 13345]","[23675, 13345, 18225, 7176, 5009]",1.0,1.0,0.6716699600219727,0.03693295270204544,qwen3.5-122b,"Based on the provided context, the New Jersey-based manufacturer of suitcases and bags for travel located in the Shops at Columbus Circle is **Tumi** (or Tumi Holdings, Inc.).

*   **Document 2** identifies Tumi Holdings, Inc. as a ""South Plainfield, New Jersey-based manufacturer of suitcases and bags for travel.""
*   **Document 1** lists **Tumi** as one of the stores included in ""The Shops at Columbus Circle.""",0.0,0.0,0.0,OK,
449,449,dpr,dpp_map,When was the producer of  Michel'le born?,5ae2b794554299495565db10,"[3089, 24906]","[3089, 19127, 13840, 6309, 22008]",0.5,1.0,0.6931843757629395,0.0677909329533577,qwen3.5-122b,I cannot answer this based on the provided context.,0.0,0.0,0.0,OK,
450,450,dpr,dpp_map,How many member universities are there in this conference of which the Connecticut Huskies baseball team is a competing member?,5ae2c2c05542996483e64a4a,"[12288, 15471]","[12288, 15471, 24769, 11836, 17192]",1.0,1.0,0.6342035531997681,0.9101602435112,qwen3.5-122b,"Based on the provided context, the Connecticut Huskies baseball team competes in the American Athletic Conference. According to Document 2, the American Athletic Conference features **12 member universities** (and three associate member universities).

Answer: 12 member universities (plus three associate member universities).",0.0,0.0,0.0,OK,
451,451,dpr,dpp_map,"Who has a wider scope of profession, Hrag Vartanian or Hovsep Pushman?",5ae2d59755429928c42394ec,"[24185, 6846]","[24185, 2301, 6559, 17937, 17211]",0.5,1.0,0.6968045234680176,0.03381219133734703,qwen3.5-122b,I cannot answer this based on the provided context.,0.0,0.0,0.0,OK,
452,452,dpr,dpp_map,What year did the father of Willem van Oldenbarnevelt die?,5ae331fb55429928c4239670,"[11722, 13903]","[11722, 10540, 23712, 17710, 4375]",0.5,1.0,0.683106541633606,0.02186809480190277,qwen3.5-122b,I cannot answer this based on the provided context.,0.0,0.0,0.0,OK,
453,453,dpr,dpp_map,Estrojam's Decibelle Music and Culture Festival has been headlined by which American singer-songwriter and model?,5ae33cf55542992f92d82268,"[8414, 11984]","[8414, 16408, 12493, 7644, 20232]",0.5,1.0,0.7314030528068542,0.910447359085083,qwen3.5-122b,"Based on the provided context, I cannot answer this question. While Document 1 lists several headliners for the Decibelle festival (formerly Estrojam), including Wanda Jackson, Nina Hagen, Cat Power, and Margaret Cho, it does not explicitly identify which of these individuals is both an ""American singer-songwriter and model.""",0.0,0.0,0.0,OK,
454,454,dpr,dpp_map,When was the University established where Laura Landweber is a professor ?,5ae37b4d5542991a06ce99ce,"[20307, 23784]","[4500, 24014, 22189, 2195, 18187]",0.0,0.0,0.7272621393203735,0.030157722532749176,qwen3.5-122b,I cannot answer this based on the provided context.,0.0,0.0,0.0,OK,
455,455,dpr,dpp_map,Are the genera Gordonia and Osbeckia in the same family?,5ae3f4fe5542995ad6573ce8,"[4528, 106]","[4528, 17766, 23526, 21242, 106]",1.0,1.0,0.6274117231369019,0.9956405758857727,qwen3.5-122b,"No, the genera *Gordonia* and *Osbeckia* are not in the same family.

Based on the provided context:
*   **Gordonia** is a genus of flowering plants in the family **Theaceae** (Document 1). Note: Document 2 also mentions a bacterium named *Gordonia*, but in the context of plant families, it refers to the plant genus in Theaceae.
*   **Osbeckia** is a genus of plants in the family **Melastomataceae** (Document 5).

Since Theaceae and Melastomataceae are different families, the two genera are not in the same family.",0.0,0.0,0.0,OK,
456,456,dpr,dpp_map,Santa Bring My Baby Back was released on which fourth Elvis studio album in 1957?,5ae4094655429970de88d896,"[11787, 23307]","[11787, 23307, 21952, 23405, 25127]",1.0,1.0,0.6410354375839233,0.9850899577140808,qwen3.5-122b,"Based on the provided context, ""Santa Bring My Baby Back (To Me)"" was released on **Elvis' Christmas Album**, which is described as Elvis Presley's fourth studio album.",0.0,0.0,0.0,OK,
457,457,dpr,dpp_map,Which band has more members Band of Skulls or Live ?,5ae4585c5542996836b02c89,"[7364, 2870]","[7364, 6701, 11377, 19171, 2870]",1.0,1.0,0.7299143075942993,0.9136998653411865,qwen3.5-122b,"Based on the provided context, both bands have the same number of members (three).

*   **Band of Skulls** consists of three members: Russell Marsden, Emma Richardson, and Matt Hayward (Document 1).
*   **Live** is described as consisting of three members in the current lineup mentioned: Ed Kowalczyk, Chad Taylor, and Patrick Dahlheimer, with Chad Gracey also listed, making a total of four members in the lineup described (Ed Kowalczyk, Chad Taylor, Patrick Dahlheimer, and Chad Gracey) (Document 5).

Wait, let me re-read Document 5 carefully.
""Live ... consisting of Ed Kowalczyk (lead vocals, rhythm guitar), Chad Taylor (lead guitar, backing vocals), Patrick Dahlheimer (bass), and Chad Gracey (drums).""
That is a list of **four** people.

Let me re-read Document 1 carefully.
""Band of Skulls ... consisting of Russell Marsden (guitar, vocals), Emma Richardson (bass, vocals), and Matt Hayward (drums).""
That is a list of **three** people.

Therefore, **Live** has more members (4) than Band of Skulls (3).

**Answer:** Live",0.0,0.0,0.0,OK,
458,458,dpr,dpp_map,"Tommy Faile sang the song ""the legend of Brown Moutain Lights"", about a series of ghost lights that can be seen from which viewpoint outside Linville Falls?",5ae45cba5542991a06ce9a4a,"[9168, 3704]","[9168, 4508, 6130, 16147, 18536]",0.5,1.0,0.7562053799629211,0.11759433895349503,qwen3.5-122b,I cannot answer this based on the provided context.,0.0,0.0,0.0,OK,
459,459,dpr,dpp_map,This Australian racing driver currently drives the No. 22 Holden VF Commodore produced by Holden Commodore which manufactures what other models?,5ae47fe255429913cc204482,"[17674, 11959]","[11959, 17674, 22443, 10465, 25690]",1.0,1.0,0.6155147552490234,0.9995736479759216,qwen3.5-122b,"Based on the provided context, the Holden Commodore (VF) range includes the **sedan** and **station wagon** variants that sell under the luxury **Holden Calais (VF)** nameplate, as well as the commercial utility variant that sells under the **Holden Ute (VF)** nameplate.",0.0,0.0,0.0,OK,
460,460,dpr,dpp_map,When did the place in Canada where François Beaucourt (1740-1794) was mainly active acquired its present name?,5ae4b8fc55429913cc2044e5,"[14494, 15690]","[12468, 7662, 11602, 5856, 3964]",0.0,0.0,0.692107081413269,0.046507950872182846,qwen3.5-122b,I cannot answer this based on the provided context.,0.0,0.0,0.0,OK,
461,461,dpr,dpp_map,Which former mill town is near Rivington Hall Barn?,5ae4c39f5542995dadf243fb,"[10081, 13764]","[10081, 14851, 11476, 1195, 5875]",0.5,1.0,0.6505551934242249,0.6431960463523865,qwen3.5-122b,"Based on the provided context, I cannot answer this question.

While Document 1 states that Rivington Hall Barn is in Rivington, Lancashire, near Chorley and Bolton, it does not identify which of these (or any other nearby town) is a ""former mill town."" Document 3 mentions Burnley as an area with cotton mills, but it does not state that Burnley is near Rivington Hall Barn.",0.0,0.0,0.0,OK,
462,462,dpr,dpp_map,"Who is the current drummer of the band who did the song ""What Lovers Do""?",5ae5072e55429960a22e0246,"[23022, 21391]","[23022, 14194, 8354, 16815, 2100]",0.5,1.0,0.7339385747909546,0.040261413902044296,qwen3.5-122b,I cannot answer this based on the provided context.,0.0,0.0,0.0,OK,
463,463,dpr,dpp_map,"Liz Rose has co-written songs with which artist including ""White Horse"" and ""You Belong with Me""?",5ae520315542993aec5ec152,"[9350, 5992]","[9350, 24502, 373, 20882, 10528]",0.5,1.0,0.7297742366790771,0.9988988041877747,qwen3.5-122b,"Based on the provided context, Liz Rose has co-written songs with **Taylor Swift**, including ""White Horse"" and ""You Belong with Me.""",0.0,0.0,0.0,OK,
464,464,dpr,dpp_map,Æthelweard was an author of a Latin version of which collection of Old English annals?,5ae5366e5542990ba0bbb22b,"[2738, 8365]","[8365, 12734, 20450, 2738, 24532]",1.0,1.0,0.5380927324295044,0.1528513878583908,qwen3.5-122b,"Based on the provided context, Æthelweard was the author of a Latin version of the **Anglo-Saxon Chronicle** (specifically known as the ""Chronicon Æthelweardi"").

This is stated in Document 4: ""Æthelweard... was an ealdorman and the author of a Latin version of the 'Anglo-Saxon Chronicle' known as the 'Chronicon Æthelweardi'."" Document 1 confirms that the Anglo-Saxon Chronicle is a ""collection of annals in Old English.""",0.0,0.0,0.0,OK,
465,465,dpr,dpp_map,"The royal anthem is changed from what to ""long live our noble Duke""?",5ae544035542992663a4f1af,"[19499, 1338]","[19499, 1338, 22432, 23779, 12209]",1.0,1.0,0.6703047156333923,0.9886232018470764,qwen3.5-122b,"Based on the provided context, the line is changed from ""Long live our noble Queen"" to ""Long live our noble Duke.""",0.0,0.0,0.0,OK,
466,466,dpr,dpp_map,"Who was the original recording artist of the song which was chosen over If You've Got Trouble for the Beatles' ""Help!"" film?",5ae547f85542990ba0bbb254,"[22628, 7312]","[22628, 3370, 10937, 19738, 23155]",0.5,1.0,0.7540569305419922,0.9877814054489136,qwen3.5-122b,"Based on the provided context, the song chosen over ""If You've Got Trouble"" for the Beatles' ""Help!"" film was ""Act Naturally."" The text states that ""If You've Got Trouble"" was recorded by **the Beatles** (with Ringo Starr singing the lead vocal) and that the Beatles later chose ""Act Naturally"" instead. Therefore, the original recording artist mentioned in the context for the song that replaced ""If You've Got Trouble"" is **the Beatles**.

(Note: While the context does not explicitly state who originally wrote or recorded ""Act Naturally"" before the Beatles, it identifies the Beatles as the group that made the choice and recorded the alternative track in this specific instance.)

Answer: The Beatles",0.0,0.0,0.0,OK,
467,467,dpr,dpp_map,"Musical artist Diabolic and Vinnie Paz, who was featured on Diabolic's second studio album Fightin' Words, are both what type of musicians?",5ae5621655429908b63265fc,"[15095, 23531]","[15095, 6701, 24458, 2789, 8354]",0.5,1.0,0.7650549411773682,0.9970842003822327,qwen3.5-122b,"Based on the provided context, both Diabolic and Vinnie Paz are **rappers** (or **American rappers**).

Document 1 identifies Diabolic as an ""American rapper"" and states that the album *Fightin' Words* ""Features include Vinnie Paz,"" implying he is also a rapper within that context.",0.0,0.0,0.0,OK,
468,468,dpr,dpp_map,"How many albums does the duo who sang ""Yesterday Once More"" have?",5ae56c875542990ba0bbb2a2,"[535, 2228]","[535, 23485, 17853, 18960, 24566]",0.5,1.0,0.6806989312171936,0.09445031732320786,qwen3.5-122b,I cannot answer this based on the provided context.,0.0,0.0,0.0,OK,
469,469,dpr,dpp_map,"what caused the death of over 250 people in Accra, Ghana?",5ae5cf0b55429929b08079aa,"[19529, 19528]","[19528, 5914, 19529, 21353, 5725]",1.0,1.0,0.656932532787323,0.9558516144752502,qwen3.5-122b,"Based on the provided context, the death of over 250 people in Accra, Ghana, was caused by an **explosion and a fire at a petrol station** that occurred on June 4, 2015.

Document 3 further clarifies that this explosion was **caused by flooding** (which resulted from heavy continuous rainfall, improper settlement planning, and choked gutters). The flooding directly killed at least 25 people, and the subsequent petrol station explosion killed at least 200 more, totaling over 250 deaths.",0.0,0.0,0.0,OK,
470,470,dpr,dpp_map,"How many periods in office were held by the British Prime Minister who led the ""Who? Who?"" ministry?",5ae5d82f554299546bf82f9a,"[25105, 7722]","[7722, 21873, 25105, 25862, 4693]",1.0,1.0,0.6260818243026733,0.6299423575401306,qwen3.5-122b,"Based on the provided context, the British Prime Minister who led the ""Who? Who?"" ministry was Edward Smith-Stanley, 14th Earl of Derby (Document 3). According to Document 1, he was a British statesman who served as Prime Minister of the United Kingdom **three times**.

Answer: 3",0.0,0.0,0.0,OK,
471,471,dpr,dpp_map,"Shane and Friends have interviewed an American YouTube personality who has two active YouTube channels, which have a combined total of how many views?",5ae5db98554299546bf82fa6,"[16396, 18341]","[16396, 20742, 21619, 11019, 25229]",0.5,1.0,0.7287112474441528,0.800125241279602,qwen3.5-122b,"I cannot answer this based on the provided context.

**Reasoning:**
1.  **Document 1** lists the celebrities interviewed on ""Shane and Friends"" (Jennette McCurdy, Jamie Kennedy, Eugenia Cooney, Joey Graceffa, CupcakKe, Aislinn Paul, Chris Crocker, Dita von Teese, and Farrah Abraham).
2.  **Document 3** describes Dennis Darrell Roady as an ""American YouTube personality"" with two channels (""Dennis Roady Deeds"" and ""howtoPRANKitup"") and provides view counts for one of them (567 million views for ""howtoPRANKitup"" as of 2017).
3.  However, **Document 1 does not state that Dennis Roady was interviewed on ""Shane and Friends,""** nor does it list him among the interviewees.
4.  Additionally, the view count for Dennis Roady's second channel (""Dennis Roady Deeds"") is not provided in the text, making it impossible to calculate a ""combined total"" even if he were the correct person.
5.  None of the other interviewees listed in Document 1 are described in the other documents as having two active YouTube channels with specific view counts.",0.0,0.0,0.0,OK,
472,472,dpr,dpp_map,"What year did the VIacom subsidary, Paramount Pictures make the silent film Through the Glass Window?",5ae5e0a6554299546bf82fa9,"[18908, 7535]","[18908, 24476, 19571, 23546, 1198]",0.5,1.0,0.758849024772644,0.4893603026866913,qwen3.5-122b,"Based on the provided context, the film *Through a Glass Window* was released on April 2, **1922** by Paramount Pictures.

(Note: The provided text does not mention Viacom or its relationship to Paramount Pictures, but it does confirm the release year of the film by Paramount.)",0.0,0.0,0.0,OK,
473,473,dpr,dpp_map,Cardinal Pole Roman Catholic School was named after the last Roman Catholic to hold what position?,5ae5e1985542996de7b71a54,"[375, 24385]","[375, 12253, 24008, 24385, 16892]",1.0,1.0,0.6654631495475769,0.9604410529136658,qwen3.5-122b,"Based on the provided context, Cardinal Pole Roman Catholic School was named after Cardinal Reginald Pole, who was the last Roman Catholic to hold the position of **Archbishop of Canterbury**.

This is supported by Document 1, which states the school is named after ""Cardinal Reginald Pole, the last Roman Catholic Archbishop of Canterbury,"" and Document 4, which confirms he was ""the last Roman Catholic Archbishop of Canterbury.""",0.0,0.0,0.0,OK,
474,474,dpr,dpp_map,Giovanna d'Arco is an opera that was created by the composer of what nationality?,5ae5e62455429929b0807a07,"[5500, 1837]","[5500, 16681, 991, 23352, 20752]",0.5,1.0,0.6247150301933289,0.5230122208595276,qwen3.5-122b,"Based on the provided context, *Giovanna d'Arco* was composed by Giuseppe Verdi. Document 1 states that the opera has an ""Italian libretto"" and is Verdi's seventh opera, but it does not explicitly state Verdi's nationality.

However, the context mentions that the librettist, Temistocle Solera, prepared libretti for *Nabucco* and *I Lombardi*, and Document 3 refers to Giovanni Ruffini as an ""Italian poet."" While these details suggest an Italian context, the text **does not explicitly state** that Giuseppe Verdi is of Italian nationality.

Therefore, strictly adhering to the instruction to answer **ONLY** based on the provided context:

I cannot answer this based on the provided context.",0.0,0.0,0.0,OK,
475,475,dpr,dpp_map,Where was the Barbadian singer which Rihanna was his then girlfriend raised in,5ae5e762554299546bf82faf,"[1686, 6447]","[6447, 12198, 7644, 13233, 4870]",0.5,1.0,0.7090139985084534,0.06234974041581154,qwen3.5-122b,I cannot answer this based on the provided context.,0.0,0.0,0.0,OK,
476,476,dpr,dpp_map,"Turner Field was originally built as what 85,000 seat main stadium of the 1996 Summer Olympic Games and the 1996 Summer Paralympic Games in Atlanta?",5ae5fb55554299546bf82ff6,"[14724, 5208]","[5208, 14724, 9064, 1935, 25606]",1.0,1.0,0.6161715984344482,0.999400794506073,qwen3.5-122b,"Based on the provided context, Turner Field was originally built as **Centennial Olympic Stadium**, which was the 85,000-seat main stadium of the 1996 Summer Olympic Games and the 1996 Summer Paralympic Games in Atlanta.",0.0,0.0,0.0,OK,
477,477,dpr,dpp_map,What type of diary did one of the founders of the John Bishop Memorial Hospital in Srinagar write?,5ae600325542992663a4f237,"[19393, 25339]","[8697, 25339, 8169, 25186, 11503]",0.5,0.5,0.7652953863143921,0.5246536135673523,qwen3.5-122b,I cannot answer this based on the provided context.,0.0,0.0,0.0,OK,
478,478,dpr,dpp_map,The Luther seal was designed for the professor of theology of what nationalty at the behest of John Frederick of Saxony?,5ae60db1554299546bf83041,"[8777, 24605]","[8777, 15126, 14699, 8015, 17307]",0.5,1.0,0.6597384214401245,0.14481797814369202,qwen3.5-122b,"Based on the provided context, I cannot answer this question.

While Document 1 states that the Luther seal was designed for Martin Luther at the behest of John Frederick of Saxony, it does not mention Martin Luther's nationality or explicitly refer to him as a ""professor of theology.""",0.0,0.0,0.0,OK,
479,479,dpr,dpp_map,Cinnamon sugar is a spice used to flavor this traditional Spanish and Portugese fried pastry.,5ae628fd5542995703ce8b33,"[24202, 14102]","[24202, 7366, 24653, 15989, 19860]",0.5,1.0,0.6507481932640076,0.010990728624165058,qwen3.5-122b,I cannot answer this based on the provided context.,0.0,0.0,0.0,OK,
480,480,dpr,dpp_map,"What is the date played of this college football game at Sun Life Stadium in Miami Gardens, Florida, where Clemson defeated the No. 4 Oklahoma Sooners, 37-17?",5ae63b2255429908198fa526,"[19311, 19492]","[25606, 2788, 25838, 19492, 14729]",0.5,0.25,0.618715763092041,0.04828910529613495,qwen3.5-122b,I cannot answer this based on the provided context.,0.0,0.0,0.0,OK,
481,481,dpr,dpp_map,"How many Golden Globe Awards did the artist who published the photo book ""In Mexico"" win?",5ae64ffd5542992ae0d162ce,"[14655, 24120]","[14655, 10994, 7425, 17188, 16890]",0.5,1.0,0.6466542482376099,0.11215293407440186,qwen3.5-122b,I cannot answer this based on the provided context.,0.0,0.0,0.0,OK,
482,482,dpr,dpp_map,When was the company that produced rectangular crackers that have 18 holes in a 3x6 pattern founded?,5ae66d785542996d980e7b67,"[7917, 24472]","[24472, 3221, 1471, 9418, 25281]",0.5,1.0,0.6698106527328491,0.03963843733072281,qwen3.5-122b,I cannot answer this based on the provided context.,0.0,0.0,0.0,OK,
483,483,dpr,dpp_map,Which is the Birthplace of Sir Isaac Newton and has a neighboring village called Belvor?,5ae6808f5542995703ce8b6b,"[5875, 12067]","[5875, 8442, 788, 3461, 1613]",0.5,1.0,0.6398113965988159,0.8839872479438782,qwen3.5-122b,"Based on the provided context, **Woolsthorpe** (formally known as Woolsthorpe-by-Colsterworth) is the birthplace of Sir Isaac Newton. The text states that this name is used to distinguish it from **Woolsthorpe-by-Belvoir** in the same county, which implies the existence of a neighboring location with ""Belvoir"" in its name.

Answer: Woolsthorpe (or Woolsthorpe-by-Colsterworth)",0.0,0.0,0.0,OK,
484,484,dpr,dpp_map,"Meomi Design works include The Octonauts book series, how did the adaptations of the series continue?",5ae684fe5542991bbc97610e,"[15485, 11144]","[15485, 6429, 724, 2275, 10785]",0.5,1.0,0.7307255864143372,0.9993079304695129,qwen3.5-122b,"Based on the provided context, the *The Octonauts* book series was made into a TV series for the BBC channel CBeebies by Brown Bag Films and subsequently broadcast internationally.",0.0,0.0,0.0,OK,
485,485,dpr,dpp_map,What river is the city that Cyprus Classic Motorcycle Museum is in on the banks of?,5ae6940e5542991bbc97613f,"[10179, 23269]","[10179, 10709, 17882, 14578, 23170]",0.5,1.0,0.6535491943359375,0.027446512132883072,qwen3.5-122b,I cannot answer this based on the provided context.,0.0,0.0,0.0,OK,
486,486,dpr,dpp_map,Why is Minister Pool important to Black Country and the West Midlands in England?,5ae694a15542991bbc976141,"[11511, 7204]","[10836, 6366, 18951, 14667, 18074]",0.0,0.0,0.7209848761558533,0.06904557347297668,qwen3.5-122b,I cannot answer this based on the provided context.,0.0,0.0,0.0,OK,
487,487,dpr,dpp_map,Jeff Bhasker won a Grammy Award for a song that was the fourth single from what studio album?,5ae69fa755429908198fa66c,"[6851, 11492]","[15264, 4165, 23223, 8124, 12942]",0.0,0.0,0.6907602548599243,0.04220713675022125,qwen3.5-122b,I cannot answer this based on the provided context.,0.0,0.0,0.0,OK,
488,488,dpr,dpp_map,"Sparking the Marian civil war, who helped the recently abdicated queen to escape her imprisonment?",5ae6c2285542995703ce8b9a,"[15127, 23913]","[15127, 9062, 20061, 24430, 11503]",0.5,1.0,0.7322269678115845,0.0766548290848732,qwen3.5-122b,I cannot answer this based on the provided context.,0.0,0.0,0.0,OK,
489,489,dpr,dpp_map,Bridgewater Trustees major source of income came from a canal that was commissioned by whom/,5ae70c7b5542991bbc9761aa,"[5586, 11843]","[5586, 8664, 11843, 18006, 15189]",1.0,1.0,0.5994459390640259,0.4287165105342865,qwen3.5-122b,"Based on the provided context, the Bridgewater Canal (which was the major source of income for the Bridgewater Trustees) was commissioned by **Francis Egerton, 3rd Duke of Bridgewater**.

This is supported by:
*   **Document 1**, which states the Bridgewater Trustees' major source of income came from the Bridgewater Canal.
*   **Document 3**, which states the Bridgewater Canal was commissioned by Francis Egerton, 3rd Duke of Bridgewater.",0.0,0.0,0.0,OK,
490,490,dpr,dpp_map,Raúl Arellano played for Mexico in which football tournament in 1954?,5ae721c15542996d980e7cbc,"[12809, 23556]","[23556, 25116, 24942, 10234, 20292]",0.5,1.0,0.5966299176216125,0.03897421807050705,qwen3.5-122b,I cannot answer this based on the provided context.,0.0,0.0,0.0,OK,
491,491,dpr,dpp_map,Band-e-Amir Dragons is named after the lakes in which Afghan national park?,5ae7316e554299572ea5477e,"[22397, 11167]","[11167, 22397, 12984, 23866, 10236]",1.0,1.0,0.6471831202507019,0.8031144142150879,qwen3.5-122b,"Based on the provided context, the Band-e-Amir Dragons are named after the Band-e Amir lakes, which are located in **Band-e Amir National Park**.

Document 2 states that the team is named after ""the Band-e Amir, a series of six deep blue lakes in Bamyan Province,"" and Document 1 identifies ""Band-e Amir National Park"" as Afghanistan's first national park, located in Bamyan Province, consisting of these six lakes.",0.0,0.0,0.0,OK,
492,492,dpr,dpp_map,Where do the team that John Grant joined after the 1972 World Cup now play their games ?,5ae731ae5542991bbc9761c1,"[12422, 25143]","[12505, 23556, 13427, 11158, 9032]",0.0,0.0,0.7190591096878052,0.03715893253684044,qwen3.5-122b,I cannot answer this based on the provided context.,0.0,0.0,0.0,OK,
493,493,dpr,dpp_map,Bartlett's Bridge was built by the engineer who worked for the county seat of which Massachusetts county?,5ae7385d5542992ae0d163da,"[4910, 25958]","[4910, 6863, 1938, 22166, 13441]",0.5,1.0,0.6749867796897888,0.07520511001348495,qwen3.5-122b,"Based on the provided context, Bartlett's Bridge was designed by Charles A. Allen, who was a civil engineer for the **city of Worcester**.

The context does not explicitly state which Massachusetts county has Worcester as its county seat, nor does it mention the county seat directly. Therefore, I cannot answer this based on the provided context.",0.0,0.0,0.0,OK,
494,494,dpr,dpp_map,"YouPorn was surpassed, in 2013, by competitor sites xHamster, Pornhub, LiveJasmin, and this website that is registered to the Polish company WGCZ Holding?",5ae765185542995703ce8c0f,"[824, 12515]","[824, 12515, 9600, 12182, 24581]",1.0,1.0,0.6391690373420715,0.9230003952980042,qwen3.5-122b,"Based on the provided context, the website that is registered to the Polish company WGCZ Holding is **XVideos** (Document 2). Document 1 states that in the category of pornographic websites, YouPorn was surpassed by competitor sites including xHamster, XVideos, and Pornhub, as well as the adult webcam site LiveJasmin.

Answer: XVideos",0.0,0.0,0.0,OK,
495,495,dpr,dpp_map,What is the occupation of the Miami Dolphins owner's wife?,5ae76d185542997ec2727641,"[15559, 18387]","[10890, 8942, 533, 23180, 21949]",0.0,0.0,0.7098822593688965,0.1211966946721077,qwen3.5-122b,I cannot answer this based on the provided context.,0.0,0.0,0.0,OK,
496,496,dpr,dpp_map,The On Tour Forever album gave Blues Traveler the opportunity to display what musical trademark?,5ae788fa55429952e35ea964,"[1709, 3948]","[1709, 988, 3948, 23485, 22680]",1.0,1.0,0.6237019300460815,0.9040170311927795,qwen3.5-122b,"Based on the provided context, I cannot answer this question.

While Document 1 mentions the album *On Tour Forever* and Document 3 states that Blues Traveler is known for the ""extensive use of segues in their live performances,"" the text does not explicitly state that the *On Tour Forever* album specifically gave the band the opportunity to display this trademark.",0.0,0.0,0.0,OK,
497,497,dpr,dpp_map,The Worst Journey in the World is a memoir written by which English explorer of Antarctica?,5ae7ea695542994a481bbe17,"[24621, 25214]","[24621, 18798, 19393, 22538, 2899]",0.5,1.0,0.6906075477600098,0.9905180335044861,qwen3.5-122b,"Based on the provided context, *The Worst Journey in the World* was written by **Apsley Cherry-Garrard**, a member of the 1910–1913 British Antarctic Expedition led by Robert Falcon Scott.

(Note: While the text identifies Cherry-Garrard as the author and a member of the expedition, it does not explicitly label him as an ""English explorer,"" though it describes the expedition as ""British."")",0.0,0.0,0.0,OK,
498,498,dpr,dpp_map,Jim Betts ran against the first American to orbit what?,5ae7f6be554299540e5a56db,"[10155, 23415]","[12304, 4436, 23415, 25584, 7215]",0.5,0.3333333333333333,0.753200888633728,0.3150950074195862,qwen3.5-122b,I cannot answer this based on the provided context.,0.0,0.0,0.0,OK,
499,499,dpr,dpp_map,The maternal grandmother of Princess Marie Cécile of Prussia was born in which year ?,5ae81b895542997ec272770c,"[24545, 3230]","[24545, 9979, 1298, 4815, 19520]",0.5,1.0,0.597225546836853,0.49295762181282043,qwen3.5-122b,"I cannot answer this based on the provided context.

While Document 1 identifies Princess Marie-Cécile's maternal grandmother as Princess Victoria Melita of Saxe-Coburg and Gotha, it does not state her birth year.",0.0,0.0,0.0,OK,
