question_index,qa_id,retriever,condition,question,beir_query_id,gold_doc_ids,retrieved_doc_ids,recall_at_k,mrr,retrieval_diversity,faithfulness_nli,llm_model,prediction,exact_match,f1,rouge_l,row_status,row_error
0,0,colbertv2,kmeans_k3,Which piece did Ludwig van Beethoven publish in 1801 that was dedicated to Count Moritz von Fries?,5a70f1685542994082a3e40f,"[13379, 7304]","[6637, 25642, 13379, 15250, 8654]",0.5,0.3333333333333333,0.6756971478462219,0.9938099384307861,qwen3.5-122b,"Based on the provided context, the piece Ludwig van Beethoven published in 1801 that was dedicated to Count Moritz von Fries is the **Violin Sonata No. 5 in F major, Opus 24** (often known as the ""Spring Sonata"").

The text also notes that Beethoven dedicated two other works of the same year to Count Moritz von Fries: the **C major string quintet** and the **fourth violin sonata**.",0.0,0.0,0.0,OK,
1,1,colbertv2,kmeans_k3,"Which of these men, Scott Treleaven and Edmund Mortimer, is credited with working in both films and photography?",5a710a915542994082a3e504,"[2917, 2219]","[2917, 2219, 9006, 14075, 24465]",1.0,1.0,0.6824265718460083,0.03040642850100994,qwen3.5-122b,"Based on the provided context, **Scott Treleaven** is the one credited with working in both films and photography.

Document 1 states that Scott Treleaven's work employs a variety of media including ""film"" and ""photography."" Document 2 states that Edmund Mortimer was an ""actor and film director"" but does not mention photography.",0.0,0.0,0.0,OK,
2,2,colbertv2,kmeans_k3,Albanians in Montenegro which make up 4.91 of the county's total population could be members of the Albanian Coalation Perspect which is a what?,5a711c535542994082a3e59b,"[5958, 20848]","[11616, 9985, 20848, 7713, 5295]",0.5,0.3333333333333333,0.621065616607666,0.016556572169065475,qwen3.5-122b,I cannot answer this based on the provided context.,0.0,0.0,0.0,OK,
3,3,colbertv2,kmeans_k3,Alvaro Mexia had a diplomatic mission with which tribe of indigenous people?,5a713ea95542994082a3e6e4,"[12797, 7948]","[20064, 5755, 12797, 4731, 12536]",0.5,0.3333333333333333,0.6805241107940674,0.9996500611305237,qwen3.5-122b,"Based on the provided context, Alvaro Mexia had a diplomatic mission with the **Ais** native population.",0.0,0.0,0.0,OK,
4,4,colbertv2,kmeans_k3,"Riema Juhani Karppinen won the silver medal at what event held outside of Munich, Germany?",5a71419f5542994082a3e70d,"[17083, 12115]","[18440, 21400, 17083, 721, 4431]",0.5,0.3333333333333333,0.6630779504776001,0.9392887949943542,qwen3.5-122b,"Based on the provided context, Reima Juhani Karppinen won a silver medal at the **1981 World Rowing Championships**.

(Note: The context does not explicitly state the location of the 1981 World Rowing Championships or mention Munich, Germany, but it is the only event mentioned where he won a silver medal.)",0.0,0.0,0.0,OK,
5,5,colbertv2,kmeans_k3,When was the king that started coin production in Copenhagen born?,5a7147fd5542994082a3e758,"[15673, 4375]","[4375, 23380, 15673, 919, 19282]",1.0,1.0,0.6304991245269775,0.8100433945655823,qwen3.5-122b,"Based on the provided context, the first king to start a production of coins in Copenhagen was King Hans (also known as John). According to Document 1, he was born on **2 February 1455**.",0.0,0.0,0.0,OK,
6,6,colbertv2,kmeans_k3,"Which Istanbul mosque is unique for retaining a Baroque style of architecture, the Bayezid II Mosque or the Nusretiye Mosque?",5a7153d05542994082a3e7dc,"[4824, 2753]","[14960, 18690, 2753, 6577, 13205]",0.5,0.3333333333333333,0.5470141172409058,0.20768508315086365,qwen3.5-122b,"Based on the provided context, the **Nusretiye Mosque** is the one unique for retaining a Baroque style of architecture.

Document 3 states: ""Nusretiye Mosque is an ornate mosque located in Tophane district of Beyoğlu, Istanbul, Turkey. While its architecture is influenced by Islamic elements, it retains a Baroque style, making it unique to the city."" The context does not mention the Bayezid II Mosque.",0.0,0.0,0.0,OK,
7,7,colbertv2,kmeans_k3,"Which publication still relies on paper printing, Human Events or Texas Highways?",5a7199725542994082a3e88f,"[24161, 19285]","[11005, 20766, 19285, 15046, 3871]",0.5,0.3333333333333333,0.6887742877006531,0.061958178877830505,qwen3.5-122b,I cannot answer this based on the provided context.,0.0,0.0,0.0,OK,
8,8,colbertv2,kmeans_k3,"Where is the University of North Carolina at Wilmington, population 112,067 located?",5a7243915542990c210a4086,"[16868, 1698]","[25825, 11589, 16868, 22390, 5025]",0.5,0.3333333333333333,0.620416522026062,0.4663810431957245,qwen3.5-122b,"Based on the provided context, the University of North Carolina at Wilmington (UNCW) is located in **Wilmington, North Carolina, United States**.

(Note: The provided text in Document 3 confirms the location of the university but does not mention the population figure of 112,067.)",0.0,0.0,0.0,OK,
9,9,colbertv2,kmeans_k3,"Gail Matthius co-anchored the Weekend Update segment of ""Saturday Night Live"" with the actor who played the villain Nicholas Andre in what movie?",5a728f505542992359bc30f5,"[4902, 21750]","[13962, 1873, 4902, 25085, 4811]",0.5,0.3333333333333333,0.7550182342529297,0.08439145237207413,qwen3.5-122b,I cannot answer this based on the provided context.,0.0,0.0,0.0,OK,
10,10,colbertv2,kmeans_k3,Which author wrote about a woman captured by the Symbionese Liberation Army?,5a729cc25542991f9a20c532,"[25934, 23926]","[13179, 9575, 23926, 297, 7425]",0.5,0.3333333333333333,0.7101683020591736,0.757706344127655,qwen3.5-122b,"Based on the provided context, the author who wrote about a woman captured by the Symbionese Liberation Army is **Patricia Campbell ""Patty"" Hearst** (now known as Patricia Hearst Shaw).

Document 3 states that she became nationally known for events following her 1974 kidnapping by the Symbionese Liberation Army. While the text describes her as the subject of these events rather than explicitly stating she wrote a book about them, she is the only individual in the provided documents associated with this specific event.",0.0,0.0,0.0,OK,
11,11,colbertv2,kmeans_k3,What is the name of the pop artist that belongs on the Pledis Entertainment label and has 13 members?,5a72d7b35542991f9a20c5be,"[12748, 19460]","[7044, 12748, 19460, 3333, 12840]",1.0,0.5,0.6480921506881714,0.9402000904083252,qwen3.5-122b,"Based on the provided context, the pop artist (specifically a South Korean boy group) that belongs to the Pledis Entertainment label and has 13 members is **Seventeen**.

Document 2 states that Pledis Entertainment is home to the artist Seventeen, and Document 3 confirms that Seventeen is a group formed by Pledis Entertainment consisting of thirteen members.",0.0,0.0,0.0,OK,
12,12,colbertv2,kmeans_k3,"Gaia is a space observatory of the European Space Agency, what is Astrosat?",5a7300b85542994cef4bc41a,"[24876, 25491]","[2259, 9889, 24876, 13529, 9657]",0.5,0.3333333333333333,0.6255247592926025,0.022151699289679527,qwen3.5-122b,I cannot answer this based on the provided context.,0.0,0.0,0.0,OK,
13,13,colbertv2,kmeans_k3,"In the television series Green Hornet, which actor played the role of Kato?",5a7326cd5542991f29ee2d11,"[9131, 23227]","[3015, 19971, 23227, 3595, 16511]",0.5,0.3333333333333333,0.710199236869812,0.9935788512229919,qwen3.5-122b,"Based on the provided context, in the television series *The Green Hornet*, the role of Kato was portrayed by **Bruce Lee**.",0.0,0.0,0.0,OK,
14,14,colbertv2,kmeans_k3,"Lady Elizabeth Delmé and Her Children (1779) is a portrait given to the National Gallery of Art in 1937, which is located in which state?",5a7336d05542992359bc3293,"[13264, 13967]","[13264, 18901, 13967, 25155, 12541]",1.0,1.0,0.6331430673599243,0.9244270324707031,qwen3.5-122b,"Based on the provided context, the National Gallery of Art is located in Washington, D.C. (Document 3). The text does not specify a state for Washington, D.C., as it is a federal district, not a state.

However, strictly adhering to the location mentioned in the text: **Washington, D.C.**",0.0,0.0,0.0,OK,
15,15,colbertv2,kmeans_k3,"Which movie is loosley based off the Brother Grimm's ""Iron Henry""?",5a733b835542991f9a20c6b2,"[23633, 4545]","[17374, 23385, 4545, 24213, 13273]",0.5,0.3333333333333333,0.678000271320343,0.07135115563869476,qwen3.5-122b,I cannot answer this based on the provided context.,0.0,0.0,0.0,OK,
16,16,colbertv2,kmeans_k3,which board game has been around longer Obsession or Battle Sheep ?,5a733caa5542992359bc32a3,"[15389, 19341]","[3765, 780, 19341, 13514, 24000]",0.5,0.3333333333333333,0.6618841290473938,0.07440757751464844,qwen3.5-122b,I cannot answer this based on the provided context.,0.0,0.0,0.0,OK,
17,17,colbertv2,kmeans_k3,"Which famous mine was in service first, the Salmita Mine or the Kanichee Mine?",5a739323554299623ed4abff,"[4244, 25216]","[142, 4244, 25216, 2196, 16015]",1.0,0.5,0.6694536209106445,0.9244211316108704,qwen3.5-122b,"Based on the provided context, the **Kanichee Mine** was in service first.

According to Document 3, the Kanichee Mine zone has been explored and mined discontinuously from as early as **1910**. In contrast, Document 2 states that the Salmita Mine entered production in **1983** (though it was discovered in 1945 and explored in 1951-1952). Therefore, the Kanichee Mine began operations earlier.",0.0,0.0,0.0,OK,
18,18,colbertv2,kmeans_k3,"What was the lead single from Boys Like Girls album on which frontman, Martin Johnson co-wrote a song with Taylor Swift? A: Love Drunk",5a74122f55429929fddd83da,"[7716, 8612]","[4016, 3577, 8612, 1573, 24214]",0.5,0.3333333333333333,0.5971055030822754,0.2038164883852005,qwen3.5-122b,"Based on the provided context, the song ""Two Is Better Than One"" was written by Martin Johnson and Taylor Swift and is from the album ""Love Drunk."" The text states that this song is the band's **second official single** from the album.

The provided context does not contain information about the **lead single** (first single) from the album ""Love Drunk.""

I cannot answer this based on the provided context.",0.0,0.0,0.0,OK,
19,19,colbertv2,kmeans_k3,"Who wrote the music for Billy Elliot the Musical and had at least one song on the ""Billboard"" Hot 100 for 31 consecutive years?",5a74629255429929fddd8402,"[10804, 21082]","[24687, 16131, 10804, 10200, 17921]",0.5,0.3333333333333333,0.6662493944168091,0.1538494974374771,qwen3.5-122b,I cannot answer this based on the provided context.,0.0,0.0,0.0,OK,
20,20,colbertv2,kmeans_k3,Which American main title designer designed sequences for the founder of the Sundance Film Festival?,5a7471f655429979e2882955,"[4890, 23681]","[16880, 4890, 23681, 15485, 17751]",1.0,0.5,0.7009660005569458,0.09984996169805527,qwen3.5-122b,"Based on the provided context, the founder of the Sundance Film Festival is **Robert Redford** (Document 3). The American main title designer who designed sequences for him is **Wayne Fitzgerald** (Document 2).",0.0,0.0,0.0,OK,
21,21,colbertv2,kmeans_k3,What is served shaken with ice and should not be mistaken with the name Margarita?,5a74be7a55429929fddd84e4,"[7079, 4039]","[1460, 25909, 4039, 21216, 25062]",0.5,0.3333333333333333,0.650337815284729,0.9993932247161865,qwen3.5-122b,"Based on the provided context, the drink that is served shaken with ice and is named Margarita is the **margarita** (a cocktail consisting of tequila, triple sec, and lime or lemon juice).

However, the provided text **does not contain information** stating that the margarita ""should not be mistaken with the name Margarita"" or that it is often confused with another specific item sharing that name. The text only describes the ingredients, serving methods (shaken with ice, blended, or straight up), and glassware for the margarita.

Therefore, I cannot answer the part of the question regarding what it ""should not be mistaken with"" based on the provided context.",0.0,0.0,0.0,OK,
22,22,colbertv2,kmeans_k3,What product by FLEXcon represents data by geometric patterns?,5a74c3f455429979e2882a0a,"[7688, 23564]","[25591, 7688, 24061, 21863, 23564]",1.0,0.5,0.7357849478721619,0.9115861058235168,qwen3.5-122b,"I cannot answer this based on the provided context.

While Document 2 states that FLEXcon manufactures ""bar coded labels,"" and Document 5 explains that two-dimensional barcodes use ""geometric patterns,"" the provided text does not explicitly name a specific FLEXcon product that represents data using geometric patterns.",0.0,0.0,0.0,OK,
23,23,colbertv2,kmeans_k3,Connetquot High School  is a public high school in what city in New York?,5a7506f455429916b0164240,"[2573, 1640]","[2573, 22521, 15549, 7233, 24796]",0.5,1.0,0.5380707383155823,0.9921084046363831,qwen3.5-122b,"Based on the provided context, Connetquot High School is located in **Bohemia**, New York.",0.0,0.0,0.0,OK,
24,24,colbertv2,kmeans_k3,What year did the movement that Tess Asplund protested in the viral image of her with her fist in the air disband?,5a7526945542993748c897d2,"[21889, 8074]","[21889, 5856, 2417, 13176, 23151]",0.5,1.0,0.7954841256141663,0.1488354504108429,qwen3.5-122b,I cannot answer this based on the provided context.,0.0,0.0,0.0,OK,
25,25,colbertv2,kmeans_k3,"What song from the fourth studio album made by The Who reached No.4 on the UK charts and No. 19 o nthe U.S. ""Billboard"" Hot 100?",5a753c8c55429916b01642ab,"[5767, 3370]","[18882, 4227, 9756, 5767, 834]",0.5,0.25,0.7549421787261963,0.5792154669761658,qwen3.5-122b,"Based on the provided context, I cannot answer this question.

While Document 4 states that the song ""Pinball Wizard"" reached No. 4 in the UK charts and No. 19 on the U.S. ""Billboard"" Hot 100, it identifies the album it is featured on as ""Tommy,"" which is described as a ""1969 rock opera album."" The provided text does not state that ""Tommy"" is The Who's fourth studio album, nor does it list the band's studio albums in order to confirm this fact.",0.0,0.0,0.0,OK,
26,26,colbertv2,kmeans_k3,"Who was born first, Karen Joy Fowler or Bruce Chatwin?",5a7542425542996c70cfaecc,"[7681, 18798]","[6269, 9450, 7681, 3660, 2504]",0.5,0.3333333333333333,0.6950929164886475,0.0906401127576828,qwen3.5-122b,I cannot answer this based on the provided context.,0.0,0.0,0.0,OK,
27,27,colbertv2,kmeans_k3,"Michael Mark Brodsky is known for his translation of what Irish avant-garde novelist, playwright, theatre director, and poet?",5a7545605542993748c89807,"[15201, 10071]","[15201, 1706, 10071, 3211, 21339]",1.0,1.0,0.6514583826065063,0.21690401434898376,qwen3.5-122b,"Based on the provided context, Michael Mark Brodsky is known for his translation of **Samuel Beckett** (specifically the work ""Eleuthéria"").

Document 1 states that Brodsky is best known for ""his translation of Samuel Beckett's 'Eleuthéria'."" Document 3 confirms that Samuel Barclay Beckett was an ""Irish avant-garde novelist, playwright, theatre director, and poet.""",0.0,0.0,0.0,OK,
28,28,colbertv2,kmeans_k3,"Which came to market first, ""Hey Pa! There's a Goat on the Roof"" or ""Poleconomy""",5a7555215542996c70cfaee1,"[9446, 2847]","[2847, 21093, 9446, 21617, 20957]",1.0,1.0,0.7155252695083618,0.004641298670321703,qwen3.5-122b,"""Hey Pa! There's a Goat on the Roof"" came to market first. It was issued in 1966, while ""Poleconomy"" was first published in 1980.",0.0,0.0,0.0,OK,
29,29,colbertv2,kmeans_k3,"Which ""Roseanne"" star is in Scream 2?",5a7557d75542992d0ec05f68,"[23512, 11186]","[11186, 25252, 23512, 15877, 18928]",1.0,1.0,0.6960573792457581,0.18062469363212585,qwen3.5-122b,"Based on the provided context, **Laurie Metcalf** is the ""Roseanne"" star who is in *Scream 2*.

*   **Document 1** states that Laurie Metcalf is known for her television role as Jackie Harris on the ABC sitcom ""Roseanne"" and that she appeared as Debbie Salt / Mrs. Loomis in ""Scream 2"".
*   **Document 3** confirms that Laurie Metcalf stars in the 1997 film ""Scream 2"".",0.0,0.0,0.0,OK,
30,30,colbertv2,kmeans_k3,What show was Elena Shaddow in that was written by a relative of Richard Rodgers?,5a755f0a5542996c70cfaee7,"[25709, 9440]","[2043, 11441, 25709, 8490, 19021]",0.5,0.3333333333333333,0.7212250828742981,0.10501508414745331,qwen3.5-122b,I cannot answer this based on the provided context.,0.0,0.0,0.0,OK,
31,31,colbertv2,kmeans_k3,"Which ""Mirrors"" actress made her film debut in the 2005 comedy film ""Hitch""?",5a7571095542992d0ec05f97,"[5780, 24053]","[17874, 24053, 7175, 11553, 5780]",1.0,0.5,0.6967272758483887,0.3489043414592743,qwen3.5-122b,"Based on the provided context, the actress from the film ""Mirrors"" who made her film debut in the 2005 comedy film ""Hitch"" is **Paula Patton**.

Document 5 confirms that Paula Patton starred in the 2008 film ""Mirrors,"" and Document 2 states that she made her film debut in the 2005 comedy film ""Hitch.""",0.0,0.0,0.0,OK,
32,32,colbertv2,kmeans_k3,Who was born first Mahbub ul Haq or Ibn Arabi?,5a7574e25542996c70cfaf01,"[24250, 5838]","[11129, 19944, 24250, 15551, 19335]",0.5,0.3333333333333333,0.6415216326713562,0.8096388578414917,qwen3.5-122b,"Based on the provided context, I cannot answer this question.

While Document 3 states that Mahbub ul Haq was born on 24 February 1934, the provided text does not contain the birth date or year for Ibn Arabi. Document 1 mentions Ibn Arabi wrote a commentary on a treatise by Ibn Qasi (who died in 1151), but it does not specify when Ibn Arabi was born.",0.0,0.0,0.0,OK,
33,33,colbertv2,kmeans_k3,Andrea Camplone is a football coach in which 22-team competition?,5a75d8dc5542992db94736f0,"[18063, 21614]","[4324, 18063, 21701, 14116, 23594]",0.5,0.5,0.7094752788543701,0.04244071990251541,qwen3.5-122b,I cannot answer this based on the provided context.,0.0,0.0,0.0,OK,
34,34,colbertv2,kmeans_k3,"The Declaration of Montreal was the founding document of which world event, lasting from July 26-August 5, 2006?",5a75da6d5542992db94736fa,"[23670, 20385]","[23670, 12468, 20385, 23850, 25996]",1.0,1.0,0.6414397358894348,0.8657280206680298,qwen3.5-122b,"Based on the provided context, the Declaration of Montreal was adopted during the **first World Outgames**, which took place in Montreal, Quebec, Canada, from July 26, 2006, to August 5, 2006.

Document 1 states that the Declaration was adopted on July 29, 2006, by the International Conference on LGBT Human Rights, which ""formed part of the first World Outgames."" Document 3 confirms that the 1st World Outgames lasted from July 26, 2006, to August 5, 2006.",0.0,0.0,0.0,OK,
35,35,colbertv2,kmeans_k3,"Who is younger, Pelle Almqvist or Steve Winwood?",5a75f0bf5542994ccc91866b,"[4900, 6621]","[6621, 22630, 4900, 21623, 22352]",1.0,1.0,0.6387532949447632,0.9766013622283936,qwen3.5-122b,"Based on the provided context, Pelle Almqvist is younger.

*   **Pelle Almqvist** was born on **29 May 1978** (Document 1).
*   **Steve Winwood** was born on **12 May 1948** (Document 3).

Since 1978 is after 1948, Pelle Almqvist is younger.",0.0,0.0,0.0,OK,
36,36,colbertv2,kmeans_k3,"What actress and and writer starred with Jennifer Saunders in bothe ""The Supergrass"" and ""French and Saunders""?",5a7602d8554299109176e5fb,"[10750, 12015]","[25803, 12106, 10750, 8829, 5797]",0.5,0.3333333333333333,0.6879725456237793,0.20678040385246277,qwen3.5-122b,I cannot answer this based on the provided context.,0.0,0.0,0.0,OK,
37,37,colbertv2,kmeans_k3,Alfred Balk served as the secretary of the Committee on the Employment of Minority Groups in the News Media under which United States Vice President?,5a760ab65542994ccc918697,"[7215, 5425]","[6049, 22201, 7215, 21770, 6229]",0.5,0.3333333333333333,0.7436762452125549,0.3341994285583496,qwen3.5-122b,"I cannot answer this based on the provided context.

The provided text states that Alfred Balk served as secretary of ""New York Governor Nelson Rockefeller's Committee on the Employment of Minority Groups in the News Media,"" but it does not mention which United States Vice President he served under.",0.0,0.0,0.0,OK,
38,38,colbertv2,kmeans_k3,Was the famous opera comique that was based on a Prosper Merimee novella a comedy or a tragedy?,5a7615fb5542992db9473727,"[1460, 15091]","[673, 23352, 15091, 672, 22832]",0.5,0.3333333333333333,0.6162226796150208,0.7149286866188049,qwen3.5-122b,"Based on the provided context, the opera based on a novella by Prosper Mérimée is **Carmen** (Document 3). The text describes *Carmen* as an ""opera in four acts"" and notes that its breaking of conventions ""shocked and scandalized its first audiences,"" but it does not explicitly classify the work as a ""comedy"" or a ""tragedy.""

While Document 2 explicitly labels *Pia de' Tolomei* as a ""tragedia lirica"" (tragic opera), no such specific genre label is applied to *Carmen* in the provided text. Therefore, I cannot answer this based on the provided context.",0.0,0.0,0.0,OK,
39,39,colbertv2,kmeans_k3,Who served as the head coach for the Grizzlies in the 2004-05 season and as head coach for the Brooklyn Nets?,5a7618d85542994ccc9186cf,"[11963, 14818]","[11963, 3824, 14818, 2393, 11016]",1.0,1.0,0.6304078102111816,0.964929461479187,qwen3.5-122b,"Based on the provided context, **Lionel Hollins** served as the head coach for the Grizzlies during the 2004–05 season (specifically taking over after Hubie Brown's retirement and before Mike Fratello was hired), and **Lionel Eugene Hollins** is identified as having most recently served as the head coach of the Brooklyn Nets.

Therefore, the person who served in both roles is **Lionel Hollins**.",0.0,0.0,0.0,OK,
40,40,colbertv2,kmeans_k3,"Which album did the band Kraftwerk release after their successful album which reached number 25 on the US ""Billboard"" Hot 100 chart?",5a7621bb554299109176e650,"[23154, 4227]","[11544, 3637, 4227, 20114, 18882]",0.5,0.3333333333333333,0.746732234954834,0.8772820830345154,qwen3.5-122b,"Based on the provided context, I cannot answer this question.

The text states that Kraftwerk's album *Autobahn* reached number 25 on the US ""Billboard"" Hot 100 chart and mentions that this success came after the band had released three experimental albums. However, the text does not provide information about which album Kraftwerk released *after* *Autobahn*.",0.0,0.0,0.0,OK,
41,41,colbertv2,kmeans_k3,When was the plaintiff in the 1892 Barbed Wire Patent Case born?,5a7624b85542992db947372c,"[16274, 24579]","[8524, 9840, 16274, 4318, 18065]",0.5,0.3333333333333333,0.6474331617355347,0.04577361047267914,qwen3.5-122b,I cannot answer this based on the provided context.,0.0,0.0,0.0,OK,
42,42,colbertv2,kmeans_k3,"Which was fought earlier in our nation's history, the Seven Days Battles or the Battle of Manila?",5a7633ad5542992db9473741,"[25986, 8549]","[12468, 4196, 25986, 7256, 20268]",0.5,0.3333333333333333,0.6526409983634949,0.03163463622331619,qwen3.5-122b,I cannot answer this based on the provided context.,0.0,0.0,0.0,OK,
43,43,colbertv2,kmeans_k3,"When was the Chief Aerodynamicist for the British supersonic land vehicle, whose goal is to match or exceed 1000 mph achieving a new world land speed record, born?",5a7633ff5542994ccc918712,"[23901, 5723]","[22643, 8784, 5723, 5451, 6289]",0.5,0.3333333333333333,0.7004963159561157,0.04268476739525795,qwen3.5-122b,I cannot answer this based on the provided context.,0.0,0.0,0.0,OK,
44,44,colbertv2,kmeans_k3,Who was the wife of the president when William Bainbridge started his career?,5a7636fb55429976ec32bd79,"[2587, 202]","[11603, 12667, 2587, 2684, 18144]",0.5,0.3333333333333333,0.7062011957168579,0.9178301095962524,qwen3.5-122b,"I cannot answer this based on the provided context.

The provided text states that William Bainbridge served under six presidents beginning with John Adams, but it does not mention who the wife of John Adams (or any of the other presidents) was.",0.0,0.0,0.0,OK,
45,45,colbertv2,kmeans_k3,"Which university has more schools, Ateneo de Davao University or University of Rochester?",5a7651825542992d0ec060a3,"[163, 12131]","[163, 24258, 12131, 11302, 7209]",1.0,1.0,0.6173769235610962,0.9684722423553467,qwen3.5-122b,"Based on the provided context, the **University of Rochester** has more schools.

*   **Ateneo de Davao University** has **five** undergraduate schools (School of Arts and Sciences, School of Business and Governance, School of Engineering and Architecture, School of Education, and School of Nursing), plus a separate College of Law unit.
*   **The University of Rochester** has **six** schools.

Therefore, the University of Rochester has more schools than Ateneo de Davao University.",0.0,0.0,0.0,OK,
46,46,colbertv2,kmeans_k3,Who founded the collective which released the album Messe I.X-VI.X?,5a7662745542992db9473786,"[16502, 23431]","[12936, 16201, 16502, 22200, 12840]",0.5,0.3333333333333333,0.6627408266067505,0.1097981259226799,qwen3.5-122b,I cannot answer this based on the provided context.,0.0,0.0,0.0,OK,
47,47,colbertv2,kmeans_k3,When did the first bank come into existence that is part of an organization that serves rural areas of India with basic banking and financial services?,5a76db3555429972597f13e7,"[16835, 6646]","[20206, 4898, 6646, 25052, 16165]",0.5,0.3333333333333333,0.6012499332427979,0.05012860894203186,qwen3.5-122b,I cannot answer this based on the provided context.,0.0,0.0,0.0,OK,
48,48,colbertv2,kmeans_k3,"Who is older, Ivan Foster or Ian Paisley?",5a77253455429972597f1449,"[18224, 25837]","[13453, 3989, 18224, 20344, 3492]",0.5,0.3333333333333333,0.6429382562637329,0.11718118190765381,qwen3.5-122b,I cannot answer this based on the provided context.,0.0,0.0,0.0,OK,
49,49,colbertv2,kmeans_k3,Which software application was originally made for the company that acquired RadioShack in 1963?,5a77322055429972597f1494,"[645, 11956]","[6973, 11956, 3069, 4176, 17269]",0.5,0.5,0.703190267086029,0.9420198202133179,qwen3.5-122b,"Based on the provided context, **Tandy Leather** (later known as Tandy Corporation) acquired RadioShack in 1963. However, the documents do not mention any software application that was originally made for Tandy Leather or Tandy Corporation.

Document 1 mentions a Doraemon video game for the Famicom, Document 3 mentions TurboTax (made for Chipsoft/Intuit), and Document 4 mentions Glider (made for Soft Dorothy Software/Casady & Greene), but none of these are linked to Tandy Corporation in the text.

I cannot answer this based on the provided context.",0.0,0.0,0.0,OK,
50,50,colbertv2,kmeans_k3,"Who won Miss America 2013, which was the 86th Miss America pageant held at the PH Live in Las Vegas?",5a7735f55542994aec3b7226,"[15216, 13103]","[25530, 2612, 13103, 16141, 8716]",0.5,0.3333333333333333,0.5544617772102356,0.9997333884239197,qwen3.5-122b,"Based on the provided context, **Mallory Hagan** (Miss New York 2012) won Miss America 2013. She was crowned by Miss America 2012 Laura Kaeppeler at the 86th Miss America pageant held at the PH Live in Las Vegas on January 12, 2013.",0.0,0.0,0.0,OK,
51,51,colbertv2,kmeans_k3,Who starred in Umm-e-Kulsoom whose mother was Afshan Qureshi?,5a77414155429972597f14d7,"[19527, 4872]","[23987, 23700, 19527, 12167, 18709]",0.5,0.3333333333333333,0.6915124654769897,0.1548837423324585,qwen3.5-122b,I cannot answer this based on the provided context.,0.0,0.0,0.0,OK,
52,52,colbertv2,kmeans_k3,"What actress is known for a starring role in Robert Bresson's ""Pickpocket"" and has also been directed by Just Jaeckin, a former photographer?",5a77626b5542993569682d77,"[12786, 5419]","[13962, 12786, 8951, 13771, 3010]",0.5,0.5,0.7368574738502502,0.999755322933197,qwen3.5-122b,"Based on the provided context, the actress known for a starring role in Robert Bresson's ""Pickpocket"" is **Marika Nicolette Green** (Document 2).

However, the provided text does not mention that she was directed by Just Jaeckin or that he is a former photographer. Therefore, while the first part of the question is answerable, the full connection to Just Jaeckin cannot be confirmed using only the provided documents.

**Answer:** Marika Nicolette Green (Note: The provided context confirms her role in ""Pickpocket"" but does not contain information about her being directed by Just Jaeckin).",0.0,0.0,0.0,OK,
53,53,colbertv2,kmeans_k3,What is the official currency in the country that hosts the Asahi-Ryokuken Yomiuri Memorial tournament?,5a776b82554299373536026f,"[2849, 13370]","[13512, 13370, 2849, 12981, 24397]",1.0,0.5,0.6231479048728943,0.7471731305122375,qwen3.5-122b,"Based on the provided context, the Asahi-Ryokuken Yomiuri Memorial tournament was played in Fukuoka, Japan (Document 3). According to Document 2, the official currency of Japan is the **yen** (symbol: ¥; code: JPY).",0.0,0.0,0.0,OK,
54,54,colbertv2,kmeans_k3,"Who was born first, Susan Oliver or W. S. Van Dyke?",5a778b345542992a6e59decf,"[4583, 24476]","[15946, 24476, 4583, 5058, 2903]",1.0,0.5,0.6844890713691711,0.2826886475086212,qwen3.5-122b,"Based on the provided context, W. S. Van Dyke (Woodbridge Strong Van Dyke II) was born first.

*   **W. S. Van Dyke** was born on **March 21, 1889** (Document 2).
*   **Susan Oliver** was born on **February 13, 1932** (Document 3).",0.0,0.0,0.0,OK,
55,55,colbertv2,kmeans_k3,In what year were the European Athletics Junior Championships held in the capital of Slovenia?,5a779fd95542997042120ab5,"[10126, 17449]","[23943, 4996, 10126, 20635, 9349]",0.5,0.3333333333333333,0.5169032216072083,0.9917764663696289,qwen3.5-122b,"Based on the provided context, the European Athletics Junior Championships were held in Ljubljana, Slovenia, in **1997**.

(Note: While the context confirms the event was held in Ljubljana in 1997, it does not explicitly state that Ljubljana is the capital of Slovenia. However, based on the specific details available in the text regarding the location and year of the Junior Championships in Slovenia, 1997 is the only year mentioned for this event in that country.)

**Answer:** 1997",0.0,0.0,0.0,OK,
56,56,colbertv2,kmeans_k3,What year did Christopher Nolan's magic-themed drama come out?,5a77a41a5542997042120ab9,"[11314, 10290]","[17457, 10290, 7363, 21073, 6531]",0.5,0.5,0.6855651140213013,0.9954765439033508,qwen3.5-122b,"Based on the provided context, Christopher Nolan's magic-themed drama (the film *The Prestige*) came out in **2006**.",0.0,0.0,0.0,OK,
57,57,colbertv2,kmeans_k3,"when was the album that includes the song by Dustin Lynch released to country radio on February 17, 2017?",5a77a65b5542992a6e59df57,"[22947, 22198]","[19476, 12339, 22198, 5696, 11006]",0.5,0.3333333333333333,0.6281054615974426,0.9211265444755554,qwen3.5-122b,"Based on the provided context, the song by Dustin Lynch released to country radio on February 17, 2017, is ""Small Town Boy."" This song is the second single from his third studio album, **""Current Mood.""**

However, the provided text **does not state the release date** of the album ""Current Mood."" It only provides the release date of the single.

Therefore: I cannot answer this based on the provided context.",0.0,0.0,0.0,OK,
58,58,colbertv2,kmeans_k3,What British novelist born in November 1898 wrote Surprised by Joy: The Shape of My Early Life?,5a77a9df55429967ab10521c,"[2490, 23359]","[2490, 38, 18796, 23359, 9429]",1.0,1.0,0.66902095079422,0.18926353752613068,qwen3.5-122b,"Based on the provided context, the British novelist born in November 1898 who wrote *Surprised by Joy: The Shape of My Early Life* is **Clive Staples Lewis** (also known as C. S. Lewis).

*   **Document 4** states that Clive Staples Lewis was born on 29 November 1898 and was a British novelist.
*   **Document 1** states that *Surprised by Joy: The Shape of My Early Life* is a partial autobiography published by C. S. Lewis.",0.0,0.0,0.0,OK,
59,59,colbertv2,kmeans_k3,"What is the species of animal which the town of Antelope, Kansas was named after?",5a77c09555429967ab105262,"[10221, 5206]","[14322, 4935, 10221, 10487, 20345]",0.5,0.3333333333333333,0.6595486402511597,0.9896570444107056,qwen3.5-122b,"Based on the provided context, the town of Antelope, Kansas, was named after **antelope** (specifically, antelope grazing near where the first school was being built).

Document 3 states: ""Antelope got its name from antelope grazing near where the first school was being built.""",0.0,0.0,0.0,OK,
60,60,colbertv2,kmeans_k3,"Which song was behind the third single on the album  ""A Lot About Livin' (And a Little 'bout Love)"" for two weeks on the country charts?",5a77c1505542997042120b1b,"[4167, 1573]","[4445, 12438, 1573, 11394, 7741]",0.5,0.3333333333333333,0.6627516150474548,0.051130883395671844,qwen3.5-122b,I cannot answer this based on the provided context.,0.0,0.0,0.0,OK,
61,61,colbertv2,kmeans_k3,"Which band formed in England, Of Montreal or Vib Gyor?",5a77c74155429967ab105291,"[23850, 24150]","[15369, 9745, 24150, 15106, 4775]",0.5,0.3333333333333333,0.6570315361022949,0.008302331902086735,qwen3.5-122b,"Based on the provided context, **Vib Gyor** is the band that formed in England.

Document 3 states that ""Vib Gyor was a band that was formed in Leeds, England."" The provided text does not contain any information about a band named ""Of Montreal.""",0.0,0.0,0.0,OK,
62,62,colbertv2,kmeans_k3,"The voice of Homer Simpson also voices what alien character in the television series ""The Simpsons""?",5a77cb5e55429967ab1052a7,"[18801, 23611]","[18328, 25009, 23611, 6425, 23880]",0.5,0.3333333333333333,0.6975480914115906,0.0633901059627533,qwen3.5-122b,I cannot answer this based on the provided context.,0.0,0.0,0.0,OK,
63,63,colbertv2,kmeans_k3,"The True Colors World Tour was by what artist whose debut album was ""She's So Unusual""?",5a77ddb855429967ab1052d8,"[15195, 25141]","[23078, 14248, 25141, 15792, 5638]",0.5,0.3333333333333333,0.6851009130477905,0.9969643950462341,qwen3.5-122b,"Based on the provided context, the artist is **Cyndi Lauper**.

Document 3 states that Cyndi Lauper's debut solo album was ""She's So Unusual"" (1983) and mentions her second record, ""True Colors"" (1986). While the text does not explicitly name a ""True Colors World Tour,"" it links the artist Cyndi Lauper to both the debut album ""She's So Unusual"" and the album ""True Colors.""",0.0,0.0,0.0,OK,
64,64,colbertv2,kmeans_k3,"What scientist as well as a practising Roman Cathloic described the electronic voice phenomena as typically brief, usually the length of a work or short phrase?",5a77f4755542992a6e59e01f,"[23394, 24534]","[9390, 15999, 24534, 12457, 24663]",0.5,0.3333333333333333,0.7211798429489136,0.3372669219970703,qwen3.5-122b,"I cannot answer this based on the provided context.

The provided text mentions that Parapsychologist Konstantīns Raudive described electronic voice phenomena (EVP) as typically brief, but it does not state that he was a practising Roman Catholic.",0.0,0.0,0.0,OK,
65,65,colbertv2,kmeans_k3,"Spawn, a fictional character who Mustafa Shakir has expressed interest in playing, was created by?",5a78b5f7554299148911f95b,"[22840, 10815]","[25603, 10815, 22840, 16362, 17233]",1.0,0.5,0.7273143529891968,0.7340757250785828,qwen3.5-122b,"Based on the provided context, Spawn was created by **Todd McFarlane**.

Document 3 confirms that Mustafa Shakir expressed interest in playing Spawn, and Document 2 states that Spawn was created by Todd McFarlane.",0.0,0.0,0.0,OK,
66,66,colbertv2,kmeans_k3,The show featuring a young boy named Gerald Bald Z premiered on what TV channel?,5a78bd515542990784727749,"[10604, 6450]","[7326, 25405, 6450, 4777, 24729]",0.5,0.3333333333333333,0.6798531413078308,0.9970325827598572,qwen3.5-122b,"Based on the provided context, the show featuring a young boy named Gerald Bald Z, titled *Perfect Hair Forever*, premiered on **Cartoon Network** (specifically on its late night programming block, Adult Swim).",0.0,0.0,0.0,OK,
67,67,colbertv2,kmeans_k3,The southernmost administrative region of Denmark is well-known for creating what products?,5a78ce5d55429974737f78ac,"[8051, 8866]","[8866, 5621, 8051, 1401, 4488]",1.0,1.0,0.6702613234519958,0.9797253608703613,qwen3.5-122b,"Based on the provided context, the southernmost administrative region of Denmark is **Region Zealand** (Document 1).

The context mentions that the town of **Faxe**, which is located in Region Zealand, is well-known for **Faxe Bryggeri**, a brewery that produces a range of **beer and soft drinks** (Document 3).

Therefore, the region is well-known for creating **beer and soft drinks**.",0.0,0.0,0.0,OK,
68,68,colbertv2,kmeans_k3,"Orange is the New Black, starring Annie Golden as Norma Romano, takes place in which minimum-security federal prison?",5a78f18855429974737f7915,"[24525, 13229]","[736, 19196, 13229, 4001, 16798]",0.5,0.3333333333333333,0.6908727288246155,0.26050207018852234,qwen3.5-122b,"Based on the provided context, the series *Orange Is the New Black* is based on Piper Kerman's memoir about her experiences at **FCI Danbury**, a minimum-security federal prison.

(Note: While the context confirms the prison name, it does not mention the character Norma Romano or the actress Annie Golden.)",0.0,0.0,0.0,OK,
69,69,colbertv2,kmeans_k3,Mick Carter is the landlord of a public house located at what address?,5a78f59755429970f5fffdf7,"[16943, 5839]","[19930, 21921, 16943, 14099, 8060]",0.5,0.3333333333333333,0.6948322057723999,0.08026628196239471,qwen3.5-122b,I cannot answer this based on the provided context.,0.0,0.0,0.0,OK,
70,70,colbertv2,kmeans_k3,What is the birthday of the oldest among Vicente García and Ximena Sariñana?,5a7914e155429974737f7973,"[18678, 4272]","[19568, 22971, 18678, 23104, 20515]",0.5,0.3333333333333333,0.5868974924087524,0.04655531793832779,qwen3.5-122b,I cannot answer this based on the provided context.,0.0,0.0,0.0,OK,
71,71,colbertv2,kmeans_k3,"Which Netflix series ""Unbreakable"" character is Elizabeth Claire Kemper known for playing?",5a791a97554299148911f9f2,"[7040, 19925]","[12579, 19394, 7040, 25332, 19925]",1.0,0.3333333333333333,0.6533699631690979,0.996615469455719,qwen3.5-122b,"Based on the provided context, Elizabeth Claire Kemper is known for playing the character **Kimmy Schmidt** in the Netflix comedy series ""Unbreakable Kimmy Schmidt"".",0.0,0.0,0.0,OK,
72,72,colbertv2,kmeans_k3,"Who was born first, Brooklyn Decker or Andy Roddick?",5a793bc95542994bb9456fc3,"[25392, 13425]","[13425, 2855, 25392, 25912, 2219]",1.0,1.0,0.6737087965011597,0.9918107986450195,qwen3.5-122b,"Based on the provided context, **Andy Roddick** was born first.

*   **Andrew Stephen Roddick** was born on **August 30, 1982** (Document 1).
*   **Brooklyn Danielle Decker** was born on **April 12, 1987** (Document 3).

Since 1982 is earlier than 1987, Andy Roddick was born first.",0.0,0.0,0.0,OK,
73,73,colbertv2,kmeans_k3,Amil Grove appeared in what  British tabloid published by News UK?,5a793d335542994bb9456fca,"[1497, 9333]","[1497, 9333, 17429, 16885, 3810]",1.0,1.0,0.6154524087905884,0.859582245349884,qwen3.5-122b,"Based on the provided context, the person mentioned is **Amii Anne J. Grove** (not ""Amil Grove""), and she appeared in **The Sun**.

According to Document 1, Amii Anne J. Grove has appeared in publications such as ""The Sun"". Document 2 confirms that ""The Sun"" is a tabloid newspaper published by the News Group Newspapers division of **News UK**.",0.0,0.0,0.0,OK,
74,74,colbertv2,kmeans_k3,"Who was born first, Nellee Hooper or Baz Luhrmann?",5a794119554299029c4b5f3c,"[4565, 3093]","[25252, 9559, 4565, 25962, 20318]",0.5,0.3333333333333333,0.7167190313339233,0.06560903787612915,qwen3.5-122b,I cannot answer this based on the provided context.,0.0,0.0,0.0,OK,
75,75,colbertv2,kmeans_k3,Eric Ambler and Carol Shields are both best Known for what profession?,5a79c1335542994bb9457066,"[20299, 23672]","[23672, 4114, 20299, 8797, 15520]",1.0,1.0,0.7222374677658081,0.017539802938699722,qwen3.5-122b,"Based on the provided context, Eric Ambler and Carol Shields are both best known for being **authors** (specifically, Carol Shields is a **novelist and short story writer**, and Eric Ambler is an **author of thrillers**).

*   **Carol Shields** (Document 1): Described as an ""American-born Canadian **novelist and short story writer**"" best known for her novel ""The Stone Diaries"".
*   **Eric Ambler** (Document 3): Described as an ""influential British **author of thrillers**"" best known for his spy novels.",0.0,0.0,0.0,OK,
76,76,colbertv2,kmeans_k3,Which two occupations does Ronnie Dunn and Annie Lennox have in common?,5a79c9395542994bb94570a2,"[23665, 8341]","[8341, 2407, 23782, 21669, 5045]",0.5,1.0,0.6489118337631226,0.06829633563756943,qwen3.5-122b,I cannot answer this based on the provided context.,0.0,0.0,0.0,OK,
77,77,colbertv2,kmeans_k3,Special K is a slang word for a medication whose main effects last how long?,5a7a05485542990198eaf04c,"[25402, 4011]","[11045, 25402, 4011, 13573, 706]",1.0,0.5,0.7618780136108398,0.40045931935310364,qwen3.5-122b,"Based on the provided context, ""Special K"" is slang for Ketamine (Document 2). According to Document 3, the main effects of Ketamine last up to 25 minutes.",0.0,0.0,0.0,OK,
78,78,colbertv2,kmeans_k3,When did Henrietta Ponsonby's father die?,5a7a0e745542990783324e1d,"[5058, 9931]","[19434, 5058, 17159, 5350, 19309]",0.5,0.5,0.6488913297653198,0.44451844692230225,qwen3.5-122b,I cannot answer this based on the provided context.,0.0,0.0,0.0,OK,
79,79,colbertv2,kmeans_k3,The Swallow Bluff Island Mounds is a Mississippian culture archaeological site that is located in this river which was once known by what name?,5a7a3d435542996a35c17154,"[11628, 11499]","[17696, 20083, 11628, 15680, 7529]",0.5,0.3333333333333333,0.6287881135940552,0.02912336215376854,qwen3.5-122b,I cannot answer this based on the provided context.,0.0,0.0,0.0,OK,
80,80,colbertv2,kmeans_k3,Near the banks of what river is the city in Romania with a partner Aspen Institute located?,5a7a47be5542994f819ef1b2,"[3254, 14619]","[2830, 11328, 3254, 2128, 14619]",1.0,0.3333333333333333,0.6029512286186218,0.7772055268287659,qwen3.5-122b,"Based on the provided context, the city in Romania with a partner Aspen Institute is **Bucharest** (mentioned in Document 3 as having a partner institute and in Document 5 as the capital of Romania).

According to Document 5, Bucharest is located on the banks of the **Dâmbovița River**.",0.0,0.0,0.0,OK,
81,81,colbertv2,kmeans_k3,"Who was born first, Lecrae Devaughn Moore or Gawvi?",5a7a650355429941d65f2615,"[20545, 12316]","[2959, 13553, 12316, 4612, 20545]",1.0,0.3333333333333333,0.6908251643180847,0.004233809188008308,qwen3.5-122b,"Lecrae Devaughn Moore was born first. He was born on October 9, 1979, while Gawvi (Gabriel Alberto Azucena) was born on September 23, 1988.",0.0,0.0,0.0,OK,
82,82,colbertv2,kmeans_k3,What is the altitude of the town in England that has Leadgate between it and Garrigill?,5a7a94f155429941d65f26ca,"[25349, 15612]","[25386, 12984, 25349, 3166, 5207]",0.5,0.3333333333333333,0.6753860116004944,0.3337548077106476,qwen3.5-122b,"Based on the provided context, I cannot answer this question.

Document 3 states that Leadgate is located between the town of Alston and the village of Garrigill, but it does not provide the altitude of Alston. Document 5 mentions an altitude for Shutford, but that is a different location.",0.0,0.0,0.0,OK,
83,83,colbertv2,kmeans_k3,"Who was born first, Chester Bennington or Mikael Stanne?",5a7aa2a255429941d65f270e,"[2563, 3708]","[19857, 2563, 3708, 6285, 6105]",1.0,0.5,0.6856606602668762,0.9930140972137451,qwen3.5-122b,"Based on the provided context, Mikael Stanne was born first.

*   **Mikael Stanne** (Bengt Mikael Stanne) was born on **May 20, 1974** (Document 3).
*   **Chester Bennington** (Chester Charles Bennington) was born on **March 20, 1976** (Document 2).

Since 1974 is earlier than 1976, Mikael Stanne was born first.",0.0,0.0,0.0,OK,
84,84,colbertv2,kmeans_k3,Who passed away first Robert Graves or Dino Buzzati ?,5a7aa9425542992d025e66e4,"[15806, 24994]","[24994, 5460, 15806, 7630, 19619]",1.0,1.0,0.7179592847824097,0.04672293737530708,qwen3.5-122b,"Based on the provided context, **Dino Buzzati** passed away first.

*   **Dino Buzzati** died on **28 January 1972** (Document 1).
*   **Robert Graves** died on **7 December 1985** (Document 3).",0.0,0.0,0.0,OK,
85,85,colbertv2,kmeans_k3,Beena Sarwar is the editor of a peace initiative sponsored by a newpaper based in what city?,5a7af4cd55429931da12c9a6,"[13627, 25508]","[10279, 19438, 13627, 16093, 25508]",1.0,0.3333333333333333,0.6817647218704224,0.7185917496681213,qwen3.5-122b,"Based on the provided context, Beena Sarwar is the Pakistan Editor of the Aman ki Asha initiative, which is jointly sponsored by the Jang group. Document 5 states that The Daily Jang is an Urdu newspaper based in **Karachi**, Pakistan.

Answer: Karachi",0.0,0.0,0.0,OK,
86,86,colbertv2,kmeans_k3,Who is the older brother of the king that was overthrown in the Henriad?,5a7b3b4f5542992d025e67ac,"[9541, 19384]","[23397, 7714, 19384, 23525, 15329]",0.5,0.3333333333333333,0.6520060896873474,0.02390114590525627,qwen3.5-122b,I cannot answer this based on the provided context.,0.0,0.0,0.0,OK,
87,87,colbertv2,kmeans_k3,"Who was the director behind the Cirque du Soleil show in Las Vegas that was first performed on December 25, 1993?",5a7b443c5542992d025e67ce,"[24681, 1590]","[17906, 19739, 1590, 21014, 7697]",0.5,0.3333333333333333,0.7291516065597534,0.025888575240969658,qwen3.5-122b,I cannot answer this based on the provided context.,0.0,0.0,0.0,OK,
88,88,colbertv2,kmeans_k3,"What country does Eric A. Sykes and Eccles, Greater Manchester have ion common?",5a7b4bc35542992d025e67e0,"[13861, 4279]","[555, 5833, 13861, 13764, 19950]",0.5,0.3333333333333333,0.6953970789909363,0.7381235957145691,qwen3.5-122b,"Based on the provided context, both Eric Anthony Sykes and Eccles, Greater Manchester are located in **England**.

*   **Document 3** states that Eric Anthony Sykes was born in ""Barton-upon-Irwell, Eccles, Greater Manchester, **England**.""
*   **Document 1** and **Document 4** also confirm that Greater Manchester is in **England**.",0.0,0.0,0.0,OK,
89,89,colbertv2,kmeans_k3,The Motion Picture Soundtrack The Woman in Red featured this American Singer who became a United Nations Ambassador for what organization?,5a7b72e15542997c3ec97187,"[23155, 3897]","[20819, 21894, 23155, 4332, 633]",0.5,0.3333333333333333,0.7166081666946411,0.3282991349697113,qwen3.5-122b,"I cannot answer this based on the provided context.

The provided text mentions that Stevie Wonder is the American musician who released the soundtrack for *The Woman in Red* (Document 3), but it does not state that he became a United Nations Ambassador or specify for which organization. While Document 1 mentions Kim Simplis Barrow as a ""Global Ambassador by Special Olympics International,"" she is not associated with *The Woman in Red* soundtrack in the text.",0.0,0.0,0.0,OK,
90,90,colbertv2,kmeans_k3,"Who was born first, Ana Kasparian or Andre Agassi?",5a7c34905542996dd594b8d5,"[6559, 23466]","[12630, 6559, 23466, 13797, 12357]",1.0,0.5,0.7448413968086243,0.9938743114471436,qwen3.5-122b,"Based on the provided context, Andre Agassi was born first.

*   **Andre Agassi** was born on **April 29, 1970** (Document 3).
*   **Ana Kasparian** was born on **July 7, 1986** (Document 2).

Since 1970 is earlier than 1986, Andre Agassi was born first.",0.0,0.0,0.0,OK,
91,91,colbertv2,kmeans_k3,"Who is older, Simon Neil or Michael McKean?",5a7c64bc5542996dd594b913,"[25306, 25985]","[10816, 17470, 25306, 6059, 25985]",1.0,0.3333333333333333,0.6688320636749268,0.9942818880081177,qwen3.5-122b,"Based on the provided context, Michael McKean is older.

*   **Michael McKean** was born on **October 17, 1947** (Document 5).
*   **Simon Neil** was born on **31 August 1979** (Document 3).

Since 1947 is earlier than 1979, Michael McKean is older.",0.0,0.0,0.0,OK,
92,92,colbertv2,kmeans_k3,What was the sequel of the game that e was published by U.S. Gold in 1992?,5a7c68575542996dd594b91c,"[1860, 25874]","[9282, 251, 25874, 22988, 1860]",1.0,0.3333333333333333,0.6047205924987793,0.9428936839103699,qwen3.5-122b,"Based on the provided context, the game published by U.S. Gold in 1992 is **Flashback** (released as *Flashback: The Quest for Identity* in the United States). Its sequel is **Fade to Black**.",0.0,0.0,0.0,OK,
93,93,colbertv2,kmeans_k3,What was the population in 2016 of the city that Norman Foote is originally from?,5a7c78c955429935c91b51d2,"[644, 12503]","[13227, 21699, 644, 5980, 23388]",0.5,0.3333333333333333,0.6332400441169739,0.07247649133205414,qwen3.5-122b,I cannot answer this based on the provided context.,0.0,0.0,0.0,OK,
94,94,colbertv2,kmeans_k3,The 2011 Tennessee Tech Golden Eagles football team competed in a conference with how many members competing in football?,5a7c827e55429907fabeefa7,"[12219, 24831]","[12219, 14992, 24769, 4843, 3060]",0.5,1.0,0.6246383786201477,0.5823239684104919,qwen3.5-122b,"Based on the provided context, I cannot answer this question.

Document 1 states that the 2011 Tennessee Tech Golden Eagles were members of the Ohio Valley Conference (OVC), but it does not specify the number of members in that conference competing in football. Document 3 mentions the number of members for the Big Ten Conference, and Document 5 mentions conference realignments for the WAC, but neither provides the specific membership count for the OVC in 2011.",0.0,0.0,0.0,OK,
95,95,colbertv2,kmeans_k3,Focus is a 2015 American romantic crime comedy-drama film starring an Australian actress who was also cast in what soap opera?,5a7c8cea55429935c91b5214,"[15934, 5796]","[5796, 15934, 1543, 4109, 20008]",1.0,1.0,0.6559315919876099,0.34920230507850647,qwen3.5-122b,"Based on the provided context, the film *Focus* (2015) stars Margot Robbie, who is an Australian actress. According to Document 1, Margot Robbie was cast in the soap opera **""Neighbours""** (2008–2011).",0.0,0.0,0.0,OK,
96,96,colbertv2,kmeans_k3,"As of 2010, what was the population of the county that was named after the 13th Speaker of the House of Representatives?",5a7c9ead5542990527d554e4,"[25549, 3547]","[764, 25666, 3547, 24428, 25880]",0.5,0.3333333333333333,0.6617053747177124,0.032985638827085495,qwen3.5-122b,"I cannot answer this based on the provided context.

**Reasoning:**
1.  **Document 3** identifies **James Knox Polk** as the **13th Speaker of the House of Representatives**.
2.  The question asks for the population of the county named after him.
3.  **Document 5** describes **Perry County**, Arkansas, which was named for **Commodore Oliver Hazard Perry**, not James Knox Polk.
4.  None of the provided documents mention a county named after James Knox Polk or provide population data for such a county.",0.0,0.0,0.0,OK,
97,97,colbertv2,kmeans_k3,"Which restaurant chain is based further south, Pizza Fusion or Imo's Pizza?",5a7ca33f5542990527d554ee,"[4533, 5392]","[9094, 10636, 5392, 19758, 433]",0.5,0.3333333333333333,0.5935066938400269,0.05178480222821236,qwen3.5-122b,I cannot answer this based on the provided context.,0.0,0.0,0.0,OK,
98,98,colbertv2,kmeans_k3,How much change in elevation is there at the site of the 1999 FIA GT Hockenheim 500km?,5a7cb993554299452d57b9c2,"[2797, 25741]","[17454, 25117, 2797, 20215, 25741]",1.0,0.3333333333333333,0.5552449226379395,0.9893014430999756,qwen3.5-122b,"Based on the provided context, the 1999 FIA GT Hockenheim 500 km took place at the Hockenheimring Short Circuit (Document 3). Document 5 describes the Hockenheimring circuit as having ""very little change in elevation.""

Therefore, there is **very little change in elevation** at the site.",0.0,0.0,0.0,OK,
99,99,colbertv2,kmeans_k3,How many times has the national team Joseph Raich Garriga played for in 1941 participated in FIFA World Cups?,5a7cc58f554299452d57ba45,"[4128, 23594]","[1783, 12810, 4128, 12809, 23594]",1.0,0.3333333333333333,0.6404160261154175,0.6453559994697571,qwen3.5-122b,"Based on the provided context, Josep Raich Garriga played once for the **Spain** national team in 1941 (Document 3). According to Document 5, the Spanish national team has participated in a total of **14** FIFA World Cups.

Answer: 14",0.0,0.0,0.0,OK,
100,100,colbertv2,kmeans_k3,On what UHF channel is the station that Cindy Williams is on broadcast?,5a7ccc1e55429909bec7680e,"[2958, 264]","[15230, 19972, 2958, 23193, 264]",1.0,0.3333333333333333,0.5971967577934265,0.026196585968136787,qwen3.5-122b,"Based on the provided context, Cindy Williams is a news anchor with **WCSH 6** in Portland, Maine (Document 3). According to Document 5, WCSH broadcasts a high definition digital signal on **UHF channel 44**.",0.0,0.0,0.0,OK,
101,101,colbertv2,kmeans_k3,Getting Married in Buffalo Jump stars an actor who was born in what city?,5a7cdc1b55429907fabef04d,"[10012, 24485]","[10012, 7040, 25208, 25553, 25392]",0.5,1.0,0.7300716638565063,0.45896169543266296,qwen3.5-122b,"Based on the provided context, I cannot answer this based on the provided context.

**Reasoning:**
Document 1 states that the movie *Getting Married in Buffalo Jump* stars Wendy Crewson and Paul Gross. However, none of the provided documents contain information about the birth cities of Wendy Crewson or Paul Gross. Document 3 mentions a person born in Buffalo, New York (Frederick King Keller), but he is not listed as a star of this specific movie in the text.",0.0,0.0,0.0,OK,
102,102,colbertv2,kmeans_k3,"Which band formed earlier, Edward Sharpe and the Magnetic Zeros or Louis XIV?",5a7cdd6b55429909bec76858,"[3440, 3418]","[23631, 3440, 3418, 874, 21181]",1.0,0.5,0.715111255645752,0.013249766081571579,qwen3.5-122b,"Based on the provided context, **Louis XIV** formed earlier.

*   **Louis XIV** released their first EPs and albums starting in **2003** (Document 3).
*   **Edward Sharpe and the Magnetic Zeros** was formed in **2007** (Document 2).",0.0,0.0,0.0,OK,
103,103,colbertv2,kmeans_k3,"Which was released first, Gasland or To Shoot an Elephant?",5a7ced4355429909bec76895,"[9661, 9151]","[9661, 11454, 9151, 25144, 12769]",1.0,1.0,0.6806848645210266,0.9802262783050537,qwen3.5-122b,"Based on the provided context, **To Shoot an Elephant** was released first.

*   **To Shoot an Elephant** is described as a **2009** documentary film (Document 3).
*   **Gasland** is described as a **2010** American documentary (Document 1).

Since 2009 comes before 2010, *To Shoot an Elephant* was released first.",0.0,0.0,0.0,OK,
104,104,colbertv2,kmeans_k3,"Who is older, Steven Tyler, or Elizabeth Fraser?",5a7d2c8d5542995ed0d16624,"[17973, 17299]","[22408, 17299, 17973, 16402, 17290]",1.0,0.5,0.7095001339912415,0.9954819083213806,qwen3.5-122b,"Based on the provided context, Steven Tyler is older.

*   **Steven Tyler** was born on March 26, 1948 (Document 2).
*   **Elizabeth Fraser** was born on August 29, 1963 (Document 3).

Since 1948 is earlier than 1963, Steven Tyler is older.",0.0,0.0,0.0,OK,
105,105,colbertv2,kmeans_k3,"In what year was the Moldavian, later Romanian writer, known for his work ""The Goat and Her Three Kids"" born?",5a7dedb55542995f4f402317,"[8170, 25534]","[15011, 12881, 25534, 22537, 7471]",0.5,0.3333333333333333,0.7290738224983215,0.9984750151634216,qwen3.5-122b,"Based on the provided context, the Moldavian, later Romanian writer known for ""The Goat and Her Three Kids"" is Ion Creangă. He was born on **March 1, 1837**.",0.0,0.0,0.0,OK,
106,106,colbertv2,kmeans_k3,What is the population of the birth city of Daniela Scalia?,5a7e279d5542995ed0d166b5,"[14020, 9457]","[21876, 520, 14020, 8431, 3661]",0.5,0.3333333333333333,0.6664619445800781,0.044698841869831085,qwen3.5-122b,I cannot answer this based on the provided context.,0.0,0.0,0.0,OK,
107,107,colbertv2,kmeans_k3,"Who has held more positions in the film industry, Donald Cammell or Justin David Swibel?",5a7e59c855429934daa2fc0f,"[6208, 10322]","[19830, 6985, 6208, 14230, 7740]",0.5,0.3333333333333333,0.6970685720443726,0.13453556597232819,qwen3.5-122b,I cannot answer this based on the provided context.,0.0,0.0,0.0,OK,
108,108,colbertv2,kmeans_k3,The Hindmarsh Stadium is sponsored by a brewery that sold how many liters of beer in 2013 ?,5a7eec6f55429934daa2fc7c,"[10554, 24630]","[13591, 10554, 16365, 25080, 24630]",1.0,0.5,0.6516184210777283,0.21239985525608063,qwen3.5-122b,"Based on the provided context, the Hindmarsh Stadium is currently known as the Coopers Stadium due to sponsorship from Coopers Brewery. According to Document 5, Coopers Brewery sold **69.7 million litres** of beer in the 2013 financial year.",0.0,0.0,0.0,OK,
109,109,colbertv2,kmeans_k3,What region of Italy was Giorgio Pini born in?,5a7ef6b35542994959419a94,"[8550, 6427]","[24864, 8550, 14492, 24869, 11092]",0.5,0.5,0.6821228861808777,0.9985448122024536,qwen3.5-122b,"Based on the provided context, Giorgio Pini was born in Bologna.",0.0,0.0,0.0,OK,
110,110,colbertv2,kmeans_k3,How did the prominent member of the Astor family who was a lieutenant colonel in the Spanish-American War die?,5a7efa7a55429930675135ea,"[12667, 11180]","[11180, 15431, 10271, 12667, 17025]",1.0,1.0,0.6685041189193726,0.06610360741615295,qwen3.5-122b,"Based on the provided context, the prominent member of the Astor family who was a lieutenant colonel in the Spanish-American War was John Jacob ""Jack"" Astor IV (Document 1). Document 4 states that their son, Colonel John Jacob Astor IV, **perished on the RMS ""Titanic""**.",0.0,0.0,0.0,OK,
111,111,colbertv2,kmeans_k3,"Which band originated from the United States, Milky Chance or Stone Temple Pilots?",5a7f19eb55429934daa2fcdb,"[16719, 24908]","[2563, 24318, 24908, 3697, 15300]",0.5,0.3333333333333333,0.7146525382995605,0.003598754992708564,qwen3.5-122b,"Based on the provided context, **Stone Temple Pilots** originated from the United States.

Document 3 states that Stone Temple Pilots is an ""American rock band from San Diego, California."" The provided text does not contain any information about the band Milky Chance.",0.0,0.0,0.0,OK,
112,112,colbertv2,kmeans_k3,"The album that contains the song ""Get Together"" by Madonna was mainly recorded in whose home studio?",5a7f22005542993067513657,"[17942, 6805]","[21562, 2625, 6805, 6037, 24549]",0.5,0.3333333333333333,0.7156513929367065,0.12001722306013107,qwen3.5-122b,I cannot answer this based on the provided context.,0.0,0.0,0.0,OK,
113,113,colbertv2,kmeans_k3,A man known as one of the most brutal pro-Confederate guerrilla leaders in the American Civil War had a following that included a bank and train robber from western Missouri raised in what area?,5a7f79155542995d8a8dde86,"[9662, 681]","[3964, 23230, 9662, 13711, 2200]",0.5,0.3333333333333333,0.6796755790710449,0.7503908276557922,qwen3.5-122b,"Based on the provided context, the bank and train robber from western Missouri is **Jesse Woodson James**. According to Document 3, he was raised in the **""Little Dixie"" area of western Missouri**.

The text notes that James and his brother joined pro-Confederate guerrillas known as ""bushwhackers"" and were followers of leaders such as William Quantrill and ""Bloody Bill"" Anderson (who are historically known as brutal guerrilla leaders, though the text specifically describes the atrocities they were accused of).

Answer: **Little Dixie**",0.0,0.0,0.0,OK,
114,114,colbertv2,kmeans_k3,Did the Beaulieu Mine or the McIntyre Mines yield gold and copper?,5a7f7b365542992097ad2f80,"[4191, 23965]","[20437, 11301, 23965, 16015, 142]",0.5,0.3333333333333333,0.5907551050186157,0.07086338847875595,qwen3.5-122b,I cannot answer this based on the provided context.,0.0,0.0,0.0,OK,
115,115,colbertv2,kmeans_k3,IN what year were both Franz Ferdinand and Sunrise Avenue formed?,5a7f9cb55542995d8a8ddec1,"[20134, 24566]","[19995, 25754, 24566, 2543, 10694]",0.5,0.3333333333333333,0.752089262008667,0.09530127793550491,qwen3.5-122b,I cannot answer this based on the provided context.,0.0,0.0,0.0,OK,
116,116,colbertv2,kmeans_k3,Ali Eren Balıkel started a restaurant which hosted a number of famous figures including an English actor who won three consecutive what?,5a7fb6625542994857a767cc,"[22297, 7620]","[18388, 22297, 12311, 15976, 8657]",0.5,0.5,0.7111508846282959,0.4481109380722046,qwen3.5-122b,"I cannot answer this based on the provided context.

The context mentions that Ali Eren Balıkel's restaurant hosted ""American actor Robert De Niro"" and ""Oscar award-winning actress Helen Mirren,"" but it does not mention an English actor who won three consecutive awards, nor does it specify what those awards were.",0.0,0.0,0.0,OK,
117,117,colbertv2,kmeans_k3,What Theo Avgerinos movie did the actor known for the role as Matt McNamara appear in?,5a7fc5875542992e7d278d67,"[25913, 10575]","[10575, 23498, 24442, 25913, 22476]",1.0,1.0,0.7271361947059631,0.550724983215332,qwen3.5-122b,"Based on the provided context, the actor known for the role of Matt McNamara is **John Carter Hensley** (Document 1). Document 4 states that **John Hensley** appeared in the feature film **""Fifty Pills""**, which was directed by **Theo Avgerinos**.

Answer: Fifty Pills",0.0,0.0,0.0,OK,
118,118,colbertv2,kmeans_k3,"Which magazine has more issues per month, Club or Pro Football Weekly",5a804f01554299485f5985bf,"[20124, 10672]","[14442, 10672, 20124, 4344, 15214]",1.0,0.5,0.5244312286376953,0.6382184624671936,qwen3.5-122b,"Based on the provided context, **Club** is described as a ""monthly"" magazine, meaning it has one issue per month. **Pro Football Weekly** is described as a ""weekly"" magazine, meaning it has four issues per month.

Therefore, **Pro Football Weekly** has more issues per month.",0.0,0.0,0.0,OK,
119,119,colbertv2,kmeans_k3,"Bob Edwards was the host of what show, that later was hosted by Renee Montagne?",5a807181554299485f5985ec,"[10537, 14470]","[14470, 25173, 10537, 5928, 12706]",1.0,1.0,0.6563491821289062,0.9900674223899841,qwen3.5-122b,"Based on the provided context, Bob Edwards was the host of National Public Radio's flagship program, **Morning Edition**. He was succeeded by Renée Montagne (along with Steve Inskeep and David Greene) in this role.",0.0,0.0,0.0,OK,
120,120,colbertv2,kmeans_k3,What location under Charing Cross railway station did G-A-Y move to?,5a80735b554299485f5985f3,"[2951, 19280]","[2221, 8603, 2271, 18494, 20779]",0.0,0.0,0.669538140296936,0.05164581537246704,qwen3.5-122b,I cannot answer this based on the provided context.,0.0,0.0,0.0,OK,
121,121,colbertv2,kmeans_k3,Who conceived the rapid transit system that Klemzig Interchange is a part of?,5a807b44554299485f59860a,"[5865, 781]","[17728, 5865, 781, 23982, 5931]",1.0,0.5,0.6575867533683777,0.04157580807805061,qwen3.5-122b,"Based on the provided context, the Klemzig Interchange is part of the O-Bahn Busway (Document 2). The O-Bahn system was conceived by **Daimler-Benz** (Document 3).",0.0,0.0,0.0,OK,
122,122,colbertv2,kmeans_k3,"A vehicle that uses hydrogen as its onboard fuel for motive power is cosidered which, Flex-fuel or Bi-fuel?",5a8080365542992097ad2fed,"[5296, 5135]","[5296, 8040, 5135, 25652, 13690]",1.0,1.0,0.6113807559013367,0.9799046516418457,qwen3.5-122b,"Based on the provided context, a vehicle that uses hydrogen as its onboard fuel for motive power is considered a **hydrogen vehicle**.

The text does not classify hydrogen vehicles as either ""flex-fuel"" or ""bi-fuel."" Instead, it defines:
*   **Flex-fuel vehicles** as those running on gasoline blended with ethanol or methanol stored in the same tank.
*   **Bi-fuel vehicles** as those where two fuels are stored in separate tanks and the engine runs on one fuel at a time, citing hydrogen as an *example* of a fuel used in bi-fuel vehicles, but not defining the hydrogen vehicle itself as a bi-fuel vehicle in the context of the question's specific phrasing.
*   **Hydrogen vehicles** are explicitly defined in Document 3 as vehicles that use hydrogen as their onboard fuel, with power generated by burning hydrogen in an internal combustion engine or using a fuel cell.

Therefore, the provided context does not support classifying a hydrogen vehicle strictly as ""Flex-fuel"" or ""Bi-fuel"" based on the definitions given; it identifies them specifically as ""hydrogen vehicles.""

However, if forced to choose based on the distinction made in Document 1 regarding where hydrogen is mentioned: Document 1 states that bi-fuel vehicles run on one fuel at a time from separate tanks, giving hydrogen as an example. Document 3 defines hydrogen vehicles separately. Since the question asks what a vehicle using hydrogen is *considered* (Flex-fuel or Bi-fuel), and Document 1 explicitly lists hydrogen as an example of a fuel used in **bi-fuel** vehicles (where two fuels are stored separately and used one at a time), the closest classification provided in the text for a vehicle using hydrogen in that specific manner is **bi-fuel**.

**Answer:** Bi-fuel (based on Document 1 citing hydrogen as an example of a fuel used in bi-fuel vehicles).",0.0,0.0,0.0,OK,
123,123,colbertv2,kmeans_k3,Shaqtin' a Fool has included which television personality who worked for 8 yearst at ESPN?,5a80870d5542992bc0c4a752,"[17856, 24380]","[3834, 17856, 7326, 23498, 24380]",1.0,0.5,0.72572261095047,0.8175176978111267,qwen3.5-122b,"Based on the provided context, the television personality who worked for eight years at ESPN and has participated in ""Shaqtin' a Fool"" is **Matt Winer** (also referred to as Matthew Ward Winer).

*   **Document 2** states that ""other 'Inside' hosts have also participated"" in ""Shaqtin' a Fool,"" including ""Matt Winer.""
*   **Document 5** confirms that ""Matthew Ward Winer... was known for working eight years at ESPN.""",0.0,0.0,0.0,OK,
124,124,colbertv2,kmeans_k3,Who's fifth album and debut single are Startin' Fires and Austin respectively?,5a808c215542995d8a8ddf90,"[5696, 568]","[11492, 5696, 22383, 12942, 19476]",0.5,0.5,0.6698775291442871,0.07780803740024567,qwen3.5-122b,I cannot answer this based on the provided context.,0.0,0.0,0.0,OK,
125,125,colbertv2,kmeans_k3,Were Sound Team and Dead by Sunrise both formed before 2010?,5a8091515542996402f6a563,"[10691, 284]","[4811, 24566, 284, 9530, 13738]",0.5,0.3333333333333333,0.7306934595108032,0.08439145237207413,qwen3.5-122b,I cannot answer this based on the provided context.,0.0,0.0,0.0,OK,
126,126,colbertv2,kmeans_k3,What is the name of the vocalist who collaborated with the rap duo who won the 2002 Grammy Award for Best Rap Performance by a Duo or Group?,5a80a25d5542995d8a8ddfb7,"[21558, 3114]","[9350, 3114, 12148, 20836, 6851]",0.5,0.5,0.7225025296211243,0.9846231937408447,qwen3.5-122b,"I cannot answer this based on the provided context.

**Reasoning:**
The provided context identifies the rap duo that won the 2002 Grammy Award for Best Rap Performance by a Duo or Group as **OutKast** (Document 2). However, none of the documents mention a specific vocalist who collaborated with OutKast. Document 5 mentions Jeff Bhasker collaborating with Kanye West, and Document 1 mentions Liz Rose collaborating with Taylor Swift, but there is no information linking a vocalist to OutKast.",0.0,0.0,0.0,OK,
127,127,colbertv2,kmeans_k3,What prominent director worked with Orion Pictures and was born in December of 1935?,5a80b52f554299485f5986d6,"[6920, 12613]","[7793, 24476, 6920, 5726, 21247]",0.5,0.3333333333333333,0.6717768311500549,0.07455728203058243,qwen3.5-122b,I cannot answer this based on the provided context.,0.0,0.0,0.0,OK,
128,128,colbertv2,kmeans_k3,"How many seasons has a popular tv show had, in which one of the episodes is called Moho House?",5a80c79155429938b61421da,"[22517, 19429]","[8962, 22517, 7835, 24527, 8534]",0.5,0.5,0.6899648904800415,0.9932315349578857,qwen3.5-122b,"Based on the provided context, the episode ""Moho House"" is part of the animated television series ""The Simpsons."" According to Document 2, ""Moho House"" is the twenty-first episode of the **twenty-eighth season** of ""The Simpsons.""

Therefore, the show has had at least **28 seasons**.",0.0,0.0,0.0,OK,
129,129,colbertv2,kmeans_k3,British Airways and EasyJet are both based out of where?,5a80d2c6554299260e20a17c,"[8537, 4606]","[21693, 10393, 8537, 4393, 22409]",0.5,0.3333333333333333,0.5823084115982056,0.44099169969558716,qwen3.5-122b,"Based on the provided context, British Airways is centred at its main hub at London Heathrow Airport, with a second major hub at London Gatwick Airport. The context does not state where EasyJet is based.",0.0,0.0,0.0,OK,
130,130,colbertv2,kmeans_k3,The American actor Chip Zien is best known for this Broadway production by which American composer and lyricist who received an Academy Award and Tony Awards?,5a80ddc555429938b6142224,"[25865, 10847]","[19394, 626, 25865, 25803, 10847]",1.0,0.3333333333333333,0.6482312679290771,0.9936003684997559,qwen3.5-122b,"Based on the provided context, the American actor Chip Zien is best known for playing the lead role of the Baker in the original Broadway production of **""Into the Woods""**. This production was created by the American composer and lyricist **Stephen Sondheim**, who is noted in the text as having received an Academy Award and eight Tony Awards.",0.0,0.0,0.0,OK,
131,131,colbertv2,kmeans_k3,"""Prostitute"" is a song written by Axl Rose and Paul Tobias with additional work by an American guitarist has played in two different bands on a list of what?",5a80e4b255429938b6142239,"[14206, 25391]","[14206, 8612, 5467, 23022, 7716]",0.5,1.0,0.6428417563438416,0.12339172512292862,qwen3.5-122b,I cannot answer this based on the provided context.,0.0,0.0,0.0,OK,
132,132,colbertv2,kmeans_k3,How many of the 12 million immigrants to the United States through Ellis Island were Italian immigrants?,5a80e5f5554299260e20a1ae,"[21537, 25908]","[2748, 9457, 21537, 24071, 6427]",0.5,0.3333333333333333,0.6264272928237915,0.21634070575237274,qwen3.5-122b,I cannot answer this based on the provided context.,0.0,0.0,0.0,OK,
133,133,colbertv2,kmeans_k3,"Which breed of dog came first, the Norrbottenspets or the Blue Lacy?",5a812d0555429938b61422e1,"[11627, 22223]","[3727, 22223, 1425, 3496, 11627]",1.0,0.5,0.6283297538757324,0.9973852634429932,qwen3.5-122b,"Based on the provided context, the **Norrbottenspets** came first.

Document 5 describes the Norrbottenspets as an ""ancient breed,"" whereas Document 2 states that the Blue Lacy Dog originated in Texas in the ""mid-19th century."" The description of the Norrbottenspets as ancient implies it predates the mid-19th century origin of the Blue Lacy.",0.0,0.0,0.0,OK,
134,134,colbertv2,kmeans_k3,The Rhymers' Club met at Ye Olde Cheshire Cheese listed as what type of house?,5a81549055429938b6142338,"[24850, 1616]","[24850, 15937, 1616, 16831, 11476]",1.0,1.0,0.6673649549484253,0.5825822353363037,qwen3.5-122b,"Based on the provided context, Ye Olde Cheshire Cheese is listed as a **public house** (specifically a Grade II listed public house).

Document 1 states that the Rhymers' Club met at the London pub 'Ye Olde Cheshire Cheese', and Document 3 confirms that ""Ye Olde Cheshire Cheese is a Grade II listed public house.""",0.0,0.0,0.0,OK,
135,135,colbertv2,kmeans_k3,Where is the closest relative to the whale located?,5a81a4615542995ce29dcc1e,"[13057, 15000]","[5359, 2984, 13057, 23207, 21051]",0.5,0.3333333333333333,0.7074645161628723,0.9544840455055237,qwen3.5-122b,"Based on the provided context, the closest living relatives to whales are the hippopotamuses. However, the documents do not contain information regarding the specific geographic location where hippopotamuses are found.

Therefore, I cannot answer this based on the provided context.",0.0,0.0,0.0,OK,
136,136,colbertv2,kmeans_k3,How long did the king who created the coins of the hawaiian dollar rule?,5a81b7205542990a1d231e79,"[24397, 24201]","[15673, 19116, 24397, 18098, 15329]",0.5,0.3333333333333333,0.653615415096283,0.9791779518127441,qwen3.5-122b,"I cannot answer this based on the provided context.

The provided documents mention that King Kalākaua I minted the last official coinage of the Hawaiian Islands in 1883 (Document 3), but they do not specify the duration of his reign or explicitly state that he created the ""Hawaiian dollar."" Additionally, Document 2 mentions the history of Hawaii but does not provide reign lengths for specific kings.",0.0,0.0,0.0,OK,
137,137,colbertv2,kmeans_k3,"Which college is located in the United States, University of Delaware of University of Debrecen?",5a81b92a5542995ce29dcc52,"[11594, 11762]","[22639, 7159, 11594, 11589, 9912]",0.5,0.3333333333333333,0.5938323736190796,0.020746488124132156,qwen3.5-122b,"Based on the provided context, the **University of Delaware** is located in the United States.

Document 3 states that ""The University of Delaware (colloquially 'UD') is the largest university in Delaware,"" and Document 1 mentions it is located in Newark, Delaware. The context does not contain any information regarding the University of Debrecen.",0.0,0.0,0.0,OK,
138,138,colbertv2,kmeans_k3,"Tryon D. Lewis is a lawyer from Odessa, Texas which is located in what county?",5a81d19b55429926c1cdad90,"[10254, 3031]","[25717, 3031, 10254, 15680, 4415]",1.0,0.5,0.667969822883606,0.9826170206069946,qwen3.5-122b,"Based on the provided context, Tryon Dexter Lewis is an attorney in Odessa, Texas, which is located in **Ector County** (with a small portion of the city extending into Midland County).

This information is found in Document 2, which states: ""Odessa is a city in and the county seat of Ector County, Texas,"" and Document 3, which confirms Lewis is an attorney in Odessa and represented District 81, which includes Ector County.",0.0,0.0,0.0,OK,
139,139,colbertv2,kmeans_k3,Who played the role of Nettie Harris in the 1985 film directed by Steven Spielberg?,5a81e8ea5542995ce29dcc73,"[25839, 12103]","[25839, 8164, 12103, 18371, 7008]",1.0,1.0,0.6944432854652405,0.5111321806907654,qwen3.5-122b,"Based on the provided context, **Akosua Gyamama Busia** played the role of Nettie Harris in the 1985 film ""The Color Purple,"" which was directed by Steven Spielberg.

*   **Document 1** states: ""Busia is best known for her role as Nettie Harris in the 1985 film 'The Color Purple'...""
*   **Document 3** confirms: ""The Color Purple is a 1985 American period drama film directed by Steven Spielberg...""",0.0,0.0,0.0,OK,
140,140,colbertv2,kmeans_k3,What kind of movie directed by F. Javier gutierrez did an Italian model and actress star in?,5a81ebee554299676cceb16d,"[20162, 19196]","[10107, 8164, 19196, 21315, 20127]",0.5,0.3333333333333333,0.6800081133842468,0.11288756132125854,qwen3.5-122b,"Based on the provided context, I cannot answer this question.

While Document 3 states that **F. Javier Gutiérrez** directed the 2017 American supernatural psychological horror film **Rings**, the document does not mention any Italian model or actress starring in it (it lists Matilda Lutz, Alex Roe, Johnny Galecki, Aimee Teegarden, Bonnie Morgan, and Vincent D'Onofrio). Additionally, Document 5 mentions an Italian actress (Daniela Bianchi) in a film directed by José María Forqué, not F. Javier Gutiérrez.",0.0,0.0,0.0,OK,
141,141,colbertv2,kmeans_k3,What award did the actor in Tales from the Crypt win?,5a8210f355429926c1cdae24,"[360, 3539]","[13962, 21521, 360, 4934, 13676]",0.5,0.3333333333333333,0.7441941499710083,0.04662146791815758,qwen3.5-122b,I cannot answer this based on the provided context.,0.0,0.0,0.0,OK,
142,142,colbertv2,kmeans_k3,Which physicist known for his work on parity violation has a son who became an American chemist teaching at Cornell University?,5a823b0c55429940e5e1a804,"[22771, 8863]","[22771, 8863, 5394, 13756, 277]",1.0,1.0,0.6212455034255981,0.060150500386953354,qwen3.5-122b,"Based on the provided context, the physicist known for his work on parity violation who has a son that became an American chemist teaching at Cornell University is **Tsung-Dao Lee**.

*   **Document 2** identifies Tsung-Dao Lee as a physicist known for his work on parity violation.
*   **Document 1** states that Stephen Lee is an American chemist and a professor at Cornell University, and that he is the son of Tsung-Dao Lee.",0.0,0.0,0.0,OK,
143,143,colbertv2,kmeans_k3,Folie à Deux is a studio album by the American rock band formed in which city?,5a825bb455429940e5e1a874,"[5277, 2683]","[6290, 5277, 3418, 6972, 20003]",0.5,0.5,0.6865323781967163,0.1298302412033081,qwen3.5-122b,I cannot answer this based on the provided context.,0.0,0.0,0.0,OK,
144,144,colbertv2,kmeans_k3,Hugo Rodríguez Romero is a Spanish footballer who plays for a team in the autonomous community of what?,5a8268aa55429940e5e1a8aa,"[18995, 20295]","[3338, 16812, 18995, 16668, 19568]",0.5,0.3333333333333333,0.5026388764381409,0.04655531793832779,qwen3.5-122b,I cannot answer this based on the provided context.,0.0,0.0,0.0,OK,
145,145,colbertv2,kmeans_k3,How many rooms does the Tropicana Hotel have where the 7th annual Adult Video News awards ceremony were held in 1980?,5a8284b555429954d2e2eb5f,"[22471, 24289]","[16009, 21313, 22471, 5597, 5329]",0.5,0.3333333333333333,0.546338677406311,0.08525621891021729,qwen3.5-122b,"I cannot answer this based on the provided context.

(Note: The provided context states the 7th AVN Awards took place in 1990, not 1980, and does not mention the number of rooms in the Tropicana Hotel.)",0.0,0.0,0.0,OK,
146,146,colbertv2,kmeans_k3,Are the Barton Mine and Hermiston-McCauley Mine located in The United States of America?,5a82accd55429966c78a6a78,"[8158, 11498]","[16082, 3305, 11498, 12862, 15007]",0.5,0.3333333333333333,0.6631473898887634,0.049499671906232834,qwen3.5-122b,I cannot answer this based on the provided context.,0.0,0.0,0.0,OK,
147,147,colbertv2,kmeans_k3,The Plymouth fury produced from 1955 to 1989  was replaced by what for police and fleet applications?,5a8303c255429954d2e2ec01,"[25198, 1050]","[4203, 25952, 1050, 13690, 24675]",0.5,0.3333333333333333,0.6921197175979614,0.03313404694199562,qwen3.5-122b,I cannot answer this based on the provided context.,0.0,0.0,0.0,OK,
148,148,colbertv2,kmeans_k3,How many Grammy awards were won by an album named after the Joni Mitchell song from Love Actually?,5a8318955542990548d0b177,"[4544, 23978]","[12339, 23915, 4544, 11866, 2932]",0.5,0.3333333333333333,0.6475507616996765,0.9240439534187317,qwen3.5-122b,"Based on the provided context, the album by Joni Mitchell is titled *Both Sides Now* (Document 3). The text states that this album won **two** Grammy awards in 2001.

(Note: While the context does not explicitly mention the film *Love Actually*, it identifies the album *Both Sides Now* by Joni Mitchell and the number of awards it won.)

Answer: 2",0.0,0.0,0.0,OK,
149,149,colbertv2,kmeans_k3,Are the 1908 Ex parte Young and 1948 McCollum v. Board of Education United States Supreme Court cases related to each other in any way?,5a831af855429954d2e2ec1e,"[3747, 18694]","[16071, 23565, 18694, 10793, 7413]",0.5,0.3333333333333333,0.5859923362731934,0.04701698198914528,qwen3.5-122b,I cannot answer this based on the provided context.,0.0,0.0,0.0,OK,
150,150,colbertv2,kmeans_k3,What city is the most populous city in Australia and Oceania and the birthplace of a silver and bronze medalist from the 1992 Barcelona Paralympics?,5a831fc955429954d2e2ec28,"[12693, 10170]","[18408, 12693, 16684, 24998, 5356]",0.5,0.5,0.5978490114212036,0.44591623544692993,qwen3.5-122b,"Based on the provided context, the city is **Sydney**.

Here is the breakdown based on the documents:
*   **Document 2** states that **Marsha Green**, an Australian Paralympic athlete who won a **silver medal and bronze medal at the 1992 Barcelona Paralympics**, was born in **Sydney**, New South Wales.
*   **Document 5** also mentions **Lars Detlef Kleppich** was born in **Sydney**, though he is an Olympic medalist, not a Paralympic one from 1992.
*   While the provided text does not explicitly state that Sydney is the ""most populous city in Australia and Oceania,"" it is the only city mentioned in the context that fits the description of being the birthplace of a silver and bronze medalist from the 1992 Barcelona Paralympics.",0.0,0.0,0.0,OK,
151,151,colbertv2,kmeans_k3,In which U.S. state are MedStar Georgetown University Hospital and Providence Hospital?,5a83305d55429966c78a6b4a,"[21829, 1214]","[7047, 24317, 1214, 3493, 24596]",0.5,0.3333333333333333,0.6268848180770874,0.997993528842926,qwen3.5-122b,"Based on the provided context, I cannot answer this question.

While Document 3 states that MedStar Georgetown University Hospital is located in Washington, D.C., the provided text does not contain information about a ""Providence Hospital."" Document 1 mentions ""Roosevelt Lake"" in the city of Providence, Rhode Island, but does not mention a hospital by that name. Therefore, the location of ""Providence Hospital"" cannot be determined from the given documents.",0.0,0.0,0.0,OK,
152,152,colbertv2,kmeans_k3,What summit is located in the county who's county seat is Helena?,5a8333115542993344745feb,"[18612, 25717]","[8842, 25717, 5033, 15734, 1009]",0.5,0.5,0.6078636646270752,0.06047774478793144,qwen3.5-122b,I cannot answer this based on the provided context.,0.0,0.0,0.0,OK,
153,153,colbertv2,kmeans_k3,"Which tower is taller, 712 Fifth Avenue or Manhattan Life Insurance Building?",5a834ed95542990548d0b1ca,"[4368, 25509]","[16715, 25509, 4368, 25731, 5424]",1.0,0.5,0.6133019328117371,0.9963221549987793,qwen3.5-122b,"Based on the provided context, **712 Fifth Avenue** is taller.

*   **712 Fifth Avenue** is described as a **650 ft** skyscraper (Document 3).
*   The **Manhattan Life Insurance Building** is described as a **348 ft** tower (Document 2).

Therefore, 712 Fifth Avenue (650 ft) is taller than the Manhattan Life Insurance Building (348 ft).",0.0,0.0,0.0,OK,
154,154,colbertv2,kmeans_k3,"The publication of which magazine ended first, Right On! or Castle of Frankenstein?",5a835a7b554299123d8c20fc,"[2583, 8980]","[2583, 19517, 8980, 16726, 16005]",1.0,1.0,0.6388553380966187,0.8216264843940735,qwen3.5-122b,"Based on the provided context, **Castle of Frankenstein** ended first.

*   **Castle of Frankenstein** was published between 1962 and **1975** (Document 3).
*   **Right On!** continued publishing to **c. 2011** (Document 1).

Since 1975 is earlier than 2011, Castle of Frankenstein ceased publication first.",0.0,0.0,0.0,OK,
155,155,colbertv2,kmeans_k3,are Mikhail Glinka and Jean-Baptiste Lully both composers ?,5a836a765542996488c2e446,"[8998, 7856]","[8998, 23579, 7856, 17205, 11835]",1.0,1.0,0.6781454086303711,0.012275205925107002,qwen3.5-122b,"Yes, both Mikhail Glinka and Jean-Baptiste Lully are composers.

- Mikhail Glinka is described in Document 1 as ""the first Russian composer to gain wide recognition within his own country.""
- Jean-Baptiste Lully is described in Document 3 as ""an Italian-born French composer, instrumentalist, and dancer.""",0.0,0.0,0.0,OK,
156,156,colbertv2,kmeans_k3,What is the date of the reissue of one of Rhihanna's album that features three newly recorded songs and a DVD showing exclusive behind-the-scenes footage of Rihanna's worldwide tour that was the second overall and first world concert tour by Rihanna?,5a83938c5542993344746049,"[15652, 4702]","[3874, 15718, 15652, 5850, 4702]",1.0,0.3333333333333333,0.6335679888725281,0.9480239748954773,qwen3.5-122b,"Based on the provided context, the reissue of Rihanna's album that features three newly recorded songs and a DVD showing exclusive behind-the-scenes footage of her second overall and first world concert tour is **Good Girl Gone Bad: Reloaded**.

According to Document 3, this album was first released digitally in selected countries on **June 2, 2008**.",0.0,0.0,0.0,OK,
157,157,colbertv2,kmeans_k3,"Who was the brother of the architect of Hook and Ladder No. 4 located in Albany, NY?",5a8485fa5542992a431d1a41,"[10116, 12352]","[6867, 10814, 10116, 5752, 11068]",0.5,0.3333333333333333,0.6115148663520813,0.07890436053276062,qwen3.5-122b,I cannot answer this based on the provided context.,0.0,0.0,0.0,OK,
158,158,colbertv2,kmeans_k3,"Does Jimmy Barnes have more hits, both solo and in a group, than Yang Seung-ho has with his group?",5a84a4e35542992a431d1a81,"[755, 15530]","[6320, 755, 2955, 18303, 15530]",1.0,0.5,0.734701931476593,0.0773359015583992,qwen3.5-122b,I cannot answer this based on the provided context.,0.0,0.0,0.0,OK,
159,159,colbertv2,kmeans_k3,Who was the First Prophert to the sixth Pharaoh of the Eighteenth Dynasty?,5a84a8ce5542997175ce1f1c,"[4427, 3287]","[3287, 3429, 4427, 17612, 15261]",1.0,1.0,0.6644548177719116,0.11952219903469086,qwen3.5-122b,"Based on the provided context, the First Prophet to the sixth Pharaoh of the Eighteenth Dynasty (Thutmose III) was **Khonsu**.

Document 1 identifies Thutmose III as the sixth Pharaoh of the Eighteenth Dynasty. Document 3 states that the Theban Tomb TT31 is the burial place of Khonsu, who was the ""First Prophet of Menkheperre (Thutmose III).""",0.0,0.0,0.0,OK,
160,160,colbertv2,kmeans_k3,What notable work from French music video director Yoann Lemoine features an apology and plea for forgiveness?,5a84ad3a5542992a431d1a8b,"[11957, 10715]","[22701, 11957, 543, 14927, 709]",0.5,0.5,0.6968449354171753,0.0676509290933609,qwen3.5-122b,I cannot answer this based on the provided context.,0.0,0.0,0.0,OK,
161,161,colbertv2,kmeans_k3,What movies has Juno Temple starred in?,5a84b2995542994c784dda11,"[22906, 53]","[8182, 20285, 53, 11125, 22906]",1.0,0.3333333333333333,0.686387836933136,0.5690125823020935,qwen3.5-122b,"Based on the provided context, Juno Temple has starred in the following movies:

*   **Black Mass**
*   **The Other Boleyn Girl**
*   **Wild Child**
*   **Atonement**
*   **Maleficent**
*   **The Three Musketeers**
*   **The Dark Knight Rises**
*   **One Percent More Humid**

(Note: The context also mentions she had a starring role in the HBO series ""Vinyl,"" but this is a television series, not a movie.)",0.0,0.0,0.0,OK,
162,162,colbertv2,kmeans_k3,"Which Bulldog includes breeds such as ""Standard"" and ""Classic,"" the French Bulldog or the American Bulldog?",5a84b5ac5542991dd0999da4,"[24617, 23869]","[20557, 24040, 23869, 25904, 24617]",1.0,0.3333333333333333,0.6204657554626465,0.0014134269440546632,qwen3.5-122b,"Based on the provided context, the **American Bulldog** includes breeds such as ""Standard"" and ""Classic.""

Document 3 states: ""There are two specific types of American Bulldog, Standard and Classic."" Document 5 describes the French Bulldog as a small breed resulting from a cross between bulldog ancestors and local ratters, but does not mention these specific types.",0.0,0.0,0.0,OK,
163,163,colbertv2,kmeans_k3,Both Mulled wine and Blue Lagoon are considered primarily alcoholic or non-alcoholic?,5a84b6e15542991dd0999daa,"[3851, 157]","[7366, 3851, 157, 4622, 5205]",1.0,0.5,0.5703672170639038,0.9862147569656372,qwen3.5-122b,"Based on the provided context:

*   **Mulled wine** is described as an **alcoholic** beverage, although the text notes that non-alcoholic versions exist.
*   **Blue Lagoon** is described as a popular summer cocktail featuring blue Curaçao. While the text does not explicitly state ""alcoholic,"" cocktails are by definition alcoholic beverages, and blue Curaçao is a liqueur.

Therefore, both are considered primarily **alcoholic**.",0.0,0.0,0.0,OK,
164,164,colbertv2,kmeans_k3,Is Awolnation an American alternative rock band and This Mortal Coil was a music collective,5a84b6ed5542994c784dda18,"[11544, 22983]","[18168, 11544, 22983, 193, 25310]",1.0,0.5,0.7058976888656616,0.027651039883494377,qwen3.5-122b,"Yes, based on the provided context, Awolnation is an American alternative rock band, and This Mortal Coil was a music collective.

- Document 2 states: ""Awolnation is an American alternative rock band...""
- Document 3 states: ""This Mortal Coil was a music collective led by Ivo Watts-Russell...""",0.0,0.0,0.0,OK,
165,165,colbertv2,kmeans_k3,What is  Cyaxares relationship to the man that governed for 53 years?,5a84b9c95542997b5ce3ff35,"[17543, 17487]","[25356, 18083, 17543, 1635, 2876]",0.5,0.3333333333333333,0.7567545175552368,0.11313137412071228,qwen3.5-122b,I cannot answer this based on the provided context.,0.0,0.0,0.0,OK,
166,166,colbertv2,kmeans_k3,Are Yingkou and Fuding the same level of city?,5a84c4135542994c784dda31,"[2059, 23960]","[4296, 7695, 2059, 25799, 22444]",0.5,0.3333333333333333,0.5730761885643005,0.0398886539041996,qwen3.5-122b,I cannot answer this based on the provided context.,0.0,0.0,0.0,OK,
167,167,colbertv2,kmeans_k3,Who was involved in observing the natural progression of untreated syphilis in rural African-American men in Alabama?,5a84c4bb5542991dd0999dec,"[10764, 5668]","[8493, 24924, 5668, 6511, 6295]",0.5,0.3333333333333333,0.6981149911880493,0.9977580308914185,qwen3.5-122b,"Based on the provided context, the **U.S. Public Health Service** conducted the study (known as the Tuskegee Study of Untreated Syphilis in the Negro Male) to observe the natural progression of untreated syphilis in rural African-American men in Alabama.",0.0,0.0,0.0,OK,
168,168,colbertv2,kmeans_k3,Which singer of the Bee Gees sung a middle part of a song in which the majority was sung by Barry Gibb?,5a84cb255542991dd0999dfa,"[14245, 2955]","[6694, 24351, 14245, 4201, 20005]",0.5,0.3333333333333333,0.6651511192321777,0.995564341545105,qwen3.5-122b,"Based on the provided context, the singer who performed a middle part of the song ""I Laugh in Your Face"" (where the majority of the vocal solos were performed by Barry Gibb) is **Robin Gibb**.",0.0,0.0,0.0,OK,
169,169,colbertv2,kmeans_k3,"WHich college is located in the United States, Grand Valley State University or Carleton University?",5a84ee4c5542997175ce1f2b,"[10040, 6317]","[10026, 6317, 10040, 1619, 24014]",1.0,0.5,0.6775335073471069,0.6215919852256775,qwen3.5-122b,"Based on the provided context, **Grand Valley State University** is located in the United States.

Document 3 states that Grand Valley State University is a public liberal arts university located in Allendale, Michigan, United States. In contrast, Document 2 states that Carleton University is located in Ottawa, Ontario, Canada.",0.0,0.0,0.0,OK,
170,170,colbertv2,kmeans_k3,The birthplace of George McCall Theal is a port city of what bay?,5a852cd05542997b5ce3ffb0,"[551, 10682]","[6508, 10682, 551, 4399, 7557]",1.0,0.5,0.6779047250747681,0.4455743134021759,qwen3.5-122b,"Based on the provided context, George McCall Theal was born in **Saint John, New Brunswick** (Document 3). According to Document 2, Saint John is the port city of the **Bay of Fundy**.

Answer: Bay of Fundy",0.0,0.0,0.0,OK,
171,171,colbertv2,kmeans_k3,"The Azad Hind Dal was created by an Indian nationalist whose defiant patriotism made him a hero in India, but whose attempt to rid India of British rule during what war left a troubled legacy?",5a85a3005542991dd0999e72,"[2667, 6042]","[6042, 14757, 21033, 2667, 19252]",1.0,1.0,0.6710047125816345,0.5687955617904663,qwen3.5-122b,"Based on the provided context, the Azad Hind Dal was created by Subhas Chandra Bose, an Indian nationalist whose attempt to rid India of British rule during **World War II** left a troubled legacy.

This is supported by:
- **Document 4**, which states: ""The Azad Hind Dal... was created by Subhas Chandra Bose...""
- **Document 1**, which describes Subhas Chandra Bose as ""an Indian nationalist whose defiant patriotism made him a hero in India, but whose attempt during **World War II** to rid India of British rule... left a troubled legacy.""",0.0,0.0,0.0,OK,
172,172,colbertv2,kmeans_k3,Are Hoodoo Gurus and Pierre Bouvier of the same nationality?,5a85e24a5542994775f6067f,"[25104, 2028]","[227, 25104, 2028, 1256, 7856]",1.0,0.5,0.7040612101554871,0.02536250464618206,qwen3.5-122b,"No, they are not of the same nationality.

Based on the provided context:
*   **Hoodoo Gurus** are described as an **Australian** rock band (Document 2).
*   **Pierre Bouvier** is described as a **Canadian** singer (Document 3).",0.0,0.0,0.0,OK,
173,173,colbertv2,kmeans_k3,"Just Before I Go stars an actress who plays what character in the series ""24""?",5a85e2775542994775f60680,"[16208, 6157]","[24963, 16208, 6157, 9617, 7002]",1.0,0.5,0.7159460783004761,0.005848641041666269,qwen3.5-122b,"Based on the provided context, the film *Just Before I Go* stars **Elisha Cuthbert** (Document 2). According to Document 3, Elisha Cuthbert is known for playing the character **Kim Bauer** in the series *24*.",0.0,0.0,0.0,OK,
174,174,colbertv2,kmeans_k3,Which mechanical device which engages and disengages power transmission  uses brake fluid?,5a85e5345542991dd0999ebb,"[2093, 23925]","[23925, 13237, 2093, 14862, 24416]",1.0,1.0,0.6605426073074341,0.21259453892707825,qwen3.5-122b,"Based on the provided context, the mechanical device that engages and disengages power transmission and uses brake fluid is a **clutch**.

*   **Document 1** defines a clutch as ""a mechanical device which engages and disengages power transmission.""
*   **Document 3** states that brake fluid is used in ""hydraulic brake and hydraulic clutch applications.""",0.0,0.0,0.0,OK,
175,175,colbertv2,kmeans_k3,Are both Ride a Wild Pony and Frozen 2 computer-animated films?,5a85ebe75542996432c5712a,"[9305, 18606]","[24437, 9305, 18606, 17750, 14047]",1.0,0.5,0.6457828283309937,0.9653772711753845,qwen3.5-122b,"Based on the provided context, **Frozen 2** is described as an ""American computer-animated film."" However, **Ride a Wild Pony** is described as a ""1975 American-Australian family adventure film"" produced by Walt Disney Productions, with no mention of it being computer-animated.

Therefore, no, both are not computer-animated films according to the text.",0.0,0.0,0.0,OK,
176,176,colbertv2,kmeans_k3,Were Robert Holdstock and H. L. Mencken both known for being satirists?,5a861ea85542994775f60700,"[18049, 22681]","[18049, 9967, 22681, 15806, 12457]",1.0,1.0,0.6596229672431946,0.984593391418457,qwen3.5-122b,"Based on the provided context, H. L. Mencken is described as a ""satirist,"" but Robert Holdstock is described as a ""novelist and author best known for his works of Celtic, Nordic, Gothic and Pictish fantasy literature."" The text does not state that Robert Holdstock was a satirist.

Therefore, no, they were not both known for being satirists according to the provided documents.",0.0,0.0,0.0,OK,
177,177,colbertv2,kmeans_k3,When was the publisher of Traveller Supplement 4: Citizens of the Imperium in business?,5a86481b5542996432c571b5,"[23140, 427]","[24971, 4057, 23140, 22191, 3950]",0.5,0.3333333333333333,0.6191779971122742,0.11816532164812088,qwen3.5-122b,I cannot answer this based on the provided context.,0.0,0.0,0.0,OK,
178,178,colbertv2,kmeans_k3,"Yoann Lemoine, a French video director, has created music videos for Lana Del Rey, Katy Perry, and an orchestral country pop ballad by which top pop artist?",5a864ff7554299211dda2af2,"[11957, 10715]","[11545, 11957, 98, 16984, 14572]",0.5,0.5,0.6895319819450378,0.7594287991523743,qwen3.5-122b,"Based on the provided context, Yoann Lemoine has created music videos for Lana Del Rey (""Born to Die"") and Katy Perry (""Teenage Dream""). The context also mentions he directed Taylor Swift's single ""Back to December.""

However, the provided text does not describe ""Back to December"" as an ""orchestral country pop ballad,"" nor does it explicitly identify Taylor Swift as the ""top pop artist"" in that specific context. While Taylor Swift is the only other artist mentioned in relation to Lemoine, the specific description of the song genre and the label ""top pop artist"" are not present in the documents.

Therefore, strictly adhering to the instruction to answer **ONLY** based on the provided context:

I cannot answer this based on the provided context.",0.0,0.0,0.0,OK,
179,179,colbertv2,kmeans_k3,Does Erodium or Cymbidium include more species?,5a86ec9f55429960ec39b6d7,"[24018, 21915]","[1135, 21915, 24018, 19604, 13619]",1.0,0.5,0.6632441282272339,0.9964280724525452,qwen3.5-122b,"Based on the provided context, **Cymbidium** includes more species.

*   **Cymbidium** (Document 2) is a genus of **52** evergreen species.
*   **Erodium** (Document 3) includes **about 60** species.

Wait, I need to re-read the numbers carefully.
*   Document 2: ""Cymbidium... is a genus of **52** evergreen species"".
*   Document 3: ""Erodium... includes **about 60** species"".

Comparing 52 and 60, **Erodium** has more species.

**Corrected Answer:**
**Erodium** includes more species. According to the context, *Erodium* includes about 60 species, while *Cymbidium* is a genus of 52 species.",0.0,0.0,0.0,OK,
180,180,colbertv2,kmeans_k3,What is the birthplace of the Senator who represents the first of 62 districts in the State Senate?,5a8739a05542994775f607ab,"[12497, 24340]","[11805, 11055, 12497, 13036, 16977]",0.5,0.3333333333333333,0.5889720916748047,0.11410900205373764,qwen3.5-122b,I cannot answer this based on the provided context.,0.0,0.0,0.0,OK,
181,181,colbertv2,kmeans_k3,Which KaBoom! Entertainment Inc. film is based on a story by Rudyard Kipling?,5a8740ee5542994846c1cd35,"[13551, 5824]","[5824, 17390, 13551, 5937, 15983]",1.0,1.0,0.6755141019821167,0.8099514842033386,qwen3.5-122b,"Based on the provided context, the Kaboom! Entertainment film based on a story by Rudyard Kipling is **The Jungle Book**.

Document 1 states that *The Jungle Book* is a collection of stories by Rudyard Kipling, and Document 3 lists *The Jungle Book* as part of the feature film content curated by Kaboom! Entertainment.",0.0,0.0,0.0,OK,
182,182,colbertv2,kmeans_k3,"Who is affiliated with more countries as a director, Robert Florey and R. G. Springsteen?",5a8765ad5542996e4f3087cf,"[3409, 5215]","[10702, 18059, 5215, 919, 22065]",0.5,0.3333333333333333,0.6318110823631287,0.05142328143119812,qwen3.5-122b,I cannot answer this based on the provided context.,0.0,0.0,0.0,OK,
183,183,colbertv2,kmeans_k3,"Which occurred first, Phillips v. Martin Marietta Corp. or Roth v. United States?",5a8782a25542993e715abf95,"[8907, 23565]","[23331, 2347, 8907, 23406, 23565]",1.0,0.3333333333333333,0.659443199634552,0.0008627370116300881,qwen3.5-122b,"Roth v. United States occurred first. It was decided in 1957, while Phillips v. Martin Marietta Corp. was decided in 1971.",0.0,0.0,0.0,OK,
184,184,colbertv2,kmeans_k3,"Which genus has more species, Bactris and Epigaea?",5a87954f5542996e4f308856,"[6868, 4383]","[4383, 12872, 6868, 14669, 22330]",1.0,1.0,0.6989023089408875,0.15908394753932953,qwen3.5-122b,"Based on the provided context, **Bactris** has more species.

*   **Document 1** states that the genus *Epigaea* comprises **three** species.
*   **Document 3** describes *Bactris* as a genus of spiny palms where ""Most species are small trees... but some are large trees while others are shrubs,"" implying the existence of multiple species beyond just three, though an exact number is not given. However, the text explicitly contrasts the specific count of *Epigaea* (three) with the general description of *Bactris* having ""Most species"" and ""others,"" suggesting a larger or at least unspecified number that is not limited to three.

*Correction based on strict adherence to ""ONLY on the provided context"":*
The text for *Epigaea* explicitly says it comprises **three** species.
The text for *Bactris* says ""Most species are small trees... but some are large trees while others are shrubs."" It does not give a specific number, but the phrasing ""Most species"" and the listing of different forms implies a number greater than three, or at least does not limit it to three. However, without a specific number for *Bactris*, can we definitively say it has *more*?

Let's re-read carefully.
*Epigaea*: ""comprising three species"".
*Bactris*: ""Most species are small trees... but some are large trees while others are shrubs.""

The text for *Bactris* does not explicitly state the total number of species. It only describes the variety. Therefore, strictly based *only* on the provided text, we know *Epigaea* has 3. We do not know the exact number for *Bactris*, only that it has ""species"" (plural) and different types.

Wait, looking at the phrasing again. ""Most species are small trees... but some are large trees while others are shrubs."" This implies a significant number of species to have ""most,"" ""some,"" and ""others"" as distinct categories. However, is it mathematically provable from the text alone that the number is > 3?
If there were 4 species: 3 small (most), 1 large (some), 0 shrubs (others)? No, ""others"" implies at least one shrub.
If there were 4 species: 2 small (",0.0,0.0,0.0,OK,
185,185,colbertv2,kmeans_k3,What other political position did the person who introduced the DISCLOSE Act hold?,5a879adb5542996e4f30887f,"[10692, 16977]","[6419, 1117, 10692, 16304, 22883]",0.5,0.3333333333333333,0.7212278246879578,0.750545859336853,qwen3.5-122b,"Based on the provided context, I cannot answer this question.

The context states that the DISCLOSE Act was introduced by Chris Van Hollen and Charles Schumer (Document 3), but it does not provide any information about other political positions held by either of them. The other documents describe different individuals (Arthur Griffith, Jonathan J. Hazard, Jean Louis Barthou, and Henry Semon) who are not identified as the introducers of the DISCLOSE Act in the text.",0.0,0.0,0.0,OK,
186,186,colbertv2,kmeans_k3,What is the weight limit of the weight class that Takeyasu Hirono fights in?,5a87c7dc5542996e4f30891b,"[18551, 23748]","[8371, 21401, 18551, 18529, 21489]",0.5,0.3333333333333333,0.572891354560852,0.06092372536659241,qwen3.5-122b,I cannot answer this based on the provided context.,0.0,0.0,0.0,OK,
187,187,colbertv2,kmeans_k3,Were the films Tonka and 101 Dalmatians released in the same decade?,5a886211554299206df2b24a,"[11268, 4548]","[6166, 11268, 4548, 2576, 19953]",1.0,0.5,0.710250973701477,0.9866618514060974,qwen3.5-122b,"No, the films Tonka and 101 Dalmatians were not released in the same decade.

- **Tonka** was released in **1958** (Document 2).
- **101 Dalmatians** (the live-action version) was released in **1996** (Document 3).

These films were released in different decades: the 1950s and the 1990s, respectively.",0.0,0.0,0.0,OK,
188,188,colbertv2,kmeans_k3,What literary style describes the 1968 book that features a 1939 international Harvester school bus?,5a88a42f554299206df2b317,"[12448, 11245]","[14324, 3265, 12448, 4534, 18677]",0.5,0.3333333333333333,0.7187509536743164,0.6653911471366882,qwen3.5-122b,"Based on the provided context, I cannot answer this question.

While Document 3 mentions that the 1939 International Harvester school bus (Further) featured prominently in Tom Wolfe's 1968 book ""The Electric Kool-Aid Acid Test,"" the text does not specify the literary style of that book.",0.0,0.0,0.0,OK,
189,189,colbertv2,kmeans_k3,E! Hollywood Hold'em was hosted by a poker player of what nationality?,5a88c68d55429938390d3fba,"[111, 3616]","[21897, 5070, 111, 17028, 12311]",0.5,0.3333333333333333,0.6969752311706543,0.30252233147621155,qwen3.5-122b,"Based on the provided context, I cannot answer this based on the provided context.

While Document 3 states that ""Professional poker player Phil Laak served as host and dealer"" for *E! Hollywood Hold'em*, it does not mention his nationality.",0.0,0.0,0.0,OK,
190,190,colbertv2,kmeans_k3,Who directed a 2005 supernatural horror film starring an actress who appeared in The Patriot and Kill Your Darlings,5a88cf7e5542993b751ca85b,"[2814, 7002]","[15795, 7002, 16133, 2814, 23907]",1.0,0.5,0.7074695825576782,0.5159592032432556,qwen3.5-122b,"Based on the provided context, the actress who appeared in *The Patriot* and *Kill Your Darlings* is **Skye McCole Bartusiak** (Document 2). She starred in the 2005 supernatural horror film **Boogeyman** (Document 4). According to Document 4, *Boogeyman* was directed by **Stephen T. Kay**.

Answer: Stephen T. Kay",0.0,0.0,0.0,OK,
191,191,colbertv2,kmeans_k3,Futbolita has interviewed what Spanish Professional footballer who plays as a striker for New York City FC?,5a88d7fc5542993b751ca879,"[11340, 12238]","[10576, 11775, 12238, 11493, 11340]",1.0,0.3333333333333333,0.6805113554000854,0.99189692735672,qwen3.5-122b,"Based on the provided context, the Spanish professional footballer who plays as a striker for New York City FC is **David Villa Sánchez** (Document 3). Document 5 states that Ash Hashim, known as Fútbolita™, has featured exclusive interviews with world-renowned sports personalities, including **David Villa**.

Therefore, Futbolita has interviewed **David Villa**.",0.0,0.0,0.0,OK,
192,192,colbertv2,kmeans_k3,Which of the following buildings was designed by SHoP Architects: 247 Cherry or General Motors Building?,5a88e75c5542993b751ca8c7,"[21257, 3033]","[21271, 7520, 21257, 21988, 19806]",0.5,0.3333333333333333,0.6620518565177917,0.05081324651837349,qwen3.5-122b,"Based on the provided context, **247 Cherry** was designed by SHoP Architects.

Document 3 states: ""247 Cherry is a seventy seven story residential building... The building was designed by SHoP Architects."" The context does not contain information regarding the General Motors Building.",0.0,0.0,0.0,OK,
193,193,colbertv2,kmeans_k3,What movie did Chris Duesterdiek work on that was directed by Seth Rogen and Evan Goldberg?,5a88f7bf5542997e5c09a6dd,"[20552, 16976]","[21499, 16976, 12103, 2721, 20552]",1.0,0.5,0.7179790139198303,0.387997567653656,qwen3.5-122b,"Based on the provided context, the movie Chris Duesterdiek worked on that was directed by Seth Rogen and Evan Goldberg is **The Interview**.

*   **Document 2** states that *The Interview* is a 2014 film directed by Seth Rogen and Evan Goldberg.
*   **Document 5** lists *The Interview* (2014) as one of the films Christopher ""Chris"" Robin Duesterdiek is best known for working on.",0.0,0.0,0.0,OK,
194,194,colbertv2,kmeans_k3,The Jeep Cherokee was originally sold as a variant of a Jeep model produced during what years?,5a88f9555542995153361214,"[21632, 897]","[3837, 11959, 21632, 10512, 18785]",0.5,0.3333333333333333,0.6538017988204956,0.040511149913072586,qwen3.5-122b,I cannot answer this based on the provided context.,0.0,0.0,0.0,OK,
195,195,colbertv2,kmeans_k3,What philosophical system did the author of a novel about Howard Roark develop?,5a89e0ec5542992e4fca8427,"[4605, 13115]","[23412, 4605, 12834, 17262, 23499]",0.5,0.5,0.7372255325317383,0.014555948786437511,qwen3.5-122b,"Based on the provided context, I cannot answer this question.

Document 2 identifies the author of the novel about Howard Roark (*The Fountainhead*) as Ayn Rand, but it does not mention any philosophical system she developed. Document 1 discusses a philosophy developed by L. L. Zamenhof, and Document 4 discusses ""Systematic ideology"" founded by Harold Walsby and George Walford, but neither is linked to Ayn Rand in the text.",0.0,0.0,0.0,OK,
196,196,colbertv2,kmeans_k3,The United States Senate election in Hawaii that took place in 1992 ended with the winning of which Japanese-American politician?,5a89e1bf5542992e4fca8433,"[9199, 15240]","[16863, 9199, 19449, 10725, 9844]",0.5,0.5,0.6058598160743713,0.8428588509559631,qwen3.5-122b,"Based on the provided context, the United States Senate election in Hawaii that took place in 1992 ended with the winning of **Daniel Inouye**.

Document 2 states: ""Incumbent Democrat U.S. Senator Daniel Inouye won re-election to a sixth term."" While the text does not explicitly describe him as ""Japanese-American,"" he is the only politician mentioned in the context associated with the 1992 Hawaii Senate election.",0.0,0.0,0.0,OK,
197,197,colbertv2,kmeans_k3,"Between Frederick King Keller and Ian Schneider, which filmmaker had more diverse job experiences?",5a8a265b5542992d82986ecc,"[25208, 18473]","[22925, 13771, 25208, 7078, 11106]",0.5,0.3333333333333333,0.6800588965415955,0.06465723365545273,qwen3.5-122b,I cannot answer this based on the provided context.,0.0,0.0,0.0,OK,
198,198,colbertv2,kmeans_k3,What dance academy did the starring actress from The Glory of Tang Dynasty graduate from?,5a8aa1685542992d82986f32,"[22540, 20079]","[22315, 20079, 22540, 2238, 9351]",1.0,0.5,0.687414824962616,0.16996867954730988,qwen3.5-122b,"Based on the provided context, the starring actress of *The Glory of Tang Dynasty* is Jing Tian (Document 3). According to Document 2, she graduated from the **Beijing Dance Academy**.",0.0,0.0,0.0,OK,
199,199,colbertv2,kmeans_k3,"In 2001, Hampton Pirates men's basketball defeated a second seed team that was coached by who ?",5a8ac5595542992d82986f77,"[10004, 7110]","[10761, 20843, 10004, 19311, 16549]",0.5,0.3333333333333333,0.6001870632171631,0.11095785349607468,qwen3.5-122b,I cannot answer this based on the provided context.,0.0,0.0,0.0,OK,
200,200,colbertv2,kmeans_k3,"Which is headquarter farther south, Jet's Pizza or Chuck E. Cheese's?",5a8adc935542992d82986fb0,"[15744, 6028]","[21385, 25366, 15744, 4084, 3028]",0.5,0.3333333333333333,0.648048996925354,0.06591305881738663,qwen3.5-122b,I cannot answer this based on the provided context.,0.0,0.0,0.0,OK,
201,201,colbertv2,kmeans_k3,How many beer brands are in the portfolio of the company that hired Leonardus (Leo) Petrus Beukeboom to decorate cafes?,5a8aecff55429950cd6afbef,"[21745, 2109]","[14005, 3796, 21745, 12714, 10881]",0.5,0.3333333333333333,0.7062013745307922,0.039000727236270905,qwen3.5-122b,I cannot answer this based on the provided context.,0.0,0.0,0.0,OK,
202,202,colbertv2,kmeans_k3,"What vehicle, made by UROVESA, is most like the four-wheel drive military light truck produced by AM General?",5a8aed1555429970aeb70334,"[4994, 2632]","[16447, 7225, 2632, 16996, 4994]",1.0,0.3333333333333333,0.634762704372406,0.22823797166347504,qwen3.5-122b,"Based on the provided context, the vehicle made by UROVESA that is most like the four-wheel drive military light truck produced by AM General (the Humvee) is the **URO VAMTAC**.

Document 5 states that UROVESA is best known for the production of the ""URO VAMTAC, a Humvee-like four-wheel drive motor vehicle,"" and Document 3 identifies the Humvee as the ""four-wheel drive military light truck produced by AM General.""",0.0,0.0,0.0,OK,
203,203,colbertv2,kmeans_k3,Pluto was the debut album of this artist who also performed on this live music venue that reopened in March 2015.,5a8b04df55429950cd6afc49,"[21132, 13553]","[16654, 25885, 21132, 10587, 5817]",0.5,0.3333333333333333,0.693252682685852,0.09100641310214996,qwen3.5-122b,I cannot answer this based on the provided context.,0.0,0.0,0.0,OK,
204,204,colbertv2,kmeans_k3,"The actor known for his role as ""Freddie""  in The Deep Blue Sea won the Laurence Olivier Award for his role in which play?",5a8b1a925542997f31a41c6e,"[25815, 2970]","[25815, 11314, 3718, 2970, 22888]",1.0,1.0,0.6790655255317688,0.010268617421388626,qwen3.5-122b,"Based on the provided context, the actor known for the role of ""Freddie"" in the film version of *The Deep Blue Sea* is **Tom Hiddleston** (Document 1).

According to Document 4, Tom Hiddleston won the Laurence Olivier Award for Best Newcomer in a Play for his role in the play **""Cymbeline""**.",0.0,0.0,0.0,OK,
205,205,colbertv2,kmeans_k3,Where is the 1999 British comedy-drama film starring Jimi Mistry set?,5a8b5c8155429949d91db56d,"[23205, 1595]","[20127, 23205, 1595, 2751, 3765]",1.0,0.5,0.6748501062393188,0.509928822517395,qwen3.5-122b,"Based on the provided context, the 1999 British comedy-drama film starring Jimi Mistry is *East Is East* (mentioned in Document 2 as a film he appeared in, and described in Document 3). According to Document 3, the film is set in **Salford, Lancashire**.",0.0,0.0,0.0,OK,
206,206,colbertv2,kmeans_k3,A writer for The Kenyon Review won a Pulitzer Prize in what year?,5a8ba0855542995d1e6f1427,"[1102, 9424]","[1102, 3014, 23249, 9424, 2476]",1.0,1.0,0.6713983416557312,0.9967988133430481,qwen3.5-122b,"Based on the provided context, **Robert Penn Warren** is listed as a writer published in *The Kenyon Review* (Document 1). According to Document 4, he won the Pulitzer Prize in the following years:

*   **1947** (for the Novel)
*   **1958** (for Poetry)
*   **1979** (for Poetry)

Therefore, a writer for *The Kenyon Review* won a Pulitzer Prize in **1947, 1958, and 1979**.",0.0,0.0,0.0,OK,
207,207,colbertv2,kmeans_k3,Camp Courtney was named after the Major killed in action at the battle codenamed what?,5a8ba9d255429971feec4759,"[6487, 20841]","[6487, 8397, 22247, 23506, 8847]",0.5,1.0,0.703845202922821,0.999576985836029,qwen3.5-122b,"Based on the provided context, Camp Courtney was named after Major Henry A. Courtney, Jr., who was killed in action in the **Battle of Okinawa**.",0.0,0.0,0.0,OK,
208,208,colbertv2,kmeans_k3,What variety of mockingbird is the mascot of the University of Tennessee at Chattanooga?,5a8bf0835542995d1e6f146b,"[17971, 15681]","[17971, 2437, 12219, 25816, 10733]",0.5,1.0,0.6023769378662109,0.9921233654022217,qwen3.5-122b,"Based on the provided context, the mascot of the University of Tennessee at Chattanooga is a **mockingbird** (specifically, the state bird of Tennessee), but the text does not specify the exact variety or species of mockingbird.

Document 1 states: ""Scrappy is the mascot of the University of Tennessee at Chattanooga. He is a mockingbird, the state bird of Tennessee."" It does not name the specific variety (e.g., Northern Mockingbird). Document 4 mentions the ""Socorro mockingbird,"" but this is endemic to Mexico and unrelated to the university mascot.

Therefore, while the context confirms the mascot is a mockingbird, it does not contain enough information to identify the specific variety.

**I cannot answer this based on the provided context.** (regarding the specific *variety* or species name).

*Correction*: The prompt asks ""What variety..."". The text says ""He is a mockingbird, the state bird of Tennessee."" It does not name the variety. So strictly speaking, I cannot name the variety.

However, often ""mockingbird"" is the answer expected if the specific species isn't distinguished in the text, but the question asks for ""variety"". Since the text doesn't say ""Northern Mockingbird"" or any other specific variety, I must adhere to the constraint.

Wait, let me re-read the constraint: ""If the context doesn't contain enough information, say 'I cannot answer this based on the provided context.'""

The context says he is a ""mockingbird"". It does not say ""Northern Mockingbird"" or any other specific variety. Therefore, the specific variety is not in the text.

Answer: I cannot answer this based on the provided context.",0.0,0.0,0.0,OK,
209,209,colbertv2,kmeans_k3,How many members exist in the conference represented by the Michigan State Spartans in the 1993 Liberty Bowl?,5a8c5bff554299240d9c2139,"[6381, 24769]","[7085, 6381, 4000, 24769, 21337]",1.0,0.5,0.6455286741256714,0.5454720854759216,qwen3.5-122b,"Based on the provided context, the Michigan State Spartans represented the **Big Ten Conference** in the 1993 Liberty Bowl (Document 2). According to Document 4, the Big Ten Conference consists of **14 members** (as of 2016).

Answer: 14",0.0,0.0,0.0,OK,
210,210,colbertv2,kmeans_k3,What are the anchor stores for the shopping mall constructed by C.J. Segerstrom & Sons in California?,5a8c5eca554299240d9c213d,"[5548, 22212]","[4498, 25731, 5548, 7176, 10486]",0.5,0.3333333333333333,0.7391369342803955,0.026818377897143364,qwen3.5-122b,I cannot answer this based on the provided context.,0.0,0.0,0.0,OK,
211,211,colbertv2,kmeans_k3,"jean Sagbo, considered ""Russia's Obama"" is considered to belong to what ethnic group based on his having African heritage or dark skin?",5a8c6bd55542995e66a475ea,"[10326, 9394]","[11928, 23437, 10326, 15761, 7475]",0.5,0.3333333333333333,0.6481196284294128,0.7787443995475769,qwen3.5-122b,"Based on the provided context, I cannot answer this question. Document 3 states that Jean Gregoire Sagbo is a ""Beninese-born Russian"" and the ""first Russian of African descent,"" but it does not specify his particular ethnic group.",0.0,0.0,0.0,OK,
212,212,colbertv2,kmeans_k3,"Who was appointed to the board of supervisors first, Jeff Sheehy or Ed Lee?",5a8c8502554299585d9e36d0,"[22017, 11355]","[22017, 8643, 11355, 11958, 7410]",1.0,1.0,0.6793461441993713,0.015127862803637981,qwen3.5-122b,"Based on the provided context, **Jeff Sheehy** was appointed to the Board of Supervisors first.

According to Document 1, Jeff Sheehy was appointed to the San Francisco Board of Supervisors in **January 2017**. Document 3 states that Ed Lee was appointed by the Board of Supervisors on **January 11, 2011**, but this appointment was to serve as **Mayor**, not as a member of the Board of Supervisors. The text does not mention Ed Lee ever being appointed to the Board of Supervisors itself.",0.0,0.0,0.0,OK,
213,213,colbertv2,kmeans_k3,John Seasock was a professional monster truck driver that last drove a truck sponsored by a company headquartered in what city?,5a8ceb7a554299441c6b9f7b,"[11213, 25686]","[11005, 11213, 21097, 6256, 17492]",0.5,0.5,0.6089016199111938,0.05526254326105118,qwen3.5-122b,I cannot answer this based on the provided context.,0.0,0.0,0.0,OK,
214,214,colbertv2,kmeans_k3,What is the english translation of the name of style of novel of which The Company is an example?,5a8cefc155429941ae14df55,"[1980, 3971]","[4643, 2770, 1980, 5623, 24493]",0.5,0.3333333333333333,0.7161681056022644,0.9977147579193115,qwen3.5-122b,"Based on the provided context, the style of novel of which *The Company* is an example is called a **roman à clef**.

Document 3 states: ""The Company is a political fiction 'roman à clef' novel..."" The text does not provide an English translation for the term ""roman à clef,"" so I cannot provide the English translation of the name of the style based strictly on the provided context.

Answer: I cannot answer this based on the provided context.",0.0,0.0,0.0,OK,
215,215,colbertv2,kmeans_k3,What color was the dog that Socks had conflicts with?,5a8d51355542994ba4e3dc6b,"[12447, 20180]","[24455, 23805, 12447, 14294, 12298]",0.5,0.3333333333333333,0.731641411781311,0.5018203854560852,qwen3.5-122b,"Based on the provided context, the text mentions that Socks had continuing conflicts with Clinton's dog **Buddy**, but it does not specify the color of the dog.

I cannot answer this based on the provided context.",0.0,0.0,0.0,OK,
216,216,colbertv2,kmeans_k3,"What Province in Sicily, founded in the eighth century B.C., was the birthplace of the famous historical mathematician Archimedes?",5a8d64305542994ba4e3dc80,"[2748, 10491]","[24864, 20130, 10491, 3589, 20776]",0.5,0.3333333333333333,0.696966826915741,0.9166309237480164,qwen3.5-122b,"Based on the provided context, the city is **Syracuse** (Italian: ""Siracusa""), which is the capital of the **province of Syracuse**. Document 3 states that Syracuse is a historic city in Sicily, notable as the birthplace of the preeminent mathematician and engineer Archimedes.

*Note: While the context identifies Syracuse as the birthplace of Archimedes and the capital of the province of Syracuse, it does not explicitly state that the city was founded in the eighth century B.C., though it mentions the city is 2,700 years old.*",0.0,0.0,0.0,OK,
217,217,colbertv2,kmeans_k3,"Which male singer performed together with a female American singer, who was born in 1954 and whose third studio album was named Through His Eyes, have a hit duet with in 1985?",5a8db788554299653c1aa145,"[16151, 25249]","[25252, 8438, 16151, 14167, 21082]",0.5,0.3333333333333333,0.7758055925369263,0.04364927113056183,qwen3.5-122b,I cannot answer this based on the provided context.,0.0,0.0,0.0,OK,
218,218,colbertv2,kmeans_k3,"Many right wing WNP were  connected to a clandestine operation ran by a ""stay-behind""  operation ran by what organization?",5a8dcbc0554299068b959df4,"[10519, 1185]","[1116, 10519, 14949, 1185, 23653]",1.0,0.5,0.7185043692588806,0.48832955956459045,qwen3.5-122b,"Based on the provided context, the right-wing group Westland New Post (WNP) was linked to Operation Gladio, which was a clandestine ""stay-behind"" operation run by the **North Atlantic Treaty Organisation (NATO)**.

This is supported by:
*   **Document 2**, which states that many right-wing groups involved in the ""Years of Lead"" (including those suspected in the Brabant massacres where WNP was involved) have been linked to Operation Gladio.
*   **Document 4**, which defines Operation Gladio as a clandestine **North Atlantic Treaty Organisation (NATO)** ""stay-behind"" operation.",0.0,0.0,0.0,OK,
219,219,colbertv2,kmeans_k3,What political party is the current Attorney General of Missouri associated with?,5a8dd5b855429917b4a5bcc6,"[10020, 20296]","[24988, 11921, 20296, 11640, 5233]",0.5,0.3333333333333333,0.6510487794876099,0.12428968399763107,qwen3.5-122b,I cannot answer this based on the provided context.,0.0,0.0,0.0,OK,
220,220,colbertv2,kmeans_k3,What team did Robbie Keane play for after Inter Milan?,5a8de02b554299068b959e13,"[9806, 23728]","[23728, 21193, 9806, 7398, 6911]",1.0,1.0,0.7070664167404175,0.0430455319583416,qwen3.5-122b,I cannot answer this based on the provided context.,0.0,0.0,0.0,OK,
221,221,colbertv2,kmeans_k3,What is the prefix given to the end of the name to avoid confusion for the winner of the 1996 Record of the Year Grammy?,5a8de4595542995085b37348,"[6562, 7698]","[7698, 476, 16852, 6562, 20138]",1.0,1.0,0.6377975940704346,0.9475914239883423,qwen3.5-122b,"Based on the provided context, the winner of the 1996 Grammy Award for Record of the Year is the song ""Kiss from a Rose"" by the artist **Seal** (Document 1).

However, the context only mentions a prefix (""Seal II"") used to avoid confusion regarding the **1991 album** of the same name, not the artist or the song itself (Document 4). The text does not state that a prefix was given to the name of the winner (the song or the artist) to avoid confusion in the context of the 1996 award.

Therefore, I cannot answer this based on the provided context.",0.0,0.0,0.0,OK,
222,222,colbertv2,kmeans_k3,Are Ferocactus and Silene both types of plant?,5a8e068b5542995085b37384,"[3470, 24631]","[3470, 8949, 18831, 24631, 2806]",1.0,1.0,0.6220848560333252,0.6237018704414368,qwen3.5-122b,"Yes, both Ferocactus and Silene are types of plants. According to the provided context, Ferocactus is a genus of large barrel-shaped cacti, and Silene is a genus of flowering plants.",0.0,0.0,0.0,OK,
223,223,colbertv2,kmeans_k3,In which county of New York was Circumstantial Productions founded?,5a8e3e9b5542995085b37402,"[14603, 1623]","[23108, 14603, 4697, 1546, 9046]",0.5,0.5,0.6947649121284485,0.2173517942428589,qwen3.5-122b,"Based on the provided context, Circumstantial Productions was founded in Nyack, New York. However, the documents do not specify which county Nyack is located in.

I cannot answer this based on the provided context.",0.0,0.0,0.0,OK,
224,224,colbertv2,kmeans_k3,Olivia DeJonge starred in an American horror film directed by Shyamalan called what,5a8ed10b5542995085b374a0,"[20000, 18119]","[19196, 20000, 18119, 2814, 18365]",1.0,0.5,0.6222569346427917,0.7454071044921875,qwen3.5-122b,"Based on the provided context, Olivia DeJonge starred in the American horror film directed by M. Night Shyamalan called **The Visit**.

This is confirmed by:
*   **Document 2**: States Olivia DeJonge is known for playing Becca in the film ""The Visit"".
*   **Document 3**: Describes ""The Visit"" as a 2015 American found footage horror film written and directed by M. Night Shyamalan, starring Olivia DeJonge.",0.0,0.0,0.0,OK,
225,225,colbertv2,kmeans_k3,What city is between Normanby le Wold and the A46 Junction between Lincoln and Grimsby?,5a8f18d555429918e830d189,"[12378, 25386]","[4672, 3907, 12378, 20779, 5788]",0.5,0.3333333333333333,0.649559497833252,0.037737034261226654,qwen3.5-122b,I cannot answer this based on the provided context.,0.0,0.0,0.0,OK,
226,226,colbertv2,kmeans_k3,John DiMaggio voices the character Shnitzel on Cartoon Network series created by who?,5a8f1adc554299458435d577,"[15705, 25405]","[11132, 12076, 15705, 25337, 9192]",0.5,0.3333333333333333,0.7125612497329712,0.09277503937482834,qwen3.5-122b,I cannot answer this based on the provided context.,0.0,0.0,0.0,OK,
227,227,colbertv2,kmeans_k3,Bill Bryson grew up in a city that is the seat of which county ?,5a8f5273554299458435d5b1,"[24172, 25542]","[13816, 2277, 24172, 25564, 771]",0.5,0.3333333333333333,0.6772899031639099,0.9850046038627625,qwen3.5-122b,"Based on the provided context, Bill Bryson grew up in Des Moines, Iowa (Document 3). However, the provided documents do not state which county Des Moines is the seat of. Document 5 mentions Sibley is the county seat of Osceola County, and Document 4 mentions York is the county seat of York County, but neither document links Des Moines to a specific county seat status.

Therefore, I cannot answer this based on the provided context.",0.0,0.0,0.0,OK,
228,228,colbertv2,kmeans_k3,"What year did the infantry regiment featured in the 2006 film ""Only the Brave"" begin?",5a8f53ad5542992414482a50,"[24880, 2658]","[24880, 13320, 6239, 3908, 2901]",0.5,1.0,0.680005669593811,0.2928847074508667,qwen3.5-122b,"Based on the provided context, the 2006 film ""Only the Brave"" features the 100th Infantry Battalion/442nd Regimental Combat Team. However, the text does not state the year this infantry regiment began or was activated.

I cannot answer this based on the provided context.",0.0,0.0,0.0,OK,
229,229,colbertv2,kmeans_k3,"What member of the South Korean-Chinese boy group EXO stars in the upcoming movie ""The Underdog""?",5a8f68795542992414482ab5,"[22255, 13849]","[22269, 13849, 22255, 13848, 22588]",1.0,0.5,0.5284757018089294,0.9288811087608337,qwen3.5-122b,"Based on the provided context, the member of the South Korean-Chinese boy group EXO who stars in the upcoming movie ""The Underdog"" is **Do Kyung-soo** (also known by his stage name **D.O.**).

Document 2 identifies Do Kyung-soo as a member of EXO, and Document 3 states that ""The Underdog"" stars Do Kyung-soo in a lead role.",0.0,0.0,0.0,OK,
230,230,colbertv2,kmeans_k3,"What national historic district is located near a village in the town of Philipstown, New York?",5a8f69b55542997ba9cb324f,"[20402, 1612]","[10844, 1612, 10735, 1938, 1623]",0.5,0.5,0.5905476808547974,0.9975466728210449,qwen3.5-122b,"Based on the provided context, the **Cold Spring Historic District** is the national historic district located near (specifically, the central area of) the village of Cold Spring, which is in the town of Philipstown, New York.",0.0,0.0,0.0,OK,
231,231,colbertv2,kmeans_k3,Which NFL team did both Don Looney and DeSean Jackson play for?,5a8f7c9a55429918e830d239,"[5540, 25260]","[19321, 20871, 5540, 2968, 14437]",0.5,0.3333333333333333,0.6109386682510376,0.989386796951294,qwen3.5-122b,"Based on the provided context, both Don Looney and DeSean Jackson played for the **Philadelphia Eagles**.

*   **Document 3** states that John Don Looney played for the Philadelphia Eagles in 1940.
*   **Document 3** also mentions that DeSean Jackson is a ""wide receiver"" for the Eagles who equaled Looney's feat in the 2008 NFL season.",0.0,0.0,0.0,OK,
232,232,colbertv2,kmeans_k3,"The name od the Jason Hook album ""Safety Dunce"" is a play on the words of a song released in what year?",5a8f93f5554299458435d67e,"[3996, 5962]","[6562, 486, 3996, 5962, 23320]",1.0,0.3333333333333333,0.6777288317680359,0.47891154885292053,qwen3.5-122b,"Based on the provided context, the album ""Safety Dunce"" by Jason Hook is a play on the words of the song ""The Safety Dance"" by Men Without Hats. According to Document 4, ""The Safety Dance"" was released in **1983**.",0.0,0.0,0.0,OK,
233,233,colbertv2,kmeans_k3,"Which feature film was released earlier, One Magic Christmas or Muppet Treasure Island?",5a8fd9ac5542990a98493570,"[7363, 2743]","[6187, 4018, 2743, 23633, 17660]",0.5,0.3333333333333333,0.6713912487030029,0.11638069152832031,qwen3.5-122b,I cannot answer this based on the provided context.,0.0,0.0,0.0,OK,
234,234,colbertv2,kmeans_k3,"Who co-starred in an episode of The ABC Comedy Hour with the man who played Duke Slater in ""Gomer Pyle, U.S.M.C.""?",5a8ff69655429916514e73f1,"[7326, 25678]","[936, 7835, 25678, 15230, 23498]",0.5,0.3333333333333333,0.7271643877029419,0.15549401938915253,qwen3.5-122b,I cannot answer this based on the provided context.,0.0,0.0,0.0,OK,
235,235,colbertv2,kmeans_k3,What are the names of the members of the Detroit-based hip hop duo who has worked with Jason Gilbert?,5a90605d5542995651fb514d,"[12263, 5918]","[18533, 5918, 12263, 12863, 725]",1.0,0.5,0.658082902431488,0.9375942945480347,qwen3.5-122b,"Based on the provided context, the Detroit-based hip hop duo that has worked with Jason Gilbert is **Bad Meets Evil**. The members of this duo are:

*   **Royce da 5'9""** (also known as ""Bad"")
*   **Eminem** (also known as ""Evil"")

Document 2 identifies Bad Meets Evil as a Detroit-based hip hop duo, and Document 3 states that Jason Gilbert has produced for both Eminem and Bad Meets Evil.",0.0,0.0,0.0,OK,
236,236,colbertv2,kmeans_k3,Which of the three worst hotel fires in modern US History occurred most recently?,5ab1e76c554299449642c800,"[16361, 13234]","[10031, 8815, 16361, 3360, 1820]",0.5,0.3333333333333333,0.648542046546936,0.9435104727745056,qwen3.5-122b,"Based on the provided context, the three worst hotel fires in modern U.S. history are:

1.  The 1946 Winecoff Hotel fire in Atlanta (119 deaths).
2.  The MGM Grand fire on November 21, 1980, in Paradise, Nevada (85 deaths).
3.  The Dupont Plaza Hotel fire on December 31, 1986, in San Juan, Puerto Rico (97 deaths).

*Note: While the text lists the Dupont Plaza Hotel fire in San Juan, Puerto Rico, as the third-worst, Puerto Rico is a U.S. territory. If strictly interpreting ""US History"" to include territories as per the text's classification, the most recent is the Dupont Plaza Hotel fire.*

The most recent of these three occurred on **December 31, 1986** (the Dupont Plaza Hotel fire).",0.0,0.0,0.0,OK,
237,237,colbertv2,kmeans_k3,which is larger Asante Traditional Buildings or Gulangyu?,5ab1e984554299340b525428,"[9719, 8420]","[10509, 406, 8420, 19742, 8905]",0.5,0.3333333333333333,0.6869066953659058,0.031228911131620407,qwen3.5-122b,I cannot answer this based on the provided context.,0.0,0.0,0.0,OK,
238,238,colbertv2,kmeans_k3,August R. Lindt served as chairman of a UN program from 1956 to 1960 that won how many noble prizes ?,5ab236645542993be8fa98c9,"[21485, 12156]","[21485, 11934, 6809, 8090, 7975]",0.5,1.0,0.6153761148452759,0.9474361538887024,qwen3.5-122b,"I cannot answer this based on the provided context.

The provided text states that August R. Lindt served as United Nations High Commissioner for Refugees from 1956 to 1960, but it does not mention how many Nobel Prizes that program won. Additionally, the text notes he served as Chairman of UNICEF from 1953 to 1954, not 1956 to 1960.",0.0,0.0,0.0,OK,
239,239,colbertv2,kmeans_k3,Which City in the Miami metropolitan area is home to the Primetime Race Group?,5ab23d8a55429970612095c9,"[7539, 471]","[7539, 13715, 7693, 17538, 8155]",0.5,1.0,0.6161522269248962,0.9578645825386047,qwen3.5-122b,"Based on the provided context, I cannot answer this based on the provided context.

**Reasoning:**
Document 1 states that the Primetime Race Group is from **Hollywood, Florida**. While Hollywood is geographically part of the Miami metropolitan area, the provided text does not explicitly state that Hollywood is in the ""Miami metropolitan area,"" nor does it link the team to Miami specifically. The text only identifies the city as Hollywood, Florida. Therefore, strictly adhering to the instruction to answer *only* based on the provided context, the specific connection to the ""Miami metropolitan area"" is not contained in the text.

*(Self-Correction/Refinement: If the question implies general knowledge that Hollywood, FL is in the Miami metro area, the answer would be Hollywood. However, the prompt strictly says ""Answer the question based ONLY on the provided context."" The context says ""Hollywood, Florida"" but does not mention ""Miami metropolitan area"". Thus, the strict answer is that the context doesn't contain enough information to confirm the ""Miami metropolitan area"" part, even though it names the city.)*

**Revised Answer based on strict interpretation:**
I cannot answer this based on the provided context.

*(Wait, let me re-evaluate. The question asks ""Which City... is home to the Primetime Race Group?"". The context says ""The Primetime Race Group is a privateer motorsport team from Hollywood, Florida"". The question adds the constraint ""in the Miami metropolitan area"". If the user knows Hollywood is in that area, they are asking for the city name. The context provides the city name: Hollywood. Does the context need to explicitly say ""Hollywood is in the Miami metropolitan area""? No, the question asks for the city *in* that area. If the context says the team is from Hollywood, and the user's premise is that Hollywood is in the Miami metro area, the answer is Hollywood. However, if the context doesn't confirm Hollywood is in the Miami metro area, can I answer? Usually, in RAG tasks, if the entity is identified, that is the answer. But the constraint ""in the Miami metropolitan area"" is a filter. If the context doesn't confirm the filter, strictly speaking, I can't verify the filter. But often, the intent is to extract the city mentioned. Let's look at Document 3: ""Calder Race Course in Miami Gardens, Florida"". This confirms Miami Gardens is in Florida. Document 1 says Hollywood, Florida.",0.0,0.0,0.0,OK,
240,240,colbertv2,kmeans_k3,What word or phrase is found in both the history of Belgium and cockfighting?,5ab259b25542993be8fa98de,"[17447, 22977]","[17447, 22977, 19504, 10853, 17701]",1.0,1.0,0.6930934190750122,0.48050370812416077,qwen3.5-122b,"Based on the provided context, the word found in both the history of Belgium and cockfighting is **""cockpit""**.

*   **Document 1** states that Belgium has often been called the ""cockpit of Europe.""
*   **Document 2** states that a cockfight is held in a ring called a ""cockpit.""",0.0,0.0,0.0,OK,
241,241,colbertv2,kmeans_k3,"From March 631 to April 631, Farrukhzad Khosrau V was the king of an empire that succeeded which empire?",5ab2659e554299340b5254b2,"[16861, 23420]","[16861, 2904, 25805, 15590, 24189]",0.5,1.0,0.6072320938110352,0.033692117780447006,qwen3.5-122b,I cannot answer this based on the provided context.,0.0,0.0,0.0,OK,
242,242,colbertv2,kmeans_k3,The term Moneybomb was coined by Trevor Lyman to describe a massive online donation drive on behalf of a presidential candidate that was the first chairman of what PAC?,5ab266b5554299340b5254b4,"[2736, 3970]","[23034, 2736, 13543, 12457, 12304]",0.5,0.5,0.7346745729446411,0.9980760812759399,qwen3.5-122b,"I cannot answer this based on the provided context.

The provided text states that Trevor Lyman coined the term ""Moneybomb"" to describe a donation drive for presidential candidate **Ron Paul** (Document 2). However, the text does not mention Ron Paul serving as the ""first chairman"" of any PAC, nor does it link Ron Paul to the ""Colbert Super PAC"" (Americans for a Better Tomorrow, Tomorrow) mentioned in Document 5, which was established by Stephen Colbert. Therefore, the specific connection requested in the question cannot be made using only the provided documents.",0.0,0.0,0.0,OK,
243,243,colbertv2,kmeans_k3,Do The Importance of Being Icelandic and The Five Obstructions belong to different film genres ?,5ab271fe554299449642c8a6,"[863, 15854]","[24685, 12764, 863, 489, 25701]",0.5,0.3333333333333333,0.6138181090354919,0.050278760492801666,qwen3.5-122b,I cannot answer this based on the provided context.,0.0,0.0,0.0,OK,
244,244,colbertv2,kmeans_k3,Which tendencies does a group like Uyoku dantai fall under?,5ab29bdc554299545a2cf9d1,"[7963, 7054]","[10877, 20057, 7963, 21849, 244]",0.5,0.3333333333333333,0.7056006193161011,0.9997996687889099,qwen3.5-122b,"Based on the provided context, a group like Uyoku dantai falls under the tendencies of being **Japanese ultranationalist far-right groups**.",0.0,0.0,0.0,OK,
245,245,colbertv2,kmeans_k3,"Who married a man who starred in Marcus Welby, M.D.?",5ab2b666554299194fa934ca,"[25085, 13771]","[25085, 1319, 14100, 17403, 2226]",0.5,1.0,0.7111347913742065,0.08623701333999634,qwen3.5-122b,"Based on the provided context, I cannot answer this based on the provided context.

**Reasoning:**
*   **Document 1** lists the male stars of *Marcus Welby, M.D.* as **Robert Young** and **James Brolin**.
*   **Document 2** states that **Jessica Blank** married **Erik Jensen**.
*   **Document 4** states that **Anjana Mumtaz Manjrekar** married **Sajid Mumtaz**.
*   **Document 5** states that **Diane Frolov** married **Andrew Schneider**.

None of the documents mention that any of the women listed (Jessica Blank, Anjana Mumtaz Manjrekar, or Diane Frolov) married Robert Young or James Brolin. Therefore, the information required to answer the question is not present in the provided text.",0.0,0.0,0.0,OK,
246,246,colbertv2,kmeans_k3,"The author of ""The New American Story "" served three terms as a US Senator from what state?",5ab2e3a15542992953946893,"[178, 10649]","[22883, 178, 17169, 10649, 1562]",1.0,0.5,0.6862980127334595,0.014444847591221333,qwen3.5-122b,"Based on the provided context, the author of ""The New American Story"" is Bill Bradley (Document 2). According to Document 4, William Warren Bradley served three terms as a Democratic U.S. Senator from **New Jersey**.",0.0,0.0,0.0,OK,
247,247,colbertv2,kmeans_k3,"Which type of character is featured by the P.L. Travers's third book and last novel in the ""Mary Poppins"" series?",5ab322b1554299194fa93570,"[75, 24937]","[19375, 24553, 75, 8105, 24994]",0.5,0.3333333333333333,0.6748918294906616,0.9994562864303589,qwen3.5-122b,"Based on the provided context, the character featured in P.L. Travers's third book and last novel in the ""Mary Poppins"" series is a **magical English nanny** named Mary Poppins.",0.0,0.0,0.0,OK,
248,248,colbertv2,kmeans_k3,"What boy band formed in Orlando, Florida in 1993 performed at the 2001 Kids Choice Awards?",5ab3244c554299233954ff29,"[4050, 986]","[2683, 3923, 986, 9586, 8541]",0.5,0.3333333333333333,0.6795424222946167,0.133006289601326,qwen3.5-122b,"I cannot answer this based on the provided context.

While the context confirms that The Backstreet Boys are a vocal group formed in Orlando, Florida in 1993 (Document 3), it does not contain any information regarding whether they performed at the 2001 Kids Choice Awards.",0.0,0.0,0.0,OK,
249,249,colbertv2,kmeans_k3,How do the Peter Laufer books Forbidden Creatures and No Animals Were Harmed differ in their focus on animals?,5ab3cecd5542992ade7c6eae,"[14697, 14692]","[5824, 4548, 14692, 8037, 2854]",0.5,0.3333333333333333,0.7065051198005676,0.7548527121543884,qwen3.5-122b,"I cannot answer this based on the provided context.

While Document 3 mentions that *No Animals Were Harmed* explores the line between using animals for entertainment and abusing them, and notes that *Forbidden Creatures* is the preceding book in the same trilogy, the provided text does not describe the specific focus of *Forbidden Creatures* or explain how the two books differ.",0.0,0.0,0.0,OK,
250,250,colbertv2,kmeans_k3,Who was the team president of the 2012 Cleveland Browns?,5ab42d6055429942dd415eb0,"[13279, 1484]","[6256, 13913, 13279, 331, 22614]",0.5,0.3333333333333333,0.6730707883834839,0.9670434594154358,qwen3.5-122b,"Based on the provided context, the team president of the 2012 Cleveland Browns was **Mike Holmgren**.

Document 3 states: ""The 2012 season was the third season under the leadership of team president Mike Holmgren...""",0.0,0.0,0.0,OK,
251,251,colbertv2,kmeans_k3,To where did the war criminal who is the fictional defendant in the film After the Truth flee in real life ?,5ab4304a55429942dd415ec5,"[16694, 25092]","[9608, 73, 16694, 8630, 22451]",0.5,0.3333333333333333,0.6925727128982544,0.20959001779556274,qwen3.5-122b,I cannot answer this based on the provided context.,0.0,0.0,0.0,OK,
252,252,colbertv2,kmeans_k3,Do Lush and P.O.D. both consist of four band members?,5ab4428c5542990594ba9bda,"[4103, 6701]","[4103, 14776, 6701, 2789, 18533]",1.0,1.0,0.7080734372138977,0.7945997714996338,qwen3.5-122b,"Yes, based on the provided context, both Lush and P.O.D. consist of four band members.

*   **Lush:** The lineup before the original split consisted of Miki Berenyi, Emma Anderson, Phil King, and Chris Acland (4 members).
*   **P.O.D. (Payable on Death):** The band's line-up consists of Sonny Sandoval, Wuv Bernardo, Marcos Curiel, and Traa Daniels (4 members).",0.0,0.0,0.0,OK,
253,253,colbertv2,kmeans_k3,Who provided the source material for the 2015 Australian revenge comedy-drama film in which Rebecca Gibney featured?,5ab46f4e5542991751b4d770,"[14935, 18366]","[737, 21759, 14935, 17628, 8951]",0.5,0.3333333333333333,0.749415397644043,0.14820778369903564,qwen3.5-122b,I cannot answer this based on the provided context.,0.0,0.0,0.0,OK,
254,254,colbertv2,kmeans_k3,"At the 46th Grammy Awards, which award did the album by The White Stripes, which included the song Seven Nation Army, win?",5ab474135542991751b4d77b,"[8564, 10963]","[24667, 23915, 8564, 23405, 4544]",0.5,0.3333333333333333,0.6289297342300415,0.06481156498193741,qwen3.5-122b,I cannot answer this based on the provided context.,0.0,0.0,0.0,OK,
255,255,colbertv2,kmeans_k3,"Which facility was founded in Missouri, Discovery Zone or Valentino's?",5ab484415542990594ba9c44,"[25725, 10636]","[25725, 140, 21964, 10636, 22086]",1.0,1.0,0.6432591676712036,0.20692178606987,qwen3.5-122b,"Based on the provided context, **Discovery Zone** was founded in Missouri.

Document 1 states that Discovery Zone was founded in 1989 and its first location was opened in Kansas City, Missouri. In contrast, Document 4 states that Valentino's is based in Lincoln, Nebraska, and was founded there in 1957.",0.0,0.0,0.0,OK,
256,256,colbertv2,kmeans_k3,Both Truth in Science and Discovery embrace what campaign?,5ab4e3065542990594ba9cb4,"[25109, 17812]","[13146, 13, 25109, 9402, 17812]",1.0,0.3333333333333333,0.664347767829895,0.5753315687179565,qwen3.5-122b,"Based on the provided context, both Truth in Science and the Discovery Institute embrace the ""Teach the Controversy"" campaign.

*   **Document 3** states that Truth in Science ""promotes the Discovery Institute's 'Teach the Controversy' campaign.""
*   **Document 5** states that the Discovery Institute's ""'Teach the Controversy' campaign aims to permit teaching of anti-evolution, intelligent-design beliefs.""",0.0,0.0,0.0,OK,
257,257,colbertv2,kmeans_k3,What is the nationality of the most successful female ski racer ever?,5ab503db5542990594ba9cc8,"[191, 15876]","[11471, 15876, 191, 8846, 16375]",1.0,0.5,0.5715280175209045,0.9698975086212158,qwen3.5-122b,"Based on the provided context, I cannot answer this question.

Document 3 states that Verena ""Vreni"" Schneider is the ""third most successful female ski racer ever (after Lindsey Vonn and Annemarie Moser-Pröll),"" but it does not specify which of the two skiers ahead of her (Lindsey Vonn or Annemarie Moser-Pröll) is the single ""most successful."" While Document 2 identifies Lindsey Vonn as American, the text does not provide information about Annemarie Moser-Pröll's nationality or explicitly rank one above the other as the absolute most successful.",0.0,0.0,0.0,OK,
258,258,colbertv2,kmeans_k3,What was the budget of the film in which Kodi Smit-McPhee voiced Norman Babcock?,5ab5062f55429942dd415fd1,"[854, 12076]","[4548, 21721, 854, 2965, 593]",0.5,0.3333333333333333,0.7319652438163757,0.05292874202132225,qwen3.5-122b,I cannot answer this based on the provided context.,0.0,0.0,0.0,OK,
259,259,colbertv2,kmeans_k3,"Who won the 2007 Copa America Final, with help from Julio Baptista?",5ab514dc5542990594ba9cfa,"[10234, 6555]","[18904, 10591, 10234, 1080, 1783]",0.5,0.3333333333333333,0.5880542397499084,0.9984638094902039,qwen3.5-122b,"Based on the provided context, **Brazil** won the 2007 Copa América Final. The text states that Brazil defeated Argentina 3–0, with goals from Júlio Baptista, a Roberto Ayala own goal, and Dani Alves.",0.0,0.0,0.0,OK,
260,260,colbertv2,kmeans_k3,God Is Not Great is by a journalist which due to his actions made him what?,5ab53bee554299637185c526,"[611, 7524]","[9711, 611, 5084, 7215, 9604]",0.5,0.5,0.709640383720398,0.3150950074195862,qwen3.5-122b,I cannot answer this based on the provided context.,0.0,0.0,0.0,OK,
261,261,colbertv2,kmeans_k3,"The producer of ""Live By NIght"" began his film career playing what role in ""Critters 3""?",5ab545d3554299494045ef5c,"[13962, 21971]","[21971, 3713, 24485, 13962, 10379]",1.0,1.0,0.7642053365707397,0.018982453271746635,qwen3.5-122b,"Based on the provided context, the producer of ""Live By Night"" is Leonardo DiCaprio (Document 4). According to Document 1, DiCaprio began his film career by starring as **Josh** in ""Critters 3"" (1991).",0.0,0.0,0.0,OK,
262,262,colbertv2,kmeans_k3,"What is the birthdate of this American actor, director, and producer, who starred in Not Another B Movie?",5ab58ee6554299488d4d99d6,"[13066, 6018]","[14315, 21622, 13066, 23681, 5215]",0.5,0.3333333333333333,0.6272854804992676,0.8060181140899658,qwen3.5-122b,"I cannot answer this based on the provided context.

The provided text states that *Not Another B Movie* stars Byron Thames, Larry Thomas, James Vallo, David Faustino, Joe Estevez, and Ed Asner, but it does not provide the birthdates for any of these actors. While the text mentions Robert G. Springsteen as an American director of B movies and Charles Redford Jr. as an American actor, director, and producer, neither is identified as starring in *Not Another B Movie*, and their birthdates do not match the specific criteria of the question combined with the film role.",0.0,0.0,0.0,OK,
263,263,colbertv2,kmeans_k3,Prominent Danish Tibetologist Per Kjeld Sørensen is a professor of Central Asian Studies at Leipzig University that was founded by who?,5ab5ac345542992aa134a37f,"[20323, 13198]","[12638, 8754, 20323, 19850, 24177]",0.5,0.3333333333333333,0.605068027973175,0.037734344601631165,qwen3.5-122b,I cannot answer this based on the provided context.,0.0,0.0,0.0,OK,
264,264,colbertv2,kmeans_k3,"Who is Bruce Spizer an expert on, known as the most influential act of the rock era?",5ab5ed505542997d4ad1f255,"[8469, 11122]","[18059, 25236, 8469, 9339, 7148]",0.5,0.3333333333333333,0.6678344011306763,0.9964599609375,qwen3.5-122b,"Based on the provided context, Bruce Spizer is recognized as an expert on **The Beatles**.

Document 3 states: ""David 'Bruce' Spizer... is a tax attorney in New Orleans, Louisiana, who is also recognized as an expert on The Beatles."" While the context identifies him as an expert on the band, it does not explicitly describe The Beatles as ""the most influential act of the rock era,"" though it notes he is an authority on their history and recordings.",0.0,0.0,0.0,OK,
265,265,colbertv2,kmeans_k3,"Which is in the family Rutaceae, the Diplolaena or the Arenaria?",5ab5eed65542997d4ad1f25c,"[25467, 11029]","[24884, 7574, 25467, 8485, 11029]",1.0,0.3333333333333333,0.6006535887718201,0.019037606194615364,qwen3.5-122b,"Based on the provided context, **Diplolaena** is in the family Rutaceae.

Document 3 states: ""Diplolaena is a genus of evergreen shrubs in the family Rutaceae.""
Document 5 states that Arenaria is within the family Caryophyllaceae.",0.0,0.0,0.0,OK,
266,266,colbertv2,kmeans_k3,The Church of England's Oxford Movement was opposed by a clergyman who wrote what type of literature?,5ab61798554299488d4d9aaa,"[2415, 10019]","[7623, 11986, 2415, 25094, 10019]",1.0,0.3333333333333333,0.5739527344703674,0.9986094236373901,qwen3.5-122b,"Based on the provided context, the clergyman who opposed the Oxford Movement was Samuel Rickards, and he wrote **devotional literature**.

(Source: Document 3 states, ""Samuel Rickards (1796–1865) was a Church of England clergyman, opponent of the Oxford Movement, and writer of devotional literature."")",0.0,0.0,0.0,OK,
267,267,colbertv2,kmeans_k3,Are Broughtonia and Laeliocattleya both orchids?,5ab642845542995eadeeff8e,"[10779, 10794]","[22171, 7784, 10794, 22232, 17846]",0.5,0.3333333333333333,0.5624702572822571,0.021913671866059303,qwen3.5-122b,I cannot answer this based on the provided context.,0.0,0.0,0.0,OK,
268,268,colbertv2,kmeans_k3,"Which American audio engineer and clandestine chemist, who was a key figure in the San Francisco Bay Area hippie movement during the 1960s recorded the album ""Old and in the Way?""",5ab69c25554299110f219a39,"[24595, 25033]","[25033, 24595, 16598, 3440, 18940]",1.0,1.0,0.737928032875061,0.5938221216201782,qwen3.5-122b,"Based on the provided context, the American audio engineer and clandestine chemist who was a key figure in the San Francisco Bay Area hippie movement during the 1960s and recorded the album ""Old and in the Way"" is **Owsley Stanley** (also known as Bear).

Document 1 identifies Owsley Stanley as an American audio engineer and clandestine chemist who was a key figure in the 1960s San Francisco Bay Area hippie movement. Document 2 confirms that the album ""Old and in the Way"" was recorded by Owsley Stanley and Vickie Babcock.",0.0,0.0,0.0,OK,
269,269,colbertv2,kmeans_k3,What kind of act does Whaling in Australia and Right whale have in common?,5ab6cebd55429954757d3378,"[22824, 11260]","[10858, 2466, 22824, 20313, 11260]",1.0,0.3333333333333333,0.6766914129257202,0.7145789861679077,qwen3.5-122b,"Based on the provided context, the common element between ""Whaling in Australia"" and ""Right whale"" is that **right whales** were one of the main varieties of whales hunted during **whaling in Australia**.

*   **Document 3** states that whaling in Australia commenced in 1791 and that the main varieties of whales hunted included **right whales**.
*   **Document 5** describes **right whales** as large baleen whales and notes that they were named by whalers as the ""right"" whale to kill on a hunt due to the plentiful oil and baleen they provided.",0.0,0.0,0.0,OK,
270,270,colbertv2,kmeans_k3,The football manager who recruited David Beckham managed Manchester United during what timeframe?,5ab6d09255429954757d337d,"[2569, 17883]","[17883, 1797, 23554, 2569, 25870]",1.0,1.0,0.6327292323112488,0.017199480906128883,qwen3.5-122b,"Based on the provided context, the football manager who recruited David Beckham is Sir Alexander Chapman Ferguson (also known as Alex Ferguson), as Document 4 states he drafted in young players like David Beckham during the 1995–96 season.

According to Document 1, he managed Manchester United from **1986 to 2013**.",0.0,0.0,0.0,OK,
271,271,colbertv2,kmeans_k3,Roden Brothers were taken over in 1953 by a group headquartered in which Canadian city ?,5ab6ddb655429953192ad39e,"[17797, 5009]","[20421, 13860, 17797, 9941, 23380]",0.5,0.3333333333333333,0.7609840631484985,0.9253414273262024,qwen3.5-122b,"Based on the provided context, Roden Brothers was taken over in 1953 by **Henry Birks and Sons**. However, the text does not specify the city where Henry Birks and Sons is headquartered.

Therefore, I cannot answer this based on the provided context.",0.0,0.0,0.0,OK,
272,272,colbertv2,kmeans_k3,Who was a supporting cast member of King Rat and was knighted in February 2001?,5ab6e8e6554299710c8d1faf,"[1130, 3718]","[1130, 1853, 3016, 4290, 16247]",0.5,1.0,0.6702941656112671,0.09784550219774246,qwen3.5-122b,I cannot answer this based on the provided context.,0.0,0.0,0.0,OK,
273,273,colbertv2,kmeans_k3,"What is the name of the physician who studied the cause of the 1854 Broad Street cholera outbreak in London, England?",5ab70c41554299110f219a9d,"[4072, 885]","[8621, 8695, 4072, 6092, 18158]",0.5,0.3333333333333333,0.6726994514465332,0.9884209632873535,qwen3.5-122b,"Based on the provided context, the physician who studied the cause of the 1854 Broad Street cholera outbreak is **John Snow**.

Document 3 states: ""This outbreak... is best known for the physician John Snow's study of its causes and his hypothesis that contaminated water, not air, was the source of cholera.""",0.0,0.0,0.0,OK,
274,274,colbertv2,kmeans_k3,SS Ionic was built by the industrial company based in what city?,5ab7b0775542992aa3b8c83e,"[2648, 6388]","[7692, 2648, 2724, 8048, 10465]",0.5,0.5,0.6881586313247681,0.9980389475822449,qwen3.5-122b,"Based on the provided context, SS Ionic was built by Harland and Wolff in **Belfast**.

(Document 2 states: ""SS Ionic was a steam-powered ocean liner built in 1902 by Harland and Wolff in Belfast..."")",0.0,0.0,0.0,OK,
275,275,colbertv2,kmeans_k3,"Why are many of the band, Hirsute Pursuit's songs considered controversial?",5ab804305542995dae37ea14,"[21048, 17630]","[1006, 21048, 21825, 24341, 20313]",0.5,0.5,0.716806948184967,0.999908983707428,qwen3.5-122b,"Based on the provided context, many of Hirsute Pursuit's songs are considered controversial due to their **explicit nature** and their thematic focus on **homosexuality, gay sex, and the gay bear subculture**. This controversial and explicit content has frequently led to their videos being taken down from YouTube.",0.0,0.0,0.0,OK,
276,276,colbertv2,kmeans_k3,Which direction do both the M1 and the M6 Motorways travel?,5ab815865542995dae37ea2d,"[4673, 4672]","[13946, 12360, 4672, 3252, 4673]",1.0,0.3333333333333333,0.5812991261482239,0.8697601556777954,qwen3.5-122b,"Based on the provided context, the M1 is described as a **south-north** motorway, and the M6 runs from the M1 (near Rugby) and **heads north**. Therefore, both motorways travel in a **south to north** direction.",0.0,0.0,0.0,OK,
277,277,colbertv2,kmeans_k3,Carlos Alberto Hurtado played on loan from a mexican team which plays where?,5ab833ad5542990e739ec86f,"[20173, 1268]","[15181, 4861, 20173, 24896, 11493]",0.5,0.3333333333333333,0.583418071269989,0.3154780864715576,qwen3.5-122b,"Based on the provided context, Carlos Alberto Hurtado Arteaga plays for Correcaminos UAT on loan from **Necaxa**.

The provided documents do not contain information about where the team **Necaxa** plays (e.g., their city, stadium, or league tier). Document 2 mentions a Mexican team (Venados) playing in the Liga de Ascenso, but this is not the team Carlos Alberto Hurtado is on loan from.

Therefore, I cannot answer this based on the provided context.",0.0,0.0,0.0,OK,
278,278,colbertv2,kmeans_k3,The Red Queen's Race is a science fiction short story that uses the Red Queen's race from a novel by Lewis Carroll that is the sequel to what?,5ab84f2c55429934fafe6d54,"[1512, 11989]","[5790, 1512, 20409, 8501, 210]",0.5,0.5,0.6536181569099426,0.21492670476436615,qwen3.5-122b,"Based on the provided context, the Red Queen's race is from Lewis Carroll's ""Through the Looking-Glass."" However, the text does not mention what novel ""Through the Looking-Glass"" is the sequel to.

I cannot answer this based on the provided context.",0.0,0.0,0.0,OK,
279,279,colbertv2,kmeans_k3,Erskine Academy is located in a village in what county?,5ab850795542990e739ec8bd,"[1923, 2677]","[4153, 1923, 617, 10231, 8911]",0.5,0.5,0.6634113788604736,0.09594175219535828,qwen3.5-122b,I cannot answer this based on the provided context.,0.0,0.0,0.0,OK,
280,280,colbertv2,kmeans_k3,"Which peak is flanked by Manaslu, Shispare or Ngadi Chuli?",5ab852c05542990e739ec8c5,"[18147, 11093]","[11093, 11985, 7717, 18147, 22404]",1.0,1.0,0.6265002489089966,0.014567925594747066,qwen3.5-122b,"Based on the provided context, **Ngadi Chuli** is the peak flanked by Manaslu.

Document 1 states: ""Ngadi Chuli... is flanked by Manaslu to the north and Himalchuli to the south."" Document 4 mentions Shispare as a high peak of the Batura Muztagh but does not mention it being flanked by Manaslu.",0.0,0.0,0.0,OK,
281,281,colbertv2,kmeans_k3,Substorm was described in qualitative terms by a scientist nominated for what seven times?,5ab864945542990e739ec8e1,"[9605, 23854]","[8374, 24991, 9605, 16271, 20301]",0.5,0.3333333333333333,0.7239059209823608,0.030663741752505302,qwen3.5-122b,I cannot answer this based on the provided context.,0.0,0.0,0.0,OK,
282,282,colbertv2,kmeans_k3,Lucas da Silva Carvalho was an unused reserve runner for a Brazilian athletics track event which at top class events is run in lanes for the first what?,5ab865235542992aa3b8c8db,"[22927, 5523]","[17454, 22927, 10124, 15721, 24112]",0.5,0.5,0.6495927572250366,0.3074099123477936,qwen3.5-122b,"Based on the provided context, Lucas da Silva Carvalho is a Brazilian sprinter specializing in the **400 metres** and was an unused reserve runner for the Brazilian 4 × 400 metres relay. However, the provided documents do not contain information regarding how many meters or what distance the event is run in lanes for at top-class events.

I cannot answer this based on the provided context.",0.0,0.0,0.0,OK,
283,283,colbertv2,kmeans_k3,What profession was both John Updike and Bret Easton Ellis ?,5ab8764155429919ba4e22fe,"[3437, 4643]","[3437, 3927, 4643, 25186, 15644]",1.0,1.0,0.7248216867446899,0.7958894371986389,qwen3.5-122b,"Based on the provided context, both John Updike and Bret Easton Ellis were **short story writers**.

*   **Document 1** describes John Updike as an ""American novelist, poet, **short story writer**, art critic, and literary critic.""
*   **Document 3** describes Bret Easton Ellis as an ""American author, screenwriter, and **short story writer**.""

Both are also described as **authors** (Document 3 explicitly calls Ellis an author, and Document 1 notes Updike published novels, stories, etc., which defines him as an author).",0.0,0.0,0.0,OK,
284,284,colbertv2,kmeans_k3,Are John le Carré and Tim Winton both novelists?,5ab90e9755429934fafe6e51,"[4612, 165]","[165, 6422, 4612, 3097, 3437]",1.0,1.0,0.6208146810531616,0.009329653345048428,qwen3.5-122b,"Yes, both John le Carré and Tim Winton are novelists.

- John le Carré is described as a ""British author of espionage novels"" in Document 3.
- Tim Winton is described as an ""Australian writer of novels"" in Document 1.",0.0,0.0,0.0,OK,
285,285,colbertv2,kmeans_k3,Is there fruit juice in both a Fizz and a Painkiller cocktail?,5ab934465542996be202043e,"[25675, 1128]","[25675, 4622, 1128, 24945, 21648]",1.0,1.0,0.6347437500953674,0.11813464015722275,qwen3.5-122b,"Yes, based on the provided context, both cocktails contain fruit juice.

*   **Document 1** states that a ""fizz"" is defined by features including an ""acidic juice (such as lemon or lime).""
*   **Document 3** describes a ""Painkiller"" as a blend that includes ""pineapple juice"" and ""orange juice.""",0.0,0.0,0.0,OK,
286,286,colbertv2,kmeans_k3,"The non-fiction book ""Finding Chandra"" is about an affair between the victim and a congressman that holds a B.B.A from what school?",5ab973b35542996be20204fd,"[9608, 22274]","[5937, 20525, 9608, 20812, 5407]",0.5,0.3333333333333333,0.7789962291717529,0.05061610788106918,qwen3.5-122b,I cannot answer this based on the provided context.,0.0,0.0,0.0,OK,
287,287,colbertv2,kmeans_k3,"Which sister of Margarita ""Peggy"" Schuyler Van Rensselaer is sometimes called Betsey?",5ab9d0b755429955dce3ed8f,"[21216, 252]","[24509, 252, 21216, 14317, 21368]",1.0,0.5,0.5595338344573975,0.9395890235900879,qwen3.5-122b,"Based on the provided context, the sister of Margarita ""Peggy"" Schuyler Van Rensselaer who is sometimes called ""Betsey"" is **Elizabeth Schuyler Hamilton** (also known as ""Eliza"").

Document 3 identifies Elizabeth Schuyler Hamilton as Peggy's sister, and Document 2 states that Elizabeth Hamilton is ""sometimes called 'Eliza' or 'Betsey'.""",0.0,0.0,0.0,OK,
288,288,colbertv2,kmeans_k3,Are Eve Beglarian and Zach Bogosian both of Armenian descent?,5ab9ddef5542994dbf019875,"[22531, 4421]","[23897, 4421, 22531, 4616, 18284]",1.0,0.5,0.6313966512680054,0.9974814057350159,qwen3.5-122b,"Yes, both Eve Beglarian and Zach Bogosian are of Armenian descent.

- According to Document 3, Eve Beglarian is a ""contemporary American composer, performer and audio producer of Armenian descent.""
- According to Document 2, Zachary M. Bogosian's name is given in Armenian as ""Զաքարի Մ. Պողոսյան,"" indicating his Armenian heritage.

Therefore, both individuals are of Armenian descent.",0.0,0.0,0.0,OK,
289,289,colbertv2,kmeans_k3,"The English actor Kris Marshall played which character in the highly rated comedy-drama television series ""Death in Paradise""?",5ab9debb55429955dce3ed97,"[17157, 12938]","[20424, 3016, 17157, 3761, 25768]",0.5,0.3333333333333333,0.6673119068145752,0.999310314655304,qwen3.5-122b,"Based on the provided context, the English actor Kris Marshall played the character **DI Humphrey Goodman** in the television series ""Death in Paradise."" He took over the role in April 2013 for the show's third series and left in February 2017.",0.0,0.0,0.0,OK,
290,290,colbertv2,kmeans_k3,In what year was the scientific journal for which Danilo Erricolo is currently Editor-in-Chief established?,5aba18ee5542994dbf0198b4,"[22478, 9472]","[15524, 4786, 22478, 13901, 18794]",0.5,0.3333333333333333,0.6808804273605347,0.5212380886077881,qwen3.5-122b,"I cannot answer this based on the provided context.

The provided text states that Danilo Erricolo is the current Editor-in-Chief of ""IEEE Transactions on Antennas and Propagation"" (Document 3), but it does not mention the year that journal was established.",0.0,0.0,0.0,OK,
291,291,colbertv2,kmeans_k3,Yakuza Kiwami is a remake of the first video game in what video game series that is an open world action-adventure beat 'em up video game franchise?,5aba510f5542994dbf0198d6,"[22508, 8958]","[23682, 2557, 22508, 754, 7998]",0.5,0.3333333333333333,0.6188005208969116,0.6544882655143738,qwen3.5-122b,"Based on the provided context, **Yakuza Kiwami** is a remake of the first video game in the **""Yakuza""** series.

Document 3 states: ""It is a remake of 'Yakuza', the first video game in the 'Yakuza' series."" While the document describes the game as an ""action-adventure game,"" it does not explicitly use the terms ""open world"" or ""beat 'em up,"" but it confirms the series name is ""Yakuza.""",0.0,0.0,0.0,OK,
292,292,colbertv2,kmeans_k3,"Giuseppe Tornatore, an italian film director and screenwriter, wrote and directed his film ""The Best Offer"" in what language?",5aba6d4b5542994dbf019906,"[17780, 14963]","[10788, 14963, 17780, 7795, 16675]",1.0,0.5,0.6079040765762329,0.9929313659667969,qwen3.5-122b,"Based on the provided context, Giuseppe Tornatore's film ""The Best Offer"" is an **Italian English-language** film.",0.0,0.0,0.0,OK,
293,293,colbertv2,kmeans_k3,The Indigenous Team of the Century's coach played over how many games at senior level?,5aba7a22554299232ef4a2e7,"[9170, 25933]","[14928, 3824, 9170, 20434, 25933]",1.0,0.3333333333333333,0.6771268844604492,0.08714951574802399,qwen3.5-122b,"Based on the provided context, the coach of the Indigenous Team of the Century is Barry Cable (Document 3). Document 5 states that Barry Thomas Cable played over **400** games at senior level.",0.0,0.0,0.0,OK,
294,294,colbertv2,kmeans_k3,"Which Canadian Province was captured with the support of the Mi'kmaq, Maliseet, Passamaquoddy, Abenaki, and Penobscot?",5aba916c55429901930fa83b,"[9455, 2012]","[3964, 4204, 2012, 8847, 6093]",0.5,0.3333333333333333,0.6196355223655701,0.026768287643790245,qwen3.5-122b,I cannot answer this based on the provided context.,0.0,0.0,0.0,OK,
295,295,colbertv2,kmeans_k3,Which Formula One World Champion had a teammate named Richie Ginther?,5aba926f55429901930fa83e,"[654, 8570]","[8570, 654, 25336, 9395, 10592]",1.0,1.0,0.6588123440742493,0.6302561163902283,qwen3.5-122b,"Based on the provided context, **Graham Hill** (who was a twice Formula One World Champion) had a teammate named Richie Ginther. This is confirmed in Document 2, which states that Graham Hill won the 1962 Italian Grand Prix and that ""His teammate Richie Ginther finished second."" Document 1 also confirms that Graham Hill was a twice Formula One World Champion.",0.0,0.0,0.0,OK,
296,296,colbertv2,kmeans_k3,What was the title of the failed magazine that preceded and inspired the The Science Fiction League?,5aba97ed55429901930fa84d,"[18108, 3044]","[3044, 18108, 23185, 3077, 23634]",1.0,1.0,0.5745705962181091,0.9654955863952637,qwen3.5-122b,"Based on the provided context, the magazine that preceded and inspired the creation of the Science Fiction League was **Wonder Stories**.

According to Document 2, the Science Fiction League was created by Hugo Gernsback in February 1934 ""in the pages of 'Wonder Stories'."" Document 1 notes that *Wonder Stories* was founded by Gernsback after he lost control of his first magazine, *Amazing Stories*, due to bankruptcy, and it was published until 1955. While the text does not explicitly state that *Wonder Stories* itself ""failed"" (it ceased publication in 1955, years after the League was formed), it is the specific magazine mentioned in the context as the platform where the League was established.

*Note: The context does not mention a ""failed"" magazine that directly preceded the League in the sense of a bankruptcy immediately before the League's founding in 1934, other than the earlier bankruptcy of Experimenter Publishing which led to the creation of Wonder Stories. However, Wonder Stories is the only magazine explicitly linked to the founding of the League in the text.*

**Answer:** Wonder Stories",0.0,0.0,0.0,OK,
297,297,colbertv2,kmeans_k3,Andrew Stanton co-directed which film which featured greedy grasshoppers?,5aba9e545542994dbf019986,"[4757, 19185]","[14592, 19185, 10750, 4624, 4757]",1.0,0.5,0.6943278312683105,0.1385384202003479,qwen3.5-122b,"Based on the provided context, Andrew Stanton co-directed the film **A Bug's Life** (1998), which features greedy grasshoppers.

*   **Document 2** states that *A Bug's Life* involves a misfit ant looking for warriors to save his colony from ""greedy grasshoppers.""
*   **Document 5** confirms that Andrew Stanton was the co-director of *A Bug's Life*.",0.0,0.0,0.0,OK,
298,298,colbertv2,kmeans_k3,How many Golden Globe Awards did this English retired actress whose career has spanned over six decades and who appeared in the two-act drama Moby Dick—Rehearsed by Orson Welles?,5abac89d55429901930fa8b5,"[17457, 11151]","[20290, 17457, 11151, 23498, 18942]",1.0,0.5,0.7315860986709595,0.36468130350112915,qwen3.5-122b,"Based on the provided context, the English retired actress described is **Joan Plowright** (Dame Joan Plowright).

*   **Document 2** confirms she appeared in the two-act drama *Moby Dick—Rehearsed* by Orson Welles.
*   **Document 3** states that her career has spanned over six decades and that she **has won two Golden Globe Awards**.

Answer: **2**",0.0,0.0,0.0,OK,
299,299,colbertv2,kmeans_k3,In what part of England is John Folwes' country house located?,5abacac45542996cc5e49e94,"[20071, 6422]","[19838, 20071, 3820, 7533, 23009]",0.5,0.5,0.5674037933349609,0.47558867931365967,qwen3.5-122b,"Based on the provided context, John Fowles' country house (Belmont) is located in **West Dorset, South West England**.

(Note: The context mentions ""John Fowles,"" while the question asks about ""John Folwes."" Assuming this is a typo for the same person mentioned in Document 2.)",0.0,0.0,0.0,OK,
300,300,colbertv2,kmeans_k3,Curious is a women's fragrance by a singer born in what city and state?,5abaccd1554299660624161b,"[14248, 13075]","[14048, 14248, 25709, 7660, 25141]",0.5,0.5,0.7010582685470581,0.4928985834121704,qwen3.5-122b,"Based on the provided context, I cannot answer this question.

**Reasoning:**
*   **Document 2** states that ""Curious"" is a fragrance by **Britney Spears**.
*   However, none of the provided documents (Documents 1–5) contain information about **Britney Spears' birth city or state**.
*   The other documents mention the birthplaces of Emma Watkins (Sydney), Elena Shaddow (Chagrin Falls, Ohio), Mia Riddle (Ventura, California), and Cyndi Lauper (no birthplace listed, only birth date), but none of these are Britney Spears.",0.0,0.0,0.0,OK,
301,301,colbertv2,kmeans_k3,What award did the writer of Never Let Me Go novel win in 1989?,5abae3205542996cc5e49edc,"[4031, 2087]","[5493, 23499, 4031, 4674, 4599]",0.5,0.3333333333333333,0.6794757843017578,0.9312706589698792,qwen3.5-122b,"Based on the provided context, the writer of the novel *Never Let Me Go* is Kazuo Ishiguro. According to Document 3, he won the **Booker Prize** in 1989 for his novel *The Remains of the Day*.",0.0,0.0,0.0,OK,
302,302,colbertv2,kmeans_k3,White love was what number of single created by a record label est in 2008 by Kim Shi Dao?,5abafb6d5542992ccd8e7e92,"[16888, 12840]","[16888, 4487, 3917, 12840, 3637]",1.0,1.0,0.7164651155471802,0.48221975564956665,qwen3.5-122b,"Based on the provided context, ""White Love"" is the **second** collaboration single created by Starship Entertainment, a record label established in 2008 by Kim Shi Dae.

(Note: The context spells the founder's name as ""Kim Shi Dae,"" not ""Kim Shi Dao,"" but the details match the question.)",0.0,0.0,0.0,OK,
303,303,colbertv2,kmeans_k3,How many constituents does Greg Gianforte's district have?,5abb14a55542992ccd8e7f06,"[11988, 25940]","[15452, 7278, 11988, 11005, 25940]",1.0,0.3333333333333333,0.6325632333755493,0.7484097480773926,qwen3.5-122b,"Based on the provided context, Greg Gianforte represents Montana's at-large congressional district, which has just over 1 million constituents.",0.0,0.0,0.0,OK,
304,304,colbertv2,kmeans_k3,Harry Emerson Fosdick was called to serve as pastor at a church that opened its doors on what date?,5abb2f2f554299232ef4a3d7,"[25912, 1349]","[20694, 12431, 25912, 21630, 2552]",0.5,0.3333333333333333,0.6711775660514832,0.07077017426490784,qwen3.5-122b,I cannot answer this based on the provided context.,0.0,0.0,0.0,OK,
305,305,colbertv2,kmeans_k3,"The world's greatest Super-Heroes anthology showcased one of four superheroes known for speaking the phrase ""SHAZAM"", what was their name?",5abb342055429966062416e8,"[2617, 16362]","[25107, 16362, 2617, 7172, 14262]",1.0,0.5,0.6563408970832825,0.3335651457309723,qwen3.5-122b,"Based on the provided context, the superhero known for speaking the phrase ""SHAZAM"" is **Captain Marvel** (also known as Shazam).

Document 2 states that Captain Marvel is the alter ego of Billy Batson, who transforms by speaking the magic word ""SHAZAM."" Document 3 confirms that Captain Marvel was one of the four main characters (along with Superman, Batman, and Wonder Woman) featured in the ""The World's Greatest Super-Heroes"" anthology collection.",0.0,0.0,0.0,OK,
306,306,colbertv2,kmeans_k3,Jean-Paul Sartre or George Bernard Shaw  have more influence on turn of the century literature?,5abbb42555429931dba144af,"[3723, 1726]","[2591, 17501, 1726, 1492, 551]",0.5,0.3333333333333333,0.6990432739257812,0.0739765390753746,qwen3.5-122b,I cannot answer this based on the provided context.,0.0,0.0,0.0,OK,
307,307,colbertv2,kmeans_k3,"Which genus of plant grows originally in Mexico and Guatemala, Phylica or Weldenia?",5abbc4d255429931dba144fe,"[1787, 11876]","[7805, 1787, 11876, 8965, 21919]",1.0,0.5,0.6518809795379639,0.531614363193512,qwen3.5-122b,"Based on the provided context, **Weldenia** is the genus that grows originally in Mexico and Guatemala.

Document 3 states: ""Weldenia is a monotypic genus of flowering plant... It has one single species: Weldenia candida, which grows originally in Mexico and Guatemala.""

In contrast, Document 2 states that the genus *Phylica* is mostly restricted to South Africa.",0.0,0.0,0.0,OK,
308,308,colbertv2,kmeans_k3,Are Cardinal Health and Kansas City Southern located in the same state?,5abbd58d554299660624172f,"[205, 18601]","[18601, 338, 205, 22998, 15144]",1.0,1.0,0.6897013783454895,0.9939097166061401,qwen3.5-122b,"No, Cardinal Health and Kansas City Southern are not located in the same state.

- **Cardinal Health, Inc.** is based in **Dublin, Ohio** (Document 3).
- **Kansas City Southern (KCS)** is headquartered in **Kansas City, Missouri** (Document 1).

Therefore, they are located in different states: Ohio and Missouri, respectively.",0.0,0.0,0.0,OK,
309,309,colbertv2,kmeans_k3,"Which is larger, Garajonay National Park or Guadarrama National Park?",5abbdb195542993f40c73bf1,"[11172, 24782]","[11172, 10159, 21179, 24782, 16298]",1.0,1.0,0.6143139600753784,0.981753408908844,qwen3.5-122b,"Based on the provided context, **Sierra de Guadarrama National Park** is larger.

*   **Garajonay National Park** occupies **40 km²** (15 sq mi).
*   **Sierra de Guadarrama National Park** covers nearly **34,000 hectares**.

Since 34,000 hectares is equivalent to 340 km², Sierra de Guadarrama National Park is significantly larger than Garajonay National Park.",0.0,0.0,0.0,OK,
310,310,colbertv2,kmeans_k3,Who directed the 1971 film in which Pat Ashton starred in?,5abbdd6955429931dba145b5,"[16644, 6235]","[11779, 13252, 16644, 6235, 21074]",1.0,0.3333333333333333,0.670089602470398,0.011183277703821659,qwen3.5-122b,"Based on the provided context, Pat Ashton starred in the 1971 film ""On the Buses"" (Document 3). According to Document 4, ""On the Buses"" was directed by **Harry Booth**.",0.0,0.0,0.0,OK,
311,311,colbertv2,kmeans_k3,Rolls-Royce Welland's name is taken from this river that is low long,5abbe4c0554299642a094bc0,"[3379, 2969]","[2313, 3057, 3379, 16539, 20599]",0.5,0.3333333333333333,0.7109094858169556,0.958736777305603,qwen3.5-122b,"I cannot answer this based on the provided context.

The provided text states that the Rolls-Royce RB.23 Welland's name is taken from the River Welland, but it does not mention the length of the River Welland.",0.0,0.0,0.0,OK,
312,312,colbertv2,kmeans_k3,Are both Viken Babikian and Don Manoukian American ?,5abbf8bc5542993f40c73c35,"[23897, 18284]","[17343, 18887, 23897, 7560, 23211]",0.5,0.3333333333333333,0.6456981897354126,0.05402888357639313,qwen3.5-122b,I cannot answer this based on the provided context.,0.0,0.0,0.0,OK,
313,313,colbertv2,kmeans_k3,Are Wake Forest University and Pennsylvania State University both located in the US?,5abc081e5542993f40c73c54,"[8163, 1172]","[10040, 7567, 8163, 7131, 3247]",0.5,0.3333333333333333,0.6605402827262878,0.008924615569412708,qwen3.5-122b,"Yes, Wake Forest University is located in the US. According to Document 3, it is in Winston-Salem, North Carolina. However, the provided context does not contain any information about Pennsylvania State University, so I cannot confirm its location based on the text.",0.0,0.0,0.0,OK,
314,314,colbertv2,kmeans_k3,"Which Argentine telenovela broadcast by Telefe from March 12 to December 19, 2012 starred Isabel Macedo as Jimena Benitez?",5abc5951554299114383a116,"[18916, 14305]","[14931, 18662, 18916, 8400, 10827]",0.5,0.3333333333333333,0.5332702994346619,0.999893307685852,qwen3.5-122b,"Based on the provided context, the Argentine telenovela featuring the character Patricia Longo (also known as Jimena Benitez), played by Isabel Macedo, is **""Graduados""** (Document 3).

However, the provided text does not contain information regarding the specific broadcast dates (March 12 to December 19, 2012) or the network (Telefe) for this telenovela. Therefore, while the character and actress match, I cannot confirm the broadcast details based **only** on the provided context.

**Answer:** I cannot answer this based on the provided context. (Note: The context identifies the show as ""Graduados"" with the correct character and actress, but lacks the specific broadcast dates and network information requested).",0.0,0.0,0.0,OK,
315,315,colbertv2,kmeans_k3,"Which movie was released first, Return to Oz or Midnight Madness?",5abc5955554299114383a118,"[23385, 7388]","[7388, 25874, 23385, 11125, 12769]",1.0,1.0,0.6639127731323242,0.9724096655845642,qwen3.5-122b,"Based on the provided context, **Midnight Madness** was released first.

*   **Midnight Madness** is described in Document 1 as a **1980** American comedy film.
*   **Return to Oz** is described in Document 3 as a **1985** fantasy adventure film.

Since 1980 comes before 1985, Midnight Madness was released first.",0.0,0.0,0.0,OK,
316,316,colbertv2,kmeans_k3,Matthew Butturini was born in a town on the Tweed River how many km north-east of Sydney?,5abc8d00554299700f9d78fd,"[13650, 25718]","[25718, 6602, 13650, 170, 8854]",1.0,1.0,0.6613575220108032,0.5965694189071655,qwen3.5-122b,"Based on the provided context, Matthew Butturini was born in Murwillumbah (Document 3). Document 1 states that Murwillumbah is a town on the Tweed River located **848 km** north-east of Sydney.

Answer: 848 km",0.0,0.0,0.0,OK,
317,317,colbertv2,kmeans_k3,"Soundcloud rap has been used by which rapper from Lauderhill, Florida?",5abce43855429959677d6b18,"[23066, 22127]","[20005, 7644, 22127, 25973, 14167]",0.5,0.3333333333333333,0.7224663496017456,0.03244182839989662,qwen3.5-122b,I cannot answer this based on the provided context.,0.0,0.0,0.0,OK,
318,318,colbertv2,kmeans_k3,"The composer for the music in the film ""A Clockwork Orange"" was born in which state?",5abcf46255429959677d6b6b,"[10937, 13226]","[409, 13226, 10937, 16721, 18542]",1.0,0.5,0.7032203078269958,0.6844869256019592,qwen3.5-122b,"Based on the provided context, the composer for the music in the film ""A Clockwork Orange"" is Wendy Carlos (then Walter Carlos). According to Document 2, she was born and raised in **Rhode Island**.",0.0,0.0,0.0,OK,
319,319,colbertv2,kmeans_k3,Carlos Hasselbaink is the older brother of the footballer of what nationality?,5abcf51c554299700f9d7949,"[3825, 23157]","[3825, 23525, 13999, 23157, 993]",1.0,1.0,0.6194379329681396,0.8948826789855957,qwen3.5-122b,"Based on the provided context, Carlos Hasselbaink is the older brother of Jimmy Floyd Hasselbaink, who is described as a **Dutch** former professional footballer.

Answer: Dutch",0.0,0.0,0.0,OK,
320,320,colbertv2,kmeans_k3,"Archie Norman will succeed Robert Swannell as chairman of what British multinational retailer that is headquartered in the city of Westminster, London?",5abd0553554299700f9d7963,"[16997, 3212]","[16997, 12765, 18094, 13653, 24936]",0.5,1.0,0.6356592774391174,0.6353858113288879,qwen3.5-122b,"Based on the provided context, Archie Norman (Archibald John Norman) will succeed Robert Swannell as chairman of **Marks & Spencer**.

Document 1 states: ""He will succeed Robert Swannell as chairman of Marks & Spencer in September 2017."" While the document does not explicitly mention that Marks & Spencer is headquartered in Westminster, it is the only British multinational retailer mentioned in the context associated with this succession.",0.0,0.0,0.0,OK,
321,321,colbertv2,kmeans_k3,Are Muzzle and Screaming Trees both alternative rock bands?,5abd0eae5542996e802b46d4,"[826, 5214]","[18679, 5214, 2106, 4834, 826]",1.0,0.5,0.6573401689529419,0.9994887709617615,qwen3.5-122b,"Based on the provided context, Muzzle is explicitly described as an ""alternative rock band"" in Document 5. However, Document 2 describes Screaming Trees as an ""American rock band"" that is ""widely associated with grunge"" and incorporates ""hard rock and psychedelic elements,"" but it does not explicitly label them as an ""alternative rock band.""

Therefore, while the context confirms Muzzle is an alternative rock band, it does not explicitly state that Screaming Trees is one.

**Answer:** The provided context confirms that Muzzle is an alternative rock band, but it describes Screaming Trees as an American rock band associated with grunge, hard rock, and psychedelic elements without explicitly labeling them as an alternative rock band.",0.0,0.0,0.0,OK,
322,322,colbertv2,kmeans_k3,What is Peter Daou's website's slogan?,5abd6be55542993062266c89,"[8639, 23051]","[21079, 21948, 23051, 13130, 13535]",0.5,0.3333333333333333,0.709226131439209,0.9846845865249634,qwen3.5-122b,"Based on the provided context, Peter Daou's website's slogan is ""media for the 65.8 million.""",0.0,0.0,0.0,OK,
323,323,colbertv2,kmeans_k3,Were both Eugene Dynkin and Vladimir Voevodsky mathematicians from Russia?,5abd7aba55429924427fcfed,"[2170, 224]","[2170, 1706, 224, 23807, 12178]",1.0,1.0,0.6529614925384521,0.9932531714439392,qwen3.5-122b,"Yes, both Eugene Dynkin and Vladimir Voevodsky were mathematicians from Russia.

- **Eugene Dynkin** is described in Document 1 as a ""Soviet and American mathematician"" who was born in Russia (implied by his Russian name and Soviet origin).
- **Vladimir Voevodsky** is explicitly described in Document 3 as a ""Russian mathematician.""

Therefore, both were mathematicians with Russian origins.",0.0,0.0,0.0,OK,
324,324,colbertv2,kmeans_k3,"What village in Nassau County, New York with a name meaning ""a pleasant place"" is represented by Kathleen Rice in the United States House of Representatives?",5abd8ee05542993062266cc8,"[21639, 24844]","[6628, 24283, 21639, 18617, 24652]",0.5,0.3333333333333333,0.6291829943656921,0.24812492728233337,qwen3.5-122b,I cannot answer this based on the provided context.,0.0,0.0,0.0,OK,
325,325,colbertv2,kmeans_k3,A private university that beat Georgetown during a basketball tournament is from what U.S. city?,5abd93115542996e802b47e0,"[4002, 7214]","[10451, 10761, 4002, 4858, 23784]",0.5,0.3333333333333333,0.6874591708183289,0.9985348582267761,qwen3.5-122b,"Based on the provided context, I cannot answer this question.

**Reasoning:**
*   **Document 3** states that **Life University** (from Georgia) defeated Georgetown in the 63rd NAIA Men's Division I Basketball Tournament. However, the document does not specify whether Life University is a private or public institution, nor does it mention the specific U.S. city where Life University is located (only the state ""Ga."").
*   **Document 5** mentions **Columbia University** is a private university in **New York City**, but the text does not state that Columbia University beat Georgetown in a basketball tournament.
*   **Document 2** mentions Princeton University (a private Ivy League university) but does not mention them playing or beating Georgetown.

Therefore, the provided text does not contain enough information to identify a private university that beat Georgetown and its specific city.",0.0,0.0,0.0,OK,
326,326,colbertv2,kmeans_k3,When was the former IBF World title holder born?,5abde7ba5542991f6610609e,"[12654, 9705]","[18440, 9927, 13797, 1622, 25489]",0.0,0.0,0.6537984013557434,0.9992963075637817,qwen3.5-122b,"Based on the provided context, the former IBF World title holder is Andre Michael Berto, who held the IBF title between 2008 and 2011. He was born on **September 7, 1983**.",0.0,0.0,0.0,OK,
327,327,colbertv2,kmeans_k3,In Ancient Egyptian religion how would a citizen be weighted to decide if they where worthy of damnation and would face the torment in the lake of fire ?,5abdf06355429976d4830a2d,"[2121, 159]","[20776, 2121, 7549, 24465, 159]",1.0,0.5,0.7762359380722046,0.9997137188911438,qwen3.5-122b,"Based on the provided context, in Ancient Egyptian religious tradition, a citizen's heart was weighed against the feather of truth. If the citizen's heart was heavier than a feather, they would face torment in a lake of fire. This process involved the citizen reciting the 42 negative confessions of Maat.",0.0,0.0,0.0,OK,
328,328,colbertv2,kmeans_k3,What is the population of the city as of the 2010 Census where the band Quincy Mumford & The Reason Why is based?,5abdf7055542993f32c2a06c,"[14194, 1496]","[14194, 678, 1051, 24673, 25958]",0.5,1.0,0.7146321535110474,0.06123887747526169,qwen3.5-122b,I cannot answer this based on the provided context.,0.0,0.0,0.0,OK,
329,329,colbertv2,kmeans_k3,At what theater is the composer and lyricist for the musical Big Fish a residential artist?,5abdff775542993f32c2a082,"[16335, 613]","[10847, 23483, 16335, 9440, 12147]",0.5,0.3333333333333333,0.687511146068573,0.025556033477187157,qwen3.5-122b,I cannot answer this based on the provided context.,0.0,0.0,0.0,OK,
330,330,colbertv2,kmeans_k3,"In the Morpeth Arms pub in London, there's a Spying Room with a view overlooking the headquarters of which organisation?",5abe64bf55429976d4830b13,"[19930, 2308]","[21836, 4809, 19930, 15489, 12655]",0.5,0.3333333333333333,0.6223136186599731,0.999527633190155,qwen3.5-122b,"Based on the provided context, the Spying Room in the Morpeth Arms pub overlooks the headquarters of the **Secret Intelligence Service**.",0.0,0.0,0.0,OK,
331,331,colbertv2,kmeans_k3,"Which university did one of the key figures in the American documentary film, released in 2015, directed by Malcolm Ingram, pay for, before being drafted 18th overall pick for the New Jersey Nets?",5abe65e25542993f32c2a101,"[18826, 6731]","[734, 18826, 6731, 9453, 20042]",1.0,0.5,0.7443364858627319,0.45210227370262146,qwen3.5-122b,"Based on the provided context, the American documentary film released in 2015 and directed by Malcolm Ingram is *Out to Win* (Document 2). One of the key figures mentioned in this film is Jason Collins.

According to Document 3, Jason Collins played college basketball for **Stanford University** before being drafted 18th overall in the 2001 NBA draft.

*Note: The context states he was drafted by the Houston Rockets, not the New Jersey Nets, though he later played for the Nets. The university he attended is Stanford University.*

Answer: Stanford University",0.0,0.0,0.0,OK,
332,332,colbertv2,kmeans_k3,Mesih Pasha's uncle became emperor in what year?,5abe79c755429976d4830b2a,"[10700, 23898]","[24492, 2904, 10700, 19913, 20689]",0.5,0.3333333333333333,0.6323928236961365,0.492174357175827,qwen3.5-122b,"Based on the provided context, I cannot answer this question.

Document 3 states that Mesih Pasha was a nephew of the last Byzantine emperor, Constantine XI Palaiologos, but it does not mention the year Constantine XI became emperor.",0.0,0.0,0.0,OK,
333,333,colbertv2,kmeans_k3,Millennium Greens were funded in part by a what type of lottery?,5abe87cb5542993f32c2a156,"[18446, 5511]","[17210, 18446, 1244, 21028, 16453]",0.5,0.5,0.7421204447746277,0.9947329163551331,qwen3.5-122b,"Based on the provided context, Millennium Greens were funded in part by the **National Lottery**.",0.0,0.0,0.0,OK,
334,334,colbertv2,kmeans_k3,Lake Wales Ridge National Wildlife Refuge is on the US route that runs between a city in what Florida county?,5abecdf45542997719eab5d4,"[23487, 508]","[14053, 450, 23487, 23652, 12597]",0.5,0.3333333333333333,0.6621218919754028,0.5360522866249084,qwen3.5-122b,"Based on the provided context, the Lake Wales Ridge National Wildlife Refuge is located east of US 27 between Davenport and Sebring, Florida. However, the documents do not specify which Florida counties Davenport and Sebring are located in.

I cannot answer this based on the provided context.",0.0,0.0,0.0,OK,
335,335,colbertv2,kmeans_k3,Are Tantrix and Personal Preference both types of games?,5abed4d55542990832d3a0e0,"[24203, 11189]","[2557, 7542, 24203, 2837, 18168]",0.5,0.3333333333333333,0.6990828514099121,0.0629008486866951,qwen3.5-122b,I cannot answer this based on the provided context.,0.0,0.0,0.0,OK,
336,336,colbertv2,kmeans_k3,The 1966 Football League Cup Final was contested with which team that is based in the West Midlands?,5abee69c5542993fe9a41d8b,"[722, 13134]","[19472, 12010, 722, 14705, 6516]",0.5,0.3333333333333333,0.6049422025680542,0.9517213106155396,qwen3.5-122b,"Based on the provided context, the 1966 Football League Cup Final was contested between **West Bromwich Albion** and West Ham United.

Document 3 states that the final was contested between these two teams. While the provided text does not explicitly state that West Bromwich Albion is based in the West Midlands, it is the only team mentioned in that document that fits the description of being a major club from that region (West Bromwich is located in the West Midlands), whereas West Ham United is based in London. However, strictly adhering to the constraint of using *only* the provided context, the text identifies **West Bromwich Albion** as one of the two contestants.

*Note: The provided context does not explicitly confirm the location of West Bromwich Albion as the West Midlands, but it is the only team listed in Document 3 that is historically associated with that region, while the other team, West Ham United, is not.*

**Answer:** West Bromwich Albion",0.0,0.0,0.0,OK,
337,337,colbertv2,kmeans_k3,The evil clown is a subversion of the traditional comic clown character with the modern archetype popularised by a book that follows the experiences of how many children?,5abef8fd5542990832d3a111,"[18683, 9854]","[12211, 8032, 18683, 23268, 22688]",0.5,0.3333333333333333,0.7089048027992249,0.22857752442359924,qwen3.5-122b,"Based on the provided context, I cannot answer this question.

While Document 3 states that the modern archetype of the evil clown was popularized by Stephen King's 1986 novel ""It,"" the provided text does not mention how many children follow the experiences in that book.",0.0,0.0,0.0,OK,
338,338,colbertv2,kmeans_k3,What empire was Aleksei Gen born into?,5abf8ae85542990832d3a14b,"[15809, 9132]","[24492, 15087, 7586, 23420, 22097]",0.0,0.0,0.7100481390953064,0.05714309960603714,qwen3.5-122b,I cannot answer this based on the provided context.,0.0,0.0,0.0,OK,
339,339,colbertv2,kmeans_k3,"When ""Good Night"" was aired on ""The Simpsons 138th Epsiode Spectacular,"" which actress did the voice of the character named after Matt Groening's mother?",5abfd5c45542994516f4550e,"[11132, 25916]","[3761, 25085, 11132, 13737, 7326]",0.5,0.3333333333333333,0.7717366218566895,0.9197009205818176,qwen3.5-122b,"I cannot answer this based on the provided context.

The provided text states that the character Marge Simpson (named after Matt Groening's mother) was voiced by Julie Kavner and first appeared in ""The Tracey Ullman Show"" short ""Good Night"" on April 19, 1987. However, the context does not mention an episode titled ""The Simpsons 138th Episode Spectacular,"" nor does it specify which actress voiced the character during that specific broadcast.",0.0,0.0,0.0,OK,
340,340,colbertv2,kmeans_k3,What is the middle name of the actor who hosted the24th People's Choice Awards with  Reba McEntire ?,5abffa095542990832d3a1de,"[11679, 7514]","[7847, 11679, 4050, 13902, 5329]",0.5,0.5,0.588250994682312,0.137994185090065,qwen3.5-122b,I cannot answer this based on the provided context.,0.0,0.0,0.0,OK,
341,341,colbertv2,kmeans_k3,What date was the person born that Samuel Flores Borrego was the right hand man of?,5ac00584554299012d1db575,"[13432, 5900]","[24246, 13432, 22971, 23667, 19248]",0.5,0.5,0.6615158319473267,0.7683246731758118,qwen3.5-122b,"Based on the provided context, Samuel Flores Borrego was the right-hand man of **Jorge Eduardo Costilla Sánchez**. However, the text does not contain information regarding Jorge Eduardo Costilla Sánchez's birth date.

Therefore, I cannot answer this based on the provided context.",0.0,0.0,0.0,OK,
342,342,colbertv2,kmeans_k3,"Which actress, who debuted in Friday Night Lights also starred in The River Why?",5ac027005542996f0d89cb3d,"[5019, 395]","[10379, 17732, 395, 18119, 6823]",0.5,0.3333333333333333,0.6889600157737732,0.15769442915916443,qwen3.5-122b,I cannot answer this based on the provided context.,0.0,0.0,0.0,OK,
343,343,colbertv2,kmeans_k3,In which Navy was the single-engine BAE Systems Hawk operated?,5ac04a265542997d642959f1,"[2528, 12046]","[4067, 15119, 12046, 9508, 2528]",1.0,0.3333333333333333,0.6293982267379761,0.7187283635139465,qwen3.5-122b,"Based on the provided context, the single-engine BAE Systems Hawk was operated by the **Royal Navy** (specifically by its Fleet Air Arm).

Document 3 identifies the BAE Systems Hawk as a ""British single-engine, jet-powered advanced trainer aircraft."" Document 5 states that the Fleet Requirements and Air Direction Unit (FRADU), a unit of the **Royal Navy's Fleet Air Arm**, was equipped with BAE Systems Hawk T1 aircraft.",0.0,0.0,0.0,OK,
344,344,colbertv2,kmeans_k3,Ambrose Mendy has managed and/or advised a British professional boxer that as of July 2017 is ranked the world's seventh best super middleweight by who?,5ac056385542997d64295a08,"[5327, 4250]","[14090, 18264, 4250, 20977, 17028]",0.5,0.3333333333333333,0.7142643928527832,0.9987307786941528,qwen3.5-122b,"Based on the provided context, the British professional boxer ranked as the world's seventh best super middleweight by ""The Ring"" magazine as of July 2017 is **Chris Eubank Jr.**

However, the provided documents do not contain any information regarding **Ambrose Mendy** or his management/advisory role with Chris Eubank Jr. Therefore, I cannot answer the part of the question regarding who Ambrose Mendy has managed or advised based on the provided context.

**Answer:** I cannot answer this based on the provided context.",0.0,0.0,0.0,OK,
345,345,colbertv2,kmeans_k3,"What genre did the writer whose novel was based on ""I'll Take Manhattan"" writes?",5ac0a18a5542992a796ded41,"[21629, 24273]","[5814, 21629, 15011, 11396, 9160]",0.5,0.5,0.7212513089179993,0.2616017758846283,qwen3.5-122b,"Based on the provided context, the novel *I'll Take Manhattan* was written by **Judith Krantz** (Document 2). However, the provided documents do not contain any information about the genre of books written by Judith Krantz.

I cannot answer this based on the provided context.",0.0,0.0,0.0,OK,
346,346,colbertv2,kmeans_k3,At what university is the organic chemist who headed the group that designed the nanocar a professor?,5ac160af5542994d76dccdfa,"[11360, 4535]","[17530, 11360, 2148, 21058, 4535]",1.0,0.5,0.5973283052444458,0.9918026328086853,qwen3.5-122b,"Based on the provided context, the organic chemist who headed the group that designed the nanocar is Professor James Tour. He is a professor at **Rice University**.

(Document 2 states the nanocar was designed by a group headed by Professor James Tour at Rice University, and Document 5 confirms James M. Tour is a synthetic organic chemist and a professor at Rice University.)",0.0,0.0,0.0,OK,
347,347,colbertv2,kmeans_k3,What was the alternate slang name for the World War I era grenade that the egg grenade was less awkward than to handle?,5ac1725c5542994d76dcce2c,"[17932, 18966]","[6949, 23266, 17932, 7366, 18966]",1.0,0.3333333333333333,0.728848934173584,0.480864942073822,qwen3.5-122b,"Based on the provided context, the ""egg grenade"" (Model 17 Eierhandgranate) was described as ""less awkward to handle than the Stick grenade."" Document 5 states that the Stielhandgranate, or ""stick grenade,"" was called a **""potato masher""** in British Army slang.

Answer: potato masher",0.0,0.0,0.0,OK,
348,348,colbertv2,kmeans_k3,"What was the official religion of the lands of the husband of Dorothea of Denmark, Duchess of Prussia?",5ac194db55429964131be23a,"[10253, 3048]","[24545, 3111, 10253, 11647, 17501]",0.5,0.3333333333333333,0.6302064657211304,0.9371623992919922,qwen3.5-122b,"Based on the provided context, I cannot answer this question.

While Document 3 identifies Dorothea of Denmark's husband as ""Duke Albert, Duke of Prussia,"" none of the documents specify the official religion of the lands ruled by Duke Albert. Document 2 mentions a ""German Lutheran minister"" (Theodor Fliedner) and Document 5 mentions ""Danish philosopher"" Søren Kierkegaard, but neither provides information regarding the state religion of Prussia during Duke Albert's time.",0.0,0.0,0.0,OK,
349,349,colbertv2,kmeans_k3,What was the nationality of Bernhard Heiden's teacher?,5ac1c7605542994ab5c67e14,"[22644, 24941]","[14016, 17442, 22644, 15352, 11464]",0.5,0.3333333333333333,0.6029933094978333,0.7201961874961853,qwen3.5-122b,"Based on the provided context, Bernhard Heiden studied under and was heavily influenced by **Paul Hindemith**. However, the text does not state Paul Hindemith's nationality.

Therefore, I cannot answer this based on the provided context.",0.0,0.0,0.0,OK,
350,350,colbertv2,kmeans_k3,"What year was a joint venture between RLJ Companies and this film studio founded in 2005, founded?",5ac240ef55429951e9e684ef,"[623, 4913]","[5816, 2897, 623, 24960, 4913]",1.0,0.3333333333333333,0.6284756660461426,0.30161017179489136,qwen3.5-122b,"Based on the provided context, the film studio founded in 2005 is **The Weinstein Company** (Document 5). According to Document 3, the joint venture between RLJ Companies and The Weinstein Company, known as **Our Stories Films**, was founded on **July 13, 2006**.

Answer: 2006",0.0,0.0,0.0,OK,
351,351,colbertv2,kmeans_k3,"Which Oxford University graduate did Midge Mackenzie interview in ""Women Talking""?",5ac24cea55429951e9e6853a,"[9575, 23693]","[9575, 23693, 19290, 7399, 18365]",1.0,1.0,0.6642008423805237,0.8931676745414734,qwen3.5-122b,"Based on the provided context, I cannot answer this question.

While Document 1 states that Midge Mackenzie interviewed ""Kate Millett"" (Katherine Murray Millett) in the documentary ""Women Talking,"" and Document 2 states that Katherine Murray Millett attended Oxford University, the provided text does not explicitly confirm that the specific Kate Millett interviewed by Midge Mackenzie is the same person who graduated from Oxford University. The documents list them as separate entities without a direct link confirming the interviewee's graduation status within the text provided.

*(Self-correction: Actually, looking closer at the prompt's constraint ""Answer the question based ONLY on the provided context,"" I must strictly verify if the text links the interviewee to the degree. Document 1 says she interviewed ""Kate Millett"". Document 2 says ""Katherine Murray Millett"" attended Oxford. The text does not explicitly state ""Kate Millett"" is ""Katherine Murray Millett"" or that the interviewee graduated. Therefore, strictly based on the provided text, the link is an inference, not a stated fact. However, in standard reading comprehension tasks, ""Kate Millett"" and ""Katherine Murray Millett"" are treated as the same person. Let's re-evaluate the strictness. If I assume they are the same person, the answer is Kate Millett. If I am strictly literal, I cannot confirm. Usually, these tasks expect the user to connect the common name. But the prompt says ""ONLY on the provided context"". The context does not explicitly state ""Kate Millett is Katherine Murray Millett"". It lists them in separate documents.

Let's look at the phrasing again.
Doc 1: ""...interviews of Kate Millett...""
Doc 2: ""Katherine Murray Millett... attended Oxford University...""

Is it safe to assume they are the same? Yes, ""Kate"" is a common nickname for ""Katherine"". But does the text *say* it? No.
However, usually, in these RAG (Retrieval-Augmented Generation) tasks, if the names match and the context describes the same famous figure, it is considered answerable.
Let's try to answer based on the strong implication.
The question asks ""Which Oxford University graduate..."".
The text identifies Kate Millett as an interviewee.
The text identifies Katherine Murray Millett as an Oxford graduate.
The text does not explicitly link them.
If I say ""Kate Millett"", I",0.0,0.0,0.0,OK,
352,352,colbertv2,kmeans_k3,Who is the film dedicated to that Paramount Classics and MTV Films co-purchased the rights to?,5ac26ac15542992f1f2b38bc,"[15795, 20033]","[15795, 17660, 21751, 7535, 17181]",0.5,1.0,0.7298029661178589,0.8618062734603882,qwen3.5-122b,"Based on the provided context, the film that Paramount Classics and MTV Films co-purchased the rights to is **""Hustle & Flow""**.

The text states: ""...although both co-purchased the rights to 'Hustle & Flow' in 2005."" However, the provided documents do not contain information regarding who the film is dedicated to.

Therefore, I cannot answer this based on the provided context.",0.0,0.0,0.0,OK,
353,353,colbertv2,kmeans_k3,What facility is shared by RAAF Base Williamtown and Newcastle Airport in New South Wales?,5ac290e85542992f1f2b3916,"[3944, 15788]","[5788, 8887, 3944, 7023, 18219]",0.5,0.3333333333333333,0.6218703389167786,0.9927745461463928,qwen3.5-122b,"Based on the provided context, RAAF Base Williamtown and Newcastle Airport share **runway facilities**.

This is stated in Document 3: ""The military base shares its runway facilities with Newcastle Airport.""",0.0,0.0,0.0,OK,
354,354,colbertv2,kmeans_k3,This sister company  of Líneas Aéreas Privadas Argentinas is most commonly known by its shortened name Austral?,5ac298805542990b17b15429,"[15259, 6103]","[25292, 4817, 6103, 1655, 13963]",0.5,0.3333333333333333,0.6647096872329712,0.7178213000297546,qwen3.5-122b,"I cannot answer this based on the provided context.

The provided text states that Austral Líneas Aéreas (commonly known as Austral) is the sister company of **Aerolíneas Argentinas**, not ""Líneas Aéreas Privadas Argentinas.""",0.0,0.0,0.0,OK,
355,355,colbertv2,kmeans_k3,Which band My Darkest Days or Human Drama had only one constant member?,5ac29da5554299218029dac3,"[10229, 193]","[5827, 193, 18303, 16259, 10229]",1.0,0.5,0.7544398903846741,0.09202472865581512,qwen3.5-122b,"Based on the provided context, **Human Drama** is the band that had only one constant member.

*   **Document 2** states regarding Human Drama: ""With Indovina the only constant member...""
*   **Document 5** lists four members for My Darkest Days (Matt Walst, Brendan McMillan, Doug Oliver, and Reid Henry) but does not state that only one was a constant member.",0.0,0.0,0.0,OK,
356,356,colbertv2,kmeans_k3,Choi Jun-hong  is best known as a member of a group formed in which year ?,5ac2ca84554299218029db55,"[13471, 13401]","[18950, 18958, 13471, 24506, 8492]",0.5,0.3333333333333333,0.6592229604721069,0.9883591532707214,qwen3.5-122b,"I cannot answer this based on the provided context.

The provided text states that Choi Jun-hong (Zelo) is best known as a member of the South Korean boy group B.A.P and that he made his recording debut in November 2011. However, it does not specify the year the group B.A.P was formed.",0.0,0.0,0.0,OK,
357,357,colbertv2,kmeans_k3,Where are Neoregelia and Aloysia known to grow,5ac2cdaa554299657fa29070,"[18186, 1723]","[1803, 13963, 18186, 14582, 3413]",0.5,0.3333333333333333,0.643814206123352,0.05008849874138832,qwen3.5-122b,I cannot answer this based on the provided context.,0.0,0.0,0.0,OK,
358,358,colbertv2,kmeans_k3,"Which film featured Rosalind Cash prior to the release of ""Sister, Sister""?",5ac2d9f65542996773102631,"[7447, 25009]","[19180, 25009, 7447, 24355, 13394]",1.0,0.5,0.6822810173034668,0.4045073986053467,qwen3.5-122b,"Based on the provided context, the film that featured Rosalind Cash prior to the release of ""Sister, Sister"" (1982) is **""The Omega Man""** (1971).

Document 2 states that Rosalind Cash's best-known film role was in the 1971 science fiction film ""The Omega Man,"" and Document 3 confirms ""Sister, Sister"" was released in 1982.",0.0,0.0,0.0,OK,
359,359,colbertv2,kmeans_k3,"Name the movie that was cowritten by Paul Rudd and the director of the 2011 British science fiction horror comedy film written and directed by Joe Cornish and starring John Boyega, Nick Frost, Jodie Whittaker and Luke Treadaway.",5ac2eaab5542990b17b154a4,"[4146, 11226]","[17374, 11226, 11441, 7781, 17423]",0.5,0.5,0.7207858562469482,0.28598520159721375,qwen3.5-122b,I cannot answer this based on the provided context.,0.0,0.0,0.0,OK,
360,360,colbertv2,kmeans_k3,"Operalia, The World Opera Competition helped launch the career of an operatic soprano of what nationality?",5ac3090d5542990b17b154fc,"[7044, 6342]","[7626, 24719, 7044, 11980, 3742]",0.5,0.3333333333333333,0.6589491367340088,0.9577314257621765,qwen3.5-122b,"Based on the provided context, **Document 3** states that Operalia helped launch the careers of several artists, including **Joyce DiDonato** and **Elizabeth Futral**, who are operatic sopranos. However, the text **does not specify the nationality** of any of the artists listed (Joseph Calleja, Giuseppe Filianoti, Rolando Villazón, José Cura, Joyce DiDonato, Elizabeth Futral, Inva Mula, Ana María Martínez, or Sonya Yoncheva).

Therefore, I cannot answer this based on the provided context.",0.0,0.0,0.0,OK,
361,361,colbertv2,kmeans_k3,Where is the stadium at which 1964 Georgia Tech Yellow Jackets football team played their home game located?,5ac32b565542995ef918c154,"[22624, 25606]","[25606, 14849, 22624, 14724, 8883]",1.0,1.0,0.6518511176109314,0.9567700624465942,qwen3.5-122b,"Based on the provided context, the 1964 Georgia Tech Yellow Jackets football team played their home games at Grant Field, which is located in **Atlanta, Georgia**.

This is supported by Document 3, which states the team ""played their home games at Grant Field in Atlanta, Georgia,"" and Document 1, which confirms that Bobby Dodd Stadium at Historic Grant Field is located ""on the campus of the Georgia Institute of Technology in Atlanta.""",0.0,0.0,0.0,OK,
362,362,colbertv2,kmeans_k3,what language did the ethnic group which Torstein Ellingsen was its drumer  speaks,5ac35a7e554299741d48a257,"[18692, 24078]","[7739, 2630, 18692, 19912, 11423]",0.5,0.3333333333333333,0.6755127310752869,0.06716222316026688,qwen3.5-122b,I cannot answer this based on the provided context.,0.0,0.0,0.0,OK,
363,363,colbertv2,kmeans_k3,"Prior to playing for Michigan State, Keith Nichol played football for a school located in what city?",5ac397fe554299218029dbe2,"[9026, 25838]","[21352, 9026, 595, 21280, 19822]",0.5,0.5,0.5691109895706177,0.8389303088188171,qwen3.5-122b,"Based on the provided context, I cannot answer this based on the provided context.

Document 2 states that Keith Nichol played for the Oklahoma Sooners before Michigan State, but it does not specify the city where the Oklahoma Sooners are located.",0.0,0.0,0.0,OK,
364,364,colbertv2,kmeans_k3,"Who released the song ""With or Without You"" first, Jai McDowall or U2?",5ac3a76e554299741d48a2be,"[12942, 7741]","[10528, 5962, 12942, 4445, 7741]",1.0,0.3333333333333333,0.6852582693099976,0.003149844240397215,qwen3.5-122b,"U2 released the song ""With or Without You"" first. According to Document 5, U2 released the song as a single on March 16, 1987. Document 3 mentions that Jai McDowall released a promotional single with the same title from his album released on December 9, 2011.",0.0,0.0,0.0,OK,
365,365,colbertv2,kmeans_k3,Whitford Lodge once held a branch of the bank that later became which national bank?,5ac3b4cc554299741d48a2eb,"[15790, 24702]","[15790, 9837, 21587, 4898, 1352]",0.5,1.0,0.654147744178772,0.9976761937141418,qwen3.5-122b,"Based on the provided context, the Whitford Lodge once housed a branch of the Hudson United Bank, which became **TD Bank**.",0.0,0.0,0.0,OK,
366,366,colbertv2,kmeans_k3,SLS station was designed to allow access to the area of Las Vegas that includes a hotel and casino in what other town?,5ac3c0495542995ef918c215,"[399, 4425]","[399, 19793, 24111, 24289, 12225]",0.5,1.0,0.6717765927314758,0.996587872505188,qwen3.5-122b,"Based on the provided context, I cannot answer this based on the provided context.

**Reasoning:**
Document 1 states that the tracks north of the SLS (Sahara) station were designed to provide access to a possible downtown extension via the northern portion of the Las Vegas Strip, specifically mentioning the area of ""Circus Circus Las Vegas and the Riviera."" However, the document does not mention any other **town** where these hotels and casinos are located; it only refers to the ""Las Vegas Strip"" and ""Las Vegas, Nevada."" Document 4 mentions ""Paradise, Nevada"" in relation to the Tropicana Las Vegas, but it does not link the SLS station's design plans to Paradise or any other specific town other than Las Vegas. Therefore, the specific ""other town"" requested in the question is not identified in the text.",0.0,0.0,0.0,OK,
367,367,colbertv2,kmeans_k3,"The court in which the most important decisions of the ""Black Book of the Admiralty"" where established under a monarch who was also known as the what of Scots?",5ac3c1805542995ef918c21f,"[650, 19296]","[18132, 2876, 650, 5465, 15260]",0.5,0.3333333333333333,0.6500800848007202,0.9283841252326965,qwen3.5-122b,"Based on the provided context, I cannot answer this question.

**Reasoning:**
*   **Document 3** states that the ""Black Book of the Admiralty"" contains decisions of the **High Court of Admiralty**. It mentions two possible dates for the establishment of this court: during the reign of **Edward I** (1272–1307) or c. 1360 during the reign of **Edward III**.
*   **Document 2** discusses **James III**, who was the **King of Scots** from 1460 to 1488.
*   The context does not state that Edward I or Edward III was known as the ""King of Scots"" (they were Kings of England), nor does it link the establishment of the High Court of Admiralty to James III or any other monarch specifically titled ""King of Scots"" in the provided text. Therefore, the specific title requested cannot be derived from the documents.",0.0,0.0,0.0,OK,
368,368,colbertv2,kmeans_k3,The Feminine Touch is a drama film starring which English actress?,5ac3d7f8554299076e296cb0,"[11779, 7099]","[53, 18928, 11779, 25665, 14622]",0.5,0.3333333333333333,0.6803292036056519,0.9908874034881592,qwen3.5-122b,"Based on the provided context, I cannot answer this based on the provided context.

**Reasoning:**
Document 3 states that *The Feminine Touch* is a 1956 British drama film starring George Baker, Belinda Lee, and Delphi Lawrence. However, the text does not specify the nationality of these actors (i.e., whether they are English). While Document 1 and Document 4 identify Juno Temple and Keeley Hawes as English actresses, neither of them is listed as a star in *The Feminine Touch* in the provided text. Therefore, the specific information regarding which of the stars is an English actress is not contained in the context.",0.0,0.0,0.0,OK,
369,369,colbertv2,kmeans_k3,What sport is featured in the film in which Kwon Yu-ri made her film debut ?,5ac3e80b554299076e296ccd,"[7268, 15846]","[10828, 14474, 7268, 2238, 17527]",0.5,0.3333333333333333,0.6276488304138184,0.2843919098377228,qwen3.5-122b,"Based on the provided context, Kwon Yu-ri made her film debut in the movie ""No Breathing"" (2013). However, the documents do not specify what sport is featured in that film.

I cannot answer this based on the provided context.",0.0,0.0,0.0,OK,
370,370,colbertv2,kmeans_k3,"Is Ohio State University or California State University, Dominguez Hills further west?",5ac41f1d5542991943173924,"[7131, 24258]","[24258, 4140, 7131, 10040, 25042]",1.0,1.0,0.5312531590461731,0.3726247549057007,qwen3.5-122b,"Based on the provided context, California State University, Dominguez Hills is located in Carson, California, while The Ohio State University is located in Columbus, Ohio. Since California is on the West Coast of the United States and Ohio is in the Midwest, California State University, Dominguez Hills is further west.",0.0,0.0,0.0,OK,
371,371,colbertv2,kmeans_k3,What river runs along the neighborhood where Ashley Estes Kavanaugh's wedding was held?,5ac434cb5542997ea680ca2f,"[13428, 5700]","[21077, 4243, 13428, 1173, 23396]",0.5,0.3333333333333333,0.7243803143501282,0.04150271415710449,qwen3.5-122b,I cannot answer this based on the provided context.,0.0,0.0,0.0,OK,
372,372,colbertv2,kmeans_k3,"Which became a Cathedral first St Chad's Cathedral, Birmingham or Chelmsford Cathedral?",5ac44b47554299194317396c,"[8589, 13981]","[8589, 4404, 13981, 19198, 14413]",1.0,1.0,0.5606727004051208,0.9166557788848877,qwen3.5-122b,"Based on the provided context, **St Chad's Cathedral, Birmingham** became a cathedral first.

According to Document 1, St Chad's was raised to cathedral status in **1852**. Document 3 states that Chelmsford Cathedral became a cathedral in **1914**. Therefore, St Chad's achieved cathedral status 62 years before Chelmsford.",0.0,0.0,0.0,OK,
373,373,colbertv2,kmeans_k3,Was Princess Charlotte of Cambridge born before or after the repealing of the Royal Marriages Act 1772?,5ac46a8b5542991943173980,"[8112, 18207]","[20061, 19384, 8112, 17539, 2592]",0.5,0.3333333333333333,0.6542863249778748,0.8767104744911194,qwen3.5-122b,"Based on the provided context, the Royal Marriages Act 1772 was repealed on **26 March 2015**. The context lists **Princess Charlotte** as one of the first six people in the line of succession under the new restrictions that replaced the Act. However, the text **does not state Princess Charlotte's birth date**.

Therefore, I cannot answer this based on the provided context.",0.0,0.0,0.0,OK,
374,374,colbertv2,kmeans_k3,Are Pago Pago International Airport and Hoonah Airport both on American territory?,5ac4a5de5542995c82c4ad6e,"[20582, 23936]","[22067, 17873, 20582, 13819, 23936]",1.0,0.3333333333333333,0.5264705419540405,0.05437497794628143,qwen3.5-122b,"Yes, both airports are on American territory.

*   **Pago Pago International Airport** is located in American Samoa, which is described in the context as ""an unincorporated territory of the United States.""
*   **Hoonah Airport** is located in Hoonah, Alaska. Since Alaska is a state of the United States, the airport is on American territory.",0.0,0.0,0.0,OK,
375,375,colbertv2,kmeans_k3,Where was Nobel Laureate in Physics know for his contributions with Abdus Salam and Steven Weinberg a professor?,5ac50bca55429924173fb57f,"[6117, 16002]","[3098, 6117, 13235, 16002, 7503]",1.0,0.5,0.5937451124191284,0.8566932678222656,qwen3.5-122b,"Based on the provided context, the Nobel Laureate in Physics known for his contributions with Abdus Salam and Steven Weinberg is **Sheldon Lee Glashow**.

According to Document 4, he was a professor at:
*   **Boston University** (as the Metcalf Professor of Mathematics and Physics)
*   **Harvard University** (as Higgins Professor of Physics, Emeritus)",0.0,0.0,0.0,OK,
376,376,colbertv2,kmeans_k3,What is the name of one the ex-security officials that means The Institute?,5ac51a055542994611c8b390,"[19063, 10056]","[19063, 22895, 13815, 10056, 10874]",1.0,1.0,0.620379626750946,0.056538309901952744,qwen3.5-122b,I cannot answer this based on the provided context.,0.0,0.0,0.0,OK,
377,377,colbertv2,kmeans_k3,"Which town is the venue, in which the APRA Music Awards of 2009 were held, located?",5ac52f8e5542996feb3fea14,"[9824, 10367]","[11866, 16009, 9824, 5329, 9425]",0.5,0.3333333333333333,0.5684472322463989,0.9968144297599792,qwen3.5-122b,"Based on the provided context, the APRA Music Awards of 2009 were held at the Peninsula in **Melbourne**.",0.0,0.0,0.0,OK,
378,378,colbertv2,kmeans_k3,Edmundas Malūkas was the former mayor of the lake resort how far west of the capital of Lithuania?,5ac536485542996feb3fea2e,"[22411, 5146]","[10812, 22411, 9948, 5146, 25393]",1.0,0.5,0.6620389223098755,0.8639370203018188,qwen3.5-122b,"Edmundas Malūkas was the former mayor of Trakai, a lake resort located 28 km west of Vilnius, the capital of Lithuania.",0.0,0.0,0.0,OK,
379,379,colbertv2,kmeans_k3,Brian Newman's wife performs for what genre of variety show?,5ac54cef5542993e66e822da,"[16380, 11654]","[18030, 2226, 16380, 8413, 8386]",0.5,0.3333333333333333,0.702976644039154,0.9991552233695984,qwen3.5-122b,"Based on the provided context, Brian Newman's wife, Angie Pontani, is an American **burlesque** performer.",0.0,0.0,0.0,OK,
380,380,colbertv2,kmeans_k3,"What award has the composer of ""Shady Lady"" received five times?",5adbc8e25542996e68525230,"[3663, 24928]","[18231, 3663, 10847, 11501, 9440]",0.5,0.5,0.7364422082901001,0.07142772525548935,qwen3.5-122b,I cannot answer this based on the provided context.,0.0,0.0,0.0,OK,
381,381,colbertv2,kmeans_k3,Was 9/11: Press for Truth released prior to Chasing Coral?,5adbe1c5554299438c868cc4,"[22843, 24220]","[19966, 16177, 22843, 24220, 2679]",1.0,0.3333333333333333,0.6906887888908386,0.9657554030418396,qwen3.5-122b,"Yes, *9/11: Press for Truth* was released prior to *Chasing Coral*. According to the provided context, *9/11: Press for Truth* is a 2006 documentary film, while *Chasing Coral* was released globally in July 2017.",0.0,0.0,0.0,OK,
382,382,colbertv2,kmeans_k3,"Tolex and General Tire manufacture very different products, but both make accessories for what type of transportation vehicle?",5adbf69c55429947ff173871,"[1471, 9212]","[1471, 9212, 25686, 2632, 14231]",1.0,1.0,0.6598883271217346,0.5906676650047302,qwen3.5-122b,"Based on the provided context, both Tolex and General Tire manufacture accessories for **motor vehicles** (specifically automobiles).

*   **Document 1** states that Tolex was used in ""Packard automobiles.""
*   **Document 2** states that The General Tire and Rubber Company is a manufacturer of ""tires for motor vehicles.""",0.0,0.0,0.0,OK,
383,383,colbertv2,kmeans_k3,"What nationality is the singer who recorded ""Who I Was Born to Be""?",5adc2b6255429947ff173901,"[16183, 7216]","[4284, 13906, 16183, 10902, 6447]",0.5,0.3333333333333333,0.6930001974105835,0.11512552946805954,qwen3.5-122b,"Based on the provided context, the singer who recorded ""Who I Was Born to Be"" is Susan Boyle. However, the text does not state her nationality.

I cannot answer this based on the provided context.",0.0,0.0,0.0,OK,
384,384,colbertv2,kmeans_k3,Were Triumph of the Will and The End of America both made in the same year?,5adc2f53554299438c868d6d,"[11206, 5878]","[18331, 10290, 11206, 5800, 24358]",0.5,0.3333333333333333,0.727042555809021,0.15816538035869598,qwen3.5-122b,I cannot answer this based on the provided context.,0.0,0.0,0.0,OK,
385,385,colbertv2,kmeans_k3,"In what year was the composer of ""Anthem"" born?",5adc46665542994650320cc8,"[9668, 12411]","[25695, 24850, 23750, 9580, 7956]",0.0,0.0,0.6888375878334045,0.4475705921649933,qwen3.5-122b,I cannot answer this based on the provided context.,0.0,0.0,0.0,OK,
386,386,colbertv2,kmeans_k3,Are Norman Z. McLeod and Sam Wanamaker both directors?,5adc6eb65542994650320cf3,"[23388, 7346]","[16997, 10481, 23388, 25838, 20033]",0.5,0.3333333333333333,0.6744492053985596,0.7635085582733154,qwen3.5-122b,"Based on the provided context, Norman Zenos McLeod was an American film director. However, the context does not contain any information about Sam Wanamaker, so it is not possible to determine if he was a director based solely on the provided documents.

I cannot answer this based on the provided context.",0.0,0.0,0.0,OK,
387,387,colbertv2,kmeans_k3,Who is an Australian philosopher that inspired Living High and Letting Die?,5adc85b855429944faac24e9,"[114, 8037]","[24222, 20762, 114, 8856, 8037]",1.0,0.3333333333333333,0.7426668405532837,0.5592872500419617,qwen3.5-122b,"Based on the provided context, the Australian philosopher who inspired the book *Living High and Letting Die* is **Peter Singer**.

Document 3 states that Peter K. Unger's book was ""Inspired by Peter Singer's 1971 essay 'Famine, Affluence, and Morality'."" Document 5 confirms that Peter Singer is an ""Australian moral philosopher.""",0.0,0.0,0.0,OK,
388,388,colbertv2,kmeans_k3,"""One Less Set of Footsteps"" is a song written and performed by a singer born in which year ?",5adca0845542994d58a2f684,"[11428, 3888]","[24734, 11428, 8612, 16259, 269]",0.5,0.5,0.7080317139625549,0.10852883011102676,qwen3.5-122b,I cannot answer this based on the provided context.,0.0,0.0,0.0,OK,
389,389,colbertv2,kmeans_k3,What did the American writer who wrote Into Thin Air  primarily known for in his writings,5adcad175542994ed6169bc3,"[25149, 11173]","[9264, 24476, 11173, 3044, 11637]",0.5,0.3333333333333333,0.7394694685935974,0.999782145023346,qwen3.5-122b,"Based on the provided context, the American writer who wrote *Into Thin Air* is Jon Krakauer. He is primarily known for his writings about the outdoors, especially mountain-climbing.",0.0,0.0,0.0,OK,
390,390,colbertv2,kmeans_k3,"Akademik Lomonosov was named after a Russian polymath, scientist, and writer, who discovered the atmosphere of what planet?",5adcc7515542994ed6169bff,"[8144, 23807]","[23807, 2170, 8144, 1706, 2151]",1.0,1.0,0.6225488185882568,0.9920996427536011,qwen3.5-122b,"Based on the provided context, the Akademik Lomonosov was named after Mikhail Vasilyevich Lomonosov, a Russian polymath, scientist, and writer. According to Document 1, among his discoveries was the atmosphere of **Venus**.",0.0,0.0,0.0,OK,
391,391,colbertv2,kmeans_k3,Were Illinois Institute of Technology and Boise State University both bounded before 1950?,5add10ca5542994ed6169c59,"[24453, 25246]","[4142, 10661, 24453, 2022, 25246]",1.0,0.3333333333333333,0.6471943259239197,0.9945022463798523,qwen3.5-122b,"Yes, both institutions were founded before 1950. According to the provided context:

*   **Illinois Institute of Technology** traces its history to several **19th century** engineering and professional education institutions.
*   **Boise State University** was **founded in 1932**.

Since both the 19th century and the year 1932 are before 1950, the answer is yes.",0.0,0.0,0.0,OK,
392,392,colbertv2,kmeans_k3,What is the start date of this tour that was the third concert tour by an American singer-songwriter and was completed in support of the album Red?,5add21555542992ae4cec496,"[14540, 14870]","[20494, 18295, 14870, 19496, 10866]",0.5,0.3333333333333333,0.6719573140144348,0.9753755927085876,qwen3.5-122b,"Based on the provided context, the tour described is **The Red Tour** by American singer-songwriter **Taylor Swift**, which was her third concert tour and supported her album ""Red"".

According to Document 3, the tour began on **March 13, 2013**.",0.0,0.0,0.0,OK,
393,393,colbertv2,kmeans_k3,"What 1997 song was on the Garth Brooks album that debuted at #1 on the ""Billboard"" 200?",5add3fe05542992c1e3a2580,"[24565, 24667]","[9190, 21894, 24667, 9237, 5927]",0.5,0.3333333333333333,0.6746011972427368,0.9975125193595886,qwen3.5-122b,"Based on the provided context, I cannot answer this question.

Document 3 states that Garth Brooks' album *Sevens* was released on November 25, 1997, and debuted at #1 on the ""Billboard"" 200. It mentions the song ""In Another's Eyes"" (a duet with Trisha Yearwood) from that album, but it does not specify the release year of the song itself, nor does it list any other songs from the album. Therefore, the text does not confirm which specific song on the album was released in 1997.",0.0,0.0,0.0,OK,
394,394,colbertv2,kmeans_k3,A Therapy was written and directed by what French-Polish film director who was born in Paris?,5add44c25542997545bbbd0a,"[14082, 8974]","[8897, 14082, 8974, 19043, 10071]",1.0,0.5,0.6935302019119263,0.17140339314937592,qwen3.5-122b,"Based on the provided context, **A Therapy** was written and directed by **Roman Polanski** (also known as Rajmund Roman Thierry Polański).

Document 2 states that the film was written and directed by Roman Polanski. Document 3 confirms that Roman Polanski is a French-Polish film director who was born in Paris.",0.0,0.0,0.0,OK,
395,395,colbertv2,kmeans_k3,"What resort in Biloxi, Mississippi does the Chief Operating Officer of the largest single hotel in the United States oversee?",5add56ad5542992200553abf,"[17783, 24255]","[13234, 14005, 17783, 12714, 24255]",1.0,0.3333333333333333,0.6609826683998108,0.21758611500263214,qwen3.5-122b,"Based on the provided context, the largest single hotel in the United States is the **MGM Grand Las Vegas** (Document 5). The Chief Operating Officer of MGM Resorts International is **Corey Sanders** (Document 3). According to Document 3, Corey Sanders oversees operations at **Beau Rivage** in Biloxi, Mississippi.

Answer: Beau Rivage",0.0,0.0,0.0,OK,
396,396,colbertv2,kmeans_k3,What was the release date and price for the release of Mac OS X that has the software for creating WWF files?,5add63845542992ae4cec541,"[11204, 23859]","[25745, 24131, 11204, 238, 4176]",0.5,0.3333333333333333,0.6668922901153564,0.09973189979791641,qwen3.5-122b,I cannot answer this based on the provided context.,0.0,0.0,0.0,OK,
397,397,colbertv2,kmeans_k3,Who conducted the negotiations  with the owners and the longest serving commandant of Auschwitz concentration and extermination camp?,5add8f055542990dbb2f7e6d,"[8837, 16702]","[3687, 25092, 16702, 22051, 25304]",0.5,0.3333333333333333,0.6072095632553101,0.07467883825302124,qwen3.5-122b,I cannot answer this based on the provided context.,0.0,0.0,0.0,OK,
398,398,colbertv2,kmeans_k3,Were Maurice Tourneur and Greg Mottola both American film directors?,5addf05a5542997dc79070cd,"[190, 344]","[190, 344, 8536, 543, 24718]",1.0,1.0,0.6549636125564575,0.00034960490302182734,qwen3.5-122b,"No, based on the provided context, only Greg Mottola is an American film director. Maurice Tourneur is described as a French film director.",0.0,0.0,0.0,OK,
399,399,colbertv2,kmeans_k3,What role did Kim Dong-wook play in the 2012 South Korean historical film directed by Kim Dae-seung?,5ade0bc55542997545bbbe30,"[3016, 13406]","[3016, 22255, 13406, 3015, 16976]",1.0,1.0,0.6467852592468262,0.9197431206703186,qwen3.5-122b,"Based on the provided context, in the 2012 South Korean historical film *The Concubine* (directed by Kim Dae-seung), Kim Dong-wook played the role of **Prince Sung-won**, a character described as having his heart set on Hwa-yeon despite the countless women available to him. Document 1 also describes his performance in this film as that of an ""obsessed and tormented king.""",0.0,0.0,0.0,OK,
400,400,colbertv2,kmeans_k3,Which member of Odd Future also had a guest appearance on the album too Cozy?,5ade0e115542995b365fabf3,"[22632, 11661]","[22632, 4471, 16173, 5175, 18914]",0.5,1.0,0.7256036400794983,0.09530200809240341,qwen3.5-122b,I cannot answer this based on the provided context.,0.0,0.0,0.0,OK,
401,401,colbertv2,kmeans_k3,Where did Henri Christophe and other slaves hold an uprising from 1791 to 1804 that led to the founding of a state which was both free from slavery and ruled by non-whites and former captives?,5ade1c9e55429939a52fe822,"[2531, 25996]","[19422, 16218, 25996, 6237, 19481]",0.5,0.3333333333333333,0.7201209664344788,0.0790976732969284,qwen3.5-122b,I cannot answer this based on the provided context.,0.0,0.0,0.0,OK,
402,402,colbertv2,kmeans_k3,"Which actor starred in Angels in the Outfield, Predator 2, and Places in the Heart?",5ade1f0555429975fa854e74,"[736, 14580]","[1543, 19792, 14580, 7059, 20159]",0.5,0.3333333333333333,0.7257338166236877,0.8875705599784851,qwen3.5-122b,"Based on the provided context, I cannot answer this question.

Document 3 confirms that Danny Glover starred in *Angels in the Outfield* and *Predator 2*, but it does not mention the film *Places in the Heart*. Therefore, the provided text does not contain enough information to confirm which actor starred in all three films.",0.0,0.0,0.0,OK,
403,403,colbertv2,kmeans_k3,Why is Bangor Daily News talkin about Sawin Millett?,5ade26db5542997c77aded77,"[13288, 6939]","[1805, 6939, 13288, 23726, 23836]",1.0,0.5,0.6440433263778687,0.9998053908348083,qwen3.5-122b,"Based on the provided context, the Bangor Daily News talked about Sawin Millett because, in December 2011, it conducted a poll of policymakers that ranked him as the ninth most influential person in Maine politics.",0.0,0.0,0.0,OK,
404,404,colbertv2,kmeans_k3,What was the middle name of the pilot who was portrayed by Levon Helm in the film The Right Stuff ?,5ade3b925542992fa25da70a,"[734, 16575]","[10379, 734, 8946, 5797, 13010]",0.5,0.5,0.6870421171188354,0.7075189352035522,qwen3.5-122b,"Based on the provided context, I cannot answer this question.

Document 2 states that Levon Helm had a co-starring role as Air Force test pilot **Jack Ridley**, but it does not provide his middle name.",0.0,0.0,0.0,OK,
405,405,colbertv2,kmeans_k3,My Neighbor Totoro was produced by a Japanese animation film studio founded in what year?,5ade4da055429939a52fe878,"[6166, 2897]","[5872, 11915, 6166, 18615, 11593]",0.5,0.3333333333333333,0.6878021955490112,0.04836857691407204,qwen3.5-122b,I cannot answer this based on the provided context.,0.0,0.0,0.0,OK,
406,406,colbertv2,kmeans_k3,Get Off is an album by a group using which style originating in NYC in the early 1970s?,5ade61fd554299728e26c704,"[11978, 24847]","[11978, 24549, 24595, 24847, 7716]",1.0,1.0,0.6973525285720825,0.9863325953483582,qwen3.5-122b,"Based on the provided context, **Get Off** is an album by the group **Foxy**, which is described as a **Latin Dance/Disco** group.

According to Document 4, **Disco** is the musical style that originated in **New York City** in the **early 1970s**.

Therefore, the style is **Disco**.",0.0,0.0,0.0,OK,
407,407,colbertv2,kmeans_k3,Easter Airways' head office is located at which airport owned by Manchester Airports Group?,5ade66f055429939a52fe8a0,"[2288, 5788]","[5788, 2288, 23765, 12531, 8537]",1.0,1.0,0.5792695879936218,0.9987853765487671,qwen3.5-122b,"I cannot answer this based on the provided context.

**Reasoning:**
1.  **Name Discrepancy:** The question asks about ""Easter Airways,"" but the context mentions ""Eastern Airways"" (Document 2). Assuming this is a typo, the next step is to check the ownership.
2.  **Ownership Mismatch:** Document 2 states that Eastern Airways' head office is at **Humberside Airport**. However, Document 1 states that Humberside Airport was owned by Manchester Airports Group from 1999 until **1 August 2012**, when it was sold to the **Eastern Group of companies**.
3.  **Conclusion:** While Humberside Airport *was* previously owned by Manchester Airports Group, it is no longer owned by them (it is now owned by the Eastern Group). The context does not identify any airport that is *currently* owned by Manchester Airports Group and houses the head office of Eastern Airways. Therefore, the specific condition in the question (""owned by Manchester Airports Group"") cannot be confirmed as currently true based on the text.",0.0,0.0,0.0,OK,
408,408,colbertv2,kmeans_k3,The infantry rifle regiment of the British Army that Talaiasi Labalaba served in was first created in what year?,5adea19a55429939a52fe919,"[23194, 6758]","[14373, 23194, 6758, 11576, 12057]",1.0,0.5,0.6141590476036072,0.7866315841674805,qwen3.5-122b,"Based on the provided context, Talaiasi Labalaba served in the **Royal Ulster Rifles** (Document 2). The Royal Ulster Rifles was formerly known as the **Royal Irish Rifles**, which was first created in **1881** by the amalgamation of the 83rd (County of Dublin) Regiment of Foot and the 86th (Royal County Down) Regiment of Foot (Document 3).

Answer: 1881",0.0,0.0,0.0,OK,
409,409,colbertv2,kmeans_k3,"What was the name of the fanzine that interviewed the Sex Pistols bassist when he was in the band ""The Flowers of Romance?""",5adea9ea55429939a52fe934,"[4775, 3444]","[24920, 21048, 4775, 19171, 9982]",0.5,0.3333333333333333,0.7457826733589172,0.9981075525283813,qwen3.5-122b,"Based on the provided context, the fanzine that interviewed Sid Vicious (the Sex Pistols bassist) when he was in the band ""The Flowers of Romance"" was named **SKUM**.",0.0,0.0,0.0,OK,
410,410,colbertv2,kmeans_k3,The Robey-Peters Gun-Carrier was built at a commuter village with at population of what at the 2001 census?,5adeab4555429975fa854f5f,"[11818, 3166]","[23207, 1794, 11818, 21754, 4888]",0.5,0.3333333333333333,0.6778047680854797,0.06808795779943466,qwen3.5-122b,I cannot answer this based on the provided context.,0.0,0.0,0.0,OK,
411,411,colbertv2,kmeans_k3,In what state is the manufacturer of Bisquick headquartered?,5adeb78a554299728e26c77a,"[10074, 3796]","[5009, 3796, 10074, 496, 3914]",1.0,0.5,0.6874746680259705,0.9649301767349243,qwen3.5-122b,"Based on the provided context, Bisquick is sold by General Mills (Document 3). General Mills, Inc. is headquartered in Golden Valley, Minnesota (Document 2).

Therefore, the manufacturer of Bisquick is headquartered in **Minnesota**.",0.0,0.0,0.0,OK,
412,412,colbertv2,kmeans_k3,"Northland Mall was the first directionally-named shopping center in Columbus, 5 years before which shopping center at the intersection of US-40 and I-270?",5adebbbd554299728e26c793,"[3173, 23627]","[24338, 23675, 3173, 23982, 23627]",1.0,0.3333333333333333,0.5958086252212524,0.515637993812561,qwen3.5-122b,"Based on the provided context, Northland Mall opened in 1964. The shopping center located at the intersection of U.S. Route 40 and Interstate 270 is **Westland Mall** (Document 5). According to Document 3, Westland Mall opened in 1969, which is 5 years after Northland Mall.

Answer: Westland Mall",0.0,0.0,0.0,OK,
413,413,colbertv2,kmeans_k3,Mark Newhouse finished 9th in a 2013 series of poker tournaments sponsored by what corporation?,5adec5055542995534e8c707,"[18644, 12743]","[16193, 15097, 18644, 15116, 12743]",1.0,0.3333333333333333,0.717353880405426,0.8149617314338684,qwen3.5-122b,"Based on the provided context, Mark Newhouse finished 9th in the 2013 World Series of Poker (WSOP) Main Event. Document 5 states that the World Series of Poker is sponsored by **Caesars Entertainment Corporation** (known as Harrah's Entertainment until 2010).

Answer: Caesars Entertainment Corporation",0.0,0.0,0.0,OK,
414,414,colbertv2,kmeans_k3,which Mexican and American film actress is Ethel Houbiers  French voice of,5adef1b35542993a75d263af,"[12483, 10107]","[12483, 15072, 10107, 19971, 9083]",1.0,1.0,0.6578212976455688,0.9161917567253113,qwen3.5-122b,"Based on the provided context, Ethel Houbiers is the French voice of **Salma Hayek** (also known as Salma Hayek Pinault), who is described in Document 3 as a Mexican and American film actress.",0.0,0.0,0.0,OK,
415,415,colbertv2,kmeans_k3,"Who is considered the more well known author, Roger Angell or Harry Stephen Keeler?",5adf32165542993344016c15,"[9474, 2385]","[8352, 9474, 2385, 16969, 13832]",1.0,0.5,0.6524073481559753,0.9826547503471375,qwen3.5-122b,"Based on the provided context, Roger Angell is described as an American essayist ""known for his writing on sports, especially baseball"" and a ""regular contributor to 'The New Yorker'"" who served as its ""chief fiction editor for many years."" In contrast, Harry Stephen Keeler is described as a ""prolific but little-known American author.""

Therefore, based on the text, **Roger Angell** is considered the more well-known author.",0.0,0.0,0.0,OK,
416,416,colbertv2,kmeans_k3,Who was the president of the Sinn Fein political party during the Hume-Adams Dialogue?,5adf34d35542993a75d26425,"[12101, 15187]","[5435, 18224, 12101, 3738, 9884]",0.5,0.3333333333333333,0.6015619039535522,0.9844335913658142,qwen3.5-122b,"Based on the provided context, the leader of Sinn Féin during the Hume–Adams dialogue was **Gerry Adams**.

Document 3 states that the dialogue was a series of talks between ""then Social Democratic and Labour Party leader John Hume and Sinn Féin leader Gerry Adams.""",0.0,0.0,0.0,OK,
417,417,colbertv2,kmeans_k3,Who has more productions under their belt Ridley Scott or Elmer Clifton?,5adf53dc5542995534e8c791,"[9006, 24239]","[24239, 18923, 9006, 15847, 2970]",1.0,1.0,0.6834028363227844,0.0983353778719902,qwen3.5-122b,I cannot answer this based on the provided context.,0.0,0.0,0.0,OK,
418,418,colbertv2,kmeans_k3,Which number-one single is Michael Steele responsible for?,5adf62d05542992d7e9f932d,"[874, 11413]","[1864, 19482, 17959, 19476, 11866]",0.0,0.0,0.7067168951034546,0.031728148460388184,qwen3.5-122b,I cannot answer this based on the provided context.,0.0,0.0,0.0,OK,
419,419,colbertv2,kmeans_k3,"Which contributor to Fear: 13 Stories of Suspense and Horror was born on March 15, 1953 ?",5adf6b405542992d7e9f9341,"[11162, 5416]","[1379, 14796, 11162, 23495, 5416]",1.0,0.3333333333333333,0.6845006942749023,0.7390758395195007,qwen3.5-122b,"Based on the provided context, the contributor to *Fear: 13 Stories of Suspense and Horror* who was born on March 15, 1953, is **Heather Graham**.

Document 3 lists Heather Graham as one of the authors who contributed stories to the anthology, and Document 5 confirms that Heather Graham Pozzessere (who writes under the name Heather Graham) was born on March 15, 1953.",0.0,0.0,0.0,OK,
420,420,colbertv2,kmeans_k3,"The College of Arts and Sciences of Ohio University is located on the university's central quadrangle lawn, which sits aligned to the cardinal directions, with what building facing true north?",5adf8ad25542993344016ce7,"[15309, 15307]","[7131, 11592, 15307, 13387, 4140]",0.5,0.3333333333333333,0.6118003726005554,0.9915045499801636,qwen3.5-122b,"Based on the provided context, the building facing true north is **Manasseh Cutler Hall**.

(Note: While the question asks about the ""College of Arts and Sciences,"" Document 3 describes the ""College Green of Ohio University"" as the central quadrangle lawn aligned to the cardinal directions, with Manasseh Cutler Hall facing true north. The text does not explicitly name the ""College of Arts and Sciences,"" but it is the only section describing the specific layout and building orientation mentioned in the question.)",0.0,0.0,0.0,OK,
421,421,colbertv2,kmeans_k3,"What is the name of the actress who has received a Drama Desk award and was part of the cast album for the 2007 Broadway production of the hit musical, ""Grease""?",5adf9dc3554299025d62a2e6,"[2133, 25803]","[21368, 7249, 2133, 7175, 25803]",1.0,0.3333333333333333,0.6471079587936401,0.24660153687000275,qwen3.5-122b,"Based on the provided context, the actress is **Laura Osnes**.

Document 3 states that the *Grease: The New Broadway Cast Recording* features Laura Osnes as Sandy Dumbrowski in the 2007 Broadway production. Document 5 confirms that Laura Osnes received a Drama Desk Award for her starring role in Rodgers & Hammerstein's ""Cinderella"" on Broadway.",0.0,0.0,0.0,OK,
422,422,colbertv2,kmeans_k3,The first Latina Supreme Court Justice was part of the majority decision of a case that upheld which previous supreme court case?,5adfa451554299025d62a319,"[16071, 6348]","[25979, 7413, 6348, 10663, 8907]",0.5,0.3333333333333333,0.685128927230835,0.05025139078497887,qwen3.5-122b,I cannot answer this based on the provided context.,0.0,0.0,0.0,OK,
423,423,colbertv2,kmeans_k3,Is Edison Sault Power Canal somehow linked with or used with the Cayuga–Seneca Canal?,5adfc77b554299603e4183ab,"[7758, 9704]","[10867, 11843, 7758, 3057, 16082]",0.5,0.3333333333333333,0.6106380224227905,0.030956190079450607,qwen3.5-122b,I cannot answer this based on the provided context.,0.0,0.0,0.0,OK,
424,424,colbertv2,kmeans_k3,What Andy Williams' album did a song written by Charles Wesley appear on?,5adfd0d455429942ec259b4d,"[13018, 487]","[1006, 15970, 487, 22628, 9690]",0.5,0.3333333333333333,0.6452407240867615,0.05062431842088699,qwen3.5-122b,I cannot answer this based on the provided context.,0.0,0.0,0.0,OK,
425,425,colbertv2,kmeans_k3,Kasper Peter Schmeichel is the son of a professional footballer who was voted what in 1992 and 1993?,5adfe37c554299025d62a377,"[8670, 16900]","[20717, 5356, 16900, 17633, 12829]",0.5,0.3333333333333333,0.691176176071167,0.9578980803489685,qwen3.5-122b,"Based on the provided context, Kasper Peter Schmeichel's father is Peter Bolesław Schmeichel, a Danish former professional footballer who was voted the **IFFHS World's Best Goalkeeper** in 1992 and 1993.",0.0,0.0,0.0,OK,
426,426,colbertv2,kmeans_k3,What career did Markus Feehily and Bobby Fuller have in common?,5adff2aa554299603e4183d0,"[2101, 3767]","[9028, 3767, 18983, 929, 18211]",0.5,0.5,0.6741469502449036,0.0659884512424469,qwen3.5-122b,I cannot answer this based on the provided context.,0.0,0.0,0.0,OK,
427,427,colbertv2,kmeans_k3,What year was George Harrison's top UK charted song voted the nations 11th favorite 1980s number?,5adffb4655429925eb1afbbf,"[14264, 9792]","[14264, 21082, 657, 6921, 24695]",0.5,1.0,0.7045921087265015,0.989364743232727,qwen3.5-122b,"I cannot answer this based on the provided context.

The provided text states that in 2015, the song ""China in Your Hand"" by T'Pau was voted the nation's 11th favourite 1980s number one. It mentions that this song kept George Harrison's ""Got My Mind Set on You"" from hitting the top spot, but it does not state that George Harrison's song was the one voted 11th favorite, nor does it provide information about a vote regarding Harrison's song specifically.",0.0,0.0,0.0,OK,
428,428,colbertv2,kmeans_k3,"Which genus is native to arid or semi-desert areas, Alopecurus or Echeveria?",5ae022ab554299025d62a428,"[25058, 815]","[20139, 7805, 815, 6012, 25058]",1.0,0.3333333333333333,0.6293191909790039,0.058388013392686844,qwen3.5-122b,"Based on the provided context, **Echeveria** is the genus native to semi-desert areas.

Document 3 states that *Echeveria* is ""native to semi-desert areas of Central America, Mexico and northwestern South America."" In contrast, Document 5 describes *Alopecurus* as common across ""temperate and subtropical parts of Eurasia, northern Africa, and the Americas,"" without mentioning arid or semi-desert habitats.",0.0,0.0,0.0,OK,
429,429,colbertv2,kmeans_k3,Are Columbia University and University of Colorado both private universities?,5ae04a2755429924de1b7091,"[23784, 7189]","[23784, 16433, 7189, 10733, 163]",1.0,1.0,0.597996711730957,0.21273644268512726,qwen3.5-122b,"Based on the provided context, Columbia University is a private university, but the University of Colorado is a public university. Therefore, they are not both private universities.

*   **Document 1** states that Columbia University is a ""private Ivy League research university.""
*   **Document 3** states that the University of Colorado system is a ""system of public universities.""",0.0,0.0,0.0,OK,
430,430,colbertv2,kmeans_k3,Are Steve Perry and Dennis Lyxzén both members of the same band ?,5ae0616255429924de1b70ca,"[58, 10674]","[11303, 3382, 10674, 21189, 4900]",0.5,0.3333333333333333,0.6541241407394409,0.9926798343658447,qwen3.5-122b,"No, based on the provided context, Steve Perry and Dennis Lyxzén are not members of the same band.

*   **Steve Perry** is mentioned in Document 1 as a co-founder of the band **the Cherry Poppin' Daddies** (along with Brooks Richard Brown and Dan Schmid).
*   **Dennis Lyxzén** is mentioned in Document 3 as the lead vocalist for the band **Refused** and currently the vocalist in **INVSN**.

The documents do not indicate any shared band membership between them.",0.0,0.0,0.0,OK,
431,431,colbertv2,kmeans_k3,Are Ash Lieb and Elswyth Thane both artists?,5ae074aa5542993d6555eb54,"[15677, 38]","[15677, 16172, 38, 7977, 3258]",1.0,1.0,0.7570306062698364,0.9995286464691162,qwen3.5-122b,"Yes, based on the provided context, both Ash Lieb and Elswyth Thane are artists.

*   **Ash Lieb** is described in Document 1 as an ""Australian artist, writer and comedian"" who began exhibiting art at eight years of age.
*   **Elswyth Thane** (born Helen Elswyth Thane Ricker Beebe) is described in Document 3 as an ""American romance novelist"" who worked as a freelance writer, newspaper writer, and Hollywood screenwriter. While the text explicitly labels her a novelist and writer, these roles fall under the broader category of being an artist in the literary sense, and Document 1 explicitly uses the term ""artist"" for Ash Lieb. However, strictly speaking, Document 3 does not use the specific word ""artist"" for Elswyth Thane, only ""novelist,"" ""writer,"" and ""screenwriter.""

**Correction based on strict adherence to the text:**
Document 1 explicitly states Ash Lieb is an ""artist."" Document 3 describes Elswyth Thane as a ""novelist,"" ""writer,"" and ""screenwriter,"" but does not explicitly use the word ""artist"" to describe her. Therefore, while she is a creative professional, the text does not explicitly label her an ""artist"" in the same way it does for Ash Lieb.

However, in common usage, a novelist and screenwriter is considered an artist. But the instruction says ""Answer the question based ONLY on the provided context.""

Let's re-read Document 3 carefully: ""Helen Elswyth Thane Ricker Beebe... was an American romance novelist."" It does not say ""artist.""
Document 1 says: ""Ash Lieb... is an Australian artist...""

If the question implies ""artist"" in the broad sense of a creative professional, the answer is yes. If it requires the specific word ""artist"" to appear in the text for both, the answer is no for Elswyth Thane.

Usually, ""artist"" encompasses writers. But to be safe and strictly follow ""based ONLY on the provided context"":
- Document 1: Ash Lieb = ""artist"".
- Document 3: Elswyth Thane = ""novelist"", ""writer"", ""screenwriter"".

The context does not explicitly state Elswyth Thane is an ""artist,"" though it describes her as a creative professional. However, the term ""artist"" is often used as a synonym for creative professionals like writers. Given",0.0,0.0,0.0,OK,
432,432,colbertv2,kmeans_k3,Drachen Fire was a roller coaster located behind which suspended coaster at Busch Gardens Williamsburg?,5ae07e5b55429945ae959381,"[7792, 23654]","[9009, 4248, 7792, 21156, 17843]",0.5,0.3333333333333333,0.6282580494880676,0.9736837148666382,qwen3.5-122b,"Based on the provided context, Drachen Fire was located behind the **Big Bad Wolf**.

Document 3 states: ""It featured electric-blue track and silver supports, and was located in the Oktoberfest portion of the park, behind the Big Bad Wolf and Das Festhaus.""",0.0,0.0,0.0,OK,
433,433,colbertv2,kmeans_k3,Lee Sung-jae stars in the film Barking Dogs Never Bite which is what film genre?,5ae09d6155429945ae9593d4,"[1187, 14085]","[1187, 8730, 14085, 22255, 24358]",1.0,1.0,0.6263881325721741,0.9579664468765259,qwen3.5-122b,"Based on the provided context, **Barking Dogs Never Bite** is a **dark comedy-drama** film.

(Note: Document 1 confirms that Lee Sung-jae is among the notable works associated with the film, and Document 3 defines the film's genre.)",0.0,0.0,0.0,OK,
434,434,colbertv2,kmeans_k3,What food does one of Daniel Greene's subjects' restaurant chain specialize in?,5ae0b2f25542993d6555ec1c,"[4706, 25507]","[4706, 18559, 6028, 7051, 25405]",0.5,1.0,0.7539321184158325,0.950165331363678,qwen3.5-122b,"I cannot answer this based on the provided context.

The provided text mentions that Daniel Greene painted Dave Thomas, the founder of ""Wendy's,"" but it does not specify what food the Wendy's restaurant chain specializes in. The other documents mention pizza (Chuck E. Cheese's) and comfort food (Jamie Oliver), but these are not linked to any of Daniel Greene's subjects in the text.",0.0,0.0,0.0,OK,
435,435,colbertv2,kmeans_k3,Glaramara is a fell in the English Lake District in Cumbria that stretches from Stonethwaite which is a part of a valley and civil parrish in what Borough?,5ae0b60655429945ae959437,"[23610, 2839]","[2839, 15612, 23610, 13938, 15670]",1.0,1.0,0.5991100072860718,0.5871501564979553,qwen3.5-122b,"Based on the provided context, Glaramara is part of a ridge that stretches from Stonethwaite in Borrowdale. Document 1 states that Borrowdale is a valley and civil parish in the **Borough of Allerdale**.

Answer: Borough of Allerdale",0.0,0.0,0.0,OK,
436,436,colbertv2,kmeans_k3,"How was Ada Lovelace, the first computer programmer, related to Lord Byron in Childe Byron?",5ae0ec48554299422ee9955a,"[15476, 25879]","[25879, 24676, 15476, 19106, 38]",1.0,1.0,0.7309294939041138,0.9996386766433716,qwen3.5-122b,"Based on the provided context, in the play *Childe Byron*, Ada Lovelace is the **daughter** of the poet Lord Byron. The play focuses on the strained relationship between the two.",0.0,0.0,0.0,OK,
437,437,colbertv2,kmeans_k3,The uncle of Paul Capellani died at a military operation during a battle was fought between who?,5ae122465542997b2ef7d0f4,"[1866, 24447]","[1866, 11814, 8334, 12290, 7478]",0.5,1.0,0.7333859801292419,0.7651864886283875,qwen3.5-122b,"Based on the provided context, Paul Capellani's uncle was Roger Capellani, who died at the **Battle of Dunkirk**. However, the provided documents do not contain information about who fought against whom in the Battle of Dunkirk.

Therefore, I cannot answer this based on the provided context.",0.0,0.0,0.0,OK,
438,438,colbertv2,kmeans_k3,Bethpage State Parkway begins with an interchange at which Long Island-based limited access highway?,5ae1389655429901ffe4ae05,"[14612, 9419]","[22639, 21460, 14612, 14053, 9419]",1.0,0.3333333333333333,0.6307881474494934,0.4298532009124756,qwen3.5-122b,"Based on the provided context, the Bethpage State Parkway begins at a trumpet interchange with the **Southern State Parkway**.

Document 3 states: ""It begins at a trumpet interchange with the Southern State Parkway in the village of North Massapequa..."" and Document 5 confirms that the Southern State Parkway is a ""limited-access highway on Long Island, New York.""",0.0,0.0,0.0,OK,
439,439,colbertv2,kmeans_k3,What is the genre of music shared by vocalists Barney Greenway and Jens Kidman?,5ae165aa5542997b2ef7d1d1,"[794, 22630]","[19933, 20082, 794, 19260, 6851]",0.5,0.3333333333333333,0.7235780954360962,0.10399845242500305,qwen3.5-122b,I cannot answer this based on the provided context.,0.0,0.0,0.0,OK,
440,440,colbertv2,kmeans_k3,Celebrity Fifteen to One has had more than one appearance by an English writer and former Conservative Member of what?,5ae172c155429920d52343de,"[17821, 17032]","[12015, 7722, 17821, 24602, 11366]",0.5,0.3333333333333333,0.7162400484085083,0.9877479672431946,qwen3.5-122b,"Based on the provided context, I cannot answer this question.

**Reasoning:**
*   **Document 3** lists the celebrities who appeared on *Celebrity Fifteen to One* more than once: Richard Whiteley, Anna Raeburn, Sally Jones, Rory McGrath, Alex Brooker, Jimmy Carr, Johnny Vegas, Rhod Gilbert, and Gyles Brandreth. It notes that Gyles Brandreth is the only one to appear on episodes hosted by both William G. Stewart and Adam Hills.
*   **Document 1, 2, 4, and 5** provide information about Dawn French, Edward Smith-Stanley (14th Earl of Derby), Ronnie Barker, and Jack Howe, respectively.
*   None of the documents explicitly state that any of the repeat guests on *Celebrity Fifteen to One* (specifically Gyles Brandreth, who is the most likely candidate in real life) is an ""English writer and former Conservative Member of [Parliament]"". While Gyles Brandreth is a writer and former Conservative MP in reality, this specific biographical information is **not contained in the provided text**. Therefore, based strictly on the provided context, the answer cannot be derived.",0.0,0.0,0.0,OK,
441,441,colbertv2,kmeans_k3,Which radioshow did Frank Sinatra appear on the year he won an Academy Award?,5ae17d6855429901ffe4aea7,"[18362, 626]","[10292, 18362, 626, 11735, 16009]",1.0,0.5,0.6872178912162781,0.9543830156326294,qwen3.5-122b,"I cannot answer this based on the provided context.

While Document 3 states that Frank Sinatra won an Academy Award in 1953 for ""From Here to Eternity,"" and Document 2 mentions a 1953 session from BBC Radio's ""The Show Band Show,"" the provided text does not explicitly state that he appeared on that specific radio show in the same year he won the Academy Award.",0.0,0.0,0.0,OK,
442,442,colbertv2,kmeans_k3,Where is the Cocoa Krispies and former Superman sponsor located?,5ae1801955429901ffe4aec4,"[23255, 22769]","[20912, 9064, 3796, 12512, 16163]",0.0,0.0,0.7425587177276611,0.039000727236270905,qwen3.5-122b,I cannot answer this based on the provided context.,0.0,0.0,0.0,OK,
443,443,colbertv2,kmeans_k3,What is the genus and species of the bear in which the Florida black bear is a subspecies of?,5ae1e4095542997283cd22bf,"[5294, 21301]","[12353, 17435, 5294, 12031, 13470]",0.5,0.3333333333333333,0.6598441004753113,0.9978692531585693,qwen3.5-122b,"Based on the provided context, the Florida black bear (*Ursus americanus floridanus*) is a subspecies of the **American black bear**. The scientific name provided for the Florida black bear is *Ursus americanus floridanus*, which indicates that the genus is **Ursus** and the species is **americanus**.

Therefore:
*   **Genus:** *Ursus*
*   **Species:** *americanus*",0.0,0.0,0.0,OK,
444,444,colbertv2,kmeans_k3,"Underfist: Halloween Bash was going to be the setup for a new series spin-off but the contract expired with a cable and television station that was launched on October 1, 19962 by whom?",5ae22f4e5542996483e6492f,"[5695, 4199]","[13753, 15616, 5695, 12176, 15455]",0.5,0.3333333333333333,0.660660445690155,0.08106604963541031,qwen3.5-122b,I cannot answer this based on the provided context.,0.0,0.0,0.0,OK,
445,445,colbertv2,kmeans_k3,"What is the name of the largest film production company in Hong Kong that won the ""Best Cinematography"" at the 21st Asia Pacific Film Festival?",5ae277575542996483e649b2,"[9351, 5383]","[13676, 3469, 9351, 16384, 18893]",0.5,0.3333333333333333,0.6758929491043091,0.06156313046813011,qwen3.5-122b,I cannot answer this based on the provided context.,0.0,0.0,0.0,OK,
446,446,colbertv2,kmeans_k3,What three categories does income get levied under the Parliament of Australia's tax code?,5ae28b76554299495565daa8,"[12746, 12250]","[17865, 21764, 12250, 23070, 2347]",0.5,0.3333333333333333,0.6661341786384583,0.5240000486373901,qwen3.5-122b,"I cannot answer this based on the provided context.

(Note: While Document 3 lists three sources of income for individual taxpayers in Australia—""personal earnings,"" ""business income,"" and ""capital gains""—it does not state that these are categories under the ""Parliament of Australia's tax code,"" nor does it explicitly link them to the Parliament of Australia as requested in the question. Document 4 mentions the Parliament of Victoria, not the Parliament of Australia.)",0.0,0.0,0.0,OK,
447,447,colbertv2,kmeans_k3,What building in the capital of city of Brandenburg has a roof that is 1 m bigger than the roof of the Der Oderturm?,5ae29d92554299492dc91c36,"[17165, 20535]","[968, 17165, 20535, 972, 3735]",1.0,0.5,0.5986648797988892,0.6121900677680969,qwen3.5-122b,"Based on the provided context, the capital of the German federal state of Brandenburg is **Potsdam** (Document 3).

According to Document 2, the **Der Oderturm** has a roof height of 89 m, which is ""1 m less than that of the **Stern-Plaza** in Potsdam."" Therefore, the Stern-Plaza has a roof that is 1 m bigger than the roof of the Der Oderturm.

Answer: The Stern-Plaza",0.0,0.0,0.0,OK,
448,448,colbertv2,kmeans_k3,Which New Jersey-based manufacturer of suitcases and bags for travel is located in the Shops at Columbus Circle in New York City?,5ae2a9c6554299492dc91c42,"[23675, 13345]","[13345, 21492, 23675, 18225, 4399]",1.0,1.0,0.6628291606903076,0.1865086704492569,qwen3.5-122b,"Based on the provided context, the New Jersey-based manufacturer of suitcases and bags for travel is **Tumi Holdings, Inc.** (also referred to as Tumi, Inc.).

*   **Document 1** states that Tumi Holdings, Inc. is a ""South Plainfield, New Jersey-based manufacturer of suitcases and bags for travel.""
*   **Document 3** confirms that the ""Shops at Columbus Circle"" in New York City includes a store for ""Tumi.""",0.0,0.0,0.0,OK,
449,449,colbertv2,kmeans_k3,When was the producer of  Michel'le born?,5ae2b794554299495565db10,"[3089, 24906]","[9545, 13792, 3089, 18635, 12316]",0.5,0.3333333333333333,0.6646357774734497,0.19917680323123932,qwen3.5-122b,"Based on the provided context, the producer of the album *Michel'le* is Dr. Dre (Document 3). However, the documents do not contain information regarding Dr. Dre's birth date.

I cannot answer this based on the provided context.",0.0,0.0,0.0,OK,
450,450,colbertv2,kmeans_k3,How many member universities are there in this conference of which the Connecticut Huskies baseball team is a competing member?,5ae2c2c05542996483e64a4a,"[12288, 15471]","[12288, 15471, 25035, 2204, 24769]",1.0,1.0,0.6028410196304321,0.7847196459770203,qwen3.5-122b,"Based on the provided context, the Connecticut Huskies baseball team competes in the **American Athletic Conference** (Document 1). According to Document 2, the American Athletic Conference features **12 member universities** (and three associate member universities).

Answer: 12 member universities.",0.0,0.0,0.0,OK,
451,451,colbertv2,kmeans_k3,"Who has a wider scope of profession, Hrag Vartanian or Hovsep Pushman?",5ae2d59755429928c42394ec,"[24185, 6846]","[19036, 24185, 6846, 19869, 14534]",1.0,0.5,0.6540402173995972,0.26252174377441406,qwen3.5-122b,"Based on the provided context, Hrag Vartanian has a wider scope of profession. He is described as an editor-in-chief, co-founder, writer, critic, and curator. In contrast, Hovsep Pushman is described solely as an artist.",0.0,0.0,0.0,OK,
452,452,colbertv2,kmeans_k3,What year did the father of Willem van Oldenbarnevelt die?,5ae331fb55429928c4239670,"[11722, 13903]","[22553, 2414, 11722, 1261, 2609]",0.5,0.3333333333333333,0.6120654940605164,0.6615819931030273,qwen3.5-122b,I cannot answer this based on the provided context.,0.0,0.0,0.0,OK,
453,453,colbertv2,kmeans_k3,Estrojam's Decibelle Music and Culture Festival has been headlined by which American singer-songwriter and model?,5ae33cf55542992f92d82268,"[8414, 11984]","[8414, 20494, 5156, 22746, 14870]",0.5,1.0,0.7199469208717346,0.7576768398284912,qwen3.5-122b,"Based on the provided context, I cannot answer this question.

Document 1 lists past headliners for the Decibelle festival (formerly Estrojam), including Wanda Jackson, Nina Hagen, Concrete Blonde, Cat Power, The Gossip, Peaches, Amy Ray, and Margaret Cho. However, the text does not describe any of these individuals as both an ""American singer-songwriter and model.""

While Document 3 mentions Caroline D'Amore as an ""American DJ, actress, songwriter and former model,"" the text does not state that she headlined the Decibelle festival.",0.0,0.0,0.0,OK,
454,454,colbertv2,kmeans_k3,When was the University established where Laura Landweber is a professor ?,5ae37b4d5542991a06ce99ce,"[20307, 23784]","[20307, 14717, 22390, 22026, 7209]",0.5,1.0,0.6920983195304871,0.18692244589328766,qwen3.5-122b,"Based on the provided context, I cannot answer this question.

Document 1 states that Laura Faye Landweber is a professor at **Columbia University** (as of 2016) and previously at **Princeton University**. However, none of the provided documents contain information regarding the founding or establishment dates of Columbia University or Princeton University. Document 3 mentions the establishment date of the University of Wyoming, and Document 5 mentions the University of Atlántico, but neither is associated with Laura Landweber in the text.",0.0,0.0,0.0,OK,
455,455,colbertv2,kmeans_k3,Are the genera Gordonia and Osbeckia in the same family?,5ae3f4fe5542995ad6573ce8,"[4528, 106]","[106, 13363, 4528, 1723, 13041]",1.0,1.0,0.5774860382080078,0.9715026617050171,qwen3.5-122b,"No, the genera Gordonia and Osbeckia are not in the same family. According to the provided context:

- **Gordonia** is a genus of flowering plants in the family **Theaceae** (Document 3).
- **Osbeckia** is a genus of plants in the family **Melastomataceae** (Document 1).

These are two distinct plant families.",0.0,0.0,0.0,OK,
456,456,colbertv2,kmeans_k3,Santa Bring My Baby Back was released on which fourth Elvis studio album in 1957?,5ae4094655429970de88d896,"[11787, 23307]","[18458, 14838, 11787, 24549, 5369]",0.5,0.3333333333333333,0.6475456953048706,0.9310966730117798,qwen3.5-122b,"I cannot answer this based on the provided context.

The provided text states that ""Santa Bring My Baby Back (To Me)"" was released on the RCA Victor ""Elvis' Christmas Album"" in 1957, but it does not specify whether that album was Elvis's fourth studio album.",0.0,0.0,0.0,OK,
457,457,colbertv2,kmeans_k3,Which band has more members Band of Skulls or Live ?,5ae4585c5542996836b02c89,"[7364, 2870]","[3874, 7364, 2870, 6323, 4775]",1.0,0.5,0.6939895749092102,0.1624663919210434,qwen3.5-122b,"Based on the provided context, **Band of Skulls** and **Live** have the same number of members (3 each).

*   **Band of Skulls** consists of 3 members: Russell Marsden, Emma Richardson, and Matt Hayward (Document 2).
*   **Live** consists of 3 members: Ed Kowalczyk (or Chris Shinn), Chad Taylor, and Patrick Dahlheimer, and Chad Gracey. Wait, let me re-read Document 3 carefully.

Document 3 states: ""Live... consisting of Ed Kowalczyk (lead vocals, rhythm guitar), Chad Taylor (lead guitar, backing vocals), Patrick Dahlheimer (bass), and Chad Gracey (drums).""
Counting the names listed:
1. Ed Kowalczyk
2. Chad Taylor
3. Patrick Dahlheimer
4. Chad Gracey

That is **4** members.

Document 2 states: ""Band of Skulls... consisting of Russell Marsden (guitar, vocals), Emma Richardson (bass, vocals), and Matt Hayward (drums).""
Counting the names listed:
1. Russell Marsden
2. Emma Richardson
3. Matt Hayward

That is **3** members.

Therefore, **Live** has more members.",0.0,0.0,0.0,OK,
458,458,colbertv2,kmeans_k3,"Tommy Faile sang the song ""the legend of Brown Moutain Lights"", about a series of ghost lights that can be seen from which viewpoint outside Linville Falls?",5ae45cba5542991a06ce9a4a,"[9168, 3704]","[25252, 9168, 24989, 10825, 3704]",1.0,0.5,0.7046892046928406,0.2477605640888214,qwen3.5-122b,"Based on the provided context, the viewpoint outside Linville Falls where the Brown Mountain Lights can be seen is **Wiseman's View**.

Document 2 confirms that Tommy Faile sang ""The Legend of the Brown Mountain Lights,"" and Document 5 states that ""One of the best vantage points, Wiseman's View, is about 4 miles from Linville Falls, NC.""",0.0,0.0,0.0,OK,
459,459,colbertv2,kmeans_k3,This Australian racing driver currently drives the No. 22 Holden VF Commodore produced by Holden Commodore which manufactures what other models?,5ae47fe255429913cc204482,"[17674, 11959]","[22443, 12857, 17674, 8859, 15097]",0.5,0.3333333333333333,0.6357319355010986,0.03394348919391632,qwen3.5-122b,I cannot answer this based on the provided context.,0.0,0.0,0.0,OK,
460,460,colbertv2,kmeans_k3,When did the place in Canada where François Beaucourt (1740-1794) was mainly active acquired its present name?,5ae4b8fc55429913cc2044e5,"[14494, 15690]","[11838, 14494, 25293, 7348, 3270]",0.5,0.5,0.5311959981918335,0.1361163705587387,qwen3.5-122b,I cannot answer this based on the provided context.,0.0,0.0,0.0,OK,
461,461,colbertv2,kmeans_k3,Which former mill town is near Rivington Hall Barn?,5ae4c39f5542995dadf243fb,"[10081, 13764]","[10081, 20801, 13764, 7519, 55]",1.0,1.0,0.6596088409423828,0.7468361854553223,qwen3.5-122b,"Based on the provided context, **Bolton** is the former mill town near Rivington Hall Barn.

Document 1 states that Rivington Hall Barn is located in Rivington, Lancashire, ""near Chorley and Bolton."" Document 3 identifies Bolton as a ""former mill town"" and a ""19th-century boomtown"" known for its cotton mills.",0.0,0.0,0.0,OK,
462,462,colbertv2,kmeans_k3,"Who is the current drummer of the band who did the song ""What Lovers Do""?",5ae5072e55429960a22e0246,"[23022, 21391]","[10946, 9416, 23022, 18478, 9108]",0.5,0.3333333333333333,0.6867390871047974,0.030619511380791664,qwen3.5-122b,I cannot answer this based on the provided context.,0.0,0.0,0.0,OK,
463,463,colbertv2,kmeans_k3,"Liz Rose has co-written songs with which artist including ""White Horse"" and ""You Belong with Me""?",5ae520315542993aec5ec152,"[9350, 5992]","[9350, 5992, 12880, 10866, 10528]",1.0,1.0,0.6241442561149597,0.9988988041877747,qwen3.5-122b,"Based on the provided context, Liz Rose has co-written songs with **Taylor Swift**, including ""White Horse"" and ""You Belong with Me.""",0.0,0.0,0.0,OK,
464,464,colbertv2,kmeans_k3,Æthelweard was an author of a Latin version of which collection of Old English annals?,5ae5366e5542990ba0bbb22b,"[2738, 8365]","[127, 11503, 2738, 10347, 8365]",1.0,0.3333333333333333,0.6203793287277222,0.9987258315086365,qwen3.5-122b,"Based on the provided context, Æthelweard was the author of a Latin version of the **Anglo-Saxon Chronicle** (known as the *Chronicon Æthelweardi*).",0.0,0.0,0.0,OK,
465,465,colbertv2,kmeans_k3,"The royal anthem is changed from what to ""long live our noble Duke""?",5ae544035542992663a4f1af,"[19499, 1338]","[12827, 19296, 19499, 8112, 1338]",1.0,0.3333333333333333,0.6868078708648682,0.9945756793022156,qwen3.5-122b,"Based on the provided context, specifically Document 3, the royal anthem is changed from **""Long live our noble Queen""** to ""Long live our noble Duke.""

This alteration is made within the historic county boundaries of Lancashire to the anthem 'God Save the Queen' out of respect to the reigning monarch in their capacity as the Duke of Lancaster.",0.0,0.0,0.0,OK,
466,466,colbertv2,kmeans_k3,"Who was the original recording artist of the song which was chosen over If You've Got Trouble for the Beatles' ""Help!"" film?",5ae547f85542990ba0bbb254,"[22628, 7312]","[12880, 21121, 22628, 5672, 9792]",0.5,0.3333333333333333,0.6572721600532532,0.7943432927131653,qwen3.5-122b,"Based on the provided context, the song chosen over ""If You've Got Trouble"" for the Beatles' ""Help!"" film was ""Act Naturally."" However, the provided documents do not mention who the original recording artist of ""Act Naturally"" was.

Therefore, I cannot answer this based on the provided context.",0.0,0.0,0.0,OK,
467,467,colbertv2,kmeans_k3,"Musical artist Diabolic and Vinnie Paz, who was featured on Diabolic's second studio album Fightin' Words, are both what type of musicians?",5ae5621655429908b63265fc,"[15095, 23531]","[15095, 23531, 22657, 6220, 4333]",1.0,1.0,0.7296518087387085,0.8306114077568054,qwen3.5-122b,"Based on the provided context, both Diabolic and Vinnie Paz are **rappers** (or hip hop artists).

*   **Document 1** identifies Diabolic as an ""American **rapper**"" and notes that Vinnie Paz was featured on his album *Fightin' Words*.
*   **Document 2** describes Vinnie Paz's ""lyrical delivery,"" his use of ""song titles and band names in JMT tracks and lyrics,"" and quotes him rapping, confirming his role as a rapper.",0.0,0.0,0.0,OK,
468,468,colbertv2,kmeans_k3,"How many albums does the duo who sang ""Yesterday Once More"" have?",5ae56c875542990ba0bbb2a2,"[535, 2228]","[5454, 4621, 535, 15843, 193]",0.5,0.3333333333333333,0.6699951887130737,0.9628588557243347,qwen3.5-122b,"I cannot answer this based on the provided context.

The provided text states that ""Yesterday Once More"" is a compilation album by The Carpenters, but it does not specify the total number of albums released by the duo.",0.0,0.0,0.0,OK,
469,469,colbertv2,kmeans_k3,"what caused the death of over 250 people in Accra, Ghana?",5ae5cf0b55429929b08079aa,"[19529, 19528]","[5914, 10031, 19528, 9942, 4072]",0.5,0.3333333333333333,0.6953518986701965,0.9998738169670105,qwen3.5-122b,"Based on the provided context, the death of over 250 people in Accra, Ghana, was caused by an **explosion and a fire that occurred at a petrol station** on June 4, 2015.",0.0,0.0,0.0,OK,
470,470,colbertv2,kmeans_k3,"How many periods in office were held by the British Prime Minister who led the ""Who? Who?"" ministry?",5ae5d82f554299546bf82f9a,"[25105, 7722]","[21873, 3940, 7722, 23129, 16304]",0.5,0.3333333333333333,0.655040442943573,0.05602094531059265,qwen3.5-122b,I cannot answer this based on the provided context.,0.0,0.0,0.0,OK,
471,471,colbertv2,kmeans_k3,"Shane and Friends have interviewed an American YouTube personality who has two active YouTube channels, which have a combined total of how many views?",5ae5db98554299546bf82fa6,"[16396, 18341]","[21619, 11019, 18341, 22022, 25921]",0.5,0.3333333333333333,0.7028947472572327,0.11735670268535614,qwen3.5-122b,I cannot answer this based on the provided context.,0.0,0.0,0.0,OK,
472,472,colbertv2,kmeans_k3,"What year did the VIacom subsidary, Paramount Pictures make the silent film Through the Glass Window?",5ae5e0a6554299546bf82fa9,"[18908, 7535]","[18908, 21719, 7535, 14756, 9548]",1.0,1.0,0.6879193782806396,0.9540078043937683,qwen3.5-122b,"Based on the provided context, Paramount Pictures released the silent film *Through a Glass Window* in **1922**.

(Note: The context states the film was released on April 2, 1922, by Paramount Pictures, which is identified as a subsidiary of Viacom since 1994. The film title in the context is *Through a Glass Window*, which matches the query's *Through the Glass Window*.)",0.0,0.0,0.0,OK,
473,473,colbertv2,kmeans_k3,Cardinal Pole Roman Catholic School was named after the last Roman Catholic to hold what position?,5ae5e1985542996de7b71a54,"[375, 24385]","[823, 11711, 375, 18427, 11533]",0.5,0.3333333333333333,0.5999953150749207,0.9734182953834534,qwen3.5-122b,"Based on Document 3, Cardinal Pole Catholic School was named after Cardinal Reginald Pole, the last Roman Catholic **Archbishop of Canterbury**.",0.0,0.0,0.0,OK,
474,474,colbertv2,kmeans_k3,Giovanna d'Arco is an opera that was created by the composer of what nationality?,5ae5e62455429929b0807a07,"[5500, 1837]","[14510, 3415, 5500, 15091, 14371]",0.5,0.3333333333333333,0.6174683570861816,0.8125640749931335,qwen3.5-122b,"Based on the provided context, **Giovanna d'Arco** is an opera by **Giuseppe Verdi**. However, the text does not explicitly state Verdi's nationality.

Therefore, I cannot answer this based on the provided context.",0.0,0.0,0.0,OK,
475,475,colbertv2,kmeans_k3,Where was the Barbadian singer which Rihanna was his then girlfriend raised in,5ae5e762554299546bf82faf,"[1686, 6447]","[7591, 25029, 6447, 2443, 17201]",0.5,0.3333333333333333,0.6945170164108276,0.079969622194767,qwen3.5-122b,I cannot answer this based on the provided context.,0.0,0.0,0.0,OK,
476,476,colbertv2,kmeans_k3,"Turner Field was originally built as what 85,000 seat main stadium of the 1996 Summer Olympic Games and the 1996 Summer Paralympic Games in Atlanta?",5ae5fb55554299546bf82ff6,"[14724, 5208]","[25606, 10873, 5208, 9064, 14724]",1.0,0.3333333333333333,0.6155377626419067,0.9940904378890991,qwen3.5-122b,"Turner Field was originally built as **Centennial Olympic Stadium**, the 85,000-seat main stadium of the 1996 Summer Olympic Games and the 1996 Summer Paralympic Games in Atlanta.",0.0,0.0,0.0,OK,
477,477,colbertv2,kmeans_k3,What type of diary did one of the founders of the John Bishop Memorial Hospital in Srinagar write?,5ae600325542992663a4f237,"[19393, 25339]","[10121, 25339, 14219, 3111, 13682]",0.5,0.5,0.7201179265975952,0.026568496599793434,qwen3.5-122b,I cannot answer this based on the provided context.,0.0,0.0,0.0,OK,
478,478,colbertv2,kmeans_k3,The Luther seal was designed for the professor of theology of what nationalty at the behest of John Frederick of Saxony?,5ae60db1554299546bf83041,"[8777, 24605]","[8823, 13198, 8777, 8015, 24605]",1.0,0.3333333333333333,0.64989173412323,0.8425894379615784,qwen3.5-122b,"Based on the provided context, the Luther seal was designed for Martin Luther, who is described in Document 5 as a **German** professor of theology. Document 3 confirms that the seal was designed for Martin Luther at the behest of John Frederick of Saxony.

Answer: German",0.0,0.0,0.0,OK,
479,479,colbertv2,kmeans_k3,Cinnamon sugar is a spice used to flavor this traditional Spanish and Portugese fried pastry.,5ae628fd5542995703ce8b33,"[24202, 14102]","[24653, 10840, 24202, 4337, 20025]",0.5,0.3333333333333333,0.6366217136383057,0.005388596560806036,qwen3.5-122b,I cannot answer this based on the provided context.,0.0,0.0,0.0,OK,
480,480,colbertv2,kmeans_k3,"What is the date played of this college football game at Sun Life Stadium in Miami Gardens, Florida, where Clemson defeated the No. 4 Oklahoma Sooners, 37-17?",5ae63b2255429908198fa526,"[19311, 19492]","[9052, 18731, 19492, 2232, 17322]",0.5,0.3333333333333333,0.5996297001838684,0.12708419561386108,qwen3.5-122b,I cannot answer this based on the provided context.,0.0,0.0,0.0,OK,
481,481,colbertv2,kmeans_k3,"How many Golden Globe Awards did the artist who published the photo book ""In Mexico"" win?",5ae64ffd5542992ae0d162ce,"[14655, 24120]","[9083, 14655, 17188, 13389, 1841]",0.5,0.5,0.7116487622261047,0.07351997494697571,qwen3.5-122b,I cannot answer this based on the provided context.,0.0,0.0,0.0,OK,
482,482,colbertv2,kmeans_k3,When was the company that produced rectangular crackers that have 18 holes in a 3x6 pattern founded?,5ae66d785542996d980e7b67,"[7917, 24472]","[17797, 13596, 7917, 9046, 25286]",0.5,0.3333333333333333,0.702974259853363,0.951248049736023,qwen3.5-122b,"I cannot answer this based on the provided context.

The provided text states that Club Crackers (which have 18 holes in a 3x6 pattern) are made by the American Keebler Company, but it does not mention when the Keebler Company was founded.",0.0,0.0,0.0,OK,
483,483,colbertv2,kmeans_k3,Which is the Birthplace of Sir Isaac Newton and has a neighboring village called Belvor?,5ae6808f5542995703ce8b6b,"[5875, 12067]","[2343, 6941, 5875, 18742, 20636]",0.5,0.3333333333333333,0.6617156267166138,0.7644749283790588,qwen3.5-122b,"Based on the provided context, **Woolsthorpe** (formally known as Woolsthorpe-by-Colsterworth) is the birthplace of Sir Isaac Newton. The text mentions it is distinguished from ""Woolsthorpe-by-Belvoir,"" which implies the existence of a place with ""Belvoir"" in its name, though the context does not explicitly state that Belvoir is a neighboring village.

Answer: Woolsthorpe (formally known as Woolsthorpe-by-Colsterworth)",0.0,0.0,0.0,OK,
484,484,colbertv2,kmeans_k3,"Meomi Design works include The Octonauts book series, how did the adaptations of the series continue?",5ae684fe5542991bbc97610e,"[15485, 11144]","[906, 17639, 15485, 11714, 7998]",0.5,0.3333333333333333,0.7347657680511475,0.9993370175361633,qwen3.5-122b,"Based on the provided context, the book series *The Octonauts* was made into a TV series for the BBC channel CBeebies by Brown Bag Films and subsequently broadcast internationally.",0.0,0.0,0.0,OK,
485,485,colbertv2,kmeans_k3,What river is the city that Cyprus Classic Motorcycle Museum is in on the banks of?,5ae6940e5542991bbc97613f,"[10179, 23269]","[23269, 1331, 10179, 15415, 21170]",1.0,1.0,0.5666877031326294,0.427633136510849,qwen3.5-122b,"Based on the provided context, the Cyprus Classic Motorcycle Museum is located in **Nicosia** (Document 3). According to Document 1, Nicosia is located on the banks of the **River Pedieos**.

Answer: River Pedieos",0.0,0.0,0.0,OK,
486,486,colbertv2,kmeans_k3,Why is Minister Pool important to Black Country and the West Midlands in England?,5ae694a15542991bbc976141,"[11511, 7204]","[18074, 11511, 5153, 107, 650]",0.5,0.5,0.6725624799728394,0.05813756585121155,qwen3.5-122b,I cannot answer this based on the provided context.,0.0,0.0,0.0,OK,
487,487,colbertv2,kmeans_k3,Jeff Bhasker won a Grammy Award for a song that was the fourth single from what studio album?,5ae69fa755429908198fa66c,"[6851, 11492]","[15863, 2932, 6851, 4472, 19476]",0.5,0.3333333333333333,0.7371391654014587,0.940365731716156,qwen3.5-122b,"Based on the provided context, Jeff Bhasker won a Grammy Award for the song ""Uptown Funk"" by Mark Ronson. However, the text does not state which studio album ""Uptown Funk"" was released from, nor does it mention that it was the fourth single from any album. The document only mentions that he won the 2016 Grammy Award for Producer of the Year for co-producing Mark Ronson's album ""Uptown Special.""

Therefore, I cannot answer this based on the provided context.",0.0,0.0,0.0,OK,
488,488,colbertv2,kmeans_k3,"Sparking the Marian civil war, who helped the recently abdicated queen to escape her imprisonment?",5ae6c2285542995703ce8b9a,"[15127, 23913]","[19224, 15127, 18465, 16860, 23913]",1.0,0.5,0.7181984186172485,0.9917516708374023,qwen3.5-122b,"Based on the provided context, specifically Document 5, the recently abdicated queen (Mary, Queen of Scots) escaped her imprisonment at Loch Leven Castle with the help of **her gaoler's family**.",0.0,0.0,0.0,OK,
489,489,colbertv2,kmeans_k3,Bridgewater Trustees major source of income came from a canal that was commissioned by whom/,5ae70c7b5542991bbc9761aa,"[5586, 11843]","[18932, 4910, 5586, 6226, 6120]",0.5,0.3333333333333333,0.6739703416824341,0.038460470736026764,qwen3.5-122b,I cannot answer this based on the provided context.,0.0,0.0,0.0,OK,
490,490,colbertv2,kmeans_k3,Raúl Arellano played for Mexico in which football tournament in 1954?,5ae721c15542996d980e7cbc,"[12809, 23556]","[5852, 1783, 12809, 14185, 13142]",0.5,0.3333333333333333,0.5562248826026917,0.9988787174224854,qwen3.5-122b,"Based on the provided context, Raúl Arellano played for Mexico in the **1954 FIFA World Cup**.",0.0,0.0,0.0,OK,
491,491,colbertv2,kmeans_k3,Band-e-Amir Dragons is named after the lakes in which Afghan national park?,5ae7316e554299572ea5477e,"[22397, 11167]","[18419, 8315, 11167, 9922, 11987]",0.5,0.3333333333333333,0.5972094535827637,0.03637026995420456,qwen3.5-122b,"Based on the provided context, I cannot answer this question. The documents mention **Band-e Amir National Park** and describe its lakes, but they do not contain any information about ""Band-e-Amir Dragons"" or what they are named after.",0.0,0.0,0.0,OK,
492,492,colbertv2,kmeans_k3,Where do the team that John Grant joined after the 1972 World Cup now play their games ?,5ae731ae5542991bbc9761c1,"[12422, 25143]","[12422, 16697, 21937, 21193, 12799]",0.5,1.0,0.6561923027038574,0.933936357498169,qwen3.5-122b,"Based on the provided context, I cannot answer this question.

Document 1 states that John Grant joined the English club **Warrington** after the 1972 World Cup, but it does not provide information about where that team currently plays their games.",0.0,0.0,0.0,OK,
493,493,colbertv2,kmeans_k3,Bartlett's Bridge was built by the engineer who worked for the county seat of which Massachusetts county?,5ae7385d5542992ae0d163da,"[4910, 25958]","[6990, 22158, 4910, 5027, 6120]",0.5,0.3333333333333333,0.6804429292678833,0.6454218029975891,qwen3.5-122b,"Based on the provided context, Bartlett's Bridge was designed by Charles A. Allen, who was a civil engineer for the city of Worcester. The text identifies Worcester as the location of the bridge (Oxford, Massachusetts) and notes that Allen worked for the city of Worcester. However, the provided documents do not state which county Worcester is the county seat of.

Therefore, I cannot answer this based on the provided context.",0.0,0.0,0.0,OK,
494,494,colbertv2,kmeans_k3,"YouPorn was surpassed, in 2013, by competitor sites xHamster, Pornhub, LiveJasmin, and this website that is registered to the Polish company WGCZ Holding?",5ae765185542995703ce8c0f,"[824, 12515]","[23051, 14975, 824, 16707, 12515]",1.0,0.3333333333333333,0.6383603811264038,0.25761938095092773,qwen3.5-122b,"Based on the provided context, the website that is registered to the Polish company WGCZ Holding is **XVideos**.

Document 5 states: ""XVideos is the world's largest pornographic video sharing and viewing website. It's registered to the Polish company, WGCZ Holding."" Additionally, Document 3 confirms that in the category of pornographic websites, YouPorn was surpassed by competitor sites including xHamster, XVideos, and Pornhub.",0.0,0.0,0.0,OK,
495,495,colbertv2,kmeans_k3,What is the occupation of the Miami Dolphins owner's wife?,5ae76d185542997ec2727641,"[15559, 18387]","[18387, 13658, 5556, 5044, 12667]",0.5,1.0,0.7024468183517456,0.03913579136133194,qwen3.5-122b,I cannot answer this based on the provided context.,0.0,0.0,0.0,OK,
496,496,colbertv2,kmeans_k3,The On Tour Forever album gave Blues Traveler the opportunity to display what musical trademark?,5ae788fa55429952e35ea964,"[1709, 3948]","[24566, 12191, 1709, 25754, 2879]",0.5,0.3333333333333333,0.6781049966812134,0.06606338918209076,qwen3.5-122b,I cannot answer this based on the provided context.,0.0,0.0,0.0,OK,
497,497,colbertv2,kmeans_k3,The Worst Journey in the World is a memoir written by which English explorer of Antarctica?,5ae7ea695542994a481bbe17,"[24621, 25214]","[24208, 2899, 24621, 25294, 19393]",0.5,0.3333333333333333,0.6862651705741882,0.989011287689209,qwen3.5-122b,"Based on the provided context, *The Worst Journey in the World* was written by **Apsley Cherry-Garrard**, a member of the 1910–1913 British Antarctic Expedition led by Robert Falcon Scott.

(Note: While the text identifies Cherry-Garrard as the author and a member of the expedition, it does not explicitly label him as an ""explorer,"" though he is the author of the memoir about the expedition.)",0.0,0.0,0.0,OK,
498,498,colbertv2,kmeans_k3,Jim Betts ran against the first American to orbit what?,5ae7f6be554299540e5a56db,"[10155, 23415]","[4865, 23413, 10155, 12726, 24800]",0.5,0.3333333333333333,0.6728507280349731,0.07204099744558334,qwen3.5-122b,I cannot answer this based on the provided context.,0.0,0.0,0.0,OK,
499,499,colbertv2,kmeans_k3,The maternal grandmother of Princess Marie Cécile of Prussia was born in which year ?,5ae81b895542997ec272770c,"[24545, 3230]","[10253, 9979, 24545, 4216, 5755]",0.5,0.3333333333333333,0.5988002419471741,0.05661484971642494,qwen3.5-122b,I cannot answer this based on the provided context.,0.0,0.0,0.0,OK,
